customer_id,signup_date,acquisition_channel,country,company_size,email
1,2023-11-21,organic,FR,1-10,johnsonjoshua@taylor.net
2,2024-11-05,social,DE,201-1000,garzaanthony@robinson.org
3,2024-07-03,referral,US,1-10,hoffmanjennifer@gardner.com
4,2024-04-08,paid_search,US,1-10,helenpeterson@lewis.com
5,2023-05-21,social,GB,11-50,jamesmichael@munoz-roman.info
6,2023-05-09,social,US,51-200,dudleynicholas@carter.com
7,2022-10-23,paid_search,US,1-10,janetwilliams@mejia.com
8,2024-10-25,paid_search,US,1-10,jamesshawn@martin-kelly.com
9,2024-04-28,paid_search,US,1-10,lynchgeorge@sanchez.net
10,2024-06-15,paid_search,SG,1-10,gabriellecameron@perez.com
11,2022-04-18,organic,DE,201-1000,nadams@walter.biz
12,2024-12-12,referral,FR,1-10,ithomas@mcgee.com
13,2024-09-08,social,SG,201-1000,zhurst@robinson-bright.net
14,2023-07-28,organic,US,11-50,ddavis@hernandez.biz
15,2023-06-12,organic,GB,11-50,cruzcaitlin@rice-maddox.com
16,2023-06-23,partner,DE,11-50,maldonadoamanda@mack-peterson.com
17,2023-10-06,paid_search,US,11-50,amoore@liu.com
18,2024-03-09,,DE,11-50,harrellkenneth@romero.com
19,2024-01-22,paid_search,IN,1-10,georgetracy@hickman.com
20,2023-09-27,organic,US,1-10,allenashley@miller.com
21,2024-04-07,partner,AU,51-200,davidalvarez@martin.com
22,2023-04-07,referral,GB,201-1000,jenniferross@santos.com
23,2023-09-15,organic,US,51-200,jeffreymorgan@spencer.com
24,2023-11-18,organic,AU,201-1000,carlosjohnson@jones-young.info
25,2024-01-13,paid_search,SG,1-10,ambercummings@johnston.biz
26,2024-08-16,organic,US,1-10,clintonhopkins@henderson-owens.com
27,2023-07-21,organic,DE,11-50,brownjessica@wright.net
28,2024-02-13,paid_search,SG,11-50,ltaylor@ford-baxter.com
29,2024-04-18,partner,US,51-200,jmorton@williams.com
30,2022-08-22,partner,IN,51-200,housemelinda@russell.com
31,2024-04-11,organic,GB,11-50,kbarrera@smith-myers.info
32,2023-06-24,partner,US,11-50,rodney87@lee.com
33,2022-10-06,paid_search,US,11-50,adkinsbrian@woods.com
34,2024-11-27,referral,AU,1-10,yorkcasey@leonard.biz
35,2024-11-25,organic,NL,201-1000,davidashley@wheeler.org
36,2024-09-30,organic,US,1-10,sarah35@baker.com
37,2023-10-30,paid_search,SG,51-200,wstewart@smith.org
38,2023-02-08,organic,BR,201-1000,jonesjason@anderson-bailey.com
39,2024-06-03,social,IN,1000+,mikemoore@warner.net
40,2024-01-18,social,US,11-50,contrerasangela@garcia.com
41,2023-03-18,organic,CA,11-50,josephjacobs@cooper.net
42,2024-02-07,partner,IN,11-50,dking@walters.com
43,2022-06-23,paid_search,SG,11-50,cookdavid@martin-ramos.biz
44,2024-10-15,partner,GB,1-10,rodriguezsierra@mckee.org
45,2023-09-03,paid_search,AU,1-10,russellwilliams@nolan-flynn.com
46,2024-05-08,organic,FR,1-10,jason31@deleon-henson.biz
47,2023-10-03,partner,BR,1-10,sarayoung@cherry.biz
48,2024-03-08,organic,CA,11-50,whitesandra@pham-shields.com
49,2024-03-24,partner,AU,11-50,erik16@garrison.com
50,2023-06-26,paid_search,GB,1-10,ybailey@walker.com
51,2024-12-22,paid_search,GB,11-50,emurphy@bell-hicks.net
52,2024-08-24,organic,DE,11-50,sheila14@carpenter.com
53,2024-11-02,paid_search,US,201-1000,carlsonmichael@graham-joyce.com
54,2024-10-08,organic,CA,1-10,mlam@williams-graham.net
55,2024-04-06,organic,US,201-1000,michaeljones@mccall.com
56,2024-11-15,social,BR,1-10,william65@terry-spencer.com
57,2023-01-21,,IN,1000+,yortega@adkins.biz
58,2023-07-30,social,US,11-50,torresjason@lawson.com
59,2022-08-16,organic,GB,1-10,yleon@jackson.org
60,2023-10-13,organic,GB,201-1000,clarence34@drake.com
61,2023-12-26,paid_search,GB,1000+,sanchezthomas@gibson.org
62,2023-09-26,referral,FR,1-10,jennifercruz@sanchez-douglas.com
63,2024-09-10,organic,US,51-200,osbornejeffery@holmes.com
64,2023-11-02,social,US,11-50,danderson@schmidt.info
65,2023-09-17,partner,CA,1-10,jrivas@merritt-manning.info
66,2024-03-17,organic,US,11-50,pgreen@ramirez.com
67,2023-04-22,partner,GB,201-1000,scott43@rogers-orozco.com
68,2024-08-19,organic,AU,11-50,edwardreyes@mccarthy.biz
69,2022-11-14,referral,AU,1-10,drivera@brown-wall.biz
70,2024-12-09,organic,FR,1-10,gateskathy@woods-bender.com
71,2024-08-13,organic,DE,11-50,acastaneda@adkins.com
72,2023-07-30,social,US,11-50,brobinson@johnson-rogers.biz
73,2022-01-19,,US,1-10,marycalhoun@ferguson.com
74,2024-09-09,organic,US,1-10,dayderek@white-green.com
75,2024-06-08,paid_search,US,51-200,shawnrogers@ramirez-bean.biz
76,2024-07-23,paid_search,SG,51-200,mary70@ryan.com
77,2024-08-17,organic,IN,1-10,websterstefanie@combs.com
78,2022-11-22,organic,BR,1-10,davidcaldwell@gould.com
79,2023-11-29,organic,AU,1-10,catherinestuart@wilson.com
80,2023-03-20,organic,US,11-50,hickmanbarbara@sanders-espinoza.com
81,2024-09-28,organic,CA,201-1000,curtisbarton@burke.com
82,2024-05-28,organic,DE,51-200,amanda51@holland.info
83,2023-10-02,organic,IN,11-50,hamiltonmichael@zimmerman-graham.net
84,2022-10-09,organic,GB,51-200,christina87@graham-simon.com
85,2023-10-18,organic,US,201-1000,melissa14@sanchez-marshall.org
86,2023-10-29,organic,US,1-10,frogers@white-lewis.com
87,2024-07-18,organic,US,1-10,joshua94@smith.biz
88,2024-05-29,partner,SG,1-10,ppeters@alvarez.com
89,2024-10-12,organic,US,1-10,phillipsrichard@torres.com
90,2024-02-25,referral,BR,1000+,wtran@barajas-pierce.com
91,2023-03-24,organic,NL,201-1000,qnelson@martinez.com
92,2024-06-26,social,BR,1-10,newtonstephanie@lopez.org
93,2024-08-24,partner,IN,11-50,tina34@ward.com
94,2024-03-22,partner,IN,1-10,joshuamccann@carter.info
95,2024-08-26,social,GB,1-10,salasaudrey@mendoza-peterson.com
96,2024-02-16,organic,IN,11-50,shelley71@morales.org
97,2024-03-10,social,BR,1-10,hernandezlisa@miller-wright.net
98,2024-01-22,organic,US,201-1000,yobrien@perez.info
99,2022-04-25,organic,DE,1-10,michelle64@oliver.com
100,2023-02-27,paid_search,NL,1-10,josephmiller@thompson.com
101,2022-05-09,organic,SG,1-10,ortizhannah@carter-hall.com
102,2024-05-04,referral,US,51-200,ojones@french-weber.com
103,2023-10-14,referral,CA,1-10,owilson@hernandez.com
104,2024-02-19,organic,US,11-50,lauralarson@morse.com
105,2024-10-17,partner,CA,51-200,gbender@snyder.biz
106,2023-08-24,social,US,11-50,cassandra01@hayden.org
107,2024-01-31,referral,US,1-10,keyemily@johnston-hines.com
108,2024-07-28,organic,BR,11-50,cstone@white-richards.info
109,2023-08-22,paid_search,GB,1-10,harrisonricky@santiago-hodge.com
110,2022-12-05,organic,DE,1-10,ssteele@landry.info
111,2023-09-24,partner,DE,1-10,edwardsmarcus@hancock-bryan.com
112,2023-05-18,social,US,1-10,mgutierrez@cox.com
113,2024-11-26,referral,DE,11-50,josephanderson@kim-wolfe.com
114,2024-09-15,referral,CA,51-200,dudleychelsea@mckinney.net
115,2024-05-31,social,US,1-10,tranchristopher@murray.com
116,2024-10-17,referral,DE,1-10,scantu@thornton.info
117,2024-09-25,organic,US,51-200,stephenthomas@weeks.com
118,2023-06-05,organic,US,11-50,hillkristy@morgan-french.com
119,2024-10-28,social,GB,201-1000,campbellkenneth@carpenter.info
120,2024-03-19,organic,FR,11-50,jreed@bennett.com
121,2024-09-08,organic,DE,201-1000,xhall@williams-garner.biz
122,2024-10-28,social,US,11-50,ymcneil@pollard.net
123,2023-10-06,social,FR,11-50,molly71@lozano.com
124,2023-02-18,organic,IN,11-50,harrisontanya@hanson-sanders.com
125,2023-08-26,paid_search,CA,11-50,melissa86@sims-clay.info
126,2024-01-11,,BR,11-50,williamsonjimmy@mccall.biz
127,2024-09-24,partner,GB,201-1000,hodgesjane@wallace.com
128,2024-09-15,partner,FR,11-50,williamslaura@howard-jordan.com
129,2022-01-09,social,IN,1-10,yknight@jackson.org
130,2024-02-25,paid_search,DE,1-10,pharvey@durham-thomas.info
131,2024-01-03,social,US,1-10,steve07@byrd-moore.info
132,2023-08-29,paid_search,US,1-10,vanessa46@wright.biz
133,2023-03-23,organic,US,11-50,yrodriguez@howard.com
134,2023-10-11,paid_search,GB,1-10,khill@osborne.info
135,2024-11-14,paid_search,IN,201-1000,kimberly39@robinson-lee.com
136,2023-10-01,partner,IN,1-10,courtneyberger@williams.com
137,2024-03-01,partner,US,1-10,christopherphillips@perry.com
138,2024-06-29,,GB,51-200,maria47@francis-morgan.com
139,2023-11-18,social,BR,11-50,jmccarty@dalton.biz
140,2024-12-09,paid_search,US,1-10,christopher60@herrera-gibson.com
141,2024-11-22,social,FR,51-200,xcarson@leonard.com
142,2023-09-30,organic,DE,1-10,rose31@colon.biz
143,2024-02-13,referral,DE,1-10,taylorsophia@ferrell-wilson.com
144,2023-10-14,organic,GB,1-10,paulwatson@horton.com
145,2023-09-13,paid_search,GB,1-10,fpena@russell.com
146,2022-06-29,paid_search,IN,51-200,scottsampson@garcia-jennings.net
147,2024-04-09,social,CA,51-200,bruce43@rush.com
148,2024-02-02,,US,11-50,darleneharper@williams.com
149,2022-09-25,,US,1-10,kristinharris@clark.com
150,2023-09-08,organic,US,1-10,kristinacarlson@garrison-thomas.com
151,2024-10-05,paid_search,US,201-1000,lauren10@smith.org
152,2023-08-15,referral,IN,1-10,alfred40@harmon.com
153,2023-04-20,,FR,51-200,alvarezkimberly@wheeler.org
154,2024-02-06,,US,1-10,acostaregina@boyd.com
155,2024-12-10,referral,BR,1-10,bboone@rodriguez.com
156,2023-08-31,social,US,11-50,charlene12@weber-richards.com
157,2024-06-21,organic,FR,1-10,hvang@chavez-jacobs.com
158,2024-08-22,referral,US,1000+,farrelldebra@le.com
159,2023-08-26,organic,CA,11-50,dmorgan@perry-davis.biz
160,2024-07-03,paid_search,US,51-200,elizabeth52@leblanc.com
161,2023-11-27,paid_search,GB,1-10,vdavis@cain-hawkins.org
162,2024-05-29,social,FR,11-50,elizabeth65@pugh.com
163,2024-05-24,paid_search,DE,11-50,caroline51@romero.com
164,2024-03-30,paid_search,CA,11-50,megan51@andrews-aguirre.net
165,2023-01-24,referral,US,1-10,lynchdiane@adams.com
166,2024-09-30,organic,BR,1-10,michael22@sandoval.com
167,2023-10-15,referral,DE,1-10,reesejason@chavez-moore.com
168,2023-06-16,partner,US,1-10,kimberly99@ware.com
169,2022-07-26,organic,US,11-50,craigjoseph@coleman.com
170,2024-04-29,organic,US,201-1000,reeddaniel@gregory.com
171,2024-06-03,organic,GB,11-50,randallgreene@harris.com
172,2022-03-08,referral,DE,11-50,keith10@burgess-thompson.biz
173,2024-02-26,organic,US,11-50,vincentwhitaker@jones-hensley.com
174,2023-08-08,paid_search,AU,11-50,esmith@johnston-berry.biz
175,2024-05-17,paid_search,SG,11-50,darius05@solis.info
176,2023-06-12,social,US,1-10,christopher13@chapman-warren.biz
177,2024-06-04,social,US,51-200,julie35@jones.com
178,2023-12-31,social,US,1-10,rebeccabailey@mullen.com
179,2024-11-16,organic,AU,51-200,jonathanthompson@wolf.com
180,2023-04-20,organic,US,1-10,stephanieburton@webster-wolf.info
181,2023-11-08,paid_search,US,51-200,michelle52@jones-ramos.com
182,2023-03-05,organic,SG,11-50,brittany58@collins.com
183,2024-11-23,partner,DE,51-200,woodjustin@lin.net
184,2024-10-04,partner,AU,11-50,jford@huang.com
185,2023-09-15,paid_search,SG,1-10,cassidy82@hayes.com
186,2024-05-28,paid_search,IN,11-50,benjaminzimmerman@warren-bishop.com
187,2024-09-03,referral,DE,1-10,samantha66@shelton-williams.com
188,2024-03-26,referral,US,1000+,riveraangela@mitchell-cummings.org
189,2024-03-04,referral,GB,11-50,mathewaguilar@rangel.biz
190,2023-08-20,organic,CA,11-50,brookehurley@hansen-schneider.com
191,2023-01-15,organic,AU,11-50,elizabethcalderon@osborn.biz
192,2024-10-19,referral,AU,51-200,andrew42@peterson.com
193,2024-10-31,social,DE,1-10,zoemoore@richard-garcia.net
194,2024-05-03,organic,US,1-10,stanleynancy@anderson.org
195,2023-10-01,paid_search,DE,11-50,jenniferwilliams@rhodes-young.info
196,2023-11-02,organic,FR,51-200,karen73@allen.com
197,2024-07-15,organic,US,1-10,erika97@hammond-strickland.net
198,2024-10-26,referral,DE,201-1000,mburch@taylor.com
199,2024-10-14,organic,US,1-10,dawsonzachary@mitchell.com
200,2024-08-09,social,US,1-10,jwhitehead@davis-lozano.info
201,2024-05-10,referral,IN,201-1000,sarah60@shaw-young.com
202,2023-01-15,organic,DE,11-50,jeffrey51@santos.com
203,2023-05-31,organic,CA,11-50,ihorton@harrison.com
204,2024-10-20,organic,GB,1-10,jason28@lynch.com
205,2024-04-09,organic,US,11-50,david36@bauer.info
206,2022-02-28,referral,NL,1000+,chenbailey@thomas.com
207,2023-02-22,social,AU,51-200,qlopez@mills.com
208,2024-05-06,paid_search,DE,201-1000,myerstheodore@hughes.com
209,2022-01-06,,GB,51-200,cooperjessica@garcia.com
210,2023-05-03,paid_search,GB,1-10,bellmatthew@thompson.info
211,2024-03-04,partner,US,11-50,lisabrown@johnson-harris.com
212,2024-06-10,referral,GB,51-200,stewartkyle@hays-daniels.com
213,2024-05-02,paid_search,US,1-10,mullinsjames@atkins-williams.com
214,2023-08-25,paid_search,CA,1000+,david56@paul-kline.biz
215,2024-06-22,partner,GB,1-10,terri77@glass-stone.com
216,2023-08-17,paid_search,IN,11-50,mmiller@gardner.com
217,2023-10-25,organic,US,1-10,murphykenneth@morrison-simmons.info
218,2024-07-10,paid_search,FR,1-10,sergio59@hill-whitney.com
219,2024-05-21,referral,US,1-10,lambertrichard@owen.com
220,2024-09-18,organic,GB,1-10,ejohnson@osborne.com
221,2024-05-27,partner,GB,1-10,cherring@hernandez.info
222,2024-04-27,organic,NL,1-10,berryalyssa@edwards-ramirez.com
223,2023-01-23,organic,IN,1000+,fitzgeraldvictor@mcintyre-wilson.com
224,2023-11-08,paid_search,US,1-10,nlewis@benson-lutz.com
225,2023-09-20,paid_search,BR,201-1000,taylorcharles@roach.com
226,2023-08-09,social,BR,1-10,elizabeth18@roberts.com
227,2024-12-26,paid_search,IN,1-10,william13@young.com
228,2023-12-10,social,AU,11-50,angela57@anderson.biz
229,2024-10-28,organic,CA,1-10,xfox@morrow-jones.com
230,2024-05-18,social,GB,201-1000,coleerin@anderson-calderon.net
231,2024-08-28,organic,FR,11-50,katrinaanderson@bartlett.com
232,2024-02-08,partner,GB,1-10,fred53@meza-stone.com
233,2024-04-16,social,IN,1-10,kingcynthia@hill.com
234,2024-02-22,social,DE,1-10,brittanycarpenter@hopkins.org
235,2023-07-31,organic,CA,11-50,megan90@miller.org
236,2024-07-28,organic,IN,1-10,debra96@fowler.com
237,2023-09-30,paid_search,FR,11-50,timothy64@jones-brown.info
238,2022-04-21,,US,51-200,nwashington@lawson-edwards.com
239,2024-05-09,paid_search,FR,11-50,theresa25@hoffman.com
240,2023-06-28,paid_search,DE,11-50,gwright@roberts.org
241,2024-11-11,referral,BR,11-50,kwright@peck-griffith.com
242,2024-11-18,organic,US,11-50,tyronerobertson@koch-jimenez.com
243,2024-10-30,organic,US,1-10,pwagner@aguilar.com
244,2023-11-04,social,FR,1-10,troy74@smith.com
245,2022-03-06,referral,BR,1-10,kathryn50@williams-hoffman.com
246,2024-11-26,organic,GB,11-50,charles87@ramirez.com
247,2024-01-08,paid_search,AU,51-200,theresalong@grant-diaz.com
248,2024-11-06,organic,AU,1-10,carriemorales@williams.com
249,2024-11-22,organic,NL,1-10,jstone@barry.com
250,2024-09-15,referral,GB,11-50,phillipjensen@wheeler-romero.net
251,2023-09-29,social,BR,11-50,terickson@cabrera-richardson.com
252,2023-12-06,organic,NL,1000+,ysilva@wiggins.com
253,2024-09-10,referral,GB,1-10,jennifersilva@warren.org
254,2023-10-28,paid_search,SG,201-1000,rhernandez@johnson.com
255,2023-06-04,organic,AU,11-50,andrewedwards@gutierrez.biz
256,2024-03-23,organic,SG,11-50,vsalas@brown.com
257,2024-11-09,organic,BR,51-200,ufox@stevens.com
258,2024-06-02,partner,FR,51-200,erica49@lee-wright.net
259,2024-04-29,organic,IN,11-50,jeffrey44@clark.com
260,2023-02-12,organic,US,1-10,keith98@huang-foster.com
261,2024-04-25,social,DE,51-200,kellyroberts@miller.info
262,2024-12-21,organic,DE,1-10,jamesryan@horton.org
263,2023-04-26,paid_search,AU,51-200,johnsantiago@perez.com
264,2024-03-03,partner,US,11-50,xgarcia@smith.com
265,2024-10-07,organic,CA,1000+,edelgado@santos-avila.com
266,2024-07-17,paid_search,US,1-10,justin01@andrews.com
267,2024-06-30,social,CA,51-200,robertmonroe@osborn.info
268,2024-06-24,partner,IN,11-50,sharonhayden@mcdowell-smith.org
269,2023-11-03,organic,SG,201-1000,hebertmatthew@hays-daniels.info
270,2023-09-24,referral,GB,51-200,melissamcdonald@lamb.com
271,2024-09-18,paid_search,IN,1-10,twong@smith.com
272,2024-09-18,organic,GB,51-200,gregorychase@wilcox-robertson.com
273,2024-10-09,referral,IN,201-1000,lcaldwell@woods.com
274,2024-10-04,referral,CA,11-50,patrick74@turner-sharp.com
275,2024-02-18,paid_search,DE,11-50,desiree30@wilson.net
276,2024-02-21,social,BR,1-10,hannah45@walker.info
277,2024-08-14,organic,US,1-10,robert87@pham.org
278,2024-05-16,organic,US,11-50,foxallison@miller-elliott.com
279,2024-06-13,paid_search,DE,51-200,ashleyhernandez@bond-ramos.com
280,2024-08-31,paid_search,AU,51-200,gdavis@stokes-chavez.net
281,2024-10-29,paid_search,US,11-50,dbryant@ford.biz
282,2023-10-14,partner,US,11-50,lisa39@williams.com
283,2023-11-07,paid_search,NL,201-1000,michaelcesar@johnson-ortiz.com
284,2023-01-04,,GB,201-1000,ybrooks@kane-knox.biz
285,2024-04-21,paid_search,GB,1-10,vegadorothy@anderson.net
286,2022-06-04,partner,IN,1-10,urice@davenport.com
287,2024-01-07,referral,AU,1-10,inunez@patel-morrow.com
288,2024-03-26,paid_search,SG,51-200,rreed@pineda.com
289,2023-09-07,organic,IN,1-10,pachecorobert@allen.com
290,2024-04-07,social,US,51-200,griffinemily@sanchez.biz
291,2022-05-26,partner,US,201-1000,nyoung@taylor.com
292,2022-06-05,,CA,51-200,barbara53@walter-odom.net
293,2024-09-04,referral,US,1-10,roberthill@fry.biz
294,2023-11-26,social,AU,1-10,wwilliams@powers.biz
295,2023-03-09,organic,FR,11-50,yhernandez@webster.com
296,2024-03-24,organic,GB,1-10,kevinzimmerman@melendez-hart.biz
297,2024-08-19,organic,CA,201-1000,paulscott@lucas-nielsen.com
298,2023-07-02,social,BR,11-50,nicholsmaria@adams.org
299,2024-05-10,paid_search,SG,1-10,russojacob@ramsey.com
300,2023-01-16,social,GB,1-10,susan03@hayden.info
301,2022-09-23,partner,US,1-10,heatherpadilla@herman-arnold.com
302,2024-03-20,organic,US,11-50,powens@parker-ward.info
303,2024-03-19,paid_search,US,1000+,ugarcia@gill-flores.com
304,2024-05-17,organic,CA,11-50,lawrence09@figueroa.com
305,2024-07-26,social,BR,11-50,mphillips@hall-hudson.com
306,2024-12-25,referral,BR,11-50,rpierce@scott-underwood.info
307,2024-02-29,organic,US,11-50,yjackson@jackson-cortez.info
308,2023-10-14,social,US,1-10,sabrinaweaver@bernard.com
309,2024-08-09,paid_search,US,201-1000,duranrobert@hall.net
310,2023-09-03,organic,US,11-50,nbrooks@estrada.info
311,2024-01-24,social,IN,11-50,smithandrea@smith.com
312,2022-12-19,,AU,11-50,andre62@hull.com
313,2022-04-14,paid_search,DE,51-200,jamesfox@adams-sanders.com
314,2024-11-28,partner,US,1-10,pstevens@perez.com
315,2024-09-10,paid_search,AU,1-10,sullivannicholas@brown-smith.com
316,2024-06-22,paid_search,IN,1-10,porterryan@knight-hodge.com
317,2023-12-18,paid_search,IN,11-50,hallrachel@clay.com
318,2023-06-26,paid_search,AU,51-200,rachel90@mcfarland.com
319,2023-05-20,referral,DE,1-10,brendagoodwin@nicholson.org
320,2023-09-30,referral,FR,1-10,ashleyatkinson@mosley.com
321,2024-03-09,social,US,1-10,masonterri@davis.com
322,2024-07-01,organic,US,11-50,cassie99@novak-nguyen.com
323,2024-05-03,organic,DE,1-10,whenry@pugh.biz
324,2023-09-24,paid_search,GB,11-50,bartonkenneth@marquez.com
325,2024-11-06,paid_search,FR,51-200,normanbowers@singh.com
326,2024-07-19,referral,BR,1-10,davissherry@ward-nelson.com
327,2024-03-25,referral,DE,1-10,lopezshane@hunt.net
328,2024-04-22,paid_search,AU,11-50,carlsonkristen@smith-gutierrez.com
329,2024-01-07,social,US,11-50,ashleyjackson@jackson-adams.com
330,2023-08-10,referral,AU,11-50,kthomas@hill-evans.com
331,2023-11-10,organic,GB,11-50,johnathan37@jensen.com
332,2024-08-01,organic,NL,51-200,ncook@brock-rivera.com
333,2022-03-25,organic,US,1-10,pochoa@taylor.com
334,2023-03-24,paid_search,US,11-50,zedwards@carter-neal.info
335,2022-08-08,paid_search,IN,51-200,markramirez@diaz-frederick.com
336,2022-07-03,paid_search,FR,11-50,erinpierce@murray.com
337,2024-09-15,partner,BR,11-50,fuenteslaura@chambers-taylor.com
338,2024-06-19,paid_search,DE,1-10,johnnymoore@mccormick-jones.org
339,2024-02-13,organic,US,51-200,iaguilar@mclean.com
340,2023-02-20,paid_search,DE,1-10,jacqueline89@rocha.com
341,2024-02-14,social,US,11-50,deborahwilliams@byrd.biz
342,2024-02-17,organic,BR,51-200,smithjonathan@burgess.com
343,2023-06-08,paid_search,US,11-50,dbrooks@chapman.com
344,2024-01-04,paid_search,US,51-200,agarcia@wilson.com
345,2023-12-12,social,IN,51-200,larry73@webb.info
346,2024-04-08,organic,US,1-10,carlos01@sweeney.com
347,2024-05-05,social,DE,1-10,sarahyang@thompson.info
348,2022-08-25,referral,GB,11-50,laurensoto@davidson.biz
349,2023-11-19,paid_search,NL,11-50,mclaughlinnicole@vargas-price.com
350,2024-05-21,,US,1000+,joshuapadilla@ray.com
351,2024-02-11,organic,US,11-50,mark71@lambert-burns.com
352,2024-09-10,social,AU,1-10,lcarr@bailey.org
353,2024-05-03,paid_search,GB,1-10,lisamccarthy@sellers-lawrence.com
354,2023-05-27,organic,DE,1000+,david41@brooks.net
355,2022-11-03,referral,CA,11-50,ibarnes@reyes.com
356,2024-05-18,,FR,1-10,tracytaylor@wilkinson-harvey.com
357,2022-05-30,social,DE,1-10,washingtonjames@maynard-wagner.info
358,2024-04-16,paid_search,NL,11-50,acohen@larsen.com
359,2024-11-26,partner,US,51-200,kellyhill@roberts.info
360,2024-04-17,referral,US,51-200,armstrongjoseph@morrow.com
361,2023-12-15,paid_search,AU,1-10,bpayne@fitzgerald.com
362,2024-05-30,organic,GB,1-10,nancy07@bailey-montoya.info
363,2024-01-20,organic,DE,1-10,rowejoel@matthews.biz
364,2024-03-11,organic,DE,1-10,christinaglover@trujillo.com
365,2024-11-24,partner,SG,11-50,candice25@carter.net
366,2023-12-05,paid_search,AU,1-10,taylorkaren@sellers-riddle.com
367,2024-11-12,paid_search,DE,11-50,johndawson@juarez.biz
368,2024-10-05,referral,NL,1-10,othomas@burton-brooks.com
369,2023-07-13,referral,US,1-10,powellkara@mayer.com
370,2022-11-23,social,FR,11-50,meltonmelanie@simon.com
371,2023-02-17,organic,DE,11-50,flynnraymond@summers-simpson.com
372,2022-03-01,paid_search,US,1-10,matthew92@phelps.com
373,2023-01-31,social,US,1000+,garciakristen@smith-noble.com
374,2024-06-05,organic,IN,1-10,bbryant@forbes.com
375,2022-11-25,paid_search,FR,11-50,nancymcdowell@pena.com
376,2023-10-22,paid_search,IN,1-10,elizabeth20@garrett-barber.com
377,2024-09-13,organic,US,11-50,trios@smith.com
378,2022-04-20,social,US,11-50,brittneystone@smith-dominguez.com
379,2024-09-14,paid_search,FR,1000+,ebenson@perez.com
380,2023-09-20,organic,FR,11-50,edwardsnicole@reyes.com
381,2023-03-18,organic,SG,51-200,morenoalan@martin.com
382,2024-06-29,social,GB,201-1000,cjensen@miller.com
383,2024-05-15,paid_search,US,1-10,lawrencepatrick@edwards-taylor.com
384,2024-10-17,paid_search,US,1-10,wrightcarolyn@lawson.com
385,2024-07-20,organic,US,11-50,aprilhicks@myers.com
386,2024-09-28,paid_search,NL,51-200,pcruz@little-jones.com
387,2023-09-17,partner,US,51-200,sarah26@fisher.info
388,2023-06-09,paid_search,CA,51-200,smithcarlos@lewis-livingston.biz
389,2024-07-03,partner,US,11-50,courtney86@miles-miller.net
390,2024-09-12,partner,GB,1-10,joshuacollins@mccall.com
391,2024-12-12,organic,SG,1-10,wwillis@becker.com
392,2024-01-01,paid_search,US,51-200,sanchezsandy@chavez.com
393,2023-11-11,social,US,1-10,elizabeth21@zimmerman.com
394,2024-08-27,paid_search,IN,51-200,tylerreed@logan.com
395,2023-11-16,paid_search,US,1-10,jessica10@roman-nelson.com
396,2024-11-09,organic,US,201-1000,jennifer91@gibson-ward.info
397,2024-09-20,paid_search,US,1-10,michaelscott@shannon.com
398,2024-01-10,organic,US,11-50,joycesmith@sanchez.com
399,2024-07-20,paid_search,US,201-1000,lmora@tran.biz
400,2024-07-20,paid_search,DE,11-50,marcbutler@flores.com
401,2023-02-23,organic,GB,11-50,whitelinda@finley.info
402,2024-10-08,referral,US,11-50,kiara45@tran.com
403,2024-02-17,,US,11-50,kellymueller@dean.info
404,2024-09-17,social,CA,1-10,jessicapayne@hernandez.com
405,2023-10-28,paid_search,DE,1000+,amberfields@wiley.biz
406,2024-10-09,social,GB,1-10,dalton83@vasquez-brown.com
407,2023-12-08,social,DE,51-200,christopher38@haynes-watson.com
408,2022-02-24,social,US,1-10,wagnerdana@jones-bradley.biz
409,2024-10-11,social,US,51-200,joelgreen@howe-long.com
410,2023-01-15,,CA,1-10,shawn31@taylor.com
411,2023-10-05,organic,IN,11-50,danielcole@russell-herrera.com
412,2024-11-10,organic,IN,201-1000,qparker@davis.com
413,2024-11-11,partner,CA,1000+,lewismelissa@davis.com
414,2024-04-18,paid_search,US,11-50,rpalmer@green-ewing.com
415,2024-05-10,paid_search,IN,201-1000,jbond@pierce.com
416,2024-01-11,organic,IN,11-50,smithmaria@anderson.com
417,2023-09-13,social,BR,1-10,aguilarjonathan@johnson.com
418,2023-10-06,paid_search,CA,201-1000,flamb@martinez-dunlap.com
419,2024-06-17,organic,US,11-50,sandrahamilton@foster.com
420,2024-07-14,referral,IN,11-50,jason24@griffin-hernandez.org
421,2024-08-11,organic,US,1-10,deborahporter@mendoza.biz
422,2024-08-15,referral,GB,11-50,dawnrobles@mccoy.com
423,2023-01-12,paid_search,FR,201-1000,wcasey@stephens-washington.org
424,2024-02-20,,US,1000+,paul20@harper-johnson.com
425,2022-09-02,organic,DE,1-10,stokesthomas@wang-key.com
426,2024-03-26,social,US,1-10,wrightjohn@velasquez.com
427,2024-01-28,referral,IN,1-10,lkelly@young.com
428,2024-10-03,organic,DE,1-10,warnermichael@elliott.info
429,2023-11-19,organic,US,11-50,gregory01@hall.com
430,2023-03-12,paid_search,IN,11-50,nsmith@drake.com
431,2023-04-17,paid_search,US,1-10,brian29@stark.com
432,2024-08-31,organic,FR,11-50,brookssheri@willis-rogers.com
433,2024-05-13,partner,US,51-200,theresaoconnor@conner-yu.com
434,2023-02-23,paid_search,SG,1-10,jasminehoffman@buchanan.com
435,2023-01-30,,US,1-10,sparker@anderson-daniel.org
436,2024-06-03,paid_search,BR,11-50,xrosales@johnson.org
437,2022-11-03,social,SG,1000+,daniellegarcia@taylor-mcgee.com
438,2024-09-22,paid_search,US,11-50,toni21@santiago.com
439,2024-06-29,organic,US,51-200,jason15@buchanan-le.com
440,2022-12-23,referral,IN,11-50,akim@wilkerson.biz
441,2023-01-04,,IN,1-10,amy17@curtis.com
442,2024-12-16,organic,AU,1-10,phillipslucas@jones.biz
443,2023-11-26,,US,201-1000,jessicapayne@morgan.info
444,2023-11-03,paid_search,SG,51-200,reynoldsdesiree@preston.com
445,2024-09-17,paid_search,GB,11-50,robertspencer@fernandez.com
446,2024-11-05,,DE,11-50,longandrea@hernandez-ward.biz
447,2024-12-22,paid_search,US,51-200,phillipsebony@castillo.com
448,2024-07-18,referral,US,1000+,wellsdarrell@ruiz-jacobson.com
449,2023-11-14,paid_search,BR,51-200,maypaul@mcclure-wood.info
450,2023-01-17,organic,US,1-10,bakersteven@hood.com
451,2024-08-23,organic,NL,11-50,karencontreras@barnett.biz
452,2024-03-10,social,US,11-50,angelarandall@barnes.info
453,2024-01-18,organic,DE,11-50,thomasmiller@johnson.org
454,2024-10-03,paid_search,US,201-1000,davidtodd@rush.com
455,2023-03-05,organic,DE,201-1000,davidhenderson@graham.org
456,2024-02-11,social,AU,51-200,luis11@hawkins-arnold.com
457,2022-02-01,organic,NL,51-200,astark@dean.biz
458,2024-02-09,referral,IN,11-50,eddiematthews@buckley.com
459,2022-09-21,organic,BR,11-50,mikayla56@reyes-washington.org
460,2023-03-21,,CA,51-200,rjohnson@thomas-franklin.biz
461,2023-03-22,paid_search,GB,11-50,fosternatasha@young.com
462,2024-05-06,paid_search,CA,1-10,morganlaura@ramirez-vasquez.com
463,2024-07-20,organic,BR,1-10,dennismccann@schroeder-flores.biz
464,2024-04-28,paid_search,GB,51-200,lopezjason@figueroa-malone.com
465,2024-11-17,referral,US,11-50,robertsonerik@mckinney-powell.net
466,2023-11-09,paid_search,US,1-10,thompsonnancy@hood.com
467,2023-09-13,partner,GB,1000+,xwilliams@gonzalez.biz
468,2024-10-29,organic,US,11-50,maldonadojohn@wheeler-thompson.info
469,2023-08-11,organic,US,1000+,max41@johnson-williams.org
470,2024-11-15,paid_search,US,1-10,mercedesholland@clark.com
471,2022-02-13,paid_search,SG,1-10,pbuck@burke.com
472,2024-12-12,organic,US,11-50,charlene44@woodard-york.info
473,2022-08-27,referral,CA,11-50,jeffery48@sanders.com
474,2024-10-28,organic,US,1-10,kenneth17@rogers.com
475,2024-03-12,social,GB,11-50,jose43@holmes.com
476,2024-12-19,referral,GB,1-10,rguerrero@griffith.info
477,2022-11-13,paid_search,IN,1-10,jordan66@doyle-aguilar.org
478,2024-03-20,referral,US,1000+,matthewreeves@nichols.com
479,2024-11-13,paid_search,SG,11-50,megan82@davis-anderson.com
480,2024-03-12,social,US,11-50,staceylam@davis.com
481,2024-05-17,organic,US,51-200,vfrench@green-carter.com
482,2024-06-26,paid_search,GB,11-50,obrown@carpenter.com
483,2024-01-17,organic,NL,1-10,dillonpatrick@gutierrez-pitts.com
484,2024-05-13,,FR,1-10,victoriacooper@orozco.com
485,2024-04-11,paid_search,CA,11-50,freemancrystal@edwards.com
486,2024-10-19,organic,IN,1-10,whill@johnston.info
487,2022-08-22,organic,GB,1-10,andersonryan@powell-sanford.biz
488,2023-09-29,social,DE,1-10,johnsonjames@dodson-mcclain.net
489,2024-11-16,organic,DE,1000+,andrewsmith@wright.com
490,2024-10-19,referral,FR,11-50,reyesbrianna@brown.com
491,2024-01-06,paid_search,FR,51-200,stephen89@morgan.com
492,2024-05-13,organic,DE,1-10,mhoward@vaughan.com
493,2023-09-23,organic,US,1-10,jeffreymercer@gross.net
494,2023-06-05,paid_search,US,11-50,daviddawson@brooks.com
495,2024-01-20,partner,BR,51-200,wheelerbrandon@valdez.com
496,2023-11-02,social,CA,11-50,butleromar@king.com
497,2024-04-22,paid_search,GB,1000+,robert18@dean-haynes.biz
498,2022-12-15,partner,US,1-10,huntchristine@wilson-rodriguez.com
499,2024-12-25,partner,DE,51-200,kimberlydecker@howard.com
500,2024-12-09,referral,US,1-10,benjamincrawford@watts.com
501,2024-06-18,organic,NL,1000+,aaronpowers@conley.info
502,2024-03-25,organic,US,51-200,stacychan@cummings.com
503,2023-10-11,paid_search,AU,201-1000,stephenmadden@marshall-garcia.com
504,2024-09-24,organic,US,11-50,phelpsmichael@edwards.com
505,2024-06-13,partner,GB,1-10,christianelizabeth@murphy.org
506,2023-05-25,social,US,1-10,natalie15@white-morales.info
507,2024-10-23,organic,NL,11-50,mary76@mercado.com
508,2024-09-24,paid_search,US,11-50,dalepruitt@pham-gregory.com
509,2024-11-30,referral,US,1-10,nmaxwell@huffman.com
510,2024-07-24,referral,US,11-50,hknapp@alexander-brown.com
511,2024-04-17,organic,US,1-10,busherica@ray.com
512,2024-01-11,social,US,51-200,reynoldsjessica@reed-rhodes.biz
513,2024-11-01,,SG,1-10,marygrant@brown.info
514,2024-10-21,partner,BR,11-50,ebooth@flores-rivera.com
515,2022-08-07,social,US,1-10,hunterandrea@powell-young.info
516,2022-05-02,partner,US,11-50,csolis@gates.com
517,2023-11-18,social,BR,1-10,hooperjulie@garcia.com
518,2024-09-30,organic,BR,1-10,petersenlatoya@walsh.info
519,2024-12-30,organic,IN,51-200,michael03@rivera-saunders.org
520,2023-05-06,partner,SG,201-1000,xmoran@chavez.com
521,2024-04-29,organic,US,11-50,michael48@brooks.info
522,2023-11-30,,US,1000+,lydianewton@rodriguez-carr.com
523,2024-12-18,paid_search,BR,1-10,conradphilip@summers-lee.com
524,2024-09-17,paid_search,US,1-10,shermanbrandon@monroe.info
525,2024-09-06,social,DE,51-200,gbarrett@maynard.net
526,2024-02-01,social,IN,11-50,tranryan@webb.com
527,2024-01-25,organic,DE,11-50,jessicaanderson@sandoval-obrien.com
528,2023-09-13,social,CA,1-10,mbarnes@farmer.com
529,2022-09-22,organic,SG,11-50,iballard@morrison-tanner.net
530,2024-10-30,organic,US,1-10,megan85@doyle.com
531,2024-09-25,organic,US,11-50,glenda22@daniels.com
532,2024-12-19,organic,DE,11-50,qaguilar@butler.com
533,2024-12-02,referral,GB,1-10,hstokes@johnson.com
534,2024-03-22,paid_search,BR,51-200,gonzalezkaren@terrell.com
535,2024-08-10,referral,DE,201-1000,maryvaughn@harris-weaver.com
536,2024-11-12,referral,US,1-10,rgarcia@hoffman.biz
537,2024-09-05,paid_search,SG,1-10,williamrobles@roberts.biz
538,2023-08-23,paid_search,CA,11-50,rfrye@church-brown.com
539,2024-01-22,social,IN,11-50,christinenorman@greer-pruitt.com
540,2023-04-20,partner,US,11-50,kimberlybrandt@cole-lucero.com
541,2024-11-23,paid_search,NL,1-10,sydneymoss@bennett.com
542,2024-04-27,paid_search,CA,11-50,david94@rivera.com
543,2023-08-05,organic,BR,11-50,hernandezmarcus@ayala.org
544,2024-06-22,organic,AU,1-10,tracy98@jones-zimmerman.net
545,2024-05-17,paid_search,US,1-10,susanmeyer@moore.com
546,2023-11-14,paid_search,US,11-50,nicolealvarado@ward-robinson.org
547,2023-03-26,paid_search,US,1-10,wbarajas@smith.org
548,2024-06-01,social,AU,1-10,susanfleming@james-hogan.com
549,2024-03-12,social,CA,1-10,uscott@johnson-black.com
550,2024-08-29,organic,NL,1-10,stucker@lee.com
551,2024-03-14,organic,US,11-50,simsjason@ayala.com
552,2024-09-24,referral,GB,1000+,amandapark@rowe.com
553,2024-03-13,paid_search,NL,1-10,stevensmartin@jones.com
554,2024-03-03,referral,DE,11-50,andrewsjeremy@russell-hayes.biz
555,2024-10-21,partner,US,1000+,ystewart@wilson.com
556,2023-12-13,paid_search,FR,1-10,haynescharles@rodriguez.com
557,2023-04-01,social,SG,11-50,kathy76@short-johnson.com
558,2022-05-24,paid_search,CA,51-200,derekmyers@phillips.com
559,2024-07-08,paid_search,US,1-10,spencerangela@williams.org
560,2024-05-29,social,US,51-200,fmedina@clark-figueroa.com
561,2024-06-14,referral,NL,201-1000,robertbrewer@thomas.com
562,2023-07-08,organic,US,1-10,dannylambert@phelps.net
563,2023-04-20,referral,BR,1-10,enewman@powers-king.com
564,2022-03-02,paid_search,US,1-10,wlynn@lambert.com
565,2023-11-28,social,US,1000+,christine35@hayes-jensen.com
566,2024-04-08,social,FR,1-10,arianadiaz@benjamin-jackson.com
567,2023-12-20,social,IN,1-10,kristenjoseph@graham.com
568,2024-01-29,organic,DE,1-10,wford@tucker-rodriguez.org
569,2024-10-10,organic,AU,11-50,wilkinsonmichele@vance.com
570,2023-11-24,partner,DE,11-50,lunapatricia@welch.org
571,2024-02-16,organic,US,11-50,rebeccaarnold@shannon.com
572,2024-08-13,social,US,11-50,philip94@marshall.com
573,2023-12-05,organic,US,11-50,acox@allen.com
574,2024-05-08,social,US,51-200,seanwhite@hopkins.info
575,2024-09-26,paid_search,US,11-50,billy73@baker.com
576,2024-11-14,referral,US,1-10,aprilmoody@harrison-gibson.com
577,2023-05-07,paid_search,US,11-50,hoopermario@schmitt.com
578,2024-11-12,organic,FR,1-10,nicholasgray@valdez.biz
579,2024-02-09,paid_search,AU,1-10,zacharygomez@tucker-olson.org
580,2023-09-03,organic,IN,51-200,shawdon@hall.com
581,2024-01-18,organic,US,201-1000,edwardmoore@love.com
582,2024-12-10,,US,201-1000,olsontimothy@garza.biz
583,2024-02-24,organic,SG,11-50,sanchezdavid@martin.org
584,2023-10-08,referral,FR,1-10,brianscott@black.org
585,2024-05-08,referral,IN,1-10,johnsjessica@valentine-robinson.org
586,2023-08-18,referral,US,1-10,kdillon@greer.com
587,2022-12-29,paid_search,US,1000+,cindydixon@ramsey.info
588,2023-04-16,social,US,1-10,hallpaul@smith.net
589,2023-04-11,paid_search,AU,1-10,mserrano@thompson.org
590,2023-05-05,organic,AU,11-50,richamanda@davis.com
591,2023-04-24,paid_search,US,1-10,princekimberly@reynolds.net
592,2024-05-13,referral,US,11-50,zperez@clarke-james.org
593,2023-06-22,paid_search,IN,11-50,colemanjonathan@kent.com
594,2023-11-24,referral,CA,1-10,ascott@manning.net
595,2024-10-26,paid_search,US,11-50,brooksjamie@ortiz-rodriguez.biz
596,2024-02-06,partner,CA,11-50,jose86@diaz.com
597,2024-06-02,paid_search,IN,1-10,jarnold@white-hansen.info
598,2023-06-27,referral,IN,11-50,vanessa95@sanders.com
599,2023-06-27,referral,US,1-10,seanlyons@garcia.biz
600,2022-07-07,paid_search,GB,11-50,lauren90@price.com
601,2023-05-22,partner,NL,11-50,morrowthomas@graham.com
602,2023-09-01,organic,AU,1-10,ramseysarah@mendez-meyer.org
603,2023-06-17,social,CA,1-10,bautistalori@snyder.net
604,2023-01-17,social,DE,51-200,james98@hale.com
605,2023-03-30,organic,NL,11-50,dianacantrell@shea.com
606,2024-01-08,organic,CA,51-200,msullivan@smith.net
607,2023-07-09,social,US,1000+,jessica89@bailey-ochoa.com
608,2023-11-15,referral,SG,1-10,shawnpowell@green.net
609,2024-02-22,social,US,1000+,hansenwesley@arroyo-pratt.com
610,2024-06-21,social,US,1-10,heather69@carrillo-todd.info
611,2022-07-18,paid_search,DE,51-200,bmosley@wilson-jones.com
612,2024-08-03,paid_search,GB,51-200,laurengutierrez@black-smith.com
613,2024-05-19,,SG,201-1000,justinross@nicholson.info
614,2023-01-30,organic,US,201-1000,michael94@valentine.com
615,2024-10-29,referral,US,201-1000,pmclaughlin@allen.com
616,2024-11-22,partner,BR,11-50,eric11@lowe.info
617,2022-10-02,organic,BR,1-10,duranamber@charles.org
618,2023-09-07,referral,IN,51-200,travis94@white-duran.net
619,2024-09-13,partner,US,11-50,raymond92@fox.info
620,2024-07-19,social,GB,201-1000,shawphillip@parsons.net
621,2023-06-11,paid_search,FR,51-200,astewart@craig.org
622,2023-07-23,social,CA,1000+,nguyenchloe@lopez-baker.com
623,2023-11-02,organic,US,1-10,vmullen@white-coleman.biz
624,2024-02-20,social,NL,1-10,michael64@white-anderson.org
625,2024-05-25,paid_search,DE,51-200,lisale@peters.com
626,2023-11-15,paid_search,GB,201-1000,laurenrodgers@shaffer-thompson.info
627,2024-01-14,organic,AU,1-10,wendyatkinson@ferguson.com
628,2024-07-25,referral,IN,51-200,rosshannah@lewis.info
629,2022-06-03,organic,GB,51-200,colematthew@ward-grant.com
630,2023-09-05,social,US,1-10,andrew15@mccarty.net
631,2024-06-01,partner,GB,51-200,tiffanymitchell@nunez-freeman.info
632,2024-10-04,organic,US,11-50,jamesjustin@frye.com
633,2024-02-18,paid_search,US,1-10,kwelch@sweeney-jones.com
634,2024-03-18,organic,AU,1-10,jeremy54@adams.info
635,2023-02-13,organic,GB,51-200,julie87@jackson-dickerson.com
636,2024-01-24,partner,BR,1000+,ebonyshepard@brady.com
637,2024-03-19,paid_search,DE,1-10,zunigathomas@johnson.net
638,2023-08-09,paid_search,CA,1-10,garciachristine@pena.com
639,2023-09-14,organic,US,51-200,johnmitchell@martinez.com
640,2023-11-12,organic,US,11-50,michelle57@proctor-fernandez.com
641,2022-04-20,referral,GB,1-10,staylor@thompson.org
642,2023-10-01,partner,US,11-50,omills@collins.com
643,2023-07-26,partner,GB,11-50,aparker@moore-smith.net
644,2023-10-27,partner,SG,1-10,mauriceharrison@watts.info
645,2023-03-11,referral,FR,11-50,albert64@hall.biz
646,2024-10-06,,SG,1-10,kfoster@mclaughlin.com
647,2024-04-23,referral,SG,51-200,hendersonjohn@aguirre.net
648,2024-06-11,paid_search,IN,1-10,robert12@roberts.info
649,2024-08-04,partner,US,1000+,nnelson@lopez-smith.com
650,2024-02-06,referral,AU,1000+,lopezcurtis@martinez-gonzales.com
651,2023-01-15,partner,US,51-200,christophersmith@peterson.info
652,2024-03-27,referral,IN,51-200,steven05@bridges.com
653,2024-04-14,referral,US,1-10,kimberly18@white-huang.com
654,2024-07-09,referral,FR,51-200,hclayton@wright.com
655,2024-01-03,paid_search,AU,11-50,stevenwise@wade.com
656,2023-04-18,paid_search,NL,11-50,eric08@martinez.com
657,2023-09-18,organic,SG,51-200,boyerjeff@young.com
658,2023-11-26,paid_search,DE,1-10,jacksonjoshua@foster.com
659,2024-05-25,organic,DE,1-10,perkinshannah@carlson.com
660,2024-04-20,organic,SG,11-50,ndavis@galvan-shea.com
661,2023-11-13,,US,51-200,kellyeric@moody.net
662,2024-12-04,organic,US,11-50,linda73@norris.com
663,2024-04-17,referral,DE,1-10,rachel77@phillips.com
664,2023-08-12,paid_search,IN,11-50,mario74@rocha.com
665,2023-02-17,organic,SG,11-50,qphillips@richardson.biz
666,2023-05-10,paid_search,SG,1-10,nicoleharvey@parsons-allen.com
667,2023-08-31,social,US,1-10,rlee@cannon-moore.com
668,2023-05-26,organic,CA,11-50,robert51@mills.com
669,2023-06-15,social,GB,1-10,gregoryjohnson@washington.com
670,2023-09-02,social,US,51-200,hbarrett@miles.org
671,2023-06-21,organic,IN,201-1000,smithsamantha@henry.com
672,2024-10-24,organic,US,1-10,angela65@brown.com
673,2022-12-18,paid_search,GB,51-200,christian38@garcia.net
674,2024-03-21,organic,DE,11-50,hlopez@wright.net
675,2024-01-01,social,BR,11-50,xreese@ray.biz
676,2024-12-14,paid_search,FR,1-10,jacksonhenry@wagner-sandoval.net
677,2023-03-25,social,IN,11-50,umahoney@frey.biz
678,2023-12-26,partner,US,1-10,charlene98@brooks.com
679,2024-11-15,organic,DE,11-50,suzanne76@barber.org
680,2024-10-31,referral,AU,11-50,holmesvictoria@smith-joyce.com
681,2024-09-19,organic,GB,11-50,andrew48@hawkins.com
682,2023-09-06,social,FR,1-10,ikelly@richardson-perkins.com
683,2023-06-20,referral,DE,1-10,lisa19@carroll-robinson.com
684,2024-06-08,paid_search,US,11-50,laura27@warner.com
685,2024-11-17,paid_search,AU,11-50,crossbarbara@deleon.com
686,2024-03-14,organic,DE,11-50,hbutler@adkins.com
687,2024-04-21,partner,US,1-10,hbrown@flores.com
688,2023-09-10,organic,US,11-50,wayne32@nunez.info
689,2024-08-02,partner,NL,11-50,walkerkeith@hernandez-rogers.info
690,2023-06-07,social,SG,11-50,kelleyjose@shaw-ayala.com
691,2023-10-16,paid_search,CA,51-200,timothygonzalez@pearson-gonzalez.org
692,2024-01-15,paid_search,US,1-10,johnadams@morris-glass.com
693,2024-02-25,organic,US,1-10,powersrodney@lee-cooper.com
694,2023-08-10,organic,GB,51-200,gary59@hanson-alexander.com
695,2023-03-25,paid_search,CA,11-50,ginamoore@farrell.org
696,2024-04-09,social,IN,1-10,mistywilkins@cooper.com
697,2023-09-27,social,IN,11-50,vruiz@singh.com
698,2024-04-07,,US,51-200,ana92@hale.net
699,2023-05-25,organic,BR,1-10,scottbrian@mccormick.com
700,2024-02-09,paid_search,IN,11-50,marshallsierra@price.com
701,2024-03-04,social,US,51-200,smithmichelle@hughes.com
702,2022-09-19,referral,BR,11-50,todd98@lopez.info
703,2023-10-14,organic,US,1-10,williamssandra@cook-long.com
704,2023-04-07,social,AU,11-50,reedmichael@turner.com
705,2022-10-20,paid_search,US,51-200,garrettnatasha@raymond.com
706,2024-12-10,referral,NL,11-50,matthewlong@miller.net
707,2023-10-29,referral,US,1000+,robertberry@waller-browning.com
708,2024-09-26,paid_search,US,1-10,ndaniels@taylor.com
709,2023-09-21,organic,BR,1-10,haley82@forbes-daugherty.com
710,2024-06-23,paid_search,US,51-200,lonniegrant@wilson.com
711,2024-08-13,paid_search,AU,1-10,nicole66@ramos-peck.com
712,2024-04-14,paid_search,US,51-200,kimberlyrodriguez@johnson.org
713,2024-02-25,organic,CA,1-10,catherine93@hall.info
714,2024-01-30,partner,GB,11-50,waynejacobs@banks.info
715,2023-11-19,organic,IN,51-200,frankperez@duran-smith.com
716,2024-11-24,,DE,11-50,qwalker@todd.com
717,2024-09-28,organic,CA,1-10,fcamacho@nguyen.biz
718,2024-11-14,social,CA,1-10,franklinmadison@edwards.org
719,2023-03-10,paid_search,AU,11-50,meyershannon@rich.net
720,2024-07-16,social,BR,51-200,cterrell@hughes.com
721,2024-11-02,organic,IN,11-50,scott44@jackson-phillips.com
722,2023-06-04,partner,US,11-50,stevenlucas@sharp.com
723,2022-10-31,paid_search,SG,201-1000,phillipmorris@white.com
724,2024-07-29,referral,US,201-1000,udavis@wong.com
725,2024-04-09,organic,GB,1-10,wilsonshannon@miller-zimmerman.net
726,2024-09-22,partner,US,1-10,nicholasjames@barr.com
727,2023-04-10,social,IN,11-50,mistywhite@williams.info
728,2024-08-03,social,US,11-50,courtney12@smith.com
729,2023-07-05,referral,CA,11-50,fjimenez@aguirre.com
730,2023-05-01,referral,IN,1000+,cchavez@burke.com
731,2023-05-14,referral,CA,1-10,christine83@lopez.com
732,2024-09-03,social,US,1-10,thomasantonio@massey.com
733,2024-05-29,organic,GB,51-200,butlergregory@mitchell.org
734,2024-03-28,organic,SG,1-10,tammycurry@huynh-davis.com
735,2023-11-17,referral,DE,1-10,miguel61@bridges-brown.info
736,2024-10-12,social,DE,1-10,davidvillarreal@rose-warren.com
737,2023-12-14,referral,GB,1-10,rodriguezjessica@rice.org
738,2024-09-29,organic,IN,11-50,ronald54@andrews.org
739,2024-01-13,paid_search,GB,51-200,ostone@vasquez-white.org
740,2023-11-08,organic,US,11-50,jeanettekrause@wilson.com
741,2024-01-20,social,US,201-1000,laurenduarte@williams-bailey.com
742,2023-10-01,social,DE,1-10,davidsonhannah@tyler-parker.net
743,2024-07-17,referral,US,1-10,katie15@foster-carroll.com
744,2024-02-21,organic,BR,1000+,jamesbass@mendoza.com
745,2023-08-16,paid_search,US,11-50,dmoore@huang.com
746,2024-10-03,paid_search,SG,1000+,annette58@smith.com
747,2023-12-30,paid_search,GB,51-200,montesjuan@morgan.net
748,2024-03-14,paid_search,DE,51-200,ashleyprice@wilson.com
749,2024-10-31,,US,11-50,nelsonchristopher@watson.com
750,2024-05-01,organic,US,1-10,gregory50@gentry.net
751,2023-03-26,paid_search,US,51-200,lloydrebecca@lee.net
752,2024-11-25,paid_search,FR,1-10,kimberly21@rhodes.info
753,2024-05-18,paid_search,US,1-10,hreeves@smith.org
754,2023-10-03,paid_search,US,51-200,cookpamela@meyer.com
755,2023-04-18,paid_search,AU,51-200,lanelarry@flores.com
756,2024-08-21,referral,US,11-50,amanda71@hernandez-hill.com
757,2024-05-24,,US,1-10,clarkmichael@nelson-harding.com
758,2024-03-30,paid_search,GB,11-50,georgecollins@fernandez-williams.com
759,2024-10-10,referral,DE,1-10,dberger@reyes.biz
760,2024-08-01,social,FR,1-10,mwhite@soto.com
761,2023-05-31,paid_search,CA,51-200,martin38@beltran.org
762,2023-10-09,organic,US,51-200,christopherlang@mcdonald.info
763,2023-08-09,social,US,201-1000,ohall@callahan.com
764,2024-07-11,social,US,1-10,philip55@freeman-jones.com
765,2022-06-23,,DE,11-50,timothy24@munoz-anderson.com
766,2024-04-17,paid_search,CA,11-50,yroth@nguyen.com
767,2024-08-12,organic,IN,201-1000,amanda69@allen-sanchez.com
768,2024-10-22,social,US,11-50,vreyes@cervantes.biz
769,2023-11-02,partner,US,1-10,vbradley@benson.org
770,2024-09-12,paid_search,US,201-1000,mwilson@nguyen-davis.info
771,2023-03-28,organic,IN,51-200,kylesullivan@rodriguez.biz
772,2024-09-21,paid_search,US,11-50,troy01@montoya.com
773,2023-04-24,paid_search,IN,11-50,donnachavez@price-lane.com
774,2023-12-04,paid_search,BR,1-10,erinstewart@bauer.biz
775,2024-08-26,paid_search,US,11-50,veronica90@downs.com
776,2023-05-29,paid_search,US,51-200,woodana@smith.com
777,2023-08-11,organic,GB,1-10,callahanmichelle@reynolds.biz
778,2024-07-10,referral,US,11-50,jennifer66@gardner-bates.info
779,2024-07-15,paid_search,SG,1000+,jacobcruz@larsen-moore.com
780,2024-05-25,organic,BR,51-200,alexanderwong@griffith.biz
781,2024-06-08,organic,NL,1-10,christophermay@dalton-english.org
782,2024-03-18,paid_search,IN,201-1000,dhanson@coleman.com
783,2023-09-11,organic,DE,51-200,rogersmith@bradford-young.net
784,2023-11-24,paid_search,US,1000+,robert89@johnson-johnson.info
785,2023-06-14,paid_search,US,1000+,daniel71@cross.com
786,2024-10-23,organic,US,1-10,hblack@davis.com
787,2024-04-28,paid_search,FR,1-10,chloe58@harrison.info
788,2023-12-24,organic,US,1-10,robert44@johnson.com
789,2024-01-27,paid_search,AU,1-10,bryan79@berry.com
790,2024-11-22,,US,1-10,mitchellchristopher@jones.org
791,2023-05-11,partner,GB,51-200,joshua40@rodriguez.com
792,2024-04-11,paid_search,US,1-10,lwood@patton-young.com
793,2024-02-07,organic,IN,1-10,cooperchristopher@larson.info
794,2024-04-04,organic,GB,11-50,ptownsend@alexander.com
795,2022-03-18,paid_search,IN,11-50,maykarla@williams.biz
796,2024-10-15,organic,US,1-10,vturner@hall.com
797,2024-11-22,paid_search,FR,11-50,alyssagraham@ho-cole.com
798,2024-03-07,social,US,1-10,davisamanda@blanchard-reynolds.com
799,2024-06-08,,GB,1-10,joseph14@silva.com
800,2024-11-10,organic,SG,1-10,aprilbyrd@edwards.com
801,2024-06-13,partner,AU,11-50,smithconnor@jennings.com
802,2023-05-04,paid_search,IN,1-10,johnathan00@davis.com
803,2024-04-01,organic,IN,1-10,ericksondavid@anderson.org
804,2024-04-07,social,GB,11-50,pauladominguez@phillips-guerrero.com
805,2024-01-21,organic,AU,201-1000,rlivingston@schwartz-contreras.com
806,2024-07-03,organic,US,201-1000,fernando14@reyes.com
807,2024-11-15,social,US,51-200,stephanie42@jones-krause.com
808,2024-11-26,paid_search,US,11-50,fwhite@thomas.com
809,2024-01-06,partner,GB,51-200,gainesjennifer@johnson.org
810,2023-03-16,organic,DE,1-10,kimberly07@delgado.com
811,2024-12-07,partner,US,11-50,sadams@conway-andrews.net
812,2024-09-05,organic,DE,1-10,zmendoza@norman.com
813,2023-03-10,paid_search,BR,11-50,xfinley@martinez-nichols.com
814,2024-11-03,organic,US,1-10,evelyn60@shea.com
815,2024-10-29,social,US,1000+,randallkathleen@holland-thompson.com
816,2024-03-18,social,SG,51-200,tguerrero@price.info
817,2024-04-12,paid_search,IN,1-10,mccluresamuel@taylor.com
818,2023-12-19,paid_search,GB,1-10,tracybrown@schneider.info
819,2022-09-11,referral,US,51-200,johnsonbrian@williams.net
820,2023-10-09,organic,SG,11-50,ibentley@figueroa.com
821,2024-09-25,referral,US,1-10,mosstracy@ruiz.com
822,2022-01-08,referral,US,51-200,jacquelineanderson@chen.com
823,2023-10-30,social,IN,201-1000,lcarr@meyers.com
824,2023-12-19,social,IN,1-10,nlarson@brown.biz
825,2024-03-27,,US,1-10,lisa65@daugherty.net
826,2024-11-11,social,FR,201-1000,marcoconnell@duran.com
827,2023-11-01,social,GB,11-50,bryan42@jackson-wood.com
828,2023-11-05,referral,US,1000+,lsanchez@anderson.org
829,2024-07-29,,CA,1-10,bstrickland@miller-smith.com
830,2024-01-02,organic,US,1-10,robert72@thomas.net
831,2023-08-17,paid_search,US,11-50,ljenkins@holt.org
832,2024-01-26,organic,FR,201-1000,burtonkimberly@barnes-grant.com
833,2023-04-28,partner,US,1-10,downstiffany@cox.com
834,2023-06-23,partner,IN,51-200,qtownsend@hill.com
835,2024-02-28,paid_search,US,51-200,ginaschmitt@jimenez-moore.com
836,2024-01-22,paid_search,US,1-10,newmanjustin@king-jensen.info
837,2024-10-05,,FR,11-50,garciabrian@thompson.com
838,2023-11-21,,DE,1-10,jacobsonjennifer@riley.com
839,2024-04-18,referral,NL,51-200,kimberlynguyen@young.com
840,2024-05-08,referral,IN,1-10,evance@richards-brown.biz
841,2022-02-24,referral,US,51-200,javierlynch@hughes.info
842,2024-05-31,social,AU,201-1000,crystalcantrell@rogers.org
843,2023-06-25,,US,11-50,ramirezdaniel@ellis-jackson.com
844,2024-11-30,social,DE,11-50,oliviamunoz@cisneros.net
845,2023-05-04,partner,US,51-200,christophervincent@atkins-robinson.info
846,2024-01-08,paid_search,US,11-50,uramirez@fitzgerald-wright.com
847,2023-01-31,organic,FR,11-50,lriley@mcintyre.biz
848,2024-12-29,paid_search,US,1-10,williamsthomas@johnson.com
849,2024-02-23,organic,US,1-10,fsimpson@mullins.com
850,2024-04-01,organic,GB,11-50,michaelallen@smith.com
851,2022-11-06,partner,CA,1-10,jacquelinehodge@silva.com
852,2024-07-18,paid_search,IN,51-200,xlopez@marshall.com
853,2023-07-19,referral,DE,1-10,vbarry@johnson.org
854,2024-10-03,social,US,1-10,kristinmiller@fitzgerald-brown.com
855,2023-07-09,,US,1-10,rodriguezmichael@williams.com
856,2023-06-13,organic,US,201-1000,devonrogers@wilson.org
857,2022-06-03,paid_search,SG,201-1000,karenhodges@gomez-adams.biz
858,2024-02-23,organic,NL,1-10,brian55@tucker-rose.com
859,2024-03-29,paid_search,US,1-10,rmckinney@lam.com
860,2022-10-07,paid_search,AU,201-1000,patriciaellis@myers.com
861,2024-08-18,organic,US,1-10,rodriguezjoshua@hernandez.com
862,2024-01-02,paid_search,CA,11-50,robert82@reed-wallace.com
863,2024-03-02,paid_search,GB,1-10,jaime03@newman.com
864,2024-01-22,referral,CA,1-10,swatkins@wilkinson.com
865,2023-12-07,organic,US,1-10,george43@watson-roberts.com
866,2024-03-28,organic,IN,11-50,michaelbryant@montgomery.net
867,2023-05-29,referral,US,11-50,ian22@young.com
868,2023-06-06,paid_search,GB,1-10,scottwood@hart.com
869,2024-09-02,organic,GB,1-10,earl78@ferguson.com
870,2024-11-09,referral,US,11-50,xvelazquez@gould.com
871,2023-11-04,organic,US,11-50,cordovaamy@rivera.com
872,2023-09-25,referral,AU,51-200,laurenchandler@morgan-rodriguez.info
873,2024-05-27,paid_search,SG,11-50,taylorandrea@johnson-williamson.com
874,2023-12-30,paid_search,BR,11-50,uhoward@franklin.org
875,2022-04-03,paid_search,BR,1-10,kimberlywang@johnson.info
876,2023-05-19,partner,IN,11-50,daughertypreston@stewart-jacobs.com
877,2024-07-20,organic,NL,11-50,raymond65@watson-mitchell.com
878,2024-05-31,,SG,51-200,tiffany81@luna.biz
879,2022-05-05,organic,US,11-50,zroberts@waller.com
880,2023-08-07,,DE,51-200,thomaskevin@hatfield.biz
881,2023-08-09,paid_search,FR,51-200,smithdanielle@perry-peters.org
882,2024-06-03,paid_search,GB,1-10,jamescollier@spencer-williams.com
883,2022-04-09,paid_search,NL,1-10,troy73@moody.com
884,2023-02-23,referral,CA,11-50,stephanie71@wade.com
885,2024-08-14,organic,AU,11-50,wilsonjoshua@george.org
886,2023-06-04,partner,AU,1-10,qcunningham@jennings.com
887,2024-05-10,partner,BR,201-1000,brucefrancisco@thomas.com
888,2023-08-09,paid_search,CA,11-50,frank45@fields-friedman.com
889,2023-02-02,organic,GB,11-50,kelly18@miranda.com
890,2023-08-22,referral,US,201-1000,amybrennan@marsh.com
891,2024-07-11,referral,US,11-50,fergusonmichael@smith.com
892,2024-09-09,partner,US,51-200,kimberly65@garcia.net
893,2024-09-10,paid_search,IN,201-1000,mariepope@austin.net
894,2023-12-22,organic,BR,1-10,butlersabrina@fuentes.info
895,2024-06-24,paid_search,IN,1-10,larry52@preston-harper.com
896,2023-07-14,referral,US,11-50,jenniferjohnson@walker.com
897,2023-09-30,social,FR,51-200,kyleclark@coleman.com
898,2024-10-28,paid_search,US,51-200,hamptonkatherine@gonzalez.net
899,2022-02-03,paid_search,CA,1-10,harrisonrebekah@jones.com
900,2023-01-28,paid_search,AU,1-10,pattonsamantha@matthews.com
901,2023-07-29,social,IN,1-10,anthony24@bailey.org
902,2022-05-15,organic,GB,1-10,williamjones@hines.com
903,2023-06-12,social,CA,11-50,rachelmedina@garcia.info
904,2024-04-04,referral,US,11-50,helen27@rosario.biz
905,2024-01-15,organic,BR,11-50,olewis@rodriguez-rollins.com
906,2024-10-12,paid_search,IN,1-10,irodriguez@farmer-bush.net
907,2024-09-27,referral,US,1-10,millertristan@campbell-burke.com
908,2023-11-06,partner,IN,1-10,aperez@mercer-patterson.com
909,2023-09-08,referral,DE,1-10,xcrosby@smith.info
910,2023-11-14,paid_search,BR,1000+,sandersalexandra@miller.org
911,2024-04-22,organic,NL,11-50,figueroapatricia@brown.com
912,2023-09-20,social,US,11-50,brookeewing@hall.info
913,2024-05-31,paid_search,SG,11-50,kathy99@avila-owen.biz
914,2024-01-14,partner,BR,11-50,thomas96@dixon-hernandez.info
915,2024-03-07,paid_search,DE,51-200,martineztracy@fuller.com
916,2024-01-13,referral,US,1000+,rojasmaria@gregory-stanton.biz
917,2023-09-27,social,AU,11-50,eric99@wolf.net
918,2024-11-10,organic,US,1-10,msparks@bates-henry.com
919,2024-08-09,referral,BR,1-10,lisa88@cisneros.biz
920,2023-04-23,,DE,1-10,reyesleonard@ramos-johnson.com
921,2024-10-17,social,BR,51-200,nicole27@taylor-baldwin.info
922,2024-02-26,social,GB,1-10,carrolltracy@jennings.com
923,2024-10-05,social,DE,1000+,myerstroy@jensen-gomez.com
924,2024-08-09,partner,GB,51-200,bryan90@hood.org
925,2024-01-19,social,AU,1-10,hubbardcolleen@davis-reed.com
926,2022-04-24,social,DE,11-50,qbell@wright.com
927,2023-09-16,partner,DE,11-50,lozanocameron@wilson-jackson.net
928,2024-03-28,organic,DE,11-50,benjamin69@valenzuela.org
929,2024-05-10,organic,US,1-10,odomnicholas@morris-davis.info
930,2023-09-26,referral,NL,201-1000,vazquezjamie@shaw-hubbard.com
931,2023-04-29,paid_search,US,1-10,christinacox@harris-reid.com
932,2024-09-24,partner,GB,201-1000,karlwilliams@morales.com
933,2024-12-12,organic,US,201-1000,vargasjoshua@solis.com
934,2024-03-16,organic,DE,11-50,william46@fernandez.org
935,2023-06-20,organic,BR,11-50,jpowers@ibarra.net
936,2023-09-28,referral,CA,11-50,barbaralewis@hurley.org
937,2022-03-28,partner,US,1-10,umichael@brown.com
938,2024-10-14,,BR,1000+,juliecannon@jenkins-dalton.com
939,2023-03-05,paid_search,FR,51-200,meghanadams@lucas-scott.org
940,2024-04-16,paid_search,SG,1-10,richardwilson@johnson.info
941,2023-09-02,organic,US,51-200,bcastro@lucas-johnson.com
942,2024-03-06,referral,US,51-200,derek44@pierce.info
943,2024-05-25,organic,DE,11-50,brownpeggy@guzman-camacho.biz
944,2024-09-13,paid_search,CA,1-10,emily16@cameron.net
945,2023-07-18,organic,GB,1-10,boydmaria@king.com
946,2022-02-11,social,CA,1-10,mark96@manning.com
947,2023-04-01,referral,US,11-50,jasonhill@king-lawrence.info
948,2024-10-12,paid_search,US,11-50,holly15@coleman.com
949,2024-10-10,organic,IN,1-10,thomas54@brewer.com
950,2024-04-10,paid_search,CA,11-50,vazquezkristina@king.com
951,2024-04-14,partner,SG,1-10,rebecca18@mathews.com
952,2024-05-29,paid_search,IN,1-10,qpennington@davis-carson.com
953,2023-06-30,partner,GB,1-10,jason27@stewart.com
954,2024-10-24,,US,1-10,michelle77@gutierrez.com
955,2024-01-17,organic,GB,11-50,hollyhunter@fisher-daniel.net
956,2023-12-02,paid_search,DE,51-200,shawn00@may.com
957,2024-03-20,organic,SG,11-50,moralescourtney@johnston-rodriguez.com
958,2022-08-21,social,US,1-10,melaniejennings@hayes-russo.com
959,2023-05-15,paid_search,CA,11-50,glenn95@gonzalez-perry.com
960,2024-07-05,organic,DE,1-10,kwalter@smith.net
961,2023-01-14,referral,DE,1-10,rebeccamccann@green.com
962,2024-04-20,social,GB,201-1000,mwilliamson@hernandez-rubio.com
963,2023-08-17,social,US,1-10,smithalicia@wilcox-snyder.com
964,2023-12-04,paid_search,AU,51-200,jamesatkins@roberts-snyder.com
965,2023-09-27,paid_search,US,51-200,mgates@carney.com
966,2023-11-10,organic,CA,201-1000,ywhite@johnson.com
967,2024-07-23,partner,US,1-10,xsolomon@sutton.com
968,2023-10-22,organic,US,11-50,terri63@reyes.com
969,2024-03-16,organic,US,11-50,hawkinsbrett@ruiz.org
970,2024-02-24,social,BR,11-50,smithwilliam@turner-foster.com
971,2024-05-15,,US,11-50,tammyhansen@white.com
972,2024-11-04,social,BR,201-1000,uanderson@moreno.com
973,2024-07-12,social,US,51-200,victormcpherson@adkins-howe.com
974,2023-07-04,partner,BR,1-10,chloe48@graham-martin.info
975,2022-05-05,referral,US,1-10,angelalivingston@yates.com
976,2023-09-15,,US,51-200,barrygreen@mcdonald.info
977,2024-04-12,social,US,11-50,alexandervanessa@washington.com
978,2022-09-15,organic,GB,201-1000,baileyjames@white-jackson.net
979,2024-02-26,paid_search,BR,1-10,anna93@bolton.com
980,2024-04-05,referral,US,201-1000,pknapp@rhodes-clay.com
981,2023-10-06,organic,NL,11-50,erin16@garza-bean.com
982,2024-08-19,referral,US,1-10,anthonystevens@keller.org
983,2023-02-12,referral,BR,201-1000,riverabradley@tapia.org
984,2022-11-24,,US,201-1000,jasonwilliams@campbell.net
985,2024-07-04,partner,GB,1-10,qdavis@allen.com
986,2024-02-21,paid_search,FR,11-50,phelpsfrank@mitchell-goodwin.com
987,2024-06-25,social,FR,1-10,evanslaurie@drake.com
988,2024-01-31,referral,US,11-50,elizabeth58@burns.info
989,2023-08-23,referral,GB,51-200,anna61@shepherd-austin.biz
990,2024-09-16,paid_search,DE,1-10,gdavis@mcpherson-rhodes.com
991,2024-08-27,social,BR,11-50,prose@miller.info
992,2024-06-01,referral,US,51-200,edgar24@mills.org
993,2023-09-28,paid_search,US,51-200,arnoldsamantha@rodriguez.org
994,2024-04-11,organic,SG,1-10,michael91@smith.com
995,2023-11-08,referral,GB,51-200,awilliams@evans.info
996,2023-01-03,paid_search,IN,11-50,matthew23@miller.com
997,2024-10-28,paid_search,US,1000+,hamiltonandrew@wilson-jackson.info
998,2023-04-24,referral,US,11-50,qholt@guzman.org
999,2024-11-18,paid_search,IN,51-200,hannah64@martinez.com
1000,2024-01-31,referral,US,11-50,cabreraheather@trevino.info
1001,2023-06-07,referral,GB,1-10,debragraham@garrison.info
1002,2024-03-27,organic,US,11-50,thomasjohnson@barrera.info
1003,2024-10-18,social,AU,51-200,cruiz@sanchez.biz
1004,2024-07-12,social,US,51-200,cookcurtis@reynolds.org
1005,2024-09-08,organic,GB,11-50,benjamin67@garza.info
1006,2024-05-26,organic,CA,51-200,jenniferrice@ray-tran.com
1007,2024-06-02,partner,CA,51-200,hsmall@dean-lucas.info
1008,2024-09-24,social,US,11-50,ssmith@lee.com
1009,2023-08-07,organic,BR,1-10,sandra72@sharp-myers.biz
1010,2024-02-27,social,FR,1-10,laura29@campbell.com
1011,2023-08-14,organic,DE,11-50,manderson@obrien.biz
1012,2024-12-04,social,GB,11-50,ntorres@williams.com
1013,2024-11-17,organic,CA,11-50,greggvillarreal@johnson.org
1014,2022-07-02,referral,GB,11-50,davidwalker@chaney-glover.com
1015,2024-06-30,paid_search,NL,1-10,paula89@garcia.info
1016,2024-11-19,organic,IN,1-10,villegaskimberly@casey.com
1017,2023-06-22,referral,BR,11-50,jacksondavid@bartlett.com
1018,2024-03-13,paid_search,AU,11-50,fgill@harrell.com
1019,2024-10-08,organic,SG,1000+,allisonscott@hammond-smith.info
1020,2022-06-15,social,US,11-50,justin21@watson-fischer.com
1021,2024-06-29,social,US,51-200,edwardmolina@cobb-taylor.biz
1022,2023-10-28,paid_search,FR,11-50,dhardin@norton.com
1023,2024-11-07,organic,DE,1-10,robbinszachary@miller.biz
1024,2024-12-12,partner,US,51-200,ryanlong@keller.com
1025,2024-11-06,paid_search,FR,1-10,levinetina@liu.net
1026,2024-02-04,social,AU,11-50,jennifer55@wilcox.org
1027,2024-09-22,social,DE,201-1000,isabellagriffin@clay.org
1028,2024-09-18,organic,IN,51-200,zterry@sullivan.com
1029,2023-10-17,organic,GB,1-10,peter28@campbell.net
1030,2024-09-02,organic,IN,1-10,katherine20@zamora.org
1031,2022-06-10,referral,US,1-10,john46@rodriguez.net
1032,2024-04-26,organic,IN,1-10,david17@armstrong-smith.com
1033,2023-08-27,paid_search,DE,11-50,lindazhang@espinoza.org
1034,2023-03-18,partner,FR,11-50,michaelmitchell@armstrong.com
1035,2022-12-08,paid_search,IN,11-50,murphybrandi@gibson-thomas.biz
1036,2024-06-23,referral,NL,1-10,dmiller@beasley-alvarez.info
1037,2023-11-26,,US,11-50,woodalicia@hansen.org
1038,2024-07-01,social,US,201-1000,cfields@galvan.com
1039,2022-10-28,partner,IN,201-1000,williamwashington@anderson-bush.net
1040,2023-10-23,social,GB,11-50,bensonstanley@francis.com
1041,2024-03-24,referral,IN,1000+,guzmanricky@wood.com
1042,2024-08-10,paid_search,SG,1-10,davidtorres@turner-tucker.com
1043,2023-10-31,organic,CA,1-10,kristenfisher@small-lewis.info
1044,2024-05-14,organic,US,1-10,martinezmichael@butler.com
1045,2024-10-28,organic,US,51-200,ymccullough@alvarez-cortez.org
1046,2024-04-05,organic,NL,11-50,kathleenwagner@gill-contreras.com
1047,2023-08-25,partner,DE,11-50,christopher99@hughes-mccullough.com
1048,2022-04-16,social,AU,1-10,rubiopamela@ramirez.com
1049,2024-10-23,paid_search,US,1-10,ann18@lee.net
1050,2022-04-03,social,US,11-50,bernardaimee@shaw-smith.net
1051,2024-10-13,organic,US,1-10,suzannehill@sanchez.org
1052,2024-03-11,paid_search,US,1000+,imiller@flores.com
1053,2024-11-20,paid_search,SG,51-200,samuel60@stewart.com
1054,2024-08-21,organic,DE,11-50,justinwhite@moore.com
1055,2024-12-29,referral,NL,1-10,mendezmark@reeves.biz
1056,2023-11-02,referral,US,201-1000,floresrobert@scott-david.com
1057,2024-08-31,organic,US,51-200,harriskaren@young.com
1058,2023-12-01,partner,IN,1-10,bruce78@jones-johnson.com
1059,2024-02-26,paid_search,CA,1-10,adamstabitha@garcia.com
1060,2024-05-21,organic,CA,201-1000,ashley71@mason.net
1061,2024-10-06,,IN,11-50,kimberlymedina@ali-peters.com
1062,2024-12-21,organic,DE,51-200,hesssusan@roberts.info
1063,2024-08-28,referral,IN,1-10,carla65@lewis.com
1064,2024-01-27,social,SG,51-200,turnerrandall@rivas.net
1065,2024-01-21,social,US,11-50,natalie39@bernard.com
1066,2024-07-01,paid_search,US,1-10,tiffany74@bates.com
1067,2023-08-02,organic,US,1-10,stevegreene@sloan.com
1068,2023-03-27,organic,US,1-10,asmith@thompson.info
1069,2023-11-21,paid_search,US,1-10,ymedina@curtis.info
1070,2023-09-04,paid_search,DE,11-50,gomezlisa@howard.com
1071,2023-10-25,social,US,51-200,fordsharon@smith-paul.com
1072,2023-08-12,partner,US,51-200,james94@walker.com
1073,2022-07-10,referral,US,201-1000,trevor93@gonzalez.biz
1074,2022-03-13,paid_search,DE,11-50,kaneashley@jackson-lee.org
1075,2024-12-18,organic,FR,51-200,cameronanderson@anderson.com
1076,2024-01-28,paid_search,SG,1-10,james08@king.biz
1077,2023-12-22,partner,SG,201-1000,nashmarcus@hill-frazier.info
1078,2024-06-21,paid_search,NL,11-50,wward@stephenson.com
1079,2023-07-18,organic,US,11-50,samantha87@smith-lee.com
1080,2024-11-13,paid_search,NL,1-10,mooneyjeremiah@coleman.com
1081,2024-08-24,social,FR,1-10,lance10@reynolds-johnson.com
1082,2023-01-29,referral,CA,1-10,john73@wall-underwood.net
1083,2024-01-08,referral,US,1-10,sherryparsons@gonzales.com
1084,2024-10-22,social,BR,201-1000,villegassabrina@edwards-abbott.com
1085,2024-11-30,,CA,11-50,bryanlang@turner.biz
1086,2024-02-03,organic,US,1-10,garciabrian@phillips.biz
1087,2024-04-24,referral,NL,1-10,williamsonrobert@cobb.info
1088,2023-05-22,referral,US,11-50,nhobbs@morgan.com
1089,2024-12-29,organic,CA,1-10,lholmes@rodriguez.org
1090,2023-08-22,paid_search,AU,11-50,watkinsmary@martinez.info
1091,2024-11-12,social,NL,1-10,ilopez@brown.org
1092,2024-05-11,organic,US,51-200,ppalmer@collins-mcclure.com
1093,2024-04-14,organic,GB,11-50,terrancemorrison@wood-smith.org
1094,2024-02-11,partner,GB,1-10,brianhunter@trevino.com
1095,2023-08-10,paid_search,US,11-50,kristenpeterson@alvarez.com
1096,2023-06-03,social,BR,1-10,christina65@garcia.info
1097,2023-08-18,organic,FR,11-50,samanthafowler@hall.com
1098,2023-06-24,organic,US,11-50,lharris@cox.com
1099,2024-08-01,social,AU,51-200,spencerdouglas@lee-willis.com
1100,2023-11-07,partner,AU,11-50,hesterjames@thompson-mcclure.com
1101,2022-09-18,paid_search,IN,1-10,melanie32@smith.com
1102,2024-11-08,partner,AU,201-1000,deckerderrick@cobb.com
1103,2024-10-05,paid_search,CA,1-10,zallen@guerrero-pugh.org
1104,2024-11-17,organic,US,1000+,ejohns@thomas.com
1105,2024-12-20,referral,IN,1-10,amandabenson@greene-rowland.com
1106,2023-06-06,organic,NL,11-50,hinesbrenda@phillips.com
1107,2023-12-31,organic,FR,201-1000,melissaschmitt@clark-miller.info
1108,2024-08-02,organic,CA,1-10,jacksonpaul@potter.com
1109,2024-06-12,organic,DE,11-50,jennifer87@sosa.org
1110,2023-05-26,paid_search,GB,11-50,clarkpatricia@roy-foster.com
1111,2024-09-02,organic,DE,1-10,koneal@walls.com
1112,2023-08-31,paid_search,IN,51-200,taylorchristopher@stone-hall.com
1113,2023-08-09,referral,AU,1-10,vhunt@hayes-reynolds.com
1114,2024-03-13,paid_search,DE,51-200,ystewart@white.com
1115,2024-04-17,organic,SG,1-10,howardchristopher@hunt.com
1116,2024-04-13,paid_search,BR,11-50,wilsonmichael@gonzalez.com
1117,2023-01-16,partner,US,201-1000,james92@singh.com
1118,2024-10-15,organic,US,11-50,lynn66@todd.com
1119,2023-09-07,organic,US,11-50,uperez@clark.net
1120,2023-04-27,organic,US,51-200,dsharp@conner-edwards.com
1121,2024-10-24,organic,DE,11-50,scarrillo@clark-cole.net
1122,2024-11-19,organic,IN,1-10,brooksbarbara@torres.com
1123,2024-09-02,organic,AU,1-10,wcochran@perez-simmons.biz
1124,2024-09-17,organic,AU,1-10,mark09@weeks.com
1125,2024-05-09,partner,CA,11-50,nbaird@brown-hughes.info
1126,2024-03-19,referral,BR,51-200,murphysuzanne@kline.net
1127,2023-01-27,organic,US,11-50,antoniobarker@johnson-gonzalez.biz
1128,2023-12-16,partner,US,51-200,jamie48@gibson.net
1129,2023-11-20,organic,AU,51-200,jacksonmichele@myers-mayo.com
1130,2023-09-20,referral,US,51-200,emendoza@friedman-glenn.com
1131,2024-07-11,partner,AU,1-10,kylemeyers@wells.org
1132,2024-02-13,paid_search,US,1-10,waynecohen@harris-ritter.info
1133,2022-12-28,partner,DE,51-200,summerscassidy@fox.info
1134,2023-08-20,organic,CA,11-50,cford@davis.com
1135,2024-06-02,partner,CA,51-200,peter26@white.biz
1136,2022-12-03,paid_search,US,11-50,qcruz@hale.biz
1137,2024-09-27,organic,NL,11-50,allenmonica@khan-medina.com
1138,2024-02-14,paid_search,GB,1-10,reginajenkins@martinez.net
1139,2024-02-17,paid_search,NL,11-50,robert24@hunter.com
1140,2024-04-25,paid_search,AU,51-200,fowleremma@james-reese.com
1141,2024-09-25,social,AU,11-50,qjohnson@fletcher.com
1142,2023-11-09,paid_search,US,201-1000,ewashington@kelley.info
1143,2024-06-10,referral,CA,1-10,thomasramirez@jackson.org
1144,2024-03-01,social,IN,11-50,thompsondavid@myers.com
1145,2023-09-04,paid_search,GB,1-10,scottthompson@johnson.com
1146,2024-10-26,paid_search,GB,1-10,myerskyle@george.biz
1147,2024-08-21,referral,US,11-50,sarahbrooks@gonzalez.biz
1148,2024-05-19,paid_search,US,11-50,haysmatthew@frazier.com
1149,2024-09-25,organic,AU,11-50,roblesmaria@ramsey.biz
1150,2024-10-06,paid_search,AU,1-10,ochoamarcus@lopez.biz
1151,2024-06-10,referral,IN,1-10,halldaniel@thompson-morales.com
1152,2024-09-05,partner,DE,51-200,pricestephen@barrett.org
1153,2024-06-15,social,NL,1-10,bradley36@saunders-porter.com
1154,2024-06-17,paid_search,US,11-50,johnathandavis@jarvis-horton.com
1155,2024-05-23,referral,US,1-10,gregory57@rogers.org
1156,2024-07-21,organic,US,1-10,oreyes@hall.com
1157,2023-05-30,referral,US,1-10,jensenpenny@young-patterson.com
1158,2024-10-12,organic,US,1-10,brownnicholas@harris-bennett.com
1159,2024-10-13,referral,CA,51-200,sandrageorge@stevenson-murphy.com
1160,2022-05-20,organic,IN,1-10,dawn08@wong-roberts.com
1161,2024-09-16,paid_search,US,11-50,melanierivera@harris.com
1162,2023-04-26,paid_search,US,51-200,cathyjames@white-soto.com
1163,2023-10-17,paid_search,US,1-10,mjones@walters.com
1164,2024-07-02,paid_search,DE,1000+,christopherwatkins@young.biz
1165,2023-05-03,,IN,1-10,ucollins@sanchez.org
1166,2024-09-13,paid_search,US,1-10,kevinray@harris.com
1167,2024-09-23,organic,US,1-10,egray@henderson-lynch.biz
1168,2024-02-27,referral,AU,1-10,lorileon@gill.com
1169,2022-01-27,organic,AU,1-10,brooke28@thompson.com
1170,2023-09-30,paid_search,US,1-10,ehart@cook.info
1171,2024-04-17,organic,US,1-10,ericlopez@hensley.com
1172,2024-12-31,organic,CA,1-10,asullivan@waller-brooks.info
1173,2024-05-18,social,AU,11-50,danielle91@dyer-riddle.com
1174,2023-09-13,referral,IN,51-200,kfrederick@hines.com
1175,2024-05-31,social,DE,201-1000,xreid@brown.com
1176,2024-03-28,organic,US,1-10,timdorsey@mccoy-rhodes.com
1177,2024-08-21,social,US,51-200,catherine24@guzman.com
1178,2023-02-26,paid_search,NL,11-50,wilsonchristopher@rangel.com
1179,2024-08-01,social,US,1-10,nancymartin@king-turner.net
1180,2024-03-13,referral,IN,1-10,uwillis@goodwin-glass.com
1181,2024-11-30,organic,US,1-10,fieldskimberly@olsen-adams.com
1182,2023-11-19,organic,NL,11-50,ahale@velasquez.com
1183,2024-05-30,organic,FR,1-10,ayalarobert@pena-quinn.com
1184,2024-11-08,partner,US,1-10,nicholaspadilla@tucker.com
1185,2023-02-08,social,GB,51-200,nbradley@harris.com
1186,2024-11-04,partner,DE,11-50,jordanbarrera@alexander-durham.com
1187,2024-06-20,organic,BR,1000+,christophermiller@hill.com
1188,2022-11-28,paid_search,DE,11-50,timothychambers@smith.com
1189,2023-10-29,partner,BR,11-50,davisalexa@bennett.com
1190,2024-06-25,partner,US,1-10,vkennedy@jordan.com
1191,2022-11-19,organic,CA,11-50,shelleyortega@bishop-hester.com
1192,2024-04-18,organic,US,201-1000,smithmonica@hardy-barron.com
1193,2023-11-25,organic,SG,11-50,guzmanmisty@tapia-walton.com
1194,2024-05-15,paid_search,US,11-50,shannon78@keller-smith.com
1195,2022-08-13,referral,US,11-50,schultzmorgan@nguyen.biz
1196,2024-10-09,organic,US,1-10,baileysheila@hatfield-vincent.com
1197,2024-12-31,referral,GB,11-50,mcarter@thomas.net
1198,2024-11-07,paid_search,IN,1-10,andersonlaura@collier-davies.info
1199,2024-07-13,organic,US,1-10,peggyfriedman@bates-allen.com
1200,2023-04-19,referral,IN,51-200,karenkeller@garcia.com
1201,2024-08-26,organic,GB,1-10,sarahnguyen@miranda-robinson.com
1202,2022-04-05,social,FR,11-50,qlynn@wade.info
1203,2022-04-01,organic,CA,1000+,popemarvin@huynh.com
1204,2023-10-28,referral,CA,1-10,nicholas68@stokes-walker.com
1205,2024-02-16,paid_search,AU,11-50,christopher15@vargas.org
1206,2024-08-13,organic,US,1-10,david56@mclaughlin.com
1207,2024-06-09,paid_search,DE,11-50,uwhitney@salinas-peck.com
1208,2024-01-11,organic,GB,11-50,danielsmith@stewart-cabrera.com
1209,2023-09-26,organic,US,1-10,vincentbryant@campbell.com
1210,2024-12-28,referral,AU,11-50,kyle14@berry.com
1211,2024-01-21,referral,US,51-200,zbrown@hernandez-moran.com
1212,2024-01-12,paid_search,CA,51-200,leblanckimberly@luna-evans.com
1213,2023-05-15,partner,GB,1-10,kelleymatthew@kennedy.com
1214,2024-08-21,,BR,11-50,justin38@davis-morris.org
1215,2024-06-30,paid_search,DE,11-50,hornjenna@pena-ray.info
1216,2023-08-28,partner,US,1-10,jcarter@robinson.com
1217,2023-01-11,paid_search,US,1-10,coxmelissa@gregory.biz
1218,2024-06-21,paid_search,BR,51-200,kshelton@davis.com
1219,2024-05-31,paid_search,AU,1000+,wilsonzachary@watkins-booker.biz
1220,2023-09-14,organic,BR,1-10,austinallen@turner-carlson.com
1221,2024-11-08,referral,NL,51-200,yparsons@barrett.biz
1222,2023-05-03,organic,GB,1-10,cynthia75@wilson.com
1223,2024-01-30,partner,CA,1-10,gmay@johnson.org
1224,2024-11-13,paid_search,SG,1-10,vhill@bauer.biz
1225,2024-01-20,organic,DE,201-1000,scooke@evans-martinez.com
1226,2024-05-10,organic,FR,11-50,reevesmichelle@lopez.net
1227,2023-12-05,organic,IN,1-10,lbrown@reeves.com
1228,2023-09-22,paid_search,NL,201-1000,whitecarol@smith.com
1229,2024-12-15,,CA,1-10,williamsbailey@martin.com
1230,2024-01-15,organic,NL,11-50,whitneywilliam@burch-jackson.com
1231,2024-10-19,referral,DE,11-50,kevinshah@conway.com
1232,2023-08-19,paid_search,DE,11-50,hneal@obrien-dixon.com
1233,2023-07-30,paid_search,CA,51-200,youngjacob@chase-lewis.com
1234,2022-05-15,paid_search,GB,1-10,brittanyramirez@dean.biz
1235,2024-05-01,organic,IN,51-200,ricardomiller@rhodes-bentley.com
1236,2023-11-12,organic,CA,11-50,chadoconnor@terry.net
1237,2024-10-16,partner,CA,1-10,roberthernandez@gray-maynard.com
1238,2024-02-14,social,AU,51-200,nelsonamanda@kelley.com
1239,2024-11-18,paid_search,GB,11-50,kimberly23@smith-bennett.com
1240,2023-06-13,organic,FR,11-50,ylynn@thompson.com
1241,2024-10-27,paid_search,US,11-50,wdavis@armstrong.com
1242,2024-08-08,paid_search,IN,11-50,jacksonstacey@white-shaffer.net
1243,2024-08-23,referral,US,51-200,iwoods@smith-palmer.com
1244,2024-09-26,organic,US,1-10,douglasbradley@brown-swanson.com
1245,2024-08-05,organic,DE,11-50,erikabarnes@white-andersen.info
1246,2024-05-09,social,CA,1-10,joshua68@keith.com
1247,2023-04-05,organic,CA,1-10,richard51@miller.com
1248,2022-06-04,organic,US,11-50,millerjustin@stokes-smith.biz
1249,2024-11-01,organic,US,11-50,timothyrobertson@barron.org
1250,2024-04-11,paid_search,IN,11-50,rhondareese@coleman.net
1251,2024-08-12,paid_search,IN,1-10,lawsontami@conrad.com
1252,2024-02-27,social,US,1-10,richardsondennis@farley-henderson.biz
1253,2023-03-13,organic,CA,1-10,nathanielwilson@wright.com
1254,2023-03-27,organic,GB,1-10,kevin44@smith.org
1255,2024-06-25,social,GB,1000+,trobinson@robertson.org
1256,2024-01-08,social,US,11-50,abrown@stevens.com
1257,2023-07-25,organic,DE,1-10,richardsmith@vasquez-miller.net
1258,2024-02-13,referral,US,1-10,robertgentry@moore.com
1259,2022-10-21,social,FR,11-50,thomasbrooks@patterson-white.com
1260,2024-04-04,organic,DE,1-10,mayodiana@martin-gomez.biz
1261,2023-09-29,organic,DE,1000+,howardmonica@rodriguez.com
1262,2024-08-08,referral,US,1-10,ralphmanning@martin.info
1263,2023-10-09,referral,GB,1-10,david78@marsh-klein.com
1264,2024-01-02,referral,FR,11-50,vshaw@anderson-rosario.com
1265,2022-02-05,paid_search,US,1-10,ericporter@young.org
1266,2022-11-03,referral,US,1000+,hamiltonkeith@miller-patterson.org
1267,2023-12-25,referral,US,11-50,jessicalopez@wang-lin.com
1268,2024-02-23,paid_search,US,11-50,tgonzalez@haynes.org
1269,2024-04-11,,IN,51-200,jacobbond@walters.com
1270,2023-09-26,partner,FR,1-10,veronica26@jensen.com
1271,2024-06-13,paid_search,US,201-1000,trussell@schultz.info
1272,2024-09-16,social,AU,11-50,hicksdawn@rodriguez-cox.com
1273,2024-08-16,organic,US,1-10,dwright@williams.com
1274,2022-07-24,paid_search,BR,11-50,justinramirez@garcia.com
1275,2024-02-28,referral,US,1-10,kevin10@arnold.com
1276,2023-02-10,social,CA,11-50,john43@cruz.org
1277,2023-08-25,referral,GB,1-10,williamstanya@roth.com
1278,2024-12-01,referral,GB,11-50,mcmahonchristine@swanson-mayo.com
1279,2023-04-11,social,DE,11-50,bradleylee@dawson.net
1280,2024-02-13,organic,DE,51-200,patricia71@jones-barnes.net
1281,2024-05-05,referral,US,11-50,jacksonjoshua@roberts.com
1282,2024-06-04,organic,DE,1-10,joysanders@patel.info
1283,2024-03-31,organic,BR,1-10,yhart@lawson-clark.com
1284,2022-02-16,organic,US,11-50,ashleyvargas@suarez.info
1285,2023-10-13,referral,CA,51-200,kevin34@adams.net
1286,2024-03-09,organic,US,51-200,kellybowman@ho-nelson.com
1287,2023-01-01,partner,US,11-50,veronicaclark@smith.org
1288,2023-11-29,social,GB,11-50,mark84@anderson.com
1289,2022-06-12,referral,NL,11-50,hollowayjeffrey@thompson-bonilla.net
1290,2022-12-12,social,US,11-50,sharphailey@scott.com
1291,2023-12-17,organic,US,1-10,rwalker@perkins.com
1292,2023-04-07,,US,51-200,uhall@richardson-barrera.com
1293,2024-03-18,paid_search,US,11-50,lwhite@lopez.com
1294,2024-06-19,referral,US,51-200,andrew22@mcdaniel-lopez.com
1295,2024-08-14,social,IN,11-50,simmonsspencer@waller.com
1296,2023-07-22,paid_search,DE,201-1000,grayandrew@hines.com
1297,2023-05-06,social,CA,11-50,johnmiller@mays.com
1298,2023-02-22,organic,SG,11-50,rosariodaniel@meyers.com
1299,2024-05-12,partner,AU,1000+,cmalone@parker.com
1300,2024-06-28,paid_search,IN,11-50,brianholt@stephens.net
1301,2022-06-24,paid_search,US,11-50,curtis62@barr.com
1302,2024-11-13,social,NL,1-10,wcruz@mitchell.com
1303,2022-09-15,paid_search,GB,51-200,hjackson@garcia.com
1304,2024-03-10,referral,CA,1000+,gilbertdavid@huang.com
1305,2024-06-10,organic,SG,1-10,royrogers@shelton.com
1306,2024-10-11,organic,IN,11-50,michael14@stanley-cantu.com
1307,2024-06-09,partner,CA,11-50,hensleytiffany@thomas.info
1308,2024-08-19,organic,US,1-10,wilsonronald@ramirez.com
1309,2023-11-05,organic,BR,1-10,fgomez@olson-dudley.org
1310,2024-09-09,social,US,1-10,devon36@dunn-ryan.info
1311,2022-12-30,organic,US,1-10,patrickcarpenter@rose-frank.com
1312,2024-10-16,organic,IN,11-50,youngaaron@cox.com
1313,2024-03-19,social,US,11-50,brownmichael@phillips.net
1314,2024-09-02,social,AU,1-10,osanchez@burgess.com
1315,2024-01-02,partner,US,201-1000,squinn@watson-miles.org
1316,2024-05-14,paid_search,BR,201-1000,woodsbrittney@johnson.com
1317,2024-03-08,social,IN,201-1000,sanchezalexander@hernandez-white.com
1318,2024-07-21,social,GB,1-10,theodore57@dominguez.com
1319,2023-01-02,paid_search,AU,1-10,wesleysmith@frazier-liu.net
1320,2022-10-23,organic,US,51-200,samantha84@perez.com
1321,2023-08-13,,IN,11-50,ispence@lewis.com
1322,2023-05-03,organic,US,1-10,velasqueztaylor@delgado-sullivan.biz
1323,2024-10-05,paid_search,CA,51-200,brianwatson@lee-rodriguez.com
1324,2023-07-18,paid_search,US,11-50,carrie50@campbell.com
1325,2024-12-25,referral,IN,11-50,lewisalex@lopez-harris.com
1326,2023-10-07,paid_search,DE,1-10,josephdavila@williams.com
1327,2023-06-20,,CA,1-10,christopher40@walton-benjamin.net
1328,2024-08-09,social,US,201-1000,leonardmyers@dickson-park.com
1329,2024-05-03,organic,GB,1-10,richard81@aguirre.biz
1330,2024-02-07,paid_search,AU,1-10,cwillis@martin-fleming.com
1331,2024-03-10,organic,US,51-200,cisnerosjesse@aguirre.com
1332,2024-07-26,paid_search,US,1-10,victoriamason@franklin.info
1333,2023-08-27,organic,DE,1-10,matthewward@williams-marquez.biz
1334,2024-12-24,partner,US,1-10,jasonbishop@rubio.info
1335,2024-12-31,referral,US,51-200,ballarddouglas@payne-novak.com
1336,2024-05-10,organic,FR,1-10,udavis@villa.com
1337,2023-07-15,paid_search,US,51-200,barbara51@white.com
1338,2024-06-07,organic,CA,1-10,wgood@santos-taylor.com
1339,2022-11-16,referral,SG,11-50,swilliams@ortiz-harvey.com
1340,2022-05-22,organic,AU,11-50,nrichardson@brooks-fleming.net
1341,2023-09-02,organic,US,1-10,rbaker@oliver.com
1342,2024-01-23,referral,US,11-50,hollycastro@farrell.biz
1343,2024-10-01,organic,DE,11-50,ashleynash@price.com
1344,2024-07-30,referral,BR,1-10,steven87@miller.com
1345,2024-07-28,partner,GB,1000+,mtate@murphy-stewart.org
1346,2024-01-17,,US,1-10,vlewis@wilson-gibson.net
1347,2023-11-28,referral,US,1-10,stacythomas@flores.org
1348,2023-11-15,referral,FR,1-10,zbrown@clarke-irwin.com
1349,2024-12-30,paid_search,US,1-10,lewisandrew@henderson.com
1350,2022-07-06,organic,DE,1-10,hillchristopher@hayes.com
1351,2024-10-10,organic,SG,11-50,mariadavis@peterson-mullins.com
1352,2024-04-26,organic,US,1-10,michaelbarnes@nichols-bowers.biz
1353,2024-01-27,,NL,201-1000,rita96@hoffman.com
1354,2024-07-08,organic,BR,11-50,sharpbeth@morris.com
1355,2024-02-03,social,CA,11-50,hernandezstephen@porter.com
1356,2024-10-28,referral,US,1-10,ubaker@mcneil.info
1357,2024-10-05,paid_search,US,11-50,johnsonjulie@fisher.com
1358,2024-01-15,paid_search,US,1-10,nrobinson@bonilla.com
1359,2023-09-18,referral,US,1-10,lisa04@shaw-parrish.info
1360,2024-04-23,social,CA,1-10,wgutierrez@clayton-simmons.com
1361,2024-10-30,,US,201-1000,housestephen@thompson-larson.net
1362,2023-07-30,organic,US,11-50,qjames@frazier.com
1363,2024-05-24,organic,US,201-1000,shafferdale@smith.org
1364,2024-05-24,organic,US,1000+,schultzwesley@contreras.com
1365,2024-07-31,paid_search,GB,201-1000,kimberlyarnold@gonzalez.com
1366,2023-04-29,referral,FR,1-10,tammy76@padilla.com
1367,2024-07-07,organic,US,51-200,williamadams@baker.biz
1368,2024-10-20,referral,AU,11-50,adamstout@smith.com
1369,2023-06-20,organic,DE,1-10,matthew96@peters.com
1370,2023-08-23,social,US,51-200,zpoole@patterson.com
1371,2024-12-16,social,GB,201-1000,hstrong@kim.com
1372,2023-06-16,paid_search,US,1-10,welchkristen@rangel.com
1373,2024-09-14,social,US,1-10,christopherjohnson@fuller.com
1374,2024-02-14,organic,DE,1-10,montgomeryamy@armstrong.com
1375,2023-08-07,organic,NL,1000+,xwalters@lopez-delgado.com
1376,2024-10-28,referral,DE,201-1000,james36@hopkins-hill.com
1377,2024-01-29,organic,GB,1-10,littlebeth@rodriguez.com
1378,2024-02-24,social,FR,1-10,thomasjose@davis.com
1379,2023-11-24,referral,CA,11-50,peterhenry@gutierrez.com
1380,2024-04-23,social,CA,11-50,gracebrooks@schultz-hayes.com
1381,2023-05-27,partner,BR,1-10,kentberger@bradley.com
1382,2023-12-18,paid_search,FR,11-50,timothy99@smith.com
1383,2024-11-17,social,SG,1-10,catherineherrera@hunt.com
1384,2023-09-15,paid_search,US,51-200,anthonytaylor@luna.com
1385,2024-05-15,organic,US,201-1000,timothy15@arnold.info
1386,2023-10-23,paid_search,US,51-200,zhunt@wright.com
1387,2024-08-15,organic,CA,1-10,ygarcia@collins.info
1388,2023-04-19,partner,FR,1-10,bandrade@burgess.org
1389,2024-12-14,paid_search,US,11-50,kpatterson@brooks-chen.com
1390,2024-01-29,social,US,11-50,cjackson@king.net
1391,2023-08-09,paid_search,DE,51-200,raymond12@jordan-lopez.com
1392,2022-11-06,social,US,1-10,lewisnathan@chan.com
1393,2023-06-15,referral,US,51-200,haley53@bradley-morris.com
1394,2024-03-24,social,CA,201-1000,cruzcarolyn@robinson.com
1395,2023-10-13,referral,US,1-10,bfleming@li-gonzalez.com
1396,2024-09-11,referral,DE,1-10,rjimenez@wilson-chavez.org
1397,2024-01-28,organic,IN,1-10,brittany39@mitchell.org
1398,2023-08-10,paid_search,IN,11-50,buckjustin@johnson-ferguson.net
1399,2024-04-21,organic,BR,1000+,rogersallen@davis-lang.com
1400,2024-06-01,referral,US,11-50,logan56@hawkins.info
1401,2023-05-28,paid_search,IN,11-50,longheather@snyder-davidson.com
1402,2023-05-16,organic,AU,11-50,sharon10@williams.com
1403,2022-06-14,paid_search,AU,1-10,holdermichelle@graham.com
1404,2024-07-29,paid_search,DE,11-50,villamiranda@ware-williams.com
1405,2024-05-27,organic,US,1-10,charles59@nelson-jackson.com
1406,2024-02-12,organic,BR,11-50,uwilson@mullins.info
1407,2024-09-27,referral,US,1-10,boydjohn@stanley-bray.com
1408,2024-09-04,paid_search,US,11-50,qperez@dawson-gomez.com
1409,2024-04-20,referral,FR,11-50,heatherjones@brown-smith.com
1410,2024-10-18,organic,GB,11-50,mcardenas@garcia-clark.org
1411,2023-07-30,organic,IN,1-10,kathleen47@moore.com
1412,2023-03-29,paid_search,US,11-50,paul79@harris.biz
1413,2023-09-18,organic,CA,1-10,ginalynn@wong.com
1414,2022-09-28,organic,CA,11-50,allenmurray@johnson-stanley.info
1415,2024-03-23,organic,US,11-50,joseph81@reynolds-hernandez.net
1416,2024-11-21,paid_search,US,51-200,dromero@nelson-davis.biz
1417,2022-07-20,partner,SG,1-10,mlee@thompson-hill.org
1418,2023-03-20,social,US,11-50,gstone@williams.com
1419,2024-01-20,paid_search,US,11-50,jacobsonbarbara@jones.com
1420,2024-11-17,social,CA,51-200,nicolelyons@myers-garcia.com
1421,2023-10-29,referral,FR,1000+,yharris@bailey.org
1422,2024-02-01,organic,GB,51-200,jessica12@velez.com
1423,2022-07-24,social,IN,1000+,lesliejones@cook.com
1424,2023-05-14,organic,US,51-200,waderonnie@thompson.com
1425,2024-12-07,organic,US,1-10,erincastaneda@bell.com
1426,2024-11-26,organic,US,11-50,brodriguez@frazier.net
1427,2022-01-25,organic,DE,1-10,karirowe@torres.com
1428,2024-11-24,referral,SG,51-200,whenry@scott.com
1429,2024-05-07,paid_search,US,11-50,kevin58@vincent.com
1430,2024-10-30,paid_search,US,1-10,gina02@chase-hopkins.com
1431,2024-01-05,referral,BR,11-50,tyler39@dominguez.com
1432,2024-02-11,paid_search,IN,201-1000,samanthagray@sheppard.net
1433,2024-02-02,social,US,51-200,harcher@baker.com
1434,2024-05-11,referral,US,11-50,peter64@lee-riley.com
1435,2023-04-11,social,BR,1-10,hamiltonspencer@roberts-montes.info
1436,2022-05-05,organic,US,1000+,stevenhernandez@hanson-beck.com
1437,2023-10-21,paid_search,US,11-50,zroberts@smith-williams.com
1438,2024-06-06,referral,BR,51-200,brownkevin@bell-flowers.com
1439,2023-07-23,partner,FR,1-10,devin48@mullen.com
1440,2024-06-03,paid_search,US,11-50,wendygonzalez@hull.com
1441,2024-12-31,paid_search,CA,1-10,lisawalsh@ross-strong.com
1442,2023-01-12,social,IN,201-1000,carla29@shelton-morris.org
1443,2024-06-15,paid_search,IN,201-1000,feliciagonzalez@butler.com
1444,2024-01-05,organic,NL,51-200,christopher97@white.com
1445,2024-10-17,paid_search,US,51-200,alishabenson@donovan.biz
1446,2023-06-04,social,NL,11-50,afisher@johnson-hansen.biz
1447,2024-06-05,organic,US,1-10,camposchristina@buchanan-carpenter.com
1448,2024-09-28,paid_search,US,201-1000,christineyoder@brown-bruce.com
1449,2024-11-22,social,BR,1-10,dsantiago@stevens.com
1450,2024-06-29,organic,CA,11-50,brooke49@vaughn-lin.com
1451,2024-02-10,organic,IN,11-50,mileszachary@yang.com
1452,2024-05-07,paid_search,US,1-10,courtney07@watts.org
1453,2024-10-11,social,DE,1-10,meyerjohn@wells.info
1454,2024-04-06,organic,US,11-50,hbrown@sullivan-mcgrath.com
1455,2022-05-17,organic,CA,11-50,lorraine79@reynolds.com
1456,2024-11-09,organic,FR,1-10,donaldgarner@jackson.net
1457,2024-06-08,organic,US,201-1000,thomasroberts@garcia.com
1458,2024-06-18,paid_search,US,11-50,zcruz@marshall.com
1459,2023-07-22,organic,GB,1-10,campbelldavid@smith-turner.org
1460,2024-05-13,organic,AU,11-50,wwilliams@mcdonald.info
1461,2023-12-27,referral,GB,1-10,albert25@foley.net
1462,2024-05-11,social,FR,11-50,lpalmer@hernandez.info
1463,2023-02-18,organic,NL,51-200,joshuafarmer@mclean-jones.info
1464,2024-05-19,organic,IN,201-1000,mestes@white.net
1465,2024-12-15,organic,US,11-50,david59@bailey.com
1466,2022-08-25,paid_search,US,1-10,christianerik@ortega.info
1467,2024-12-28,partner,US,1-10,kathleen31@chandler.biz
1468,2023-12-06,referral,DE,51-200,brownjohn@bradford.info
1469,2024-10-29,paid_search,CA,1-10,catherine02@rodriguez-cole.com
1470,2024-08-04,paid_search,GB,1-10,jameshenry@mitchell.net
1471,2024-03-25,paid_search,AU,11-50,christopherjohnson@davis.com
1472,2024-07-13,social,IN,1-10,kim98@peterson.net
1473,2024-10-21,organic,US,11-50,nlee@carey.net
1474,2023-12-19,paid_search,DE,11-50,lauriegonzales@bennett.net
1475,2023-10-16,paid_search,US,51-200,craig73@guzman.com
1476,2024-06-19,paid_search,SG,11-50,loriroberts@myers-howard.com
1477,2024-09-11,paid_search,US,11-50,charles93@frederick.com
1478,2024-08-03,social,FR,51-200,aguilarsharon@delgado-johnson.biz
1479,2024-08-04,referral,GB,11-50,james02@payne.com
1480,2024-01-27,paid_search,US,11-50,youngcharles@strong.com
1481,2024-09-20,organic,IN,51-200,tina69@salazar.com
1482,2023-03-13,paid_search,DE,1-10,jennifer10@romero-santos.biz
1483,2024-03-07,social,BR,201-1000,oturner@velazquez.com
1484,2022-01-21,social,IN,11-50,vfleming@tran.biz
1485,2023-10-15,paid_search,GB,11-50,bdominguez@simmons.org
1486,2023-11-07,organic,BR,1-10,michael56@allen.org
1487,2023-12-26,partner,US,201-1000,perezjulie@bradley.com
1488,2024-06-14,social,NL,1000+,jonesdavid@campbell.com
1489,2023-12-19,organic,SG,11-50,whitneyanderson@mendoza-martinez.com
1490,2024-01-05,partner,US,201-1000,wrightamy@thornton-li.com
1491,2023-08-31,organic,FR,51-200,xmarquez@carter.com
1492,2023-11-12,organic,US,1-10,heidi81@reed.org
1493,2023-08-14,social,GB,1-10,nramirez@skinner.com
1494,2022-11-13,paid_search,GB,1-10,judy31@hardy-french.com
1495,2024-04-06,paid_search,US,1-10,hollysantos@benton-smith.com
1496,2024-06-30,paid_search,GB,1-10,joshua64@brown.biz
1497,2024-05-28,referral,US,1-10,ysmith@wallace-walker.biz
1498,2024-01-01,organic,BR,11-50,donnapatel@torres.com
1499,2023-11-05,organic,DE,11-50,sandra49@todd.org
1500,2024-10-15,partner,FR,201-1000,yglenn@mcfarland.net
1501,2024-03-20,organic,CA,11-50,rfarley@garrison-hurley.info
1502,2024-02-15,paid_search,US,11-50,karmstrong@green.com
1503,2022-05-01,referral,IN,1-10,rebeccacampbell@tapia.net
1504,2023-11-17,organic,NL,11-50,matthew60@hill.org
1505,2023-11-02,,AU,51-200,martinezashley@huff-abbott.info
1506,2023-12-04,referral,SG,1-10,asmith@johnson-howard.net
1507,2024-04-24,social,SG,1000+,rickyriley@hill.net
1508,2024-03-25,organic,CA,11-50,stephanie72@miranda-hill.info
1509,2024-04-20,organic,CA,51-200,jeremythompson@douglas.com
1510,2024-08-31,referral,DE,11-50,criley@love.com
1511,2024-09-19,paid_search,US,1-10,allen58@williams.net
1512,2024-07-25,organic,GB,201-1000,ewilson@harris.com
1513,2024-11-19,social,GB,1000+,bjones@thomas-nguyen.com
1514,2022-03-26,organic,US,11-50,theresa57@howell-martin.com
1515,2023-07-20,social,FR,11-50,sarah90@lynch.net
1516,2022-02-02,referral,AU,11-50,shelby69@sandoval.biz
1517,2024-05-22,,IN,11-50,friedmansusan@cunningham.net
1518,2024-10-10,paid_search,US,1-10,hryan@yates.net
1519,2023-08-26,organic,US,1-10,mstewart@carter.com
1520,2024-11-28,organic,FR,11-50,stephengoodman@steele.biz
1521,2022-10-30,referral,US,11-50,christopher88@melendez.info
1522,2024-11-26,organic,IN,1-10,shanebarnes@carey.com
1523,2023-11-06,social,BR,1-10,qcraig@jacobs.com
1524,2023-02-03,,AU,51-200,david66@lucero.com
1525,2024-02-27,paid_search,SG,51-200,nancysmith@barnes.info
1526,2023-09-08,referral,FR,1-10,martinezaustin@johnson-jackson.com
1527,2023-09-19,social,US,11-50,zacharymoreno@strong-gomez.biz
1528,2023-10-25,social,US,11-50,jenniferwilson@vargas-jensen.com
1529,2024-09-16,paid_search,FR,51-200,rodgersmichael@lozano-mccoy.biz
1530,2024-03-18,organic,DE,1-10,katherine22@cannon.com
1531,2023-10-09,organic,BR,1-10,paulawatkins@craig-chavez.com
1532,2024-04-30,social,GB,1-10,uthompson@ramirez.info
1533,2024-07-17,referral,US,201-1000,brandon88@romero.biz
1534,2023-09-21,paid_search,IN,11-50,katherine20@khan.com
1535,2024-01-21,partner,US,1-10,cory42@roberts.info
1536,2023-03-04,organic,AU,11-50,nicoleroberts@zhang-molina.com
1537,2023-06-22,social,FR,11-50,donald38@fischer.net
1538,2024-06-07,paid_search,DE,1000+,adamwall@wood.org
1539,2023-06-11,paid_search,DE,51-200,hdennis@guerra.com
1540,2024-03-01,paid_search,CA,11-50,wallaceryan@miller-taylor.com
1541,2024-06-12,organic,US,1-10,schmittlinda@mcguire.net
1542,2023-02-01,referral,US,11-50,joshua81@watts.com
1543,2024-03-29,social,NL,11-50,james80@burton.com
1544,2023-09-23,,US,11-50,josephhernandez@gross.com
1545,2024-11-13,referral,BR,11-50,cynthiadavis@vincent.com
1546,2024-02-06,partner,FR,1-10,ngrant@thompson.biz
1547,2024-09-15,referral,US,11-50,danawashington@best.com
1548,2024-03-09,social,FR,11-50,ohenry@harper-daniels.com
1549,2022-08-25,paid_search,US,1-10,robinsonsydney@barnes-west.com
1550,2024-05-25,organic,GB,1000+,dwilson@guerrero-bailey.biz
1551,2024-11-09,,US,11-50,kimwebb@burke-mcdaniel.com
1552,2024-04-16,,US,1-10,joseph36@hart.com
1553,2024-09-21,paid_search,US,51-200,robert76@green-brown.info
1554,2024-10-07,referral,US,11-50,matthewcardenas@west-walker.com
1555,2023-08-09,organic,US,11-50,kimberlyrodriguez@bishop.com
1556,2023-07-09,social,US,11-50,tdavis@barr-wang.net
1557,2024-04-21,referral,NL,11-50,penaapril@nichols-galloway.net
1558,2024-01-09,organic,US,1-10,oheath@solis-lozano.com
1559,2024-09-01,paid_search,NL,11-50,ulewis@case.com
1560,2024-10-14,paid_search,FR,51-200,masonlacey@moore.com
1561,2023-11-03,paid_search,US,1000+,crystalwatts@nelson.biz
1562,2023-08-27,social,US,11-50,vanderson@atkins-jones.net
1563,2024-08-12,paid_search,US,1-10,vsmith@jacobs.biz
1564,2023-09-21,organic,CA,1000+,marievillarreal@coleman-paul.com
1565,2024-09-03,social,IN,1-10,stephen14@johnston.com
1566,2024-01-07,organic,US,1-10,ehoffman@velez-ferguson.com
1567,2024-06-07,organic,GB,1-10,fsmith@long.com
1568,2023-01-23,paid_search,US,11-50,bwalker@wise-west.info
1569,2024-05-24,organic,US,1-10,daymartin@daugherty.info
1570,2024-01-19,organic,GB,51-200,christopherpowell@mills-franco.com
1571,2024-04-21,paid_search,CA,51-200,saundersjohnathan@yang-flowers.com
1572,2023-05-15,,US,1-10,hannah96@adams.net
1573,2024-07-11,social,US,1-10,ugardner@young.net
1574,2024-09-26,referral,CA,201-1000,morseronald@bennett.com
1575,2023-07-28,partner,US,11-50,martinsamuel@williams.info
1576,2023-01-30,organic,FR,11-50,conniewarren@curry.biz
1577,2022-04-01,paid_search,NL,1-10,hsmith@forbes-cortez.com
1578,2024-05-23,referral,US,11-50,christina59@martin.org
1579,2024-04-29,paid_search,IN,11-50,april47@clark-rivera.com
1580,2024-03-06,social,US,51-200,alicecalderon@stewart.com
1581,2023-08-04,paid_search,IN,1-10,ajones@miles-gonzalez.com
1582,2023-12-26,organic,US,51-200,drivera@harrison.net
1583,2024-04-24,referral,US,1000+,michaelsmith@hill.org
1584,2024-02-19,paid_search,US,1000+,michael64@weaver.com
1585,2024-12-07,social,AU,1-10,crossjoshua@elliott-martinez.net
1586,2023-04-04,organic,IN,1-10,xrivera@jacobs.org
1587,2024-06-12,referral,GB,201-1000,aclark@hays.org
1588,2023-12-02,organic,IN,11-50,douglasalvarez@morris.com
1589,2024-01-13,social,US,11-50,ecoleman@turner-wolf.com
1590,2024-07-01,organic,NL,51-200,ybennett@wells.net
1591,2024-06-19,partner,GB,51-200,waremegan@dougherty.com
1592,2024-12-25,paid_search,US,1-10,fcastro@mccormick.biz
1593,2023-04-09,paid_search,GB,201-1000,gregory57@reed.com
1594,2023-02-20,referral,AU,51-200,vbrooks@gonzalez.net
1595,2024-07-20,,DE,51-200,adamcollins@bartlett.net
1596,2024-04-12,paid_search,AU,1-10,lawsonarthur@may-sanders.com
1597,2023-09-17,,DE,201-1000,colleen90@pennington.info
1598,2022-12-18,paid_search,GB,11-50,thomasgolden@aguirre.com
1599,2023-01-07,organic,US,51-200,monicaanderson@flowers-wilson.info
1600,2024-10-22,social,NL,11-50,edwardsmichaela@lucero-lee.org
1601,2023-06-06,referral,US,11-50,cookemily@hurst-jackson.org
1602,2023-10-10,organic,US,11-50,zachary66@caldwell.net
1603,2023-08-29,social,US,51-200,jessicamiller@williams-franklin.net
1604,2023-11-30,paid_search,US,1-10,vthompson@collins.com
1605,2022-11-17,organic,BR,51-200,petersonashley@miller.com
1606,2024-03-19,referral,GB,51-200,jessicalopez@sims.com
1607,2022-11-29,paid_search,IN,1-10,danastevens@harding.com
1608,2024-08-04,organic,GB,1-10,lancegray@thompson-taylor.com
1609,2023-08-29,organic,CA,11-50,mperez@stephenson-thompson.com
1610,2024-03-29,paid_search,US,11-50,heidi41@kelly-cox.net
1611,2024-10-06,paid_search,US,51-200,rgallegos@johnson.biz
1612,2024-05-21,paid_search,US,1-10,amandaclark@hamilton.com
1613,2024-03-02,referral,US,1-10,matthewschmitt@gallegos.com
1614,2023-10-28,paid_search,GB,51-200,jeffery40@holmes.com
1615,2023-10-08,partner,AU,51-200,ltaylor@watson-gray.org
1616,2024-06-21,,BR,11-50,morrisdaniel@booth-smith.biz
1617,2024-12-18,partner,US,201-1000,pcook@lopez.com
1618,2024-05-16,partner,US,11-50,stevenlopez@gonzales.info
1619,2024-03-15,organic,FR,51-200,esimon@king.org
1620,2024-07-08,organic,GB,1-10,timothy64@arellano.net
1621,2024-01-30,referral,US,11-50,fisherkim@morales.com
1622,2022-10-01,paid_search,US,1000+,stephaniebradley@anderson.com
1623,2024-03-24,social,US,11-50,parkerkatie@ellis-martin.com
1624,2024-11-16,social,FR,1-10,jamesjackson@miller-young.com
1625,2023-06-16,organic,AU,1-10,pdavis@cohen.com
1626,2024-06-24,paid_search,US,1-10,gmoore@pierce-long.com
1627,2023-07-08,referral,US,11-50,dbarnett@sanchez.com
1628,2024-03-10,organic,GB,11-50,ricardomurphy@weiss-cross.biz
1629,2023-02-19,organic,GB,51-200,wferguson@santiago-cordova.com
1630,2024-01-28,social,US,201-1000,nicolethompson@wood.net
1631,2024-07-21,paid_search,DE,201-1000,bishopkaren@brewer.info
1632,2023-11-03,paid_search,FR,11-50,bradleyturner@morgan.com
1633,2024-05-10,paid_search,US,201-1000,thernandez@leonard-castillo.com
1634,2024-08-18,referral,US,11-50,zwhite@holmes.com
1635,2024-11-20,partner,FR,1-10,riosrichard@martin.org
1636,2023-08-31,partner,GB,1-10,aparks@valdez-santiago.biz
1637,2023-12-13,paid_search,DE,1-10,turnerjonathan@wilson.net
1638,2023-05-06,referral,FR,11-50,kimberly58@rodriguez-white.biz
1639,2024-12-25,organic,SG,1-10,fberg@smith.org
1640,2024-11-04,referral,FR,51-200,james97@williams-campbell.com
1641,2024-03-28,,US,51-200,dstevens@parks.com
1642,2024-09-08,paid_search,BR,11-50,danielsguy@butler-griffin.com
1643,2024-03-14,organic,US,1-10,larsonmichael@schmidt.com
1644,2024-05-16,paid_search,IN,11-50,christopherdavis@thomas.com
1645,2023-01-18,referral,CA,1-10,pbarker@hoover.com
1646,2024-07-20,paid_search,DE,11-50,benjamin91@hunt-swanson.com
1647,2023-04-29,organic,BR,11-50,roberto02@scott.biz
1648,2024-09-03,paid_search,US,1000+,leonashley@gilbert-ryan.com
1649,2024-08-03,organic,US,11-50,brooksthomas@hill-barker.com
1650,2024-06-16,organic,US,1000+,walter09@browning-gregory.com
1651,2022-06-01,organic,SG,11-50,russellandrew@sandoval-hill.info
1652,2023-10-05,paid_search,GB,51-200,colton30@nguyen.org
1653,2023-09-01,organic,US,201-1000,omatthews@murphy.com
1654,2023-11-08,social,CA,1-10,matthew57@murray.info
1655,2023-01-19,paid_search,DE,1-10,amandajackson@scott-johnson.org
1656,2024-11-19,referral,CA,11-50,welchanna@miller-adkins.net
1657,2024-03-15,paid_search,US,51-200,kevin57@mcdonald.org
1658,2023-10-06,social,US,1-10,annette60@hawkins-henry.com
1659,2023-12-10,social,US,1-10,imorse@lawson-atkinson.com
1660,2024-01-15,,DE,1-10,hrobinson@roberts.biz
1661,2024-04-18,organic,SG,51-200,nbell@lester-ramirez.com
1662,2024-02-23,partner,IN,1-10,beckgloria@gill.biz
1663,2024-11-04,organic,US,1-10,michelesimpson@mitchell-middleton.com
1664,2024-02-09,paid_search,US,51-200,ricardosmith@hines-douglas.com
1665,2024-12-22,paid_search,US,1-10,acarpenter@jenkins-fields.org
1666,2024-09-18,,CA,1-10,dillonharvey@greene.biz
1667,2023-07-01,paid_search,CA,1-10,nguyenjohn@garrett.com
1668,2024-11-15,partner,US,1000+,marnold@ellis.com
1669,2023-03-18,,US,51-200,thomasmarquez@morris.com
1670,2024-09-16,partner,SG,51-200,clarksteven@sutton.com
1671,2023-11-19,referral,IN,51-200,teresaporter@lara.com
1672,2024-10-30,paid_search,DE,51-200,stevenrivers@goodman.biz
1673,2024-10-29,organic,DE,1-10,eatkins@rosario-ware.net
1674,2024-09-01,paid_search,IN,11-50,baldwincatherine@espinoza.com
1675,2024-08-03,paid_search,AU,1-10,lisa05@moran-hunt.info
1676,2023-10-17,organic,NL,1-10,gcobb@boone.com
1677,2022-12-01,organic,IN,11-50,michaeldouglas@durham.com
1678,2023-12-31,organic,CA,1-10,colton17@vasquez.com
1679,2023-06-11,referral,CA,1-10,crivera@scott.com
1680,2024-06-22,paid_search,US,201-1000,aimeejohnson@elliott-reeves.com
1681,2023-11-12,paid_search,US,1-10,ashleytorres@gonzales.com
1682,2024-12-10,,BR,1-10,catherinevillarreal@walsh-johnson.com
1683,2024-05-24,partner,FR,11-50,eddie04@griffith-mcgee.net
1684,2024-09-15,organic,IN,1000+,kwoods@schneider-matthews.net
1685,2023-04-14,social,GB,51-200,alexandra67@jackson.biz
1686,2024-09-20,organic,US,11-50,barnettcalvin@parker.com
1687,2024-11-28,paid_search,US,201-1000,charlotte13@porter-hudson.com
1688,2024-02-19,social,US,11-50,judithcox@ross.com
1689,2024-04-30,organic,US,11-50,nelsonsuzanne@medina.info
1690,2024-08-19,social,US,1-10,johnrobles@norris.com
1691,2023-06-13,organic,CA,51-200,hannahbryant@krause.net
1692,2024-02-10,social,US,11-50,christopher31@mills.com
1693,2023-12-15,organic,IN,1-10,johngill@marshall-herrera.com
1694,2023-04-10,,IN,11-50,kristy13@wilson-miller.com
1695,2023-11-21,referral,US,1-10,danielsjason@evans-smith.biz
1696,2022-11-30,referral,US,1-10,cortezscott@lee.info
1697,2022-05-09,paid_search,SG,11-50,kingrichard@vasquez-thompson.net
1698,2023-04-12,referral,AU,201-1000,ppalmer@baker-patel.com
1699,2024-11-21,referral,SG,51-200,erica84@alexander.info
1700,2024-03-12,paid_search,AU,51-200,floresterri@simpson-white.biz
1701,2024-11-06,referral,US,11-50,cody75@mcdaniel.com
1702,2024-01-23,organic,US,1-10,jasonshaw@miranda-kennedy.com
1703,2023-10-14,referral,NL,1-10,ashleymoore@lee.com
1704,2024-02-10,paid_search,NL,11-50,chelseamoore@zavala.com
1705,2024-01-25,referral,IN,11-50,sarahkennedy@wood-torres.com
1706,2023-02-06,paid_search,BR,51-200,shannon69@farmer-smith.biz
1707,2024-05-22,social,US,11-50,schmittmichael@proctor.com
1708,2023-07-12,organic,AU,51-200,jasonmoran@wall-johnson.biz
1709,2024-05-01,organic,US,51-200,jnguyen@gonzalez.com
1710,2024-05-14,paid_search,NL,1-10,jonesethan@castillo.com
1711,2023-05-05,paid_search,IN,51-200,twatts@wright-benitez.org
1712,2022-10-18,referral,IN,11-50,dbrown@cooper.com
1713,2024-08-18,social,FR,51-200,ruiznicole@nguyen.biz
1714,2024-01-14,paid_search,US,51-200,morganlawrence@gonzalez.org
1715,2022-10-30,organic,US,11-50,angela40@barton.com
1716,2024-12-05,social,BR,11-50,rebecca73@morris.info
1717,2022-09-25,,US,1-10,mason44@adkins.biz
1718,2024-06-24,social,US,201-1000,ffoster@decker.net
1719,2024-12-05,referral,US,1-10,allen60@marks.com
1720,2023-08-03,paid_search,IN,1-10,cynthia19@mccann.net
1721,2023-04-01,social,IN,1-10,laurenmathis@berry.org
1722,2023-03-04,organic,DE,11-50,karenwang@meyers-owens.com
1723,2023-10-16,organic,US,1-10,charles95@rose-schwartz.biz
1724,2023-02-22,organic,US,1-10,moraleskelly@clayton.biz
1725,2024-06-20,organic,BR,1-10,jonathanwalker@saunders.com
1726,2022-10-12,organic,US,51-200,patricia92@mejia.com
1727,2024-02-09,partner,US,1-10,craigferguson@chan.com
1728,2024-12-17,social,DE,11-50,murphyleslie@barrett.com
1729,2024-09-03,organic,AU,1-10,rogernelson@barton.com
1730,2024-04-07,social,SG,1-10,ymartinez@wallace.com
1731,2023-10-25,paid_search,SG,1-10,cwilliams@gonzalez-wise.org
1732,2024-05-07,partner,BR,11-50,davisgregory@ramsey.com
1733,2024-03-23,referral,GB,1000+,wyang@cowan.com
1734,2024-01-06,social,SG,11-50,timothy81@smith-james.biz
1735,2023-04-17,organic,US,1000+,gnixon@ward-collins.com
1736,2024-10-04,paid_search,CA,11-50,pbautista@perez-haynes.biz
1737,2024-01-12,social,AU,1-10,rsmith@holland.com
1738,2023-07-11,paid_search,GB,11-50,anneanderson@taylor.com
1739,2023-11-24,paid_search,SG,11-50,carlsonjason@guerrero.com
1740,2024-01-18,paid_search,SG,11-50,hthompson@harmon.com
1741,2024-09-28,organic,IN,11-50,natasha12@jimenez.biz
1742,2024-07-22,paid_search,US,11-50,regina49@johnson-johnson.com
1743,2024-08-22,organic,GB,11-50,jjohnson@williams-bennett.org
1744,2022-02-03,organic,GB,11-50,ericsmith@davis.com
1745,2024-01-04,social,BR,1-10,amarshall@alexander.com
1746,2024-02-12,,US,11-50,thomas42@douglas-diaz.org
1747,2022-03-13,organic,IN,51-200,woodskaitlyn@gonzalez.com
1748,2023-09-09,social,IN,11-50,donnapaul@powell.com
1749,2024-08-25,social,DE,11-50,jack45@dickson.org
1750,2023-04-16,referral,NL,1000+,kathleen25@brooks-thomas.com
1751,2024-03-17,organic,IN,1-10,ywelch@petty.com
1752,2023-07-09,paid_search,US,201-1000,conleyjohn@morris-armstrong.info
1753,2022-02-01,organic,US,1-10,jacob96@haney-chavez.com
1754,2023-08-22,organic,US,11-50,rwilson@mack.com
1755,2024-12-11,organic,DE,1-10,matthew78@alvarado-barnett.com
1756,2024-08-03,referral,CA,11-50,bryan56@johnson.info
1757,2024-11-15,organic,DE,11-50,martinezjennifer@marks.info
1758,2024-02-09,paid_search,IN,11-50,ftran@white.net
1759,2023-02-01,,US,11-50,donaldbecker@gonzalez.com
1760,2024-03-30,organic,GB,201-1000,annaschmidt@mcbride.net
1761,2024-01-15,paid_search,US,11-50,heatherosborn@brooks.com
1762,2024-09-28,social,BR,1-10,meganpotter@fernandez.biz
1763,2023-02-14,organic,FR,11-50,joshuahaley@phillips-santana.biz
1764,2024-02-04,referral,CA,11-50,imcdonald@hurley.net
1765,2023-05-18,referral,CA,201-1000,jason99@brown.com
1766,2023-10-17,organic,US,11-50,timothymartin@myers.biz
1767,2024-07-13,referral,GB,1000+,pvargas@jones-richmond.com
1768,2024-02-11,organic,AU,1-10,patriciamartinez@willis.com
1769,2023-11-12,paid_search,FR,1-10,kathleen01@collins.info
1770,2023-12-29,referral,GB,11-50,donnaevans@weaver.info
1771,2024-01-12,paid_search,US,1-10,chadwerner@peterson.biz
1772,2024-08-08,referral,AU,201-1000,daniel76@jackson.info
1773,2024-10-03,partner,US,1-10,jeffrey11@morrison.info
1774,2024-11-18,paid_search,GB,201-1000,ofisher@grimes.com
1775,2024-08-19,paid_search,GB,1-10,danielle56@huff.com
1776,2023-10-16,referral,SG,1-10,fsanchez@garza.com
1777,2024-06-13,paid_search,US,11-50,osbornmargaret@castro-monroe.biz
1778,2024-01-23,referral,US,11-50,gwilliams@massey.com
1779,2023-09-25,referral,US,1-10,levyjohn@chambers.biz
1780,2024-09-14,organic,DE,1000+,reedkristin@berry-mills.biz
1781,2022-07-03,social,CA,1-10,bcaldwell@bradley.com
1782,2024-10-02,organic,AU,51-200,carterrobert@daniel.com
1783,2024-01-20,social,US,51-200,michael34@bowers-nguyen.com
1784,2024-05-04,referral,US,11-50,jasontownsend@wong.com
1785,2024-05-17,paid_search,US,51-200,vgates@jensen-singh.com
1786,2024-10-21,social,CA,1-10,maria11@sullivan.biz
1787,2024-05-22,paid_search,US,11-50,josephzimmerman@rogers-kim.com
1788,2024-04-20,paid_search,DE,11-50,susanmorris@lopez.net
1789,2022-10-29,organic,FR,201-1000,katherine82@montgomery-jones.com
1790,2024-03-19,paid_search,DE,51-200,dawsonrobin@sullivan.net
1791,2023-05-31,paid_search,NL,11-50,randy61@olsen.org
1792,2024-07-20,partner,BR,201-1000,nguyenjeffrey@sanchez.com
1793,2024-02-24,referral,CA,1-10,simpsonmartha@sanchez.info
1794,2024-06-05,organic,FR,51-200,dustinphillips@mathews.info
1795,2022-07-28,paid_search,US,51-200,khawkins@gutierrez.org
1796,2023-01-03,referral,IN,1-10,yburton@green.com
1797,2024-07-10,referral,US,11-50,pwood@fernandez-jones.com
1798,2022-11-13,organic,US,1-10,michelle38@anderson.net
1799,2022-11-26,social,GB,11-50,gnichols@perez.net
1800,2022-02-14,paid_search,BR,1-10,stevenandrews@stevens.info
1801,2024-11-09,organic,US,51-200,kbrown@castro.com
1802,2024-07-22,referral,DE,1-10,thomas21@gomez.com
1803,2023-11-24,paid_search,US,201-1000,reevestravis@duran.info
1804,2023-10-03,paid_search,US,1-10,amanda45@hudson.biz
1805,2023-11-14,partner,DE,201-1000,katiebaird@edwards.com
1806,2024-08-13,partner,FR,1-10,hamptonchad@moreno.com
1807,2024-05-04,referral,CA,1-10,johnguzman@houston.info
1808,2023-06-22,social,NL,201-1000,riveraclinton@berry-rush.biz
1809,2023-06-09,paid_search,US,11-50,ejames@boone.com
1810,2023-02-25,social,US,11-50,michael64@davis-green.com
1811,2024-05-13,social,FR,201-1000,michaelholland@morgan.net
1812,2024-08-07,organic,US,1000+,andrew90@brown.net
1813,2023-09-15,paid_search,BR,1-10,smithpaul@marsh.org
1814,2022-04-18,paid_search,NL,1-10,michele23@oliver.com
1815,2023-01-14,paid_search,US,1-10,wigginsrita@brooks.com
1816,2024-11-26,partner,GB,51-200,lisawallace@williams.com
1817,2023-10-27,paid_search,DE,201-1000,savannah15@white.info
1818,2024-08-02,social,DE,201-1000,carrieosborn@pace-mcfarland.net
1819,2024-05-23,partner,DE,1-10,hbowers@spencer.com
1820,2023-11-13,paid_search,NL,1-10,zlopez@howard.org
1821,2023-07-26,referral,CA,1-10,abbottchristopher@flores.net
1822,2023-03-15,paid_search,BR,1-10,psherman@campbell.info
1823,2024-04-30,organic,US,51-200,kellysims@graham-miller.com
1824,2024-08-08,organic,BR,1-10,jgarcia@lynch-torres.com
1825,2024-05-15,referral,BR,51-200,rosebobby@parker.org
1826,2024-03-14,social,US,1-10,daniellestevenson@johnson.com
1827,2022-07-25,partner,CA,11-50,colongabrielle@rodgers-warren.com
1828,2024-11-27,paid_search,GB,201-1000,erin03@bryant.com
1829,2024-08-04,social,FR,11-50,charles37@duncan.com
1830,2023-09-12,paid_search,FR,11-50,weeksjamie@wilson.com
1831,2024-12-11,paid_search,US,1-10,valerieserrano@lowery-morales.com
1832,2024-04-21,organic,GB,11-50,carolhowell@macias-henderson.org
1833,2024-04-01,paid_search,DE,1-10,jamie46@smith.com
1834,2024-07-03,organic,US,51-200,aking@schwartz.com
1835,2024-09-25,social,IN,51-200,chadwilson@barrera.com
1836,2024-05-22,paid_search,NL,11-50,amandajackson@scott.biz
1837,2023-04-28,social,US,11-50,amanda49@rodriguez-wilson.com
1838,2023-10-27,paid_search,US,1-10,peterstyler@holmes.info
1839,2024-11-12,organic,BR,201-1000,orodriguez@whitaker.com
1840,2023-08-29,referral,US,1-10,allenchristina@rodgers-ramos.com
1841,2023-11-18,referral,DE,201-1000,kaylahardy@carroll.com
1842,2024-01-15,organic,FR,1-10,sandra57@valenzuela.biz
1843,2024-01-13,referral,AU,1-10,shernandez@brown.info
1844,2024-04-12,organic,AU,1-10,savagechad@guzman.net
1845,2024-11-17,paid_search,NL,11-50,douglasbrandt@rodriguez.biz
1846,2023-08-22,paid_search,US,1-10,montgomerygeoffrey@wood-thomas.com
1847,2023-03-31,partner,IN,1-10,adamsmith@cervantes.com
1848,2023-07-16,paid_search,GB,1-10,kathleenjohnson@jones.org
1849,2024-10-07,,US,11-50,ncampbell@cole-adkins.info
1850,2024-05-14,organic,IN,1-10,michael77@gibson.com
1851,2023-09-09,organic,GB,1-10,justinsimon@kidd-macias.com
1852,2024-09-19,referral,GB,1-10,reynoldskevin@stevens.net
1853,2024-09-05,partner,SG,1-10,vanessamartinez@gomez.biz
1854,2024-09-07,social,FR,51-200,cquinn@ford-morgan.biz
1855,2024-11-09,organic,AU,1-10,jenniferharris@marquez.com
1856,2023-09-30,organic,BR,1000+,rachel86@schneider-lewis.com
1857,2024-07-31,referral,IN,51-200,prodriguez@evans-wall.org
1858,2024-01-26,organic,US,11-50,nwilliams@arnold-moore.biz
1859,2024-09-10,,DE,1-10,cwhite@benson.org
1860,2024-07-29,referral,AU,1-10,joshuareese@hammond.com
1861,2024-08-17,paid_search,US,11-50,robertmcdonald@anderson.org
1862,2024-05-03,paid_search,CA,1-10,lowekristin@smith.com
1863,2023-06-04,paid_search,SG,11-50,edwardsrachel@manning.com
1864,2024-03-27,organic,GB,11-50,coxregina@conway.com
1865,2024-12-29,partner,DE,51-200,kevin82@martin.net
1866,2024-11-09,paid_search,GB,1-10,jmoore@harrison.com
1867,2022-08-24,,IN,1-10,beckdwayne@davis-williams.biz
1868,2023-05-28,partner,DE,11-50,kgray@willis.info
1869,2023-04-07,organic,US,1-10,sethsmith@potts-knight.com
1870,2024-07-09,organic,GB,1-10,tannercasey@hanson.biz
1871,2024-09-29,partner,US,1-10,danieldonovan@gonzalez.com
1872,2023-07-23,referral,GB,1-10,carrie70@vance.com
1873,2024-02-24,partner,US,1-10,williamhendrix@burns.com
1874,2024-09-28,organic,IN,51-200,jackiebaker@morgan-nelson.info
1875,2024-07-27,organic,BR,11-50,cookanthony@smith.com
1876,2024-03-19,,US,51-200,cjames@powers.net
1877,2024-04-06,paid_search,US,51-200,vrussell@hahn.com
1878,2024-02-22,organic,US,1-10,tracyadams@sellers-miller.com
1879,2023-10-22,organic,GB,201-1000,johnsondavid@sanchez.com
1880,2024-03-04,social,US,1-10,moorelaurie@shields.com
1881,2024-06-27,social,CA,11-50,molly91@aguilar.com
1882,2024-10-09,referral,US,1000+,salazarbrian@gonzalez.com
1883,2024-05-21,referral,GB,201-1000,christopherbean@hamilton.com
1884,2024-08-24,partner,IN,1-10,brendanmiller@garrett-lee.com
1885,2023-05-28,organic,DE,1-10,ljacobs@roberts-lowe.com
1886,2024-01-02,social,CA,11-50,alopez@thompson.com
1887,2022-02-03,paid_search,US,1000+,nataliejohnston@graves.com
1888,2023-08-28,paid_search,US,1-10,jacobmorris@martin.org
1889,2024-07-13,social,US,51-200,carolyn84@simmons.com
1890,2024-12-21,organic,US,51-200,penatammy@campbell-martin.com
1891,2023-02-24,social,US,11-50,snyderraven@harvey.com
1892,2023-12-05,paid_search,US,1-10,vsmith@davis.com
1893,2024-08-07,paid_search,BR,11-50,carrolljessica@hayes-harmon.info
1894,2023-07-19,referral,US,11-50,victor75@duarte.com
1895,2024-03-12,referral,GB,11-50,robert75@ford-nolan.info
1896,2024-07-02,paid_search,SG,11-50,douglaschristensen@herring-marks.com
1897,2024-04-21,referral,US,11-50,ofritz@ross.biz
1898,2023-06-21,referral,US,11-50,edwardshah@davis.info
1899,2023-11-03,partner,CA,1-10,josephgonzalez@myers-torres.net
1900,2024-08-05,referral,US,1-10,jeremy79@porter.info
1901,2024-03-14,organic,US,1-10,gomezdaniel@mccarthy-franklin.com
1902,2022-01-02,paid_search,CA,11-50,aprilsnyder@butler.com
1903,2024-08-15,referral,AU,1-10,matthewcollins@patterson.com
1904,2022-06-09,referral,IN,1-10,jenny25@waller.biz
1905,2024-07-24,referral,US,1-10,jasonnguyen@kent.info
1906,2023-07-13,organic,GB,51-200,angela95@lee.org
1907,2024-11-11,referral,GB,11-50,jeanlynch@burns.com
1908,2023-11-20,social,US,201-1000,william16@hanson.net
1909,2023-10-26,organic,US,51-200,uford@jones-price.com
1910,2023-05-20,organic,DE,11-50,jennifer50@wright-schultz.com
1911,2023-10-01,organic,US,1-10,mallory78@bowers.info
1912,2024-10-16,paid_search,GB,11-50,cassandra83@lopez.com
1913,2024-12-24,referral,CA,11-50,mossjames@campbell.com
1914,2023-11-20,paid_search,DE,11-50,jose24@johnson.biz
1915,2024-01-13,social,US,1-10,richardsonkimberly@griffin.net
1916,2024-07-07,organic,US,1000+,brittneyblake@giles.com
1917,2024-10-28,organic,CA,1-10,jasminechavez@willis.com
1918,2024-04-08,paid_search,DE,51-200,williamsmark@wood-stewart.biz
1919,2023-12-07,organic,IN,1-10,fullerdebbie@thompson-austin.com
1920,2024-01-14,organic,US,1-10,mario90@brown.com
1921,2024-06-23,paid_search,CA,1-10,taylorcurtis@bentley.com
1922,2022-01-15,referral,US,11-50,teresa51@cooper-jones.biz
1923,2024-05-27,paid_search,US,1-10,warrendarlene@neal-kelley.com
1924,2023-11-28,social,SG,51-200,shanewilson@perez-brown.net
1925,2024-08-24,referral,FR,1000+,williamsmegan@mendoza.com
1926,2023-01-02,paid_search,CA,11-50,stephaniebest@mason.biz
1927,2024-04-20,partner,BR,201-1000,wsmith@vasquez-caldwell.biz
1928,2024-02-08,social,CA,11-50,williamsbrittany@perez.com
1929,2024-05-11,referral,US,11-50,jacqueline95@roach.net
1930,2022-10-29,paid_search,CA,201-1000,hermanjulie@baker-brooks.biz
1931,2024-04-12,paid_search,GB,1-10,marywebster@cook-murphy.com
1932,2024-03-24,organic,US,1-10,swilson@johnson-morrison.net
1933,2024-03-08,referral,DE,201-1000,hharris@hughes.com
1934,2024-04-28,social,DE,1-10,kathleenfitzgerald@whitaker-craig.org
1935,2024-06-10,social,GB,11-50,michael03@zamora.com
1936,2024-09-22,referral,GB,11-50,alexander25@porter.biz
1937,2023-09-28,organic,US,11-50,stephen69@mccall.net
1938,2024-09-03,referral,US,1-10,laura31@rodriguez.com
1939,2024-02-20,paid_search,IN,201-1000,arroyosarah@wallace-daniel.com
1940,2022-12-16,paid_search,US,1-10,brownjason@maddox.com
1941,2022-10-01,paid_search,US,11-50,ramirezdesiree@townsend-roach.com
1942,2023-10-06,social,BR,1-10,joseconrad@martinez.com
1943,2024-08-03,paid_search,US,1-10,hthompson@hardy.org
1944,2024-06-18,organic,US,1-10,joseph97@simon.com
1945,2024-08-12,social,IN,11-50,sandersnicholas@jimenez.biz
1946,2024-02-29,organic,FR,11-50,teresaray@douglas.com
1947,2024-01-22,organic,US,201-1000,rharris@lambert.com
1948,2023-05-26,paid_search,IN,1-10,ppatrick@russo.net
1949,2023-10-04,social,AU,201-1000,tconner@williams.info
1950,2024-01-04,social,US,1-10,xstephens@winters.com
1951,2023-01-21,organic,US,1-10,richard96@mcdonald-reed.com
1952,2023-08-24,organic,GB,11-50,lisawalton@lowe-russell.biz
1953,2024-04-24,partner,US,1-10,guzmannicole@middleton-brewer.info
1954,2024-07-27,organic,IN,11-50,pamelacooper@thomas.com
1955,2024-12-14,social,US,51-200,tiffanysparks@sanders.net
1956,2024-11-16,paid_search,CA,1-10,stonebarbara@michael-ortega.com
1957,2024-05-12,social,GB,11-50,gabriellafrench@wilson-dennis.com
1958,2024-01-08,organic,IN,11-50,zmills@ray.biz
1959,2024-05-08,organic,GB,201-1000,perezdawn@flowers.com
1960,2024-08-29,paid_search,BR,51-200,simpsonruth@clements.com
1961,2023-03-12,partner,GB,51-200,lynnjames@johnson.com
1962,2024-01-23,social,NL,1-10,mariabecker@king.biz
1963,2024-09-11,paid_search,IN,11-50,dorothy09@cooper-brooks.com
1964,2023-12-13,social,DE,11-50,eharvey@mendez.com
1965,2024-04-29,referral,SG,1000+,bflores@haynes-callahan.biz
1966,2024-04-26,referral,CA,1-10,hendersonbrenda@avery-cohen.com
1967,2023-06-13,partner,FR,201-1000,fjohnson@wells.com
1968,2023-11-24,social,BR,1-10,sanchezmaria@nielsen.com
1969,2023-10-09,partner,DE,1-10,tjohnson@waters.biz
1970,2022-05-13,paid_search,US,11-50,smithdavid@norman.net
1971,2022-04-26,referral,GB,1-10,steventerry@solis-nichols.com
1972,2024-09-26,social,GB,1-10,brenda87@barrera.com
1973,2023-09-10,organic,CA,1-10,robertsmark@mcdaniel.com
1974,2024-03-24,social,US,1000+,atucker@parsons-roman.com
1975,2023-10-10,organic,CA,1-10,lwilliams@peterson.org
1976,2024-11-11,social,US,1-10,cperez@gould.com
1977,2023-09-26,paid_search,US,51-200,kimmichael@jordan.com
1978,2024-01-10,social,SG,1-10,barnesarthur@grant-henderson.com
1979,2024-10-02,social,US,11-50,bakerstacy@wells-hunter.com
1980,2024-09-04,organic,DE,1-10,davidmartin@lopez.net
1981,2023-06-10,referral,US,1-10,angela71@lopez.com
1982,2024-09-08,social,SG,11-50,dylananderson@myers.com
1983,2024-01-29,partner,DE,51-200,warrenjoseph@smith.com
1984,2024-02-08,paid_search,US,51-200,msolis@wells.biz
1985,2023-04-23,referral,US,1-10,thomasdavid@thomas.com
1986,2022-12-24,organic,US,11-50,johnmolina@ward.com
1987,2024-07-27,social,GB,1-10,uwilliams@johnson-powers.com
1988,2024-02-14,social,US,1-10,ocole@solomon.net
1989,2024-01-29,organic,US,1-10,wlucas@moore.com
1990,2024-07-22,paid_search,AU,11-50,agreene@hoffman.com
1991,2024-08-13,partner,AU,11-50,woodphillip@santos-hatfield.com
1992,2023-05-15,referral,NL,51-200,mary95@wyatt-harrison.info
1993,2024-04-14,social,US,1-10,stodd@dominguez.org
1994,2023-04-23,paid_search,SG,11-50,taylordavis@hester-patel.org
1995,2024-07-17,organic,US,11-50,kingjoseph@baxter-wheeler.com
1996,2024-05-24,organic,AU,201-1000,sara53@lee.com
1997,2024-11-04,referral,GB,1-10,mramirez@santiago-lopez.org
1998,2022-11-19,organic,CA,1-10,leahbarker@mcdaniel.net
1999,2022-09-10,,US,11-50,james79@thompson.com
2000,2023-09-26,organic,IN,11-50,carlyschultz@white-holland.info
2001,2023-09-30,partner,BR,1-10,john74@stevens.com
2002,2023-08-27,social,US,11-50,david68@smith-lopez.com
2003,2024-10-03,partner,GB,11-50,jgibson@nicholson.com
2004,2023-08-19,paid_search,US,1-10,jarviscourtney@larson-alvarez.biz
2005,2023-09-27,social,AU,51-200,david21@wolf-gamble.com
2006,2024-08-17,referral,IN,11-50,ramirezamy@anderson-davis.biz
2007,2024-01-05,partner,US,51-200,billkeller@smith.org
2008,2024-08-22,referral,GB,201-1000,justin33@montgomery.com
2009,2022-10-11,paid_search,NL,201-1000,mary20@silva.biz
2010,2024-02-24,organic,US,1-10,ambersmith@davis.org
2011,2022-06-01,referral,IN,51-200,lisa11@bruce.com
2012,2022-10-18,referral,DE,1-10,llynch@ramirez.com
2013,2024-10-31,referral,AU,1-10,ryan96@lewis-garcia.com
2014,2023-04-19,paid_search,IN,11-50,cmarquez@stevenson.org
2015,2024-03-01,organic,NL,1-10,wjohnson@harris-nunez.biz
2016,2024-01-01,organic,US,51-200,marc78@hughes.com
2017,2023-11-27,partner,GB,51-200,burkeholly@jackson-powell.com
2018,2024-10-20,paid_search,AU,11-50,michael43@roberts.info
2019,2022-04-30,organic,GB,11-50,parksanna@wolfe.biz
2020,2024-05-28,paid_search,GB,1-10,michael07@ramsey-blankenship.com
2021,2024-11-04,paid_search,US,1-10,oscott@richardson-osborn.info
2022,2024-03-25,organic,US,11-50,garynash@holmes.com
2023,2024-11-06,organic,SG,1-10,wdiaz@davis.com
2024,2022-09-23,organic,GB,1-10,wrightalicia@chavez-carter.biz
2025,2024-01-14,partner,US,201-1000,monica23@collins-meyer.com
2026,2023-09-29,organic,US,51-200,oliverashley@thompson.com
2027,2024-07-19,organic,CA,11-50,andreali@marquez.com
2028,2024-12-31,organic,US,11-50,maxwellangela@cummings-hernandez.com
2029,2023-09-14,organic,US,11-50,kristinnguyen@miranda.com
2030,2024-05-30,partner,US,1000+,longgary@moore-anderson.org
2031,2023-07-22,organic,IN,11-50,audrey47@gibson.com
2032,2024-03-05,paid_search,GB,1-10,fernandoobrien@jones.com
2033,2024-01-21,paid_search,IN,1-10,mitchellallison@byrd-foster.net
2034,2024-12-18,,IN,11-50,doneal@harding.biz
2035,2024-04-14,,AU,1-10,alexandra62@hodge.com
2036,2023-11-27,paid_search,IN,1-10,meagan19@reyes-evans.com
2037,2023-03-06,organic,NL,11-50,tony03@hampton-christensen.info
2038,2023-05-20,organic,DE,1000+,deborahturner@thomas.info
2039,2023-08-27,referral,AU,11-50,tommy77@khan-ford.biz
2040,2023-09-02,organic,CA,1-10,sanchezdustin@livingston.info
2041,2024-09-03,paid_search,US,1-10,beaton@george.net
2042,2024-03-18,,BR,1-10,ewilliams@gomez.com
2043,2024-03-17,,US,11-50,alexgarcia@dawson.com
2044,2023-03-11,referral,SG,51-200,andrew65@stevens.com
2045,2024-09-09,organic,SG,1-10,stephensonkatherine@gallagher-johnson.net
2046,2024-07-15,,US,201-1000,lutzeric@rivera-klein.com
2047,2022-11-05,referral,US,11-50,douglasherman@jensen.biz
2048,2024-06-29,organic,US,11-50,bobbyturner@lee.com
2049,2024-03-23,social,IN,11-50,jlloyd@payne-scott.com
2050,2023-01-26,partner,DE,11-50,ritterfrank@baker.com
2051,2024-01-29,social,DE,11-50,taylorzavala@snyder.com
2052,2024-02-12,,GB,11-50,melissa49@kelley.com
2053,2023-05-13,organic,IN,11-50,elizabethconley@meyer.com
2054,2024-11-01,organic,GB,1-10,lisahamilton@murphy-hicks.info
2055,2024-09-01,organic,US,1-10,lwilliams@solis-scott.com
2056,2024-06-30,social,US,51-200,meganrobinson@marshall.com
2057,2024-01-21,paid_search,FR,1-10,robert66@rivera.info
2058,2024-01-16,,US,11-50,hamptonsara@graham.com
2059,2024-05-23,social,US,1-10,bkennedy@pace-wilson.com
2060,2024-03-27,referral,US,1-10,fkoch@chapman-sullivan.com
2061,2022-10-17,paid_search,AU,11-50,john25@harper.biz
2062,2024-02-19,referral,AU,1-10,garciachristopher@smith.com
2063,2024-09-19,organic,US,1-10,victoriasmith@johnson.com
2064,2024-01-19,partner,BR,51-200,elizabeth10@orozco.com
2065,2022-09-09,organic,DE,1000+,davieschristopher@mendez.com
2066,2024-08-23,referral,DE,11-50,fholloway@adams.org
2067,2023-07-29,paid_search,NL,11-50,deckerjustin@ford.com
2068,2023-09-21,organic,NL,11-50,crawfordjeffrey@johnson-phelps.com
2069,2023-05-14,organic,DE,11-50,wpatrick@torres.biz
2070,2023-10-12,paid_search,US,51-200,lauraboone@nguyen.com
2071,2024-07-02,organic,GB,11-50,millerbriana@hernandez.com
2072,2024-03-01,paid_search,US,201-1000,jennifercampbell@watts-riley.info
2073,2023-07-26,organic,FR,1000+,portiz@bender.com
2074,2024-10-14,,NL,1-10,xdouglas@myers.com
2075,2024-10-11,paid_search,DE,1-10,johnsonmelissa@price-hess.info
2076,2024-10-16,paid_search,US,51-200,ubowers@anderson-murphy.biz
2077,2023-08-30,paid_search,US,1-10,susan92@booth.com
2078,2024-01-08,,IN,51-200,vdavis@williams.com
2079,2024-12-17,social,NL,51-200,mkrueger@white.com
2080,2024-08-20,paid_search,US,11-50,lauren55@garcia.com
2081,2022-05-04,organic,US,1-10,dylanbecker@manning.net
2082,2022-10-11,partner,FR,51-200,ryandodson@gibson.org
2083,2024-01-02,partner,GB,1-10,amber70@cook-russell.com
2084,2024-10-21,paid_search,US,1-10,agallegos@sloan-lynch.com
2085,2024-03-02,organic,GB,1-10,mary37@evans-pearson.com
2086,2024-02-25,paid_search,BR,51-200,elizabethriley@baker-schmidt.com
2087,2023-02-20,organic,GB,51-200,stephaniecole@smith-williams.com
2088,2024-05-29,referral,US,11-50,amanda86@shaw.com
2089,2024-09-22,social,GB,1-10,crawfordbetty@stanley.com
2090,2023-11-07,organic,US,51-200,vcastro@gardner.com
2091,2024-08-19,social,US,11-50,pmiller@potts.com
2092,2024-11-21,paid_search,GB,11-50,sarahsimon@sandoval.com
2093,2023-07-20,paid_search,US,51-200,bmartin@daniel.com
2094,2024-03-02,organic,AU,11-50,kyle88@jones.com
2095,2023-09-21,social,US,201-1000,camerontownsend@sanford-wilson.info
2096,2024-08-25,organic,GB,11-50,david87@martinez.com
2097,2024-04-10,paid_search,US,11-50,kristina52@drake-gardner.com
2098,2024-05-22,organic,US,51-200,bartlettchristine@gay.com
2099,2024-08-18,partner,GB,1-10,ethan83@ritter-todd.com
2100,2023-12-07,referral,US,1-10,petersonpaul@garcia-hunt.biz
2101,2024-10-07,referral,FR,1000+,garyoliver@ayala-adkins.com
2102,2024-03-20,referral,BR,11-50,marypeck@grant-ellis.com
2103,2023-05-11,referral,GB,1-10,james00@lopez-duncan.com
2104,2024-06-15,partner,NL,11-50,deborah60@atkins-miller.com
2105,2024-08-30,organic,US,1-10,watkinsthomas@ferrell.org
2106,2023-10-20,organic,CA,51-200,hartmandanielle@collins.com
2107,2024-09-27,paid_search,FR,1-10,trevinobrian@ortega-murillo.com
2108,2024-10-06,social,US,1-10,rkidd@atkinson-zavala.net
2109,2023-09-12,organic,US,1-10,charles44@johnson-zavala.com
2110,2024-12-07,referral,NL,1-10,jenniferkane@morrison.com
2111,2023-04-01,organic,US,1-10,katrina51@ray.com
2112,2023-07-09,social,US,11-50,brandoncollins@fischer.net
2113,2023-06-06,organic,US,1-10,rebecca41@goodwin-williams.biz
2114,2024-10-04,organic,DE,1-10,barrettjoseph@taylor.org
2115,2024-05-26,partner,US,1-10,rodriguezthomas@pacheco-sullivan.com
2116,2023-05-15,organic,IN,11-50,erik83@cook.org
2117,2024-01-31,paid_search,IN,11-50,mccoyandre@daniel.com
2118,2024-04-14,partner,US,1-10,veronicasmith@golden.com
2119,2023-01-30,organic,US,11-50,dkelley@clark-estrada.com
2120,2024-10-23,paid_search,AU,1000+,max69@bartlett-roberts.com
2121,2024-09-08,partner,IN,11-50,mannjonathan@jimenez.com
2122,2024-02-28,paid_search,IN,1-10,hayley92@carpenter.com
2123,2024-11-02,referral,US,1-10,whitneymcgee@jones.com
2124,2024-01-17,,BR,1-10,andrewsdenise@rodriguez.com
2125,2024-12-03,social,IN,11-50,sergiothomas@floyd.biz
2126,2024-06-06,paid_search,IN,11-50,rkeller@ramos-harris.com
2127,2024-05-17,paid_search,CA,1-10,paullopez@hodge.com
2128,2023-05-23,paid_search,FR,51-200,awilliams@ford-brown.com
2129,2024-10-16,paid_search,AU,11-50,nwarren@rodriguez-mitchell.com
2130,2024-01-26,referral,US,1-10,gregory07@brown.com
2131,2023-05-07,paid_search,US,1-10,rharris@stuart-nelson.info
2132,2022-02-14,partner,AU,201-1000,samuelanderson@brewer.com
2133,2024-03-12,organic,US,51-200,danielgriffith@scott.net
2134,2024-03-10,paid_search,GB,11-50,julie01@krueger.com
2135,2024-07-15,paid_search,US,11-50,katherinebarnett@foley.com
2136,2024-10-14,paid_search,IN,1-10,amadden@benjamin.net
2137,2022-12-13,organic,GB,1-10,abradley@lee-rodriguez.com
2138,2024-07-03,paid_search,US,51-200,zking@willis-fuller.org
2139,2023-06-17,paid_search,US,1-10,cody79@zamora.com
2140,2024-09-08,organic,US,1-10,michael38@snyder-jordan.net
2141,2024-09-07,paid_search,DE,1-10,norrisdakota@hall.com
2142,2024-03-24,social,DE,1-10,vgutierrez@garcia.info
2143,2024-06-23,referral,US,201-1000,jeffreylewis@davis-scott.org
2144,2023-10-23,social,NL,1-10,rmartinez@chapman.com
2145,2024-02-10,organic,US,1000+,cheryldavis@moody-herrera.com
2146,2024-09-13,social,IN,1-10,alvarezjoshua@sandoval.com
2147,2024-01-21,paid_search,IN,1-10,nmontoya@clay-garcia.net
2148,2023-11-13,organic,FR,1-10,sandyramirez@horton-michael.info
2149,2024-02-08,paid_search,IN,51-200,anthonydavis@armstrong.com
2150,2024-09-24,social,US,1-10,joanoconnor@wilcox.com
2151,2023-10-28,organic,IN,11-50,steven73@taylor.com
2152,2023-06-07,paid_search,BR,1-10,courtney46@watts.info
2153,2024-06-05,referral,US,201-1000,xsmith@patel.biz
2154,2024-09-01,paid_search,DE,1-10,millereric@hernandez.biz
2155,2023-02-08,paid_search,DE,11-50,hollymartin@meyer.org
2156,2023-08-25,referral,US,11-50,olivia29@guerrero.com
2157,2023-04-19,social,NL,1-10,qramirez@lewis.com
2158,2023-11-11,referral,IN,201-1000,richardbennett@marshall.com
2159,2024-01-19,partner,SG,1-10,hallisabella@castro.org
2160,2024-07-13,organic,GB,11-50,brianwhite@lindsey.com
2161,2024-05-11,referral,GB,201-1000,allenandrea@warren-davis.com
2162,2024-05-03,organic,DE,1-10,ana20@henry-massey.com
2163,2023-11-27,referral,CA,1-10,hollydavis@weber.biz
2164,2024-09-03,partner,GB,1-10,rojasmarc@maldonado.com
2165,2024-02-10,referral,US,1-10,cannonkimberly@vazquez.com
2166,2024-12-17,organic,US,201-1000,frederick91@watts.com
2167,2024-05-13,organic,US,11-50,ibowers@watson.org
2168,2023-03-16,social,GB,201-1000,ballvanessa@gray-wilson.net
2169,2024-06-07,organic,US,11-50,karen42@gardner.org
2170,2023-10-23,referral,US,11-50,hmitchell@hernandez.net
2171,2024-06-10,referral,CA,11-50,edwardstaylor@hamilton.com
2172,2022-11-09,organic,SG,11-50,nina65@peterson.net
2173,2023-06-27,paid_search,IN,11-50,richardhart@gutierrez.net
2174,2024-09-30,referral,CA,11-50,vickiwood@diaz.org
2175,2023-08-02,social,US,201-1000,jblair@williams.com
2176,2024-09-15,paid_search,IN,51-200,nguzman@stevens.org
2177,2023-09-13,referral,IN,1-10,davidbrown@hebert.com
2178,2024-05-08,organic,DE,11-50,zamorarose@smith.com
2179,2024-06-13,partner,US,11-50,pjimenez@lee.com
2180,2024-02-13,referral,US,201-1000,jadams@jones.com
2181,2023-10-06,organic,DE,1-10,aimeebrewer@cross.com
2182,2023-07-30,organic,FR,201-1000,iavila@bowen-kirk.biz
2183,2022-06-30,paid_search,SG,11-50,daltonyu@miller-marks.biz
2184,2023-10-12,organic,US,51-200,sonia62@shah-brooks.com
2185,2024-05-11,paid_search,US,1-10,lopezkristina@lowe.com
2186,2024-11-02,paid_search,US,11-50,susanpruitt@barnett.biz
2187,2024-10-24,paid_search,US,1-10,robert44@johnston.com
2188,2024-08-07,paid_search,US,1-10,jessicarichardson@terry.com
2189,2024-08-30,organic,DE,11-50,jessica27@decker.com
2190,2024-05-15,organic,CA,1-10,gloria04@harris.com
2191,2023-09-15,organic,IN,51-200,james84@edwards.com
2192,2024-10-06,social,AU,1-10,lindadavis@greene.com
2193,2024-06-04,paid_search,GB,1-10,obrienjames@davis.com
2194,2024-03-25,organic,US,11-50,oschneider@khan.com
2195,2023-03-06,organic,US,11-50,hullcheryl@crawford.com
2196,2024-01-07,paid_search,US,11-50,ayu@cortez.com
2197,2024-01-17,referral,FR,201-1000,loriosborn@willis.biz
2198,2024-10-13,referral,GB,11-50,dunnmary@glass.info
2199,2024-03-02,social,IN,201-1000,sbaker@wilson.com
2200,2023-11-12,partner,US,1-10,peterlynch@anderson-brown.com
2201,2024-12-01,,US,1-10,stokesmonica@ingram.com
2202,2023-03-22,organic,NL,1-10,randywoods@willis.com
2203,2024-01-27,social,US,1-10,lisamoore@obrien.com
2204,2022-07-14,paid_search,IN,1-10,allenjoshua@barnes-davis.com
2205,2024-07-21,organic,US,11-50,david86@williams.com
2206,2024-10-31,paid_search,US,1-10,travisfoster@burch-manning.net
2207,2023-09-11,organic,GB,1-10,wilsondavid@mcmillan.com
2208,2024-09-13,organic,US,11-50,michaelsanders@davis.com
2209,2023-09-09,referral,GB,1-10,vjones@garcia.com
2210,2024-10-07,paid_search,IN,11-50,priscilla50@hicks-white.org
2211,2024-07-04,social,IN,201-1000,washingtonmelanie@hines-schneider.com
2212,2024-09-19,organic,NL,11-50,traceyguerra@brady-williams.com
2213,2022-03-21,referral,DE,1000+,peggy08@deleon-cooper.com
2214,2024-11-23,organic,US,51-200,jroy@english.com
2215,2024-07-23,paid_search,BR,11-50,christina10@estrada.com
2216,2023-10-11,organic,NL,11-50,romerovictoria@zimmerman.com
2217,2024-09-17,referral,US,11-50,espinozashawn@aguilar-martin.org
2218,2023-09-01,organic,DE,201-1000,kwang@kane-douglas.net
2219,2024-10-10,organic,GB,1-10,hdavis@thomas-bowers.org
2220,2023-03-03,organic,GB,1-10,kwalsh@thomas.com
2221,2024-06-05,paid_search,DE,1-10,andrew84@montgomery.com
2222,2024-03-24,referral,NL,51-200,danielcombs@phillips.biz
2223,2023-02-11,organic,US,51-200,delliott@dean-johnson.net
2224,2023-08-02,paid_search,SG,11-50,omoore@bryant.com
2225,2022-02-10,social,US,51-200,nthompson@hoffman-vang.com
2226,2024-02-11,organic,CA,201-1000,markbates@santos-roach.net
2227,2023-10-22,,IN,11-50,dianehoffman@huff.com
2228,2024-04-08,referral,GB,1-10,susan12@knight.com
2229,2023-10-15,referral,US,11-50,wgarza@rhodes.net
2230,2023-10-31,organic,DE,1-10,wberry@mccoy-mclean.com
2231,2024-07-07,organic,US,11-50,hoffmanlindsey@powers.com
2232,2022-08-26,partner,US,1-10,lindsayedwards@hooper-christensen.com
2233,2024-10-24,paid_search,US,1-10,kimberlyross@allen.net
2234,2024-09-14,organic,US,1-10,connie00@mendoza.com
2235,2024-06-15,,US,201-1000,contreraswillie@myers.com
2236,2024-04-16,organic,SG,1-10,basskathryn@harris.org
2237,2024-10-06,paid_search,GB,11-50,madison00@brooks.org
2238,2023-06-14,social,IN,51-200,christopher91@morris.net
2239,2022-12-01,social,GB,1-10,monicaavery@jenkins.com
2240,2023-08-30,partner,AU,1-10,joseph77@george-myers.com
2241,2024-08-24,organic,GB,1-10,umcclure@hines-jenkins.com
2242,2022-06-10,paid_search,AU,1-10,melvinpeters@reese.info
2243,2024-04-05,social,US,201-1000,kleblanc@lyons.com
2244,2024-12-01,organic,CA,51-200,sandersalexandria@baker.info
2245,2024-09-16,paid_search,GB,1-10,christopheranderson@howard-arias.com
2246,2024-03-24,paid_search,CA,11-50,ruth61@stephens-miller.com
2247,2022-10-19,organic,BR,1000+,melissanolan@gregory.org
2248,2024-09-04,paid_search,AU,1-10,aaronrodriguez@young-palmer.com
2249,2024-04-14,,IN,51-200,taylorpayne@bennett-lee.info
2250,2023-03-12,paid_search,CA,11-50,vanceamy@baker-williams.com
2251,2023-01-23,organic,GB,11-50,brandon64@williams.com
2252,2024-10-08,organic,US,51-200,youngjamie@collier-ross.net
2253,2024-06-21,social,US,11-50,penningtonrebecca@gibbs.com
2254,2024-09-05,organic,GB,11-50,smithevan@humphrey.net
2255,2024-10-09,organic,AU,11-50,curtislee@arias.com
2256,2024-04-06,organic,IN,11-50,rmueller@kim.com
2257,2024-03-30,paid_search,FR,1000+,nancycharles@stephens.biz
2258,2024-01-03,paid_search,US,11-50,morganashley@moyer-johnson.org
2259,2023-10-27,paid_search,FR,11-50,hpowell@mendoza-brown.info
2260,2024-01-18,referral,GB,1-10,rachelholmes@dalton.com
2261,2024-08-14,social,NL,201-1000,bennettdouglas@pittman.com
2262,2024-04-04,referral,IN,1-10,christopherlong@diaz.info
2263,2024-10-05,organic,US,51-200,mcdanielrichard@oconnor.com
2264,2024-01-23,paid_search,SG,51-200,holdendominic@sanders.com
2265,2024-04-01,organic,IN,11-50,joe99@roberts.com
2266,2024-05-14,referral,FR,1-10,patriciajohnson@yates-bean.com
2267,2024-04-12,organic,US,11-50,mproctor@holt.com
2268,2024-06-17,partner,GB,51-200,nicole59@spencer.com
2269,2023-08-06,organic,FR,51-200,ggarrett@rivers-potter.com
2270,2024-02-07,organic,BR,11-50,ldavis@woodard.info
2271,2023-02-21,partner,US,11-50,iwoods@lopez.biz
2272,2023-12-03,organic,GB,1-10,stuartbryan@alvarado.info
2273,2024-02-11,organic,US,11-50,nweaver@herman.com
2274,2024-05-25,organic,US,51-200,lukeray@gamble-johnson.net
2275,2024-11-01,referral,IN,1-10,erin06@lopez.com
2276,2024-04-07,paid_search,US,11-50,nicole56@luna-rivera.info
2277,2024-07-31,social,NL,11-50,johnsondavid@yoder-thompson.com
2278,2024-02-11,referral,US,11-50,joseph28@murray-long.com
2279,2024-05-11,,IN,201-1000,margaret94@little.com
2280,2022-11-22,paid_search,DE,1000+,kristine33@horne.com
2281,2023-09-28,paid_search,US,11-50,fmartin@becker.com
2282,2023-11-23,paid_search,IN,201-1000,vthompson@jackson-johnston.biz
2283,2024-02-01,referral,BR,1-10,mirandawalker@franklin.net
2284,2022-08-23,social,US,11-50,castropeter@johnson-brewer.net
2285,2023-04-22,referral,CA,11-50,stephanie85@bishop.com
2286,2023-09-07,organic,DE,201-1000,jeffrey34@hanson.org
2287,2024-12-11,organic,GB,1-10,housedaniel@george-martin.com
2288,2023-10-26,social,DE,1-10,brandi40@roberson.biz
2289,2024-02-16,paid_search,DE,1-10,christopher47@murphy.com
2290,2023-07-14,partner,NL,11-50,robinsonglenn@mercado.net
2291,2024-04-22,partner,BR,51-200,allenronald@williams-moyer.com
2292,2023-09-10,referral,FR,201-1000,heidischneider@campbell.com
2293,2023-07-29,referral,BR,11-50,gregory69@gould.info
2294,2024-02-05,paid_search,US,51-200,jacobsmary@smith-ward.com
2295,2022-01-18,,GB,201-1000,richard25@lamb.com
2296,2022-02-04,paid_search,CA,1-10,michelle98@sparks-cole.info
2297,2023-07-06,social,DE,1-10,kenneth22@mccarthy-dixon.com
2298,2022-06-14,,US,201-1000,jessica65@cobb-skinner.com
2299,2023-02-11,partner,IN,1-10,waynetorres@lozano.biz
2300,2023-10-09,referral,NL,11-50,anthony00@moore.com
2301,2024-09-22,organic,CA,51-200,brendajohns@mullen.com
2302,2024-04-03,social,US,1-10,miranda13@nguyen.com
2303,2024-02-19,social,AU,11-50,cynthiasimmons@white.net
2304,2023-09-13,partner,FR,51-200,ncruz@henry.com
2305,2024-11-21,referral,AU,201-1000,ocole@ball-carter.biz
2306,2023-12-26,organic,US,1-10,julieanderson@mercer.com
2307,2023-01-04,organic,FR,201-1000,stephaniejones@trujillo.net
2308,2024-04-24,partner,AU,1-10,mclaughlinjames@martinez.com
2309,2023-03-11,,AU,1-10,simsclaire@bennett.com
2310,2023-11-02,referral,US,1-10,robertburns@robbins.com
2311,2024-02-14,paid_search,GB,11-50,patelkatie@stone-miller.info
2312,2024-10-26,organic,DE,11-50,kristinyoder@marshall-green.com
2313,2024-02-04,paid_search,CA,11-50,timothy62@mcmahon.net
2314,2024-06-05,social,US,1-10,qreyes@allen.com
2315,2024-12-22,paid_search,AU,1-10,phorne@thompson-bryant.com
2316,2023-04-22,social,IN,1-10,scottlove@frost.org
2317,2023-09-11,paid_search,SG,1-10,suehowe@white-moore.org
2318,2023-12-28,social,CA,51-200,joycekeith@oconnor.org
2319,2024-01-16,organic,SG,1-10,bowmanjoel@thomas.com
2320,2024-01-26,paid_search,IN,1-10,kristinafoley@harris.biz
2321,2024-10-24,partner,US,51-200,burnsdeanna@manning.biz
2322,2024-06-30,partner,US,11-50,john09@green-king.info
2323,2024-04-13,organic,IN,201-1000,whitesean@gonzales.com
2324,2023-10-06,,CA,1-10,brianwright@mcdonald.com
2325,2024-09-22,paid_search,US,1-10,tracywoodard@taylor-bean.net
2326,2024-11-03,paid_search,US,11-50,davidjohnson@mullins.biz
2327,2024-09-07,social,CA,1-10,kelleyglen@baker.info
2328,2022-01-11,social,AU,51-200,gstone@gonzales.com
2329,2024-05-28,partner,US,11-50,jack86@lindsey.com
2330,2022-09-19,organic,FR,1-10,ramirezkevin@brewer-briggs.org
2331,2023-09-05,organic,IN,1-10,daniel15@finley.org
2332,2022-10-21,organic,FR,11-50,johnsonedward@jackson.com
2333,2024-04-22,social,BR,1-10,davisjames@valdez-moss.com
2334,2024-06-14,referral,US,1-10,salazarjames@ray.com
2335,2023-03-12,,US,1-10,gloriaporter@ponce.com
2336,2023-12-17,referral,AU,1000+,darrellmoore@bradshaw.com
2337,2024-01-21,social,US,1-10,wilsonkelsey@davis.com
2338,2023-11-13,paid_search,DE,1000+,bobbywilliamson@griffin.com
2339,2023-03-21,social,IN,1000+,mrandolph@francis.com
2340,2024-01-22,referral,IN,201-1000,njames@smith.com
2341,2024-07-21,paid_search,DE,11-50,hernandezkristen@garcia.com
2342,2022-11-01,organic,US,11-50,igarrett@heath-ray.com
2343,2022-12-22,partner,US,11-50,edwardmitchell@smith.com
2344,2023-11-19,paid_search,FR,1-10,virginia56@cochran.com
2345,2024-11-19,organic,CA,11-50,jennifercarroll@anderson-neal.info
2346,2024-06-14,organic,US,1-10,frankjeremy@wilson-hill.biz
2347,2024-06-23,partner,IN,1-10,andrea85@parker-bradshaw.com
2348,2023-11-27,social,GB,51-200,greencharles@osborne.com
2349,2024-04-26,social,CA,11-50,nmartinez@mendoza.info
2350,2022-02-19,paid_search,IN,11-50,bruce99@ramos.com
2351,2024-05-25,social,SG,201-1000,lsimmons@gutierrez.com
2352,2024-10-06,partner,FR,1-10,amanda15@green-shields.com
2353,2024-04-15,social,US,1-10,jacquelinedelacruz@wright.com
2354,2024-10-07,referral,US,1-10,rebecca67@rocha.com
2355,2024-07-25,organic,SG,11-50,woodbrittany@watson-coleman.com
2356,2023-03-12,,US,1000+,johnskinner@copeland.info
2357,2024-10-22,organic,US,201-1000,csmith@brown.com
2358,2022-10-17,partner,US,11-50,clarklinda@sparks.biz
2359,2024-03-05,referral,FR,11-50,kathryn17@coleman.net
2360,2023-04-12,referral,CA,11-50,blacklisa@diaz.com
2361,2022-02-22,social,US,1-10,janet71@romero.info
2362,2024-01-10,partner,US,1-10,wrightsteven@cook.com
2363,2023-10-18,organic,GB,1-10,tara47@gonzalez-morales.com
2364,2024-02-20,paid_search,CA,1-10,angelcunningham@bailey.com
2365,2024-04-21,partner,GB,1-10,bsimmons@king.com
2366,2022-08-09,referral,NL,1-10,james39@moore-patrick.info
2367,2023-03-07,organic,FR,1000+,mary66@miller.com
2368,2024-03-23,referral,FR,11-50,mariahlyons@smith-brown.com
2369,2023-11-21,social,AU,11-50,gperry@hanna-sims.com
2370,2024-07-05,paid_search,IN,1-10,popebrent@tucker.com
2371,2024-05-31,referral,US,1-10,curryjose@stephens.com
2372,2024-09-04,referral,GB,1-10,audrey53@bright.com
2373,2024-06-03,paid_search,US,1-10,cheryl80@evans.biz
2374,2024-01-28,social,US,1-10,pfowler@gonzalez.info
2375,2024-06-08,paid_search,US,201-1000,cervantespatrick@brady.com
2376,2023-09-06,paid_search,BR,11-50,javiermitchell@washington.com
2377,2023-10-26,paid_search,CA,51-200,jesusthompson@kim-clark.net
2378,2024-08-28,organic,US,1-10,brandi19@roman-jones.com
2379,2024-01-02,organic,NL,1-10,nicolecharles@taylor.info
2380,2024-08-12,social,DE,51-200,danieljenkins@guerrero.com
2381,2024-09-18,referral,IN,11-50,cody81@wood.org
2382,2024-09-05,organic,DE,51-200,hlester@daugherty.net
2383,2024-10-22,organic,GB,51-200,sarah80@waller.com
2384,2024-01-02,partner,DE,1-10,amanda21@arroyo-stephenson.net
2385,2023-10-25,organic,AU,51-200,ashleyalexander@brooks.com
2386,2024-04-06,paid_search,GB,11-50,greenbrandon@flores-estrada.com
2387,2023-11-10,organic,GB,201-1000,omarmiller@powell.com
2388,2024-04-29,partner,US,11-50,lcraig@moody-greene.biz
2389,2024-06-03,partner,GB,1-10,stevengoodwin@harding.com
2390,2024-06-03,referral,US,1-10,bradley53@wilson.org
2391,2023-11-03,organic,US,51-200,brodriguez@snyder.com
2392,2023-05-18,partner,IN,1-10,tonycraig@tran.com
2393,2024-01-31,paid_search,CA,51-200,maxwellsteve@santiago.com
2394,2023-04-16,paid_search,DE,11-50,smiles@bennett.org
2395,2024-10-18,referral,GB,11-50,cjohnson@edwards.net
2396,2023-11-30,social,US,11-50,curtis22@carpenter-sanchez.biz
2397,2023-05-18,social,US,51-200,amy20@ponce.com
2398,2022-05-31,partner,SG,201-1000,gpatel@mendez.com
2399,2024-05-22,referral,AU,1000+,randall28@guzman-jones.com
2400,2024-05-22,partner,IN,201-1000,davischarles@willis.com
2401,2023-11-06,organic,IN,11-50,donna92@espinoza.com
2402,2022-11-02,paid_search,GB,1-10,thomasrussell@peterson.com
2403,2024-01-04,paid_search,DE,51-200,manuel81@cook-greer.com
2404,2023-10-28,social,US,1-10,michaelblanchard@simpson-baker.org
2405,2024-06-10,organic,US,11-50,pattersondebra@terry.com
2406,2024-04-13,organic,US,201-1000,emorales@campos-washington.com
2407,2023-11-21,paid_search,BR,201-1000,isabelwheeler@mullins.com
2408,2023-07-29,referral,CA,1-10,jmurray@davis.info
2409,2024-12-20,paid_search,US,1-10,robert13@dean-ellison.biz
2410,2024-01-12,partner,US,1-10,amy98@ballard.biz
2411,2024-06-04,paid_search,US,11-50,gcollins@bradley-barker.com
2412,2023-04-29,organic,US,11-50,matthew45@williams.org
2413,2024-02-05,social,US,11-50,brianmcdaniel@vang-sanchez.biz
2414,2022-05-12,organic,GB,1-10,bellchad@henderson.com
2415,2024-02-26,organic,SG,11-50,marissamedina@aguirre.biz
2416,2024-11-15,organic,GB,11-50,craigriley@watson-brown.info
2417,2023-12-12,partner,FR,1-10,williamsbrooke@armstrong.org
2418,2022-07-10,organic,GB,51-200,harold46@fleming-hill.net
2419,2022-05-29,organic,DE,201-1000,areynolds@murphy.com
2420,2023-12-31,referral,US,11-50,alexisgibbs@edwards-grimes.info
2421,2023-05-18,paid_search,DE,1-10,bmorgan@hayes.com
2422,2022-04-25,social,BR,11-50,kimberlytrujillo@coleman.com
2423,2024-07-30,social,IN,1-10,lauren62@lopez.com
2424,2024-01-31,organic,US,1-10,sandersmatthew@reed.biz
2425,2023-09-17,organic,DE,1-10,melissawilson@phillips.biz
2426,2024-10-27,paid_search,SG,51-200,ebenson@morales-gallagher.org
2427,2023-03-14,paid_search,US,1-10,pricedale@campbell.com
2428,2024-11-14,organic,US,11-50,renee84@robles.com
2429,2023-10-08,organic,US,1-10,rodriguezbrianna@olson-simpson.net
2430,2024-10-23,organic,IN,1-10,jamesmiller@larson.com
2431,2024-04-23,social,US,51-200,sean64@little.com
2432,2024-09-20,organic,SG,11-50,jessicacalhoun@harris.com
2433,2024-12-21,organic,US,11-50,bpeterson@horton-blair.net
2434,2023-09-09,,NL,11-50,murraymichael@jackson.com
2435,2024-11-20,organic,BR,1-10,david83@nguyen.com
2436,2023-12-17,paid_search,DE,1-10,johnsonshirley@torres-richardson.info
2437,2023-12-11,paid_search,US,11-50,jodi31@taylor.com
2438,2023-11-02,paid_search,US,1-10,imitchell@cannon.org
2439,2024-03-12,social,US,201-1000,hayesrachel@duran-sanchez.com
2440,2023-05-06,organic,US,51-200,tracyjohnson@ryan.info
2441,2024-03-07,organic,US,11-50,jennifer80@lawson.com
2442,2024-03-14,organic,NL,1-10,scottjennifer@johnson.com
2443,2024-08-10,organic,DE,11-50,jennifer82@hanson-perez.com
2444,2024-09-25,partner,US,51-200,alexander18@espinoza.info
2445,2024-01-12,social,AU,11-50,gwagner@kirby.com
2446,2023-10-08,referral,US,1-10,jonathan54@simmons-petersen.com
2447,2023-09-29,organic,DE,11-50,haley79@robinson.com
2448,2023-07-02,referral,NL,11-50,john91@herrera.net
2449,2022-09-07,organic,GB,1-10,morgan69@riley.com
2450,2023-11-18,referral,US,11-50,torrestricia@riley-anderson.info
2451,2023-09-25,organic,FR,1-10,hillshannon@king.com
2452,2024-11-07,paid_search,FR,201-1000,hensleyvalerie@adkins.com
2453,2024-03-25,partner,BR,1000+,rebeccadecker@perez.com
2454,2023-11-29,paid_search,DE,1-10,hernandezdaniel@keller.com
2455,2024-04-14,organic,GB,201-1000,tonyaholmes@glass.com
2456,2023-04-17,social,US,1-10,dustinwilliams@smith.com
2457,2024-01-31,organic,US,11-50,smithheather@murray-gray.com
2458,2024-05-26,,US,51-200,romerocrystal@parrish.biz
2459,2024-02-16,referral,BR,1000+,smithchristopher@lopez-reyes.com
2460,2023-12-06,paid_search,CA,11-50,bryan38@mcfarland-santos.com
2461,2024-12-13,paid_search,US,1-10,hartmanjoshua@may.org
2462,2024-10-06,referral,AU,1-10,marilyn10@gonzalez.info
2463,2024-05-30,social,GB,51-200,amoon@roth-ramirez.com
2464,2024-04-17,organic,BR,1-10,ekim@smith-barker.biz
2465,2024-05-09,referral,US,1-10,qcompton@henderson-davis.com
2466,2023-07-08,organic,DE,201-1000,thendricks@fletcher.com
2467,2023-12-09,partner,US,51-200,aaron78@garcia-mendez.org
2468,2022-07-21,,SG,1-10,kelsey70@gilbert.com
2469,2024-02-04,organic,US,11-50,mbarnes@spencer-gray.org
2470,2024-03-12,paid_search,NL,201-1000,mmoore@glover-rice.net
2471,2023-08-09,social,GB,11-50,hgrant@knight.info
2472,2024-11-11,,DE,1-10,diaznathan@patterson.org
2473,2024-10-12,organic,SG,1-10,bmosley@wheeler.com
2474,2024-07-01,paid_search,SG,51-200,wibarra@gibson-richmond.net
2475,2024-03-25,referral,FR,11-50,omarturner@tran.org
2476,2024-10-31,referral,BR,11-50,sarah17@rogers-edwards.com
2477,2023-04-18,organic,GB,1-10,stucker@davis.biz
2478,2024-08-07,referral,IN,51-200,kristendavis@robles.com
2479,2023-03-05,paid_search,FR,11-50,bcase@thompson-thomas.info
2480,2024-08-05,partner,US,1-10,william17@shepherd.com
2481,2023-09-06,social,US,11-50,sabrina18@becker-watson.com
2482,2024-10-31,social,DE,1-10,ryan82@kirk.com
2483,2024-11-06,partner,IN,11-50,tyler09@hurley.com
2484,2023-05-07,organic,US,1-10,trobinson@ortiz-sampson.info
2485,2024-01-30,referral,GB,51-200,jasontaylor@braun-gordon.net
2486,2024-12-05,social,IN,11-50,paige40@davis.net
2487,2024-02-13,paid_search,US,1-10,eugenegreen@allen-taylor.biz
2488,2024-10-27,referral,US,1-10,pricesarah@smith-jones.com
2489,2024-04-03,organic,NL,11-50,davisautumn@bishop.com
2490,2023-11-26,,NL,1-10,edwardsronald@beard.info
2491,2023-09-24,social,BR,1-10,hooverderek@johnson.biz
2492,2023-07-05,paid_search,AU,11-50,erin07@escobar-greer.com
2493,2024-08-06,paid_search,CA,1-10,anna54@cochran.org
2494,2023-12-18,referral,DE,1-10,jgutierrez@lewis.org
2495,2024-02-27,organic,CA,1-10,joshua71@huff-davis.org
2496,2024-02-29,social,US,201-1000,tiffanyharris@shepherd-miller.com
2497,2024-04-01,organic,GB,1-10,scottbrandon@hampton-beck.biz
2498,2024-10-10,organic,BR,1-10,gabriellejones@lewis-keith.com
2499,2024-12-29,social,BR,11-50,wscott@rogers.biz
2500,2023-12-04,organic,NL,1-10,sullivanjoshua@graham.org
2501,2024-09-03,referral,US,201-1000,veronicadavies@galvan-gordon.net
2502,2024-08-30,organic,US,1-10,tammy53@morse-salinas.com
2503,2024-04-14,paid_search,AU,11-50,iherman@rivera.info
2504,2024-11-05,partner,DE,11-50,tmcintosh@long.org
2505,2023-07-10,paid_search,US,201-1000,michael56@harris.com
2506,2023-02-22,paid_search,US,201-1000,fernandezmathew@rodriguez-snyder.com
2507,2024-09-26,organic,US,201-1000,wadecarol@garcia.com
2508,2024-01-05,social,US,1-10,ymaxwell@burke.com
2509,2024-09-15,social,IN,11-50,markphillips@fleming-brown.com
2510,2024-10-03,organic,GB,51-200,cynthiasullivan@watson.com
2511,2022-10-05,organic,SG,1-10,flemingwhitney@estrada.info
2512,2024-10-13,paid_search,CA,11-50,kristen95@smith.com
2513,2024-01-14,referral,DE,1-10,floresmatthew@arias.org
2514,2024-02-21,partner,GB,11-50,scott95@kim.info
2515,2024-05-18,paid_search,CA,51-200,hubbardjanet@ford.com
2516,2024-11-13,organic,FR,11-50,jeanette95@johnson.com
2517,2022-03-25,referral,FR,51-200,smithphilip@howell.com
2518,2024-02-08,paid_search,US,201-1000,hannahriley@ramirez.com
2519,2024-06-12,referral,NL,201-1000,rosshunter@compton.com
2520,2024-07-02,partner,GB,51-200,mosesveronica@gilmore-jensen.com
2521,2024-06-25,social,US,1-10,michael35@bradley.com
2522,2023-04-28,referral,NL,11-50,browntamara@shepard.org
2523,2023-10-07,social,US,1-10,jhahn@jones.info
2524,2023-11-23,social,GB,1-10,xbaker@woodard.com
2525,2024-09-14,paid_search,FR,11-50,eileenhudson@parker-hale.com
2526,2023-09-03,paid_search,AU,1-10,andrewlong@bennett-charles.com
2527,2023-07-05,paid_search,US,1-10,mark32@bailey.biz
2528,2024-11-19,social,GB,51-200,jonathan62@rodriguez-medina.com
2529,2022-02-16,social,FR,11-50,burtondoris@park.com
2530,2024-12-10,paid_search,FR,11-50,melissa10@cobb.biz
2531,2024-06-21,referral,US,1-10,kellyadam@peters.com
2532,2024-09-29,referral,AU,1-10,oliviawilson@long-robinson.com
2533,2023-09-06,organic,IN,11-50,campbellerika@cook-walter.org
2534,2022-03-29,paid_search,FR,1-10,kmorris@miller.org
2535,2024-07-19,paid_search,FR,11-50,zcollins@hall.biz
2536,2024-09-06,organic,US,1-10,lauradyer@ellis.net
2537,2024-07-31,organic,US,11-50,chrismurray@wu-neal.com
2538,2023-04-08,paid_search,IN,1000+,solomondanny@wilkinson-perez.net
2539,2024-07-20,social,IN,11-50,whiteryan@garcia.com
2540,2024-08-11,referral,GB,1-10,gomezrenee@boyd.com
2541,2024-05-02,social,DE,1-10,ariana61@gordon.net
2542,2024-08-04,organic,GB,51-200,martin81@chapman.info
2543,2024-09-11,organic,US,11-50,janedavis@black.com
2544,2024-04-03,organic,US,201-1000,timothycannon@munoz.biz
2545,2023-01-07,referral,DE,1-10,williamperkins@lara.com
2546,2024-02-09,organic,AU,1-10,michelle18@jackson.com
2547,2022-12-26,paid_search,US,1-10,brownandrea@phillips.com
2548,2023-12-10,organic,GB,1-10,elainemoore@davis-ramirez.com
2549,2023-12-13,paid_search,US,1-10,jessicamiddleton@adkins.com
2550,2022-10-12,,FR,1-10,jacquelinenunez@burton.com
2551,2023-11-14,partner,CA,11-50,hilljennifer@robinson.com
2552,2023-03-25,organic,AU,1-10,ijimenez@liu.com
2553,2024-09-19,partner,US,1-10,wesleybutler@russell.com
2554,2024-11-22,paid_search,BR,1-10,flemingmallory@espinoza-larson.info
2555,2022-11-23,organic,US,11-50,zstevens@davis.com
2556,2024-11-05,social,US,1000+,pearsonvicki@perry.com
2557,2024-03-17,,AU,11-50,mevans@valencia.org
2558,2023-10-25,paid_search,IN,1-10,davidglover@wright-sanford.net
2559,2022-12-12,referral,NL,1-10,carl66@hernandez.com
2560,2024-02-23,social,GB,1-10,barnesalexis@richardson.com
2561,2024-08-20,referral,NL,11-50,zskinner@finley-wiley.com
2562,2024-06-16,organic,US,51-200,zhall@miller.biz
2563,2022-09-10,paid_search,SG,51-200,michael49@maxwell-logan.com
2564,2022-11-03,paid_search,GB,1-10,alexanderryan@cohen.com
2565,2023-12-10,organic,US,1-10,ashleycooper@holland-bennett.info
2566,2023-10-03,organic,FR,11-50,davidjackson@hamilton.com
2567,2023-08-16,,IN,11-50,tanya43@wade-gillespie.com
2568,2023-09-30,organic,US,11-50,joseph21@robertson.com
2569,2024-09-02,paid_search,US,11-50,mavery@williamson.com
2570,2024-11-20,partner,US,1-10,jennifersolomon@miller.com
2571,2023-12-28,referral,US,1-10,jamesmorgan@clay.com
2572,2024-10-14,paid_search,US,201-1000,ldickson@estrada-diaz.com
2573,2023-10-22,organic,SG,1-10,johnavery@lamb.com
2574,2024-02-26,organic,IN,1-10,mccarthymichael@rice.com
2575,2023-08-28,organic,GB,11-50,michelle69@adams.org
2576,2024-05-28,organic,GB,11-50,jennifer53@rasmussen-kim.org
2577,2024-12-03,paid_search,GB,11-50,rritter@hughes-chandler.net
2578,2024-04-27,paid_search,US,51-200,erivers@clark-ramirez.com
2579,2023-11-30,,GB,11-50,matthewwood@wolfe.org
2580,2024-05-13,paid_search,US,1000+,william52@carlson-morris.com
2581,2023-03-16,organic,FR,1-10,csanders@rodriguez.com
2582,2024-10-15,organic,US,11-50,rberg@allen.org
2583,2024-02-21,organic,AU,1000+,bakerpaul@williams-contreras.com
2584,2024-01-25,paid_search,NL,1-10,johnmerritt@velasquez-turner.com
2585,2024-04-14,,US,1-10,jason07@gutierrez.com
2586,2024-05-01,,DE,1-10,johnsondebbie@martinez.com
2587,2022-11-21,organic,US,1-10,sarahmiller@dunn.com
2588,2024-06-03,organic,FR,201-1000,eric54@kemp.info
2589,2023-08-17,organic,BR,1-10,joseph70@crawford.com
2590,2024-06-02,organic,BR,1-10,holtrobert@hutchinson-hoover.com
2591,2024-09-25,organic,US,201-1000,iford@jordan.com
2592,2024-09-16,paid_search,DE,1-10,rsmith@brewer.com
2593,2024-03-23,paid_search,NL,11-50,lisarandolph@johnson.com
2594,2024-03-27,organic,IN,11-50,johnsonsamantha@gates-thompson.com
2595,2023-04-03,social,AU,1-10,parkerluis@bradford.org
2596,2024-08-22,,NL,51-200,jeremy91@hines.com
2597,2023-09-24,social,US,201-1000,cholder@martinez.org
2598,2024-02-05,paid_search,US,51-200,michael28@thompson-le.org
2599,2023-09-22,paid_search,CA,1-10,barbarawelch@bowers-cooper.com
2600,2023-04-15,partner,BR,11-50,margaret33@jackson.info
2601,2024-05-21,,US,1-10,hollylee@morrison.info
2602,2022-09-07,paid_search,CA,1-10,kimberlyperez@henderson.net
2603,2024-07-13,organic,US,1-10,teresa76@solomon.info
2604,2023-10-22,referral,US,51-200,dixonpaul@french-martinez.net
2605,2022-01-01,paid_search,US,51-200,mariagonzalez@garcia.com
2606,2024-02-04,referral,DE,11-50,randygomez@walker.com
2607,2022-08-14,paid_search,IN,11-50,stuarttrevor@graham.com
2608,2023-09-25,paid_search,NL,11-50,umendoza@molina-anderson.com
2609,2024-06-12,organic,AU,11-50,tinahaas@farley.net
2610,2022-10-13,organic,DE,11-50,walterskaren@king-moore.net
2611,2024-09-21,organic,DE,201-1000,jenniferortega@welch.com
2612,2022-01-28,organic,US,51-200,lbrown@haney.com
2613,2023-08-03,referral,DE,11-50,oallen@mendoza.com
2614,2024-07-16,social,DE,11-50,nelsongabriela@hill-carey.com
2615,2023-10-21,paid_search,AU,1-10,ocaldwell@dodson.com
2616,2023-02-10,partner,US,51-200,alexanderkeller@hampton.biz
2617,2023-11-18,paid_search,US,11-50,hicksjustin@perez-clayton.info
2618,2023-09-04,paid_search,IN,11-50,paul54@williams-flores.org
2619,2024-09-30,social,FR,51-200,lloydsharon@jones.com
2620,2023-10-01,partner,IN,11-50,joneskatie@peterson.com
2621,2024-08-09,partner,US,51-200,nvargas@morris.com
2622,2024-10-26,partner,DE,1-10,woodsaaron@smith.biz
2623,2024-01-30,paid_search,US,1-10,elizabethjones@crawford.com
2624,2024-10-12,social,CA,51-200,charles39@walton.org
2625,2023-11-11,paid_search,NL,1000+,kford@gibson.info
2626,2024-11-08,referral,GB,11-50,charlessimmons@hall-yates.com
2627,2023-01-13,social,IN,11-50,samuelprice@stevens.org
2628,2024-06-05,partner,GB,51-200,awong@young-walsh.com
2629,2024-02-13,partner,CA,11-50,james91@carrillo.net
2630,2023-12-04,social,US,1-10,hunter12@moore.com
2631,2024-05-19,social,IN,11-50,megan57@nelson-campbell.info
2632,2024-06-09,social,US,1-10,timothy00@fisher.info
2633,2022-01-03,organic,GB,11-50,itorres@farmer.info
2634,2023-05-19,organic,DE,11-50,fmclean@velasquez-cruz.com
2635,2024-06-03,referral,US,51-200,cvazquez@hodge-johnson.biz
2636,2024-05-15,referral,IN,1-10,michaelhale@gonzalez-chapman.biz
2637,2024-11-21,partner,US,11-50,annette92@alexander-rodriguez.org
2638,2024-08-08,social,IN,1-10,derrick63@harris-neal.org
2639,2024-11-09,referral,US,201-1000,lball@bailey-martin.com
2640,2024-06-21,organic,SG,201-1000,ngutierrez@evans-archer.com
2641,2023-10-04,paid_search,AU,1-10,sabrina98@hines.com
2642,2023-02-10,organic,US,1-10,psandoval@compton-molina.com
2643,2024-08-28,paid_search,IN,1-10,kylescott@conner.org
2644,2024-05-16,social,GB,11-50,fostersarah@sanchez.com
2645,2022-08-21,organic,DE,1-10,beth43@ibarra.net
2646,2023-11-11,referral,GB,1-10,dustinwilliams@mason-anderson.info
2647,2024-11-10,organic,US,11-50,vanessacaldwell@day.com
2648,2024-02-20,partner,US,1-10,wrightdale@cuevas.info
2649,2024-01-12,paid_search,DE,11-50,brucethompson@gill-mendoza.com
2650,2024-01-06,paid_search,US,1-10,james65@kennedy-richards.com
2651,2023-07-20,organic,US,11-50,sanchezbrad@knight-charles.biz
2652,2023-11-05,organic,GB,201-1000,hernandezcheryl@brown.com
2653,2023-11-01,paid_search,US,51-200,taylordanny@shields.com
2654,2022-09-05,organic,CA,1000+,llee@burton-franco.com
2655,2024-08-12,social,DE,11-50,farellano@lynch.com
2656,2024-01-26,paid_search,CA,1-10,jaime56@walker-jones.net
2657,2024-09-07,organic,US,51-200,brandon34@lee.com
2658,2024-09-23,organic,GB,11-50,arthurwright@ellis-white.biz
2659,2023-07-25,referral,US,1-10,dianasmith@alvarado.org
2660,2024-05-24,paid_search,BR,11-50,sgordon@owen.com
2661,2024-02-24,organic,US,1-10,arnoldrachel@edwards.com
2662,2024-10-13,paid_search,AU,1-10,dmullins@mercado.com
2663,2023-07-21,social,GB,201-1000,skim@owens.com
2664,2024-06-17,organic,GB,11-50,jared50@perez.com
2665,2024-04-29,referral,SG,1-10,fernandohansen@henderson-morgan.info
2666,2023-10-01,organic,IN,11-50,jessica23@anderson.org
2667,2023-04-06,paid_search,US,11-50,albertsmith@morales-frey.com
2668,2024-05-12,organic,US,1-10,nataliehall@gonzalez.info
2669,2024-07-23,organic,US,11-50,sjones@santiago.info
2670,2023-10-26,paid_search,US,1-10,sarah07@thomas-mendoza.org
2671,2024-05-10,referral,CA,1-10,karen53@brown.com
2672,2023-12-09,social,NL,51-200,davidgilbert@navarro.com
2673,2024-06-22,organic,BR,11-50,bjackson@nelson.com
2674,2023-07-25,paid_search,IN,1-10,amberellis@pacheco.com
2675,2024-10-02,social,CA,1000+,gibsonfrank@stanley.com
2676,2023-09-14,organic,GB,11-50,ibarrabrian@gutierrez.net
2677,2023-11-19,paid_search,AU,1-10,gblair@may-vazquez.com
2678,2022-10-21,social,AU,1-10,robert99@frost.biz
2679,2023-03-15,organic,IN,11-50,danielle38@moore-byrd.com
2680,2024-02-29,paid_search,CA,1-10,william12@stewart.org
2681,2023-09-01,organic,US,51-200,paul84@scott.com
2682,2024-09-24,paid_search,US,1-10,mwright@berry-shepard.com
2683,2022-03-03,referral,US,11-50,andersonchristopher@wilson.net
2684,2023-11-13,organic,SG,11-50,youngmichael@tran.com
2685,2023-10-21,,US,1-10,gibsonbrandon@carter-johnson.com
2686,2022-03-20,organic,US,51-200,michaelmatthews@williamson.com
2687,2023-03-05,organic,US,11-50,snydergerald@whitehead.com
2688,2024-01-14,organic,US,51-200,jeffreygibson@smith.com
2689,2024-02-26,paid_search,BR,1000+,danielthompson@flores.biz
2690,2023-12-30,referral,US,201-1000,reginasingh@schwartz.com
2691,2024-03-02,organic,NL,1-10,kelly70@shaw-stone.net
2692,2024-04-11,referral,IN,1-10,alexander70@smith.org
2693,2022-02-23,organic,US,11-50,rcannon@jones-miranda.com
2694,2024-01-05,paid_search,US,11-50,kristinwest@hanson-mckee.biz
2695,2024-11-28,,GB,11-50,nwalters@meza.com
2696,2024-03-04,paid_search,US,11-50,lhall@morse-wells.com
2697,2024-06-16,,US,51-200,rhondabradley@barnes.com
2698,2023-10-08,organic,IN,51-200,thomascassandra@valdez.com
2699,2024-08-12,referral,BR,11-50,brittanywilson@glass-friedman.biz
2700,2024-08-24,partner,FR,1-10,bobbyvargas@todd-haynes.biz
2701,2024-03-16,organic,US,1-10,ryanford@burnett.org
2702,2024-12-27,paid_search,CA,1-10,elizabeth20@bennett-rogers.com
2703,2023-03-27,referral,CA,201-1000,lucasandrea@lee.com
2704,2022-03-25,partner,FR,11-50,dianawolf@williams.net
2705,2024-08-28,paid_search,NL,1-10,janetmoore@miller.com
2706,2024-09-12,paid_search,GB,11-50,watsonkenneth@buck.com
2707,2023-03-07,social,US,1-10,istephens@esparza-evans.com
2708,2023-09-06,referral,NL,11-50,gallagherdaniel@baker-medina.biz
2709,2022-03-04,organic,BR,51-200,vanessa20@norton.org
2710,2023-09-08,organic,GB,1-10,hramos@sanchez-edwards.com
2711,2024-08-16,referral,GB,1-10,slittle@curry-hampton.com
2712,2024-03-30,referral,GB,1-10,nramsey@barrett-rodriguez.com
2713,2023-11-13,paid_search,CA,1-10,lstokes@lee.com
2714,2023-11-09,paid_search,US,1-10,williamsfrank@patel-flynn.com
2715,2022-01-30,paid_search,US,11-50,jessica89@glenn.info
2716,2023-10-20,organic,AU,11-50,marciasullivan@wheeler.net
2717,2024-05-04,referral,DE,1000+,pearsonwillie@rodriguez.com
2718,2024-12-08,organic,BR,11-50,robinsonryan@smith-watts.com
2719,2024-09-08,organic,US,1-10,brownmichael@adkins.com
2720,2022-04-20,referral,GB,1-10,amylopez@smith.com
2721,2024-10-08,social,BR,1-10,lisa43@nolan.com
2722,2024-08-07,organic,US,11-50,sarakirby@jackson.com
2723,2024-08-23,referral,FR,1-10,hayesamanda@martin-ellis.biz
2724,2024-01-17,partner,DE,51-200,michaelathompson@haney.org
2725,2023-12-28,partner,US,1-10,nnunez@olsen.com
2726,2023-10-03,organic,US,11-50,cynthia86@sanders.com
2727,2022-10-31,organic,CA,1-10,xarnold@smith.com
2728,2023-08-06,,BR,1-10,elizabethmoody@mccullough.org
2729,2023-08-25,partner,AU,1000+,coryfernandez@simon.info
2730,2024-02-19,organic,BR,11-50,ricemark@everett.info
2731,2024-07-02,social,AU,1000+,pcruz@henderson.com
2732,2024-02-27,organic,CA,51-200,adamnolan@mills.com
2733,2022-09-25,organic,US,51-200,howellstuart@huber-wilson.net
2734,2024-11-15,paid_search,GB,11-50,gomezbrittney@castaneda.com
2735,2024-11-22,paid_search,GB,1-10,donna20@short.com
2736,2024-08-12,paid_search,US,11-50,wferguson@carr.org
2737,2024-12-22,partner,BR,11-50,taylorshane@jensen-watkins.com
2738,2024-03-04,organic,CA,11-50,mark94@graham.com
2739,2024-11-05,,BR,11-50,bethfranklin@adams-alvarez.org
2740,2022-12-05,paid_search,US,11-50,thenderson@duran.org
2741,2023-11-23,,GB,51-200,jwashington@tran.info
2742,2023-08-07,partner,GB,1-10,gina74@bell.biz
2743,2023-07-09,partner,DE,201-1000,charles83@pham.info
2744,2023-04-15,,BR,1-10,keithellis@cooper.net
2745,2024-05-30,referral,BR,1-10,osbornkelly@ferguson.org
2746,2024-08-14,partner,US,1-10,elizabethrobertson@liu-murphy.com
2747,2024-04-19,paid_search,US,11-50,houstonvalerie@ross.com
2748,2023-05-14,social,AU,51-200,jross@winters.com
2749,2024-09-12,organic,SG,11-50,michael13@hawkins.org
2750,2024-05-22,organic,DE,11-50,nancyballard@olson-estrada.net
2751,2023-12-10,referral,DE,1-10,christinedoyle@whitaker-paul.com
2752,2024-06-10,organic,US,11-50,robert30@schaefer.com
2753,2023-09-07,organic,AU,1-10,williamsjason@cooper.com
2754,2023-11-10,organic,GB,51-200,deanna05@carter-grant.org
2755,2024-10-02,organic,GB,1-10,margaretirwin@kirk.org
2756,2023-09-28,paid_search,NL,11-50,shawtimothy@gaines.com
2757,2024-02-03,social,US,51-200,zhumphrey@johnson.com
2758,2024-10-14,referral,US,1-10,swatson@williams.com
2759,2024-06-16,partner,US,11-50,stephanie42@larson.com
2760,2022-10-13,paid_search,SG,1-10,zhansen@martin-case.biz
2761,2023-05-09,partner,AU,1-10,kristinmartinez@kent-carr.biz
2762,2022-02-14,referral,US,11-50,btaylor@lopez.com
2763,2024-05-22,social,US,11-50,riverajason@holland.com
2764,2024-01-07,paid_search,US,11-50,yparker@weaver-cohen.com
2765,2023-04-21,paid_search,US,51-200,carla96@jackson-charles.com
2766,2024-11-27,paid_search,US,11-50,larryburns@montes.com
2767,2024-03-11,paid_search,DE,1-10,jeffery29@smith.biz
2768,2023-08-12,paid_search,GB,11-50,dominiquepotts@noble.com
2769,2024-02-01,partner,US,51-200,cynthiaford@coleman.net
2770,2024-06-03,social,DE,1-10,christinapeters@leonard.org
2771,2022-12-08,referral,GB,11-50,george52@villarreal.net
2772,2023-09-29,referral,US,51-200,tracy91@jones-rogers.com
2773,2024-09-13,organic,DE,11-50,coxcarol@west-parker.info
2774,2024-01-25,partner,GB,1-10,kathyfowler@barton-evans.net
2775,2024-03-02,organic,SG,1-10,daniel71@carpenter-park.org
2776,2024-01-20,organic,US,11-50,sgonzalez@harris.net
2777,2022-08-11,partner,US,11-50,walkerdavid@fisher.com
2778,2023-05-17,social,US,1-10,margaretboyd@baird.info
2779,2024-01-05,referral,SG,1-10,lisahawkins@bauer-castillo.info
2780,2023-07-29,referral,BR,1-10,alecwilcox@white-sutton.com
2781,2022-09-10,social,NL,51-200,davidholt@murphy-guerrero.com
2782,2024-09-20,referral,US,1-10,timothyshaffer@williams.com
2783,2024-12-20,partner,CA,1-10,mjennings@ramirez-james.com
2784,2024-08-04,paid_search,IN,11-50,yramos@vargas.org
2785,2024-09-02,partner,US,11-50,benitezjeffrey@taylor-jacobs.com
2786,2023-08-06,social,IN,11-50,bsoto@bonilla-peterson.org
2787,2024-11-27,referral,GB,11-50,norrisdaniel@larson.com
2788,2023-07-04,paid_search,DE,1-10,marissasutton@martin-padilla.net
2789,2024-11-27,social,US,11-50,salvarado@jackson-phillips.com
2790,2024-12-23,paid_search,CA,1-10,christine97@wood.com
2791,2024-06-22,organic,AU,1-10,tmurphy@bailey.com
2792,2024-12-09,paid_search,FR,1-10,whitecharles@silva.com
2793,2024-04-14,social,US,1-10,kevinfernandez@franklin.info
2794,2023-09-04,referral,US,1-10,howekaren@evans.com
2795,2024-01-21,referral,DE,11-50,laura36@hodges-moore.biz
2796,2024-04-30,partner,SG,11-50,millerjessica@johnson.biz
2797,2022-11-24,paid_search,US,1-10,rowebelinda@andersen.com
2798,2024-05-17,partner,CA,1-10,barbara09@stark.com
2799,2024-12-23,paid_search,CA,1-10,griffinbarbara@stewart-castro.biz
2800,2023-06-05,paid_search,FR,1-10,orichards@davis-calderon.com
2801,2024-08-23,partner,US,51-200,webstersteven@smith.com
2802,2024-10-22,paid_search,GB,201-1000,vsmith@martinez.org
2803,2024-11-21,paid_search,SG,11-50,smithsusan@martinez.com
2804,2024-11-06,referral,NL,51-200,michael36@berry.net
2805,2024-03-17,organic,FR,11-50,margaret18@martinez.com
2806,2024-12-19,paid_search,DE,11-50,jason73@jones-cooper.net
2807,2024-08-02,organic,FR,1-10,wharris@taylor-gonzales.com
2808,2023-05-22,organic,NL,11-50,william96@sanchez.com
2809,2024-02-25,organic,IN,201-1000,simsamy@davis-chen.com
2810,2024-07-26,organic,BR,1-10,fwade@cook.org
2811,2023-08-29,paid_search,SG,201-1000,wcarroll@clarke-wilson.biz
2812,2024-05-02,referral,US,51-200,john90@anderson.info
2813,2024-05-03,paid_search,GB,11-50,stephenwyatt@wheeler.biz
2814,2023-05-01,partner,US,11-50,cooperjohn@boyd.com
2815,2024-03-13,organic,DE,11-50,casey61@barry.info
2816,2024-08-07,organic,GB,1-10,cynthia35@brennan.com
2817,2024-02-07,social,GB,11-50,hestertabitha@lopez.net
2818,2022-02-26,organic,AU,11-50,taylortina@baker.biz
2819,2022-02-22,organic,US,1-10,robertpeck@brennan.com
2820,2023-11-01,paid_search,GB,11-50,wwilson@hall.com
2821,2024-11-03,paid_search,DE,1000+,candrews@simpson-green.org
2822,2023-08-24,referral,CA,51-200,hudsonglen@gallagher.info
2823,2024-05-19,social,CA,1-10,monica51@young.info
2824,2023-08-29,referral,US,1-10,meghanmartinez@beasley-smith.biz
2825,2023-10-14,referral,BR,11-50,mccormickkatherine@rowe-cannon.com
2826,2024-09-05,social,US,1-10,kevinclark@wolf.com
2827,2024-07-08,organic,CA,1-10,vramos@nixon-walker.com
2828,2023-01-27,partner,NL,1-10,richardjuarez@smith-king.com
2829,2024-01-23,paid_search,BR,1-10,jacobscindy@mcmahon.com
2830,2022-05-10,organic,AU,201-1000,lcosta@anderson.com
2831,2024-02-20,paid_search,GB,1-10,bradshawcarlos@huffman.com
2832,2024-05-23,partner,AU,201-1000,ramseymichael@anderson-adams.com
2833,2023-03-09,referral,US,11-50,smithjasmine@norris-combs.com
2834,2023-09-07,paid_search,IN,1-10,cunninghamerik@cuevas-allen.net
2835,2023-12-18,social,US,51-200,browntimothy@collins.com
2836,2024-11-30,partner,US,1-10,amy70@cross.biz
2837,2024-12-31,referral,DE,51-200,michelle96@white.com
2838,2022-08-26,organic,SG,201-1000,ywilkinson@lopez.com
2839,2024-08-20,social,NL,201-1000,geraldgarcia@poole.biz
2840,2023-11-16,partner,US,1-10,ygarcia@williams.com
2841,2023-12-02,paid_search,US,1-10,pwest@brown.com
2842,2024-07-16,paid_search,IN,1000+,wheelerkimberly@myers.com
2843,2024-10-01,partner,US,51-200,duncanjames@silva.org
2844,2024-11-07,paid_search,BR,11-50,anthony17@taylor.com
2845,2024-04-24,organic,CA,1-10,lindseyjavier@davis-goodwin.com
2846,2023-11-13,referral,GB,11-50,fjackson@harris.org
2847,2024-08-05,organic,US,11-50,paulthomas@rios.com
2848,2023-09-29,paid_search,US,11-50,davidbrock@stewart-weeks.com
2849,2024-03-02,organic,US,1-10,fsparks@hudson.com
2850,2023-11-14,social,BR,51-200,dflowers@torres-russell.com
2851,2024-05-19,organic,IN,201-1000,katherinecarter@white.com
2852,2023-08-08,social,US,1-10,vsmith@lewis.com
2853,2023-06-06,organic,US,11-50,thomasjessica@cross.info
2854,2024-10-29,organic,US,11-50,yware@johnson.com
2855,2023-02-16,referral,DE,1-10,cody27@miller-owens.com
2856,2024-02-18,organic,FR,51-200,wallererica@gould-wilcox.com
2857,2023-08-29,partner,US,51-200,daniel02@rodriguez.com
2858,2022-07-31,paid_search,AU,201-1000,stephanie89@jackson.net
2859,2022-06-08,paid_search,US,11-50,sholder@oconnor-lang.biz
2860,2023-06-17,organic,US,11-50,timothy68@fisher.com
2861,2024-10-31,referral,US,1-10,porterjoseph@green-dixon.com
2862,2023-09-05,social,CA,1-10,jnicholson@davila.org
2863,2024-11-18,organic,GB,51-200,henrychristine@anderson.biz
2864,2024-04-05,organic,US,11-50,philliphayden@anderson.com
2865,2024-01-25,paid_search,US,11-50,amber86@cole-sampson.net
2866,2024-04-02,organic,AU,1-10,davidandrews@ortiz.com
2867,2024-02-03,organic,BR,1-10,cameronjackson@acosta.com
2868,2024-08-01,partner,GB,1-10,raven03@smith.com
2869,2023-09-07,paid_search,DE,11-50,swright@klein.com
2870,2023-11-22,paid_search,CA,1-10,smithadriana@kidd.com
2871,2024-10-01,partner,IN,1-10,rileymelissa@cruz.com
2872,2024-11-27,partner,IN,11-50,dominicsimpson@harmon-perkins.net
2873,2024-10-25,organic,FR,11-50,nsingh@price.com
2874,2024-01-28,paid_search,FR,51-200,amy18@castillo-scott.com
2875,2024-08-02,social,AU,1000+,williamssandra@robertson.com
2876,2024-02-22,organic,SG,11-50,sharpjohn@miller-davis.com
2877,2024-02-14,referral,AU,11-50,christopher98@wood.org
2878,2023-07-06,,GB,1000+,edward03@green.com
2879,2024-04-08,organic,US,51-200,marioallen@jenkins-griffin.biz
2880,2023-06-09,organic,US,11-50,justin46@alexander-moran.com
2881,2023-10-11,referral,US,1-10,piercejoseph@le.net
2882,2024-09-09,referral,IN,51-200,barkeredwin@delgado.info
2883,2023-07-20,organic,US,11-50,tammy26@johnson.net
2884,2022-11-27,organic,US,11-50,crawfordhaley@mcdonald.com
2885,2022-11-15,organic,US,1-10,ocollins@forbes-smith.com
2886,2024-11-21,social,US,1-10,moorecody@clements.net
2887,2024-02-03,organic,DE,1-10,parksshawna@thompson.org
2888,2024-01-03,paid_search,US,51-200,mitchellmichelle@wilson-johnson.info
2889,2024-09-09,partner,US,11-50,jefferybaker@johnson-miller.net
2890,2024-09-05,partner,DE,1-10,alexandraellis@davis.com
2891,2023-10-21,organic,DE,201-1000,tonyamartinez@branch.com
2892,2024-06-19,paid_search,AU,1-10,anthonyconway@espinoza.biz
2893,2024-08-31,social,US,1-10,jeffrey44@swanson-arellano.com
2894,2024-05-22,social,IN,11-50,patriciagood@huerta-christian.com
2895,2023-05-02,referral,US,1-10,bbryan@howell.com
2896,2024-10-15,organic,US,1-10,diazjennifer@bird.com
2897,2024-03-19,paid_search,IN,11-50,jimmy86@henry.net
2898,2023-09-21,paid_search,US,1-10,frankstewart@brady.info
2899,2024-01-20,social,US,11-50,philliphatfield@myers.com
2900,2022-07-21,paid_search,NL,1-10,icisneros@terrell-huber.org
2901,2023-04-01,organic,US,201-1000,ahenson@ramos.org
2902,2024-08-30,referral,US,1-10,thomas12@brown.biz
2903,2022-01-11,paid_search,IN,11-50,drakekevin@webb.com
2904,2024-01-19,social,NL,1-10,michelle34@parker.biz
2905,2024-03-19,organic,FR,1-10,staceyhernandez@gibbs-reynolds.com
2906,2022-09-21,organic,US,201-1000,frank49@smith.com
2907,2024-12-08,referral,SG,11-50,dawn11@lambert.info
2908,2023-08-24,paid_search,FR,51-200,amymiller@ford.biz
2909,2023-10-17,social,AU,11-50,kristopherrogers@mccormick.com
2910,2023-10-17,paid_search,US,51-200,ricejoshua@herrera-kaiser.biz
2911,2023-08-10,partner,US,51-200,michelle05@velasquez.com
2912,2022-01-12,organic,US,1000+,martinnatalie@gonzalez-brady.com
2913,2024-07-23,organic,FR,201-1000,johnjohnson@morales.net
2914,2024-11-12,organic,AU,1-10,psmith@thomas-reeves.net
2915,2023-08-12,referral,AU,11-50,dbrown@martin.com
2916,2024-05-14,organic,IN,1000+,wheelerandrea@dean.com
2917,2024-07-30,paid_search,IN,11-50,antonio03@ellison-wells.com
2918,2024-09-19,referral,AU,51-200,danielvaughn@garcia.net
2919,2024-01-11,paid_search,US,11-50,vwilliams@wilkerson.com
2920,2023-10-05,referral,DE,51-200,gabriela90@romero.info
2921,2023-10-29,organic,GB,1-10,michelle01@harris.com
2922,2024-06-14,organic,AU,201-1000,matthewmartin@johnson.net
2923,2024-09-24,organic,BR,51-200,amills@taylor-mcdonald.com
2924,2023-06-01,referral,SG,1-10,taylordougherty@simmons.net
2925,2023-11-28,paid_search,GB,11-50,maxwelltheodore@anderson.org
2926,2024-10-05,paid_search,AU,51-200,fking@nichols.com
2927,2024-09-04,paid_search,IN,1-10,billyjohns@boyer.com
2928,2024-12-20,referral,SG,1-10,nunezjennifer@mueller-owens.net
2929,2024-07-24,partner,NL,201-1000,smithdenise@parrish.com
2930,2023-12-21,paid_search,IN,1-10,kmaynard@myers.biz
2931,2024-04-16,social,FR,51-200,darnold@ross-kennedy.biz
2932,2024-05-19,partner,NL,1-10,wfleming@kim.com
2933,2022-12-29,organic,AU,11-50,belindahaas@terry-ayers.com
2934,2024-03-15,paid_search,GB,11-50,morrisjill@kline-colon.biz
2935,2024-06-19,organic,IN,1-10,smithsarah@gonzalez.net
2936,2023-05-16,paid_search,AU,201-1000,patricia24@warner.com
2937,2024-08-19,paid_search,NL,1-10,beckyroberts@gordon-robinson.com
2938,2024-04-13,paid_search,US,1-10,roberta69@cervantes.com
2939,2024-11-27,partner,BR,51-200,hernandezmicheal@bennett.com
2940,2022-07-14,paid_search,AU,11-50,zwolfe@bauer.org
2941,2023-09-04,paid_search,US,1-10,jesse81@smith.com
2942,2024-04-16,paid_search,BR,1-10,rhonda64@henry.biz
2943,2023-10-30,organic,AU,1-10,floresjohn@flores-hubbard.com
2944,2024-06-08,referral,US,1-10,amyjones@velez-rivera.com
2945,2024-08-27,paid_search,US,11-50,jimwatson@jimenez.com
2946,2023-02-02,,CA,51-200,odickerson@farmer.info
2947,2024-02-01,paid_search,IN,1-10,jeremyreyes@phillips.biz
2948,2024-02-10,partner,AU,51-200,kelsey67@thomas-howard.info
2949,2023-11-17,organic,GB,201-1000,johnsonjames@marshall.info
2950,2024-11-23,social,IN,11-50,timothysharp@davis.com
2951,2024-09-14,paid_search,US,1-10,alyssaparsons@phillips-jones.com
2952,2024-06-09,social,US,1-10,janice26@martin.com
2953,2024-06-03,social,US,1-10,kaylee68@zavala-barry.com
2954,2024-01-06,paid_search,US,11-50,wendy76@king-smith.biz
2955,2024-11-17,referral,US,11-50,douglasdougherty@clark.biz
2956,2024-06-29,partner,GB,201-1000,ibutler@munoz-robinson.net
2957,2024-07-26,paid_search,US,11-50,ebowen@williams.com
2958,2024-09-27,partner,US,11-50,ogarza@brown.com
2959,2023-09-01,organic,AU,201-1000,jordanreed@mcdaniel.com
2960,2024-09-08,referral,US,1-10,agonzalez@miller.info
2961,2023-07-27,organic,CA,1-10,xlynn@edwards.com
2962,2023-11-21,partner,NL,201-1000,vcole@porter-macias.info
2963,2023-10-24,organic,GB,11-50,max26@willis.com
2964,2024-12-20,organic,US,11-50,dylan27@dalton.com
2965,2024-09-09,referral,DE,1-10,lchandler@mccarthy.com
2966,2024-06-12,paid_search,DE,1-10,wgarcia@huff.info
2967,2024-07-10,social,BR,11-50,flawson@henderson.com
2968,2024-03-16,social,GB,1-10,christinadaniels@roberts.biz
2969,2024-11-16,organic,US,1000+,antoniothompson@houston.com
2970,2024-02-29,social,US,1000+,breannadrake@johnson.biz
2971,2023-11-11,organic,GB,1-10,davistiffany@lopez-sanders.info
2972,2023-05-31,paid_search,US,11-50,brownamy@hayes.com
2973,2024-08-23,organic,BR,51-200,rossjames@beasley.com
2974,2024-07-28,paid_search,GB,1-10,carterjames@gutierrez.com
2975,2023-12-10,organic,US,201-1000,sabrina69@farrell.com
2976,2022-04-14,organic,IN,1-10,kimberly63@smith.biz
2977,2024-09-11,paid_search,IN,11-50,jordan25@chandler.com
2978,2022-02-09,partner,US,51-200,joannawalker@haynes-esparza.info
2979,2024-06-11,referral,US,11-50,ambermiller@wilson.com
2980,2024-12-08,referral,US,1-10,theresa96@martinez.biz
2981,2024-01-21,organic,SG,11-50,vfoster@chavez.net
2982,2023-08-05,referral,US,51-200,michael39@baker-curry.org
2983,2024-06-26,paid_search,IN,1-10,andrew08@graham.info
2984,2024-09-12,social,AU,11-50,karen02@gardner.com
2985,2024-03-17,organic,CA,1000+,brookemartin@strong.com
2986,2024-11-27,paid_search,BR,1-10,ramirezamy@richards.com
2987,2022-09-26,organic,GB,11-50,susan33@smith.com
2988,2024-02-18,social,NL,1-10,carlos25@trujillo.com
2989,2024-07-01,social,CA,11-50,veronicacampbell@vega.org
2990,2024-09-26,paid_search,US,1-10,heather39@fischer.com
2991,2023-06-08,referral,DE,1-10,kellysanchez@vargas.com
2992,2024-08-24,organic,IN,11-50,reedjulie@cooke.com
2993,2024-03-05,social,BR,201-1000,christopher90@deleon-potter.biz
2994,2023-12-03,organic,FR,51-200,rebecca99@anderson.info
2995,2023-04-14,organic,FR,11-50,egonzalez@parker-watson.com
2996,2024-10-30,organic,FR,51-200,escobarpatrick@hampton.com
2997,2023-05-07,social,BR,51-200,ypeterson@willis.biz
2998,2023-10-14,paid_search,US,1-10,ojones@olson.biz
2999,2023-09-07,organic,SG,11-50,sherrywyatt@wells-hernandez.net
3000,2024-10-13,organic,US,1000+,gking@haynes.biz
3001,2024-06-18,organic,US,51-200,westkatie@smith.com
3002,2024-08-17,organic,US,11-50,leslie24@lee.com
3003,2023-09-13,,IN,51-200,gomezjerry@gomez-stewart.com
3004,2024-05-15,organic,SG,1-10,jennifertaylor@bowman.com
3005,2024-04-08,paid_search,CA,1-10,lwashington@little-green.org
3006,2024-09-10,paid_search,IN,1000+,nicholasfigueroa@hernandez.net
3007,2024-10-04,referral,US,201-1000,jeanking@morris.org
3008,2022-02-19,organic,US,11-50,jillcosta@ingram-webb.com
3009,2024-06-16,paid_search,IN,51-200,yvasquez@gonzalez.com
3010,2022-09-02,social,US,1-10,wgomez@bender.net
3011,2024-03-11,social,US,11-50,susan40@cook.net
3012,2023-09-20,paid_search,US,11-50,mariaweaver@lyons-page.info
3013,2023-10-25,referral,CA,11-50,richardjackson@romero.org
3014,2023-11-21,organic,GB,11-50,michaelbradshaw@golden.org
3015,2024-05-18,partner,SG,1-10,kjackson@white.com
3016,2023-10-04,paid_search,US,1-10,fergusonmichael@peck.com
3017,2024-07-01,organic,FR,1-10,ajackson@chapman.com
3018,2023-12-15,partner,US,201-1000,davissonya@sanchez.com
3019,2022-11-16,organic,IN,11-50,ashley29@french.biz
3020,2024-08-24,partner,GB,1-10,sjackson@williams-ortiz.com
3021,2023-09-04,paid_search,US,201-1000,samantha50@ward.com
3022,2024-01-22,organic,US,201-1000,smithjesse@williams.org
3023,2024-06-19,referral,US,11-50,johnhines@harvey.info
3024,2023-10-07,social,NL,1-10,millerbrittany@phelps-neal.biz
3025,2022-09-20,organic,GB,201-1000,huynhdouglas@hopkins-flores.com
3026,2023-11-30,social,SG,201-1000,rrodriguez@butler.biz
3027,2024-11-06,paid_search,IN,1-10,peterrobinson@reeves.com
3028,2024-05-14,organic,CA,1000+,stevengonzalez@davis-mckenzie.com
3029,2024-06-01,paid_search,US,11-50,emilyharris@buchanan.com
3030,2024-05-18,paid_search,US,11-50,justin16@taylor-gonzalez.com
3031,2023-07-20,organic,GB,11-50,sbailey@sexton.info
3032,2024-01-08,paid_search,US,1-10,stevenbarrett@mills-woods.biz
3033,2024-07-10,social,BR,11-50,hendersonheather@munoz-white.com
3034,2023-02-10,paid_search,IN,201-1000,nichole17@garrison-garcia.net
3035,2023-09-18,paid_search,DE,1-10,fsmith@harvey-cunningham.com
3036,2023-09-05,organic,US,1-10,heidi02@castro-griffin.com
3037,2024-01-19,organic,IN,11-50,christian72@adams.com
3038,2024-12-25,paid_search,AU,201-1000,walterprice@west-hodges.com
3039,2022-11-20,organic,IN,201-1000,michaelcarter@wood.com
3040,2024-03-22,partner,US,1-10,chansen@watts-thompson.net
3041,2023-06-08,,US,51-200,rgross@delgado.org
3042,2024-12-05,organic,CA,1-10,jeremy55@harmon-adams.com
3043,2023-03-03,partner,US,11-50,pbarber@deleon-morrison.com
3044,2023-12-15,paid_search,CA,1-10,thomasjones@simmons.biz
3045,2024-07-25,organic,AU,1-10,carterstanley@green.biz
3046,2024-06-13,social,GB,51-200,danielsshannon@mccarty.biz
3047,2024-01-11,paid_search,BR,51-200,yanderson@powell.com
3048,2023-11-06,partner,IN,51-200,nicole18@velasquez-francis.org
3049,2023-12-27,paid_search,GB,11-50,maysedward@middleton-jackson.com
3050,2023-09-09,referral,AU,11-50,waterskyle@terry.net
3051,2023-07-12,organic,BR,201-1000,psmith@jenkins-khan.com
3052,2024-02-25,referral,FR,1-10,rachel33@adams-coleman.net
3053,2023-09-18,partner,NL,1-10,jasonsanders@alexander.info
3054,2023-09-12,organic,FR,1-10,kelleyderek@white.org
3055,2024-05-15,paid_search,US,11-50,kimberly90@hayes.com
3056,2024-11-11,organic,GB,1-10,erica06@walton-armstrong.com
3057,2024-04-30,organic,US,11-50,erin28@williamson.biz
3058,2022-12-21,paid_search,US,11-50,harmonleslie@morris.com
3059,2022-12-09,organic,US,11-50,donwilson@brown-wong.net
3060,2024-11-01,partner,NL,1000+,whubbard@gardner.info
3061,2023-10-21,paid_search,US,51-200,russelljamie@farmer.com
3062,2023-01-21,social,IN,1-10,wellssherry@perkins.org
3063,2024-04-01,referral,FR,51-200,chambersashley@arias.biz
3064,2024-05-06,partner,US,11-50,tammy33@davis-mclaughlin.com
3065,2024-05-28,organic,GB,51-200,tshort@baker.com
3066,2023-09-11,organic,CA,1000+,jennifergarza@mckay.com
3067,2022-03-07,referral,FR,1-10,kevin90@campbell.org
3068,2024-11-22,social,US,51-200,ycole@white.info
3069,2023-09-29,,FR,1-10,aarongreen@moreno.net
3070,2024-06-01,partner,GB,51-200,donna30@thomas.com
3071,2024-06-22,organic,US,51-200,hhardy@ruiz-dalton.com
3072,2024-04-05,social,US,11-50,pwalters@alvarado-byrd.com
3073,2023-10-09,referral,DE,11-50,garciadebra@khan-carpenter.com
3074,2023-09-21,social,IN,1-10,murphyjames@hampton-wilson.com
3075,2024-04-09,referral,US,11-50,robertevans@hobbs-harris.net
3076,2024-10-27,referral,AU,11-50,holmesrachel@gibson.com
3077,2024-11-04,partner,US,1-10,carolineperry@curtis.com
3078,2023-02-11,referral,SG,51-200,karen00@thomas-romero.org
3079,2023-05-26,organic,DE,11-50,stephanie27@hill.biz
3080,2024-11-29,social,US,51-200,ballnicole@garrison-jackson.info
3081,2024-07-21,partner,BR,51-200,amyers@johnson.org
3082,2024-10-24,organic,US,51-200,bryantcynthia@gamble.com
3083,2023-07-06,organic,AU,11-50,juan35@james.com
3084,2024-04-27,organic,BR,1-10,fyoder@smith.com
3085,2024-06-10,organic,GB,1-10,kennethsandoval@lewis-carlson.org
3086,2024-06-12,referral,US,11-50,mcmillaneric@ellis.com
3087,2023-12-15,social,DE,1-10,andreaadams@sullivan-velasquez.com
3088,2022-03-31,social,GB,11-50,chelseabanks@smith-hull.com
3089,2024-04-07,,GB,11-50,nicholasanderson@parker.biz
3090,2023-09-22,social,US,11-50,walter18@clarke-maxwell.com
3091,2024-01-17,referral,FR,1-10,arellanomorgan@nelson.com
3092,2024-11-17,social,US,11-50,belljennifer@bolton-wright.com
3093,2023-12-02,partner,CA,11-50,sheila66@duarte.com
3094,2024-09-16,organic,AU,1-10,zjohnson@munoz-weber.net
3095,2023-06-13,referral,BR,1-10,ecampbell@watson.org
3096,2024-06-04,referral,BR,1-10,qfaulkner@taylor.com
3097,2024-12-14,paid_search,US,201-1000,cassidyhughes@ali.org
3098,2023-02-06,partner,US,11-50,alexbutler@levy.org
3099,2022-02-06,social,GB,11-50,wthompson@bishop-lawrence.org
3100,2024-01-19,referral,GB,1-10,briannamclaughlin@kelley.info
3101,2023-01-27,organic,FR,11-50,dhawkins@simpson.biz
3102,2024-07-16,referral,US,1000+,turnerjohn@thompson.com
3103,2024-10-29,organic,NL,201-1000,codygonzalez@reese.com
3104,2024-01-04,paid_search,IN,1000+,richardjohnson@roberts.info
3105,2023-09-13,referral,US,1-10,nthomas@burgess.com
3106,2024-01-10,partner,SG,201-1000,harrelljessica@jones.net
3107,2024-07-07,,AU,1-10,omorris@harrison.biz
3108,2022-02-22,paid_search,NL,1000+,marissa64@newton.com
3109,2024-04-10,social,US,1-10,regina59@banks.com
3110,2024-04-13,organic,US,1-10,anthonyrandolph@patterson-dunlap.com
3111,2024-05-29,organic,US,1-10,angelica96@sexton.net
3112,2023-08-28,organic,US,1-10,banksmeredith@ferguson-suarez.com
3113,2024-06-22,referral,IN,1-10,phopkins@mcconnell.com
3114,2023-01-06,paid_search,CA,11-50,earmstrong@todd.com
3115,2023-07-23,organic,CA,1-10,collinslaura@henry-martinez.com
3116,2024-10-15,social,IN,1-10,jeremiah13@guerrero-stewart.biz
3117,2024-07-05,paid_search,NL,1-10,smithtyler@gonzalez-jackson.info
3118,2022-03-11,partner,IN,51-200,bryan61@gill.com
3119,2023-08-14,referral,CA,1-10,garzazachary@clark.com
3120,2023-07-22,social,AU,1-10,jessica44@bradford-mitchell.org
3121,2023-09-20,organic,US,1-10,chantrevor@wallace.biz
3122,2023-08-17,social,DE,51-200,kimedwards@leblanc.info
3123,2022-10-30,organic,US,11-50,xmorris@jones.net
3124,2024-01-02,organic,GB,1-10,christopher32@watkins.com
3125,2024-07-21,organic,US,1-10,benjamin18@hicks-cooper.net
3126,2024-04-22,social,US,1000+,daniellindsey@woodard-hayes.com
3127,2024-06-14,organic,GB,11-50,pcaldwell@estrada.info
3128,2022-12-04,paid_search,US,11-50,ssmith@matthews.com
3129,2024-11-04,referral,GB,51-200,patricia18@rollins-vang.com
3130,2024-09-06,paid_search,AU,1-10,gregorybrock@becker.biz
3131,2024-09-15,organic,DE,11-50,xmack@simon.net
3132,2024-09-14,social,US,1-10,rcohen@stanton.net
3133,2024-11-21,organic,IN,201-1000,hernandezmarc@wolfe.com
3134,2024-03-17,paid_search,CA,1-10,nfletcher@bowen.biz
3135,2023-07-18,,US,1-10,jamescantu@duke.net
3136,2024-04-14,paid_search,GB,11-50,gillmary@williams-cortez.org
3137,2024-07-05,organic,NL,51-200,criddle@jackson.org
3138,2024-07-09,organic,IN,51-200,fernandezjennifer@soto.com
3139,2024-03-15,paid_search,GB,1-10,gonzalezmelissa@cochran.com
3140,2022-11-28,paid_search,GB,201-1000,rogersjoshua@hoffman-cooper.biz
3141,2023-11-22,paid_search,GB,11-50,jacobwilson@douglas.com
3142,2024-11-25,social,CA,1-10,andrewperez@gregory-alvarez.com
3143,2024-04-12,paid_search,GB,1-10,jennifer47@wolfe.com
3144,2024-03-02,referral,GB,1-10,christopherchristensen@myers-jones.org
3145,2023-09-24,paid_search,US,11-50,jessica94@walter-tucker.biz
3146,2023-11-05,social,DE,11-50,aanderson@wright.org
3147,2024-10-09,paid_search,GB,11-50,xlivingston@cherry.biz
3148,2024-05-30,social,IN,51-200,singhkevin@brooks.info
3149,2024-08-17,referral,US,1-10,robinsonpaul@williams-reilly.com
3150,2024-01-02,organic,SG,11-50,zyoung@allen-calderon.com
3151,2024-05-29,organic,CA,51-200,andersonalyssa@miller.com
3152,2023-08-11,partner,FR,11-50,smithjavier@vargas.com
3153,2024-06-01,organic,FR,51-200,daniellethomas@johnson.com
3154,2024-01-24,partner,IN,11-50,haleysaunders@sherman-carroll.org
3155,2024-01-04,social,AU,1000+,jesse19@holloway.org
3156,2024-05-20,paid_search,BR,1-10,dwilliams@stark-meza.com
3157,2024-11-26,organic,AU,1-10,jonathan49@williams.net
3158,2022-10-30,paid_search,FR,51-200,heather53@davis.com
3159,2024-09-09,paid_search,US,1-10,wbailey@lewis.com
3160,2023-09-06,referral,US,11-50,kbaird@harper.com
3161,2024-01-01,social,DE,1-10,davidjensen@edwards.biz
3162,2022-04-15,referral,SG,1-10,younglisa@cochran.com
3163,2023-10-08,organic,FR,1-10,ajohnson@cole-bowman.biz
3164,2024-02-20,organic,FR,51-200,msmith@marsh-brown.net
3165,2022-09-19,paid_search,AU,11-50,anthony53@smith.com
3166,2024-02-16,partner,US,1-10,gcrawford@henderson-reed.info
3167,2024-11-12,social,US,201-1000,brooksharold@jones-sanchez.com
3168,2023-02-16,organic,FR,11-50,scott40@bennett.com
3169,2024-08-09,paid_search,DE,11-50,frazierluis@silva-flores.info
3170,2024-01-03,referral,AU,1-10,armstrongjill@randolph.biz
3171,2024-05-07,social,CA,1-10,melanie69@jordan.com
3172,2023-09-25,paid_search,DE,1-10,jamesmorris@simpson.biz
3173,2023-05-20,referral,DE,11-50,brookstaylor@waller.info
3174,2023-05-14,,US,1000+,fsolis@baker.com
3175,2022-11-18,social,SG,1-10,frankmorrison@burns-robinson.com
3176,2023-06-18,organic,AU,51-200,rlewis@clark.com
3177,2024-05-04,paid_search,US,1-10,bill82@allen-martin.biz
3178,2024-10-10,organic,US,51-200,lbennett@lopez.com
3179,2024-09-24,,AU,1-10,jeffreynichols@pearson-williams.com
3180,2024-06-07,paid_search,AU,1-10,andrewdavis@frey.com
3181,2023-03-12,referral,DE,11-50,zacharycarter@nixon.com
3182,2023-09-21,social,US,11-50,pamelasmith@webb.com
3183,2023-10-13,organic,GB,51-200,hannah26@melendez.com
3184,2023-08-10,social,GB,201-1000,mcarroll@jones.com
3185,2024-02-06,paid_search,US,51-200,moranphillip@rollins-lewis.com
3186,2024-03-25,paid_search,US,201-1000,kiarareynolds@hardy.info
3187,2023-11-13,referral,GB,11-50,nowens@perry.net
3188,2023-11-07,referral,DE,1-10,friedmanrichard@blair-johnson.info
3189,2024-09-20,paid_search,US,11-50,clarkmichael@gray.com
3190,2024-08-14,partner,US,1-10,gavin84@mccoy.com
3191,2023-10-19,referral,DE,1000+,tmoody@brown.biz
3192,2024-10-01,social,BR,11-50,xharrington@jackson.org
3193,2024-11-18,paid_search,US,201-1000,wilkinsonrussell@smith.com
3194,2023-10-15,paid_search,BR,1-10,glee@hendrix.biz
3195,2023-11-30,social,US,1-10,sonya14@west.org
3196,2024-02-03,partner,US,11-50,danschaefer@hale.org
3197,2024-11-08,referral,GB,1-10,megan91@george-mccarthy.biz
3198,2024-10-06,,CA,1-10,lawrencechristine@cervantes-smith.com
3199,2023-02-20,social,BR,201-1000,douglasbutler@phillips-anderson.com
3200,2023-12-08,paid_search,SG,1-10,patricia12@moore.org
3201,2024-03-02,referral,GB,11-50,guerrerorenee@gilbert-hart.com
3202,2024-02-16,partner,US,11-50,johnsmith@white.biz
3203,2023-06-09,partner,CA,51-200,derricklee@stanton.info
3204,2024-09-20,referral,CA,1-10,gerald25@espinoza-francis.info
3205,2024-06-16,social,US,51-200,boonekim@thomas.net
3206,2024-09-27,social,IN,1-10,qbrown@kaufman.com
3207,2024-09-23,partner,DE,11-50,uterry@wolfe.org
3208,2024-07-26,organic,US,1-10,richard79@herrera.com
3209,2024-01-27,referral,IN,51-200,zachary79@bradley-robles.com
3210,2024-04-12,paid_search,US,201-1000,tashachase@moore-foster.com
3211,2023-05-26,paid_search,US,1-10,francobrian@butler.biz
3212,2024-06-23,organic,BR,11-50,adrianbarnes@santana-oconnor.net
3213,2023-06-08,social,US,11-50,vtapia@wade-mills.biz
3214,2024-06-11,social,FR,11-50,mark57@garcia-church.com
3215,2023-08-20,organic,US,11-50,ajordan@williams.info
3216,2023-03-01,organic,GB,1-10,abigail68@carter.com
3217,2023-05-10,paid_search,FR,11-50,perrymichael@rodriguez-thompson.com
3218,2022-01-10,paid_search,GB,1-10,jordan89@kennedy.com
3219,2024-07-24,social,US,11-50,allisonbarr@smith-rowe.com
3220,2024-07-28,paid_search,DE,1-10,ucamacho@chavez.biz
3221,2024-02-07,referral,US,1-10,brandondean@moore-lewis.biz
3222,2023-05-12,social,FR,1000+,thompsonlaura@simon-fernandez.net
3223,2023-01-13,paid_search,BR,1000+,anthonyfranklin@francis-lewis.org
3224,2022-03-21,organic,BR,1-10,silvaryan@colon.org
3225,2023-05-12,paid_search,NL,11-50,kparrish@taylor-nelson.com
3226,2024-10-28,paid_search,US,201-1000,daniel56@nelson.com
3227,2023-08-01,referral,US,1-10,wharris@walton-vasquez.net
3228,2023-11-07,organic,US,51-200,berrytyrone@ashley.com
3229,2023-02-26,organic,US,11-50,taylortoni@jackson.com
3230,2023-08-19,partner,BR,51-200,dylan03@gomez.org
3231,2024-03-28,social,IN,201-1000,martinramirez@mcdonald.com
3232,2024-04-24,organic,DE,1-10,perezanna@ortega-ruiz.net
3233,2023-08-04,,CA,1-10,nstevens@sosa-wilson.com
3234,2022-09-18,social,CA,1-10,palmerronald@holder-mcdaniel.com
3235,2023-12-26,organic,AU,1-10,adamboyd@anderson.net
3236,2023-08-09,social,US,201-1000,zhorton@rodriguez-fisher.com
3237,2023-07-28,organic,DE,11-50,garysnow@doyle.net
3238,2024-11-02,,US,1-10,wmoran@martin-fisher.info
3239,2024-04-24,organic,IN,1-10,sarah31@lee-smith.biz
3240,2024-03-29,organic,US,1-10,meganlewis@melendez.net
3241,2024-01-08,referral,AU,11-50,harrisonvincent@maxwell-mercado.com
3242,2024-01-18,partner,US,51-200,anna69@wheeler.com
3243,2024-03-03,organic,US,1-10,dennishardy@valdez.info
3244,2024-06-07,organic,AU,11-50,hoopernicole@ruiz.com
3245,2024-06-10,referral,AU,201-1000,ericksonlaura@stewart-nelson.net
3246,2023-06-04,social,GB,11-50,jbrown@patrick-joyce.org
3247,2024-02-19,social,DE,11-50,jacqueline17@crawford-edwards.org
3248,2024-01-01,organic,GB,1-10,zhangnatalie@fernandez.com
3249,2024-10-21,organic,CA,11-50,wpalmer@brown.org
3250,2024-05-31,referral,US,11-50,mike96@sullivan.com
3251,2024-03-11,organic,AU,1-10,andrea76@warren.com
3252,2023-03-15,organic,IN,1-10,jross@wheeler.com
3253,2024-04-01,paid_search,SG,11-50,dannywelch@morrison.com
3254,2023-03-06,organic,IN,11-50,mooreashley@mills.com
3255,2023-10-04,partner,GB,11-50,lisajohnson@smith-morales.org
3256,2023-04-18,social,US,1-10,marksbrandon@anderson.net
3257,2024-06-08,organic,CA,1-10,paullawson@walker.net
3258,2023-07-17,paid_search,DE,201-1000,mstanley@morse-sanchez.com
3259,2023-12-07,referral,US,1-10,fishermark@mendez.com
3260,2024-10-25,paid_search,US,1-10,matthewvaughn@mcbride.com
3261,2023-07-22,organic,NL,1000+,cannonmary@roach.com
3262,2024-02-21,referral,GB,51-200,maldonadokatrina@lowe-johnson.com
3263,2024-01-08,partner,CA,201-1000,warrenchristine@wiley.com
3264,2022-03-10,paid_search,US,51-200,bradley58@clark.com
3265,2024-08-27,social,GB,11-50,ptapia@garcia.com
3266,2022-11-13,social,US,201-1000,gonzalezamanda@wilson-burton.biz
3267,2024-02-02,,GB,51-200,manningbrandi@johns-cole.info
3268,2024-03-15,social,US,51-200,russodouglas@beltran.com
3269,2024-05-07,referral,US,51-200,qhunt@cherry-andrews.com
3270,2024-06-01,paid_search,IN,1-10,hermanveronica@swanson-simmons.com
3271,2023-09-18,social,IN,11-50,jonesjeffery@austin.com
3272,2022-02-15,partner,US,1-10,nhunter@kelly.com
3273,2024-07-11,social,NL,11-50,kmccarthy@kent.com
3274,2024-03-31,,US,11-50,hickssuzanne@clark.com
3275,2024-09-23,,FR,1-10,angie42@perez.com
3276,2024-09-20,referral,US,1-10,vbond@jones-reed.com
3277,2024-09-11,organic,GB,201-1000,brandyrobles@arroyo.com
3278,2024-02-04,paid_search,BR,1-10,laura74@thompson-martinez.org
3279,2023-10-25,social,IN,201-1000,amy17@yang-mclean.org
3280,2024-08-19,organic,US,1-10,colemanscott@smith-martin.com
3281,2024-01-08,paid_search,CA,11-50,palmerclifford@arnold.com
3282,2023-06-18,paid_search,US,1-10,kristinevans@contreras-hughes.com
3283,2024-09-25,social,BR,11-50,lisa37@roberts-fitzgerald.com
3284,2024-10-24,paid_search,BR,201-1000,amandaroberts@shea.com
3285,2024-01-15,social,US,1-10,rogerfarrell@costa-curry.org
3286,2022-12-08,paid_search,US,11-50,lmann@grant.biz
3287,2023-12-23,organic,AU,201-1000,hchavez@francis.com
3288,2024-09-05,organic,GB,1-10,taylorlawrence@herman-ramirez.com
3289,2024-10-16,social,IN,1-10,lauramassey@frazier.com
3290,2023-07-17,paid_search,AU,1000+,jonesvanessa@kim.biz
3291,2022-11-17,partner,US,11-50,vhoward@davis.org
3292,2024-10-10,referral,DE,51-200,murphycynthia@olsen-martinez.com
3293,2023-12-19,organic,AU,1-10,jensenjason@brown-torres.biz
3294,2024-03-06,social,IN,1-10,ryan42@li-rodriguez.biz
3295,2024-11-30,paid_search,DE,1-10,tracyanderson@jones.com
3296,2022-10-03,social,GB,1-10,oenglish@kelly-chang.com
3297,2024-05-15,partner,SG,1-10,yjennings@cain-evans.com
3298,2022-11-11,organic,DE,1-10,robinsonmichele@morris.com
3299,2023-11-17,social,FR,201-1000,bryan34@schaefer-scott.net
3300,2024-09-29,organic,AU,1-10,lcastillo@lozano.info
3301,2024-01-27,paid_search,US,1-10,suejones@hill-simon.com
3302,2024-12-05,organic,US,11-50,gloria49@hernandez.com
3303,2024-03-11,paid_search,DE,1-10,heather97@holmes.com
3304,2023-10-27,referral,GB,201-1000,nancysmith@aguilar.com
3305,2023-08-28,referral,US,1-10,bsimpson@davis-lee.net
3306,2023-11-10,organic,US,11-50,wayne01@horton.com
3307,2023-11-28,organic,US,1-10,brandinguyen@wright.info
3308,2022-11-03,paid_search,US,1-10,gjackson@tucker.com
3309,2023-11-07,organic,US,1000+,ndavis@sullivan.com
3310,2024-01-08,partner,US,1-10,kathleen06@kelley.biz
3311,2024-07-05,partner,NL,1-10,johnstokes@watson.com
3312,2024-05-31,paid_search,GB,51-200,alexanderjohnson@lee.net
3313,2024-06-24,organic,US,11-50,psawyer@dunlap.com
3314,2022-02-07,organic,GB,51-200,garyyang@roberts.com
3315,2023-07-03,,CA,11-50,cortiz@edwards.com
3316,2024-05-17,organic,IN,1-10,andrewbird@coleman-wright.net
3317,2024-02-16,social,GB,1000+,davidfarrell@johnson-esparza.com
3318,2022-01-14,organic,SG,51-200,jackthompson@gray-pena.com
3319,2024-09-12,paid_search,CA,201-1000,jeffersondaniel@scott.com
3320,2024-08-01,organic,IN,11-50,barbaralee@thompson.com
3321,2024-03-28,organic,GB,1-10,ericquinn@rogers-heath.com
3322,2022-10-03,paid_search,IN,1-10,david42@ross.info
3323,2024-08-23,organic,DE,1-10,lmcguire@silva-jordan.com
3324,2024-04-16,organic,SG,51-200,gordon09@wright-christensen.info
3325,2024-08-29,paid_search,US,1-10,joshuaberry@weber.com
3326,2024-07-19,organic,CA,1-10,richard15@thompson.com
3327,2024-09-16,social,US,51-200,anna14@gallagher-price.com
3328,2024-03-28,social,US,11-50,kristin80@hendricks.info
3329,2023-04-27,organic,US,201-1000,jeffrey69@wood.com
3330,2024-06-05,social,IN,1-10,uhamilton@hall.biz
3331,2024-05-29,partner,IN,1-10,kathleengilmore@arnold.com
3332,2024-07-07,paid_search,DE,201-1000,nataliemann@snyder-vargas.com
3333,2023-06-09,referral,US,1-10,morganchristopher@ellis.com
3334,2023-07-01,partner,US,201-1000,mariolewis@mitchell.biz
3335,2024-10-30,paid_search,CA,51-200,elizabethjohnson@long.com
3336,2024-07-24,paid_search,US,1-10,ariana93@franklin.com
3337,2024-10-29,organic,GB,1-10,odavis@potts.net
3338,2024-08-31,paid_search,SG,201-1000,heatherdavis@johnson.info
3339,2024-04-18,paid_search,BR,51-200,noahruiz@hampton.com
3340,2024-05-01,paid_search,GB,201-1000,amanda67@mckee.biz
3341,2024-10-05,paid_search,CA,1000+,audrey12@werner.com
3342,2024-04-22,social,CA,51-200,krista76@morris.com
3343,2024-05-28,referral,US,11-50,paulpark@christensen-harris.com
3344,2023-05-26,partner,US,1-10,stevenskaitlin@valencia.com
3345,2024-02-04,social,US,11-50,randallarmstrong@mathis.com
3346,2024-07-08,organic,US,11-50,ypark@carter.info
3347,2023-09-11,social,GB,11-50,jenkinspamela@robinson.org
3348,2023-07-17,referral,BR,51-200,johnsonstephanie@jackson.com
3349,2023-10-05,paid_search,GB,1-10,moralesjennifer@guzman.com
3350,2023-08-24,partner,US,201-1000,jeremynelson@lewis-lowery.biz
3351,2023-07-13,referral,IN,1000+,ndouglas@hill.org
3352,2024-01-01,organic,US,51-200,christopher01@snyder-robinson.com
3353,2024-10-06,paid_search,US,11-50,regina11@smith-campbell.org
3354,2024-02-28,paid_search,DE,51-200,ingrambrandon@douglas-livingston.com
3355,2023-06-19,paid_search,SG,11-50,alyssarivas@castaneda-frost.biz
3356,2022-12-09,paid_search,US,1-10,adkinscharles@guzman.com
3357,2024-06-25,paid_search,US,1000+,wayne54@green.com
3358,2023-12-06,organic,IN,11-50,charlesbrown@cunningham-lambert.info
3359,2024-09-18,paid_search,US,201-1000,harrisamy@miller.com
3360,2024-05-25,paid_search,US,1-10,gibbsdarren@patton.org
3361,2024-08-21,organic,CA,1-10,sara02@escobar-caldwell.com
3362,2023-09-15,social,US,51-200,tarameyer@davis.net
3363,2024-06-05,partner,US,11-50,trosales@taylor-washington.com
3364,2023-09-03,,SG,1-10,taraalvarez@richardson.com
3365,2024-11-27,partner,SG,1-10,allenkristina@johnson.info
3366,2024-05-27,referral,IN,1-10,christina16@patton.com
3367,2023-10-24,paid_search,AU,1-10,darlenewilson@wiley-jones.com
3368,2023-09-28,paid_search,US,11-50,morajeff@jenkins.biz
3369,2023-06-18,organic,NL,11-50,paulrussell@olsen-rogers.com
3370,2024-06-12,organic,DE,11-50,katherinecrawford@barry-smith.com
3371,2023-07-28,referral,IN,51-200,tommy17@daniels.net
3372,2024-04-05,paid_search,NL,11-50,ronald94@hudson.com
3373,2023-09-07,organic,NL,201-1000,woodbrittany@haynes.biz
3374,2024-05-10,paid_search,CA,11-50,michaelosborne@tanner-christian.com
3375,2024-09-16,paid_search,US,201-1000,flittle@moore-powell.com
3376,2024-08-01,organic,FR,11-50,qrichardson@sawyer-alvarez.com
3377,2024-08-07,partner,DE,1000+,carteryolanda@rodriguez-walker.biz
3378,2023-06-02,social,US,11-50,qcallahan@cobb.info
3379,2023-01-06,social,IN,1000+,mcdowelladam@hooper.com
3380,2024-06-08,paid_search,US,11-50,vanessa17@herrera.info
3381,2023-11-19,organic,IN,1-10,gjackson@rodriguez.com
3382,2024-01-31,partner,US,11-50,jeromearnold@thompson.com
3383,2022-05-24,social,NL,1-10,herrerathomas@fox.org
3384,2023-09-15,organic,US,1-10,anthony41@barber.com
3385,2022-06-21,organic,US,1-10,hjacobs@watson.com
3386,2024-10-21,referral,US,11-50,michaeljohnson@lee-coffey.info
3387,2023-08-27,organic,FR,11-50,fredday@anderson.biz
3388,2024-03-03,partner,IN,51-200,david57@hooper.com
3389,2022-07-29,organic,SG,1-10,andersonamber@johnson.com
3390,2024-05-29,organic,DE,11-50,renee53@jones-cook.com
3391,2023-10-06,partner,FR,51-200,spearsjose@peters-marsh.com
3392,2024-10-25,organic,CA,1-10,andreathompson@hicks.com
3393,2024-10-24,referral,AU,1-10,wwalker@zavala-hansen.com
3394,2023-10-28,social,CA,51-200,stevenrichards@contreras.com
3395,2024-10-14,paid_search,DE,201-1000,pking@powell.com
3396,2024-12-09,social,FR,201-1000,susan75@armstrong.com
3397,2024-09-21,paid_search,GB,51-200,barbaradoyle@morrison-jordan.com
3398,2024-09-12,organic,US,51-200,michael28@owen.com
3399,2023-08-08,referral,US,11-50,drivera@hall.com
3400,2024-04-09,organic,IN,51-200,fenglish@flores-wallace.com
3401,2022-11-18,referral,AU,11-50,robertcastro@matthews-arnold.com
3402,2023-01-28,partner,GB,11-50,jeffrey08@lee-sharp.org
3403,2024-12-19,social,DE,1-10,daniellesweeney@adams-stevens.info
3404,2023-10-04,organic,IN,1-10,marcuswalter@schmidt.com
3405,2024-07-22,social,AU,51-200,juliesantana@lewis.com
3406,2024-09-23,social,US,51-200,hillshawn@parker.com
3407,2024-09-28,paid_search,BR,1-10,john69@murphy.com
3408,2024-12-13,social,DE,51-200,lcampbell@cruz.org
3409,2023-08-22,partner,US,1-10,rsmith@wood.com
3410,2022-07-21,partner,US,201-1000,jeffreythomas@lowe-carter.com
3411,2024-01-26,organic,GB,201-1000,melindamorris@dorsey.com
3412,2023-04-12,social,US,1000+,andrew29@long-conway.org
3413,2022-04-08,organic,IN,1-10,ramoscory@bean-burke.com
3414,2023-11-23,,US,51-200,turnerrichard@pennington.com
3415,2024-08-07,referral,BR,11-50,rachelreyes@wells.biz
3416,2024-03-24,paid_search,US,51-200,valerieweiss@maddox.com
3417,2023-10-28,paid_search,US,1-10,vincentturner@smith-hernandez.biz
3418,2024-05-18,social,IN,1-10,powersbrandon@allen.com
3419,2023-08-27,paid_search,NL,1-10,fmunoz@brown.org
3420,2022-03-13,paid_search,CA,1-10,russell62@skinner.com
3421,2024-08-13,organic,BR,11-50,vbrown@gomez-greene.com
3422,2024-05-11,social,BR,51-200,nriley@perez.com
3423,2024-08-31,organic,US,1-10,derrickyoung@curtis-harrison.net
3424,2022-07-10,partner,FR,11-50,mitchellnicholas@gross-massey.info
3425,2024-09-25,referral,US,11-50,pattondavid@landry-gomez.org
3426,2024-05-03,organic,US,11-50,moraelizabeth@patterson-fisher.biz
3427,2024-03-29,referral,BR,1-10,brian27@kemp.org
3428,2024-05-11,paid_search,GB,201-1000,angelaunderwood@morris.com
3429,2024-10-04,social,FR,201-1000,moorejohn@wilson.info
3430,2024-04-26,organic,AU,1-10,hughesmargaret@patterson.com
3431,2024-04-08,paid_search,US,11-50,wmartinez@moore.net
3432,2024-12-22,,US,1-10,deborah56@buck.com
3433,2024-07-23,,US,1-10,megan94@smith.com
3434,2024-01-21,social,US,1-10,xgreer@hudson.org
3435,2024-06-01,partner,CA,11-50,morganwarner@clark.biz
3436,2023-12-18,referral,AU,11-50,carol86@salazar-martinez.info
3437,2023-08-28,paid_search,GB,11-50,dakota83@crawford.com
3438,2024-04-29,,FR,51-200,samanthataylor@garcia.com
3439,2024-11-12,social,US,1-10,klara@patterson.com
3440,2024-11-29,partner,US,11-50,bryce27@holder.com
3441,2023-11-03,,US,201-1000,suzannebrowning@clements-diaz.biz
3442,2024-03-23,organic,CA,1-10,sarah69@madden-green.info
3443,2023-07-30,social,CA,11-50,brianna22@olsen-lane.com
3444,2024-12-11,organic,IN,1-10,smithrichard@edwards.org
3445,2024-12-12,social,DE,11-50,tarabarnes@ferguson-cook.com
3446,2024-05-08,paid_search,AU,1-10,lorettabrown@cannon-christensen.biz
3447,2024-09-20,paid_search,AU,1-10,owhite@flores.com
3448,2024-07-06,organic,GB,11-50,gail42@anderson.com
3449,2024-04-29,paid_search,BR,1-10,qmelton@santana-lopez.com
3450,2022-09-22,paid_search,NL,1-10,patricia78@donovan.com
3451,2024-01-09,partner,FR,51-200,renee79@hodge-taylor.com
3452,2024-06-16,paid_search,IN,1-10,helen07@harris.org
3453,2024-06-13,organic,GB,11-50,claytonchavez@randall.com
3454,2023-11-22,paid_search,US,51-200,seansimon@steele.com
3455,2024-11-17,partner,US,11-50,caleb67@cannon-wallace.biz
3456,2023-05-22,referral,BR,1000+,richardrobinson@allison.biz
3457,2024-02-02,social,GB,1-10,adamjones@ware.com
3458,2024-06-03,referral,CA,51-200,vancejennifer@carter.com
3459,2024-06-24,organic,SG,51-200,jamesmullins@sweeney-lowe.biz
3460,2024-05-06,social,US,201-1000,arroyowilliam@fernandez.com
3461,2023-09-24,organic,US,201-1000,patrickchristian@byrd.biz
3462,2023-05-19,social,DE,51-200,andrewgalloway@ramirez-espinoza.com
3463,2024-05-13,referral,US,1-10,camachodustin@wood.com
3464,2024-04-04,paid_search,US,11-50,brendan01@nolan.biz
3465,2023-06-09,paid_search,US,11-50,alvarezkristin@baldwin.net
3466,2024-06-08,paid_search,DE,1-10,robinsonalexandria@ray.com
3467,2024-01-15,social,CA,1-10,danielle04@nelson.com
3468,2024-06-20,organic,AU,11-50,gcruz@jones-lewis.com
3469,2024-09-04,organic,SG,11-50,alexandrapena@robertson-robinson.com
3470,2023-06-01,paid_search,US,51-200,gflores@gonzalez.com
3471,2022-03-19,referral,BR,1000+,weekszachary@james-west.info
3472,2024-08-07,referral,CA,11-50,cdunn@hayden.com
3473,2024-04-12,organic,DE,1-10,pamelatyler@garcia.net
3474,2024-06-12,referral,BR,51-200,timothygarcia@rodriguez.biz
3475,2024-09-29,social,CA,51-200,hpollard@rodriguez-carroll.info
3476,2024-09-15,organic,US,11-50,lgonzales@marquez.biz
3477,2024-11-26,partner,IN,1-10,alvarezbobby@hancock-cook.net
3478,2024-03-10,organic,DE,11-50,nicholasscott@ryan.info
3479,2024-02-06,partner,CA,11-50,amywright@archer.org
3480,2023-12-20,partner,NL,201-1000,justinhughes@thomas.info
3481,2023-05-18,social,IN,201-1000,anita15@olsen.info
3482,2024-04-22,referral,US,1-10,adamgolden@smith.com
3483,2023-09-08,,CA,51-200,ericpetersen@mendoza.biz
3484,2024-11-02,paid_search,NL,201-1000,jonathanjones@shepherd-mckinney.com
3485,2024-04-26,social,DE,51-200,david85@simmons-donaldson.com
3486,2024-04-19,organic,CA,11-50,ameyers@moon.com
3487,2023-11-11,partner,AU,51-200,ocannon@grimes.info
3488,2022-09-17,paid_search,CA,1-10,vbryant@martinez.com
3489,2022-06-11,organic,IN,1-10,luissteele@delgado-dorsey.com
3490,2024-01-21,paid_search,GB,1-10,deleonbryan@solomon-thomas.com
3491,2023-01-01,paid_search,US,11-50,jenniferramirez@phillips.info
3492,2024-04-13,paid_search,SG,51-200,pamelabrandt@rodgers-webb.info
3493,2024-10-25,referral,US,51-200,ndavis@berger.org
3494,2024-10-07,partner,US,11-50,xrodriguez@bishop.info
3495,2024-05-29,referral,US,1-10,mphillips@cummings.com
3496,2023-07-02,paid_search,US,1-10,kimberly00@reeves.com
3497,2024-09-07,paid_search,CA,51-200,valeriejames@diaz.com
3498,2024-10-22,partner,FR,11-50,maryriley@sanchez-hanson.com
3499,2023-07-06,paid_search,DE,1-10,ssmith@mendoza-sanchez.com
3500,2024-07-07,organic,NL,201-1000,cookkristina@wilson.com
3501,2023-09-23,paid_search,FR,11-50,jonesjeanne@barnes.net
3502,2024-09-19,referral,US,201-1000,taylormichael@robbins.com
3503,2024-12-07,partner,US,1-10,nboyer@flores.net
3504,2022-05-29,organic,IN,51-200,michaelkline@lopez.org
3505,2024-10-06,,IN,1-10,meyerspatrick@wagner.com
3506,2024-05-27,paid_search,US,11-50,lisajohnson@davis.com
3507,2024-12-20,referral,BR,11-50,jhenderson@thomas.org
3508,2024-01-19,social,BR,1-10,vanessajimenez@roberts.com
3509,2024-09-29,referral,NL,11-50,andrewmyers@miller.biz
3510,2022-10-01,paid_search,GB,1-10,floresbridget@cannon.info
3511,2023-10-29,organic,IN,1-10,moralesdenise@brown.com
3512,2022-11-01,referral,GB,11-50,rachel36@marquez.com
3513,2024-12-15,organic,DE,1-10,meadowsbrian@lawrence.org
3514,2024-09-04,organic,BR,11-50,cameronramos@acosta.net
3515,2024-09-06,paid_search,US,51-200,thompsondawn@rogers.com
3516,2024-11-22,social,FR,1-10,amy92@vega.com
3517,2023-01-10,organic,AU,1-10,cynthiabutler@sanchez.biz
3518,2023-12-04,paid_search,BR,1-10,amandaday@mccormick.biz
3519,2022-11-03,referral,CA,1-10,baileytracey@turner.com
3520,2023-07-02,paid_search,US,1-10,wbradford@robinson.com
3521,2023-08-27,paid_search,US,11-50,pettyerin@craig.com
3522,2024-02-03,organic,DE,11-50,atkinsryan@jacobs.net
3523,2023-09-05,paid_search,IN,11-50,tiffany18@archer.biz
3524,2023-02-17,social,US,1-10,thomasrussell@holland-todd.com
3525,2023-05-11,organic,US,1-10,bburnett@vaughn-garcia.info
3526,2023-05-28,,NL,1-10,isanders@schmidt.com
3527,2024-12-07,partner,US,1-10,qgardner@howard.com
3528,2024-08-31,organic,US,1-10,lglass@moore.net
3529,2024-11-07,paid_search,FR,1-10,hudsongwendolyn@schneider-miller.biz
3530,2024-01-15,organic,US,11-50,gary89@mcclain.info
3531,2023-09-18,organic,CA,1-10,beverly35@nichols.info
3532,2024-08-04,referral,GB,11-50,bmarshall@villegas-huff.biz
3533,2023-10-20,social,FR,1-10,angel38@moyer-patel.com
3534,2023-10-02,organic,US,1-10,glasssamantha@martinez-alexander.biz
3535,2023-08-13,organic,US,1-10,timothy93@jones.com
3536,2023-04-19,organic,US,11-50,fbell@patel.com
3537,2023-09-19,paid_search,US,51-200,pwilliams@ayala-smith.org
3538,2023-11-16,partner,DE,1-10,josewheeler@white.info
3539,2024-06-20,paid_search,NL,1-10,danielle03@smith.com
3540,2022-10-16,referral,US,1000+,simonedward@smith.com
3541,2023-07-15,paid_search,BR,11-50,khill@morales.org
3542,2024-09-29,paid_search,US,11-50,edward22@rosales.org
3543,2023-05-06,,GB,1-10,loriwalters@cruz.com
3544,2023-11-06,paid_search,US,51-200,bfowler@burnett.biz
3545,2024-10-05,organic,GB,201-1000,staylor@hayes.com
3546,2023-05-28,organic,GB,51-200,terrymark@davis.biz
3547,2023-01-12,organic,GB,201-1000,rachel74@le.info
3548,2024-02-15,social,GB,1-10,michaeltorres@robinson-rivera.com
3549,2023-10-12,paid_search,DE,1-10,oscar68@bates.net
3550,2024-03-17,organic,US,1-10,elizabethbrennan@gonzalez.com
3551,2024-09-07,partner,FR,51-200,diana62@collier-lewis.biz
3552,2023-04-12,partner,CA,51-200,zachary32@valencia.info
3553,2024-04-14,paid_search,US,1-10,alice08@roberts.biz
3554,2024-02-16,organic,DE,1-10,dianebanks@sanchez-cantrell.biz
3555,2023-04-27,,BR,11-50,michelle05@hines.com
3556,2024-05-07,organic,AU,1-10,wardjennifer@thompson.com
3557,2023-09-13,partner,GB,201-1000,ellisjuan@blake.info
3558,2024-02-01,referral,GB,11-50,robinburns@richard.com
3559,2023-01-09,,DE,51-200,cynthia50@hart.com
3560,2024-01-21,paid_search,IN,1-10,jtaylor@rodriguez-johnson.com
3561,2023-10-14,paid_search,US,51-200,evansmatthew@lopez.com
3562,2024-09-25,partner,US,201-1000,nicoletaylor@carlson-ingram.com
3563,2022-09-20,paid_search,DE,1-10,karenoliver@lopez-salinas.com
3564,2024-01-04,social,US,1-10,thomasdiane@johnson.com
3565,2024-01-28,partner,US,1-10,nicolemontoya@arnold.biz
3566,2024-07-30,partner,US,1-10,lindacooper@williams.com
3567,2024-04-07,paid_search,US,11-50,michael51@welch-reynolds.com
3568,2024-06-11,referral,IN,11-50,richardsmario@woods.com
3569,2024-08-23,organic,US,51-200,larry37@johnson.com
3570,2024-09-06,partner,US,11-50,perryjames@wright-davis.com
3571,2023-10-18,partner,GB,11-50,contrerasmaria@richmond-ball.com
3572,2024-03-21,paid_search,SG,11-50,gscott@mullins.net
3573,2024-09-29,organic,US,201-1000,alicia87@moore-lawrence.com
3574,2024-12-30,paid_search,IN,1-10,fduncan@collier.com
3575,2024-10-13,paid_search,CA,51-200,stephanie67@collins.com
3576,2023-11-19,referral,IN,201-1000,samanthamartinez@padilla.com
3577,2023-07-19,referral,GB,1-10,stephanielewis@carey.net
3578,2024-02-16,partner,AU,201-1000,parkermax@sandoval.com
3579,2024-07-03,partner,US,1-10,thomascathy@morales.com
3580,2024-02-10,referral,NL,1-10,angelafloyd@rodriguez.com
3581,2024-02-26,,US,11-50,xcox@gray-lopez.org
3582,2024-09-10,social,NL,1-10,rodriguezmark@johnson.com
3583,2023-11-20,,CA,11-50,deborahwright@watson.com
3584,2024-09-19,paid_search,US,201-1000,elizabethrichards@wilson-day.com
3585,2023-12-07,paid_search,SG,201-1000,russellfelicia@fry.org
3586,2023-10-01,paid_search,BR,1-10,petercasey@lamb-browning.com
3587,2024-01-08,social,US,1000+,williamwilkinson@jennings.com
3588,2024-08-11,organic,FR,51-200,nperez@moore.net
3589,2023-03-15,referral,US,1-10,randyyoder@ramos-shelton.biz
3590,2023-07-28,,DE,51-200,bwilson@taylor-palmer.info
3591,2024-11-01,paid_search,US,11-50,psmith@reed-larson.org
3592,2023-06-13,organic,DE,11-50,brooksjames@hill-williams.com
3593,2024-03-11,paid_search,CA,1000+,andersondebbie@roman.org
3594,2024-04-14,paid_search,US,201-1000,eatonjulie@little-gilmore.com
3595,2024-02-24,organic,US,1-10,wesley76@young.com
3596,2024-05-03,partner,NL,1-10,jacobsjennifer@nelson.info
3597,2023-08-22,partner,BR,201-1000,kenneth18@cummings.net
3598,2024-03-01,social,IN,1-10,williamspamela@ortega.com
3599,2023-11-03,organic,US,11-50,sanchezjuan@garcia.com
3600,2024-05-08,social,BR,1-10,aaronyoung@payne.com
3601,2023-04-01,social,US,201-1000,ginajones@hughes.biz
3602,2024-04-03,organic,DE,201-1000,robertsmith@cunningham.info
3603,2023-06-15,referral,US,11-50,joannaburke@curry-watkins.com
3604,2023-09-20,organic,FR,1-10,lpatterson@williams.com
3605,2023-07-24,partner,US,51-200,scottjennifer@levy.info
3606,2023-06-03,organic,IN,1-10,hamiltonjoseph@savage-johnson.net
3607,2024-09-02,social,GB,11-50,dalton37@rice.com
3608,2023-09-07,paid_search,US,1000+,deanlauren@cox-donovan.biz
3609,2024-11-20,social,GB,51-200,zthomas@morgan-carson.org
3610,2024-12-19,partner,US,1-10,shawnjimenez@gonzales.com
3611,2024-04-01,organic,SG,1-10,bbrady@richards.com
3612,2023-04-29,paid_search,SG,11-50,judyhubbard@mclean-alexander.com
3613,2023-11-23,social,US,51-200,watsontroy@garcia-stephens.net
3614,2024-08-25,,US,11-50,cburgess@blair.com
3615,2023-11-19,organic,GB,11-50,tali@cobb-blackwell.com
3616,2023-01-07,paid_search,IN,51-200,ucoleman@smith.com
3617,2024-03-17,organic,BR,11-50,trujillorobert@sutton.com
3618,2024-09-10,social,US,1-10,jacob83@burke.biz
3619,2024-08-12,partner,US,51-200,paigeperry@johnson-wright.com
3620,2023-06-14,organic,IN,51-200,kryan@watkins-barrera.com
3621,2024-06-01,,DE,1-10,nicholashansen@smith.net
3622,2023-08-25,partner,GB,11-50,tommorrison@perez.com
3623,2023-07-22,,AU,51-200,barbara22@travis.com
3624,2024-10-11,paid_search,FR,11-50,ydonovan@george-ramirez.com
3625,2023-08-16,paid_search,CA,11-50,brendan29@miller.com
3626,2023-09-24,organic,AU,1-10,williamcampbell@stone.com
3627,2022-01-12,paid_search,BR,1-10,griffinbrandy@pearson-charles.info
3628,2024-10-26,social,SG,11-50,erica89@tyler.org
3629,2024-08-29,paid_search,US,51-200,lkline@cole.com
3630,2024-05-13,paid_search,US,1-10,henrydaniel@nash.com
3631,2024-07-11,paid_search,BR,1-10,tranamanda@cooley.biz
3632,2023-05-12,organic,IN,11-50,vasquezcrystal@dickerson.com
3633,2024-01-06,organic,NL,1-10,kaiserjames@jackson.com
3634,2023-11-01,paid_search,US,1-10,shane26@barnes.org
3635,2023-01-01,paid_search,US,51-200,jrobinson@jones.net
3636,2024-02-28,paid_search,US,11-50,myerstiffany@wolfe.com
3637,2024-11-24,paid_search,GB,201-1000,porterronald@bailey-pope.com
3638,2022-07-16,,US,1000+,priceleah@lee.com
3639,2023-09-03,,FR,11-50,harrisonmichelle@adams-johnson.com
3640,2023-07-05,organic,NL,51-200,hannah03@chambers-guzman.com
3641,2023-08-14,paid_search,NL,11-50,zachary58@peterson.com
3642,2024-10-11,referral,DE,11-50,hernandezmelissa@robinson.com
3643,2024-02-04,referral,CA,1-10,daniel41@haynes.com
3644,2024-01-12,social,BR,1-10,marilyn62@fuentes.com
3645,2024-08-16,organic,GB,11-50,hshepherd@weaver.com
3646,2023-05-07,partner,DE,201-1000,connor38@flores-davis.biz
3647,2024-02-29,paid_search,NL,1000+,kimberlymorrison@jacobson.org
3648,2024-01-26,organic,US,51-200,vboyd@rowe-howell.org
3649,2024-04-23,organic,US,1-10,tdominguez@macias-riley.info
3650,2024-12-21,referral,NL,51-200,crystalmelendez@hart.org
3651,2024-08-20,organic,IN,11-50,jacquelinemurray@frank.com
3652,2023-12-16,partner,US,201-1000,emorales@wiley.org
3653,2024-09-13,social,DE,1-10,blee@johnson-schwartz.com
3654,2023-06-16,paid_search,BR,201-1000,tsandoval@villegas-mccarthy.com
3655,2022-05-24,organic,GB,51-200,david22@rosales.net
3656,2023-07-26,social,FR,1-10,lisabrown@gaines.com
3657,2023-11-25,organic,US,11-50,rachel18@banks.com
3658,2024-02-11,paid_search,DE,11-50,gary84@caldwell.com
3659,2024-04-26,organic,US,1000+,heathersanchez@smith-burke.info
3660,2024-10-20,partner,US,51-200,fbell@barnett.biz
3661,2024-02-07,,AU,1-10,whitneyrobert@smith-lang.com
3662,2024-02-24,organic,BR,11-50,parkermichael@ryan.info
3663,2022-09-17,organic,IN,11-50,floresmariah@evans.com
3664,2022-06-27,partner,US,1-10,romeromakayla@dalton-contreras.com
3665,2024-03-10,organic,DE,51-200,daylucas@jensen-white.org
3666,2024-01-03,paid_search,IN,1000+,austinfrye@castillo.biz
3667,2024-09-15,referral,AU,11-50,baguilar@thompson.com
3668,2023-05-25,paid_search,NL,11-50,qdavis@davenport.net
3669,2022-04-07,social,GB,1-10,chelseasmith@mcguire.com
3670,2024-01-05,paid_search,US,1-10,kellygray@thompson.com
3671,2023-08-11,referral,GB,1-10,lindacraig@munoz.info
3672,2022-09-24,paid_search,US,11-50,curtis86@orr-king.com
3673,2024-07-11,paid_search,US,51-200,xparsons@thompson-wright.net
3674,2023-03-02,referral,US,51-200,patrickoliver@spencer.com
3675,2024-04-02,partner,US,51-200,vadams@lane.com
3676,2023-09-05,paid_search,NL,1-10,chelsea70@hudson.biz
3677,2023-06-04,paid_search,NL,1-10,mark59@franco.biz
3678,2023-11-25,paid_search,GB,1-10,bradley71@mills.org
3679,2024-08-11,social,CA,11-50,joshua88@lewis-hill.com
3680,2023-12-17,paid_search,IN,11-50,hestrada@jordan-chapman.org
3681,2024-07-18,social,IN,11-50,stephen61@graves-wyatt.com
3682,2023-03-04,social,BR,1-10,fsilva@howell-odonnell.com
3683,2024-08-02,referral,AU,1-10,richmondjason@green.info
3684,2023-08-27,referral,CA,1-10,rogerstimothy@barnes-luna.com
3685,2024-06-25,organic,US,201-1000,chase86@parks.info
3686,2024-03-17,paid_search,GB,11-50,jose23@benson-booker.com
3687,2024-11-13,organic,IN,11-50,ujohnston@andrade.com
3688,2023-12-22,social,GB,1-10,brewerkimberly@vincent-ray.com
3689,2022-10-07,referral,US,11-50,ccooper@summers.com
3690,2022-03-01,paid_search,US,201-1000,laurahamilton@decker-herrera.com
3691,2024-09-17,partner,US,1-10,laurie14@richard.com
3692,2024-03-18,organic,DE,11-50,ambersavage@patterson-thompson.biz
3693,2024-08-09,referral,CA,1-10,willie16@holmes.org
3694,2023-08-07,social,US,1-10,katherinerussell@oneill.net
3695,2023-11-29,organic,US,1-10,jeffrey10@horn.info
3696,2022-05-01,paid_search,SG,11-50,fburke@wong.net
3697,2024-11-25,paid_search,US,1-10,dylan77@warren-blake.com
3698,2024-06-26,organic,NL,1-10,paulperry@dougherty.biz
3699,2024-11-25,referral,FR,51-200,jonfrazier@fuller.biz
3700,2023-09-22,organic,AU,1-10,tburgess@hall.com
3701,2024-04-15,organic,DE,11-50,jameswood@fisher.com
3702,2024-06-29,social,US,1-10,handrade@turner-delacruz.info
3703,2023-10-01,organic,US,1-10,lmercado@gutierrez.biz
3704,2024-09-16,partner,GB,1-10,smedina@hicks.org
3705,2024-11-13,referral,US,11-50,qcervantes@burch-trevino.org
3706,2024-10-18,referral,IN,11-50,gabrielle34@marquez.com
3707,2024-07-31,organic,DE,201-1000,ybrady@humphrey-booth.com
3708,2023-09-28,organic,US,1-10,aprice@alvarez.com
3709,2023-09-09,partner,US,1-10,wfisher@parker.com
3710,2024-11-19,,US,1-10,kennethjones@miranda-pearson.com
3711,2022-02-21,organic,GB,201-1000,howellbrian@schneider.org
3712,2024-07-03,organic,DE,1-10,joanna65@kelly-hunter.com
3713,2024-06-02,partner,US,1-10,jennifer53@bird.biz
3714,2024-05-30,partner,SG,201-1000,john23@anderson.com
3715,2024-12-04,partner,FR,11-50,greenanthony@doyle.com
3716,2023-10-01,partner,NL,1-10,madison11@norris.biz
3717,2023-11-04,organic,US,201-1000,victoria18@vega.net
3718,2022-12-19,referral,US,1-10,kaitlynwest@morales-jones.com
3719,2024-01-19,paid_search,FR,1-10,fwest@day.com
3720,2023-09-03,paid_search,GB,1-10,jennifer96@lambert-garrison.biz
3721,2023-11-14,social,GB,1000+,jeansmith@joseph-wood.com
3722,2024-09-19,partner,DE,1000+,alvin91@higgins-miles.com
3723,2024-11-29,organic,US,11-50,blairaudrey@crawford.com
3724,2023-06-26,organic,DE,1000+,joshua73@nichols.com
3725,2023-11-07,organic,GB,1-10,gomezjavier@patel.com
3726,2024-11-21,organic,AU,201-1000,todd73@arnold.com
3727,2022-10-18,,CA,1-10,gquinn@jackson-gibson.com
3728,2023-01-28,social,US,1-10,aaronmurphy@campbell-smith.com
3729,2023-05-12,paid_search,CA,1-10,kristacastillo@massey.net
3730,2024-04-22,partner,FR,11-50,fgutierrez@turner-harris.com
3731,2023-05-11,social,US,1-10,charles30@kelly.com
3732,2024-11-13,paid_search,SG,51-200,rachel65@briggs.net
3733,2024-01-05,social,IN,11-50,dana17@guzman.org
3734,2024-02-18,paid_search,SG,1-10,lambalexandra@mercado.com
3735,2023-08-09,partner,US,1-10,zrivera@franco.info
3736,2024-02-15,paid_search,CA,11-50,katherine23@harris.com
3737,2024-05-29,organic,CA,201-1000,kelleyjennifer@oconnor.net
3738,2024-07-21,organic,US,11-50,fuentesmichelle@green.org
3739,2024-07-24,organic,IN,1-10,larrymoore@franklin.com
3740,2024-04-27,social,IN,1-10,pittmanjill@thompson.com
3741,2024-10-27,paid_search,US,11-50,thomaslee@branch.biz
3742,2024-09-02,paid_search,AU,1-10,gonzalezchristopher@kelly.com
3743,2024-07-18,referral,US,1-10,jeffrey30@phillips-cole.net
3744,2022-09-23,social,CA,1-10,powerscory@jensen.biz
3745,2022-01-27,social,CA,1-10,christina45@bryant-figueroa.biz
3746,2023-07-22,social,US,1-10,karatorres@wilson-grant.com
3747,2024-05-14,referral,SG,1-10,thomassheila@adams.com
3748,2024-01-21,paid_search,IN,201-1000,johnsonteresa@goodman.org
3749,2023-12-07,social,BR,1000+,smithpaula@acosta.com
3750,2024-10-26,organic,US,1-10,laurenmartinez@thomas.com
3751,2024-10-31,paid_search,IN,1-10,chenvictor@morales.org
3752,2024-10-07,paid_search,US,51-200,bblevins@lee.com
3753,2023-10-01,organic,US,1-10,smithashley@bates.com
3754,2024-06-27,social,US,1-10,ianderson@burton.com
3755,2023-09-04,paid_search,GB,11-50,williamsdeanna@durham-adams.com
3756,2023-06-23,referral,US,1-10,qmoss@hawkins.com
3757,2023-06-10,paid_search,AU,11-50,christopher52@shepherd.com
3758,2023-11-20,referral,DE,1000+,robingould@smith-james.com
3759,2024-01-16,paid_search,US,51-200,thompsonsavannah@baker.com
3760,2024-09-28,social,IN,51-200,olivia47@schwartz-lawson.com
3761,2023-03-14,referral,DE,1-10,robbinsandrew@walters.org
3762,2024-07-22,paid_search,US,1-10,ryan43@davis.com
3763,2024-03-16,social,US,1-10,ryan23@hansen.info
3764,2023-09-03,organic,FR,51-200,sbailey@hanson.com
3765,2024-02-04,paid_search,FR,1-10,iholland@johnson.com
3766,2023-10-16,organic,US,51-200,rsmith@rivas-hill.info
3767,2024-04-28,paid_search,DE,1-10,molinachristina@hicks.com
3768,2024-01-22,organic,BR,51-200,wolfjessica@matthews.com
3769,2023-05-30,paid_search,US,1-10,stephaniehudson@jones-dawson.com
3770,2023-03-09,referral,GB,201-1000,steve90@hall-alexander.net
3771,2024-03-21,social,US,1-10,briannaandrade@ortiz.org
3772,2024-10-17,paid_search,BR,1-10,jessica26@smith-hawkins.net
3773,2023-11-06,organic,AU,11-50,hbriggs@carrillo.com
3774,2024-07-22,organic,IN,1-10,michaelalvarado@nichols.net
3775,2024-05-16,organic,GB,51-200,jennifersantana@rose.com
3776,2024-11-21,partner,IN,1-10,jason68@cooper.biz
3777,2024-09-06,organic,BR,11-50,oknox@shaw-bishop.biz
3778,2024-03-16,organic,GB,51-200,mario83@beltran-gross.org
3779,2024-05-30,organic,US,1-10,mariah75@miller.com
3780,2024-10-31,referral,US,11-50,pacemarcus@sutton-fletcher.org
3781,2023-12-26,referral,US,11-50,sandragraves@hill-erickson.com
3782,2023-10-23,paid_search,CA,11-50,rasmussencaleb@carter.com
3783,2022-02-02,organic,AU,11-50,wwallace@combs.com
3784,2024-09-03,organic,BR,11-50,vcoleman@adams.com
3785,2024-08-16,paid_search,NL,201-1000,charles56@tanner-carr.info
3786,2023-02-05,organic,US,11-50,uyoung@mcintyre.org
3787,2024-04-22,organic,DE,11-50,michaelgordon@brown.biz
3788,2024-01-18,organic,US,51-200,marymiller@murphy.com
3789,2023-03-06,referral,US,1-10,duane84@conner.org
3790,2024-12-07,organic,US,51-200,timothyortiz@bradley.com
3791,2023-07-01,paid_search,CA,1-10,dpena@brock.com
3792,2022-11-17,referral,AU,1-10,alan33@spencer-jones.com
3793,2024-04-29,social,US,1-10,samuelallen@ross.com
3794,2024-07-16,social,US,11-50,jose60@sanchez-moore.biz
3795,2022-06-16,organic,US,11-50,gilbertsamuel@velazquez-summers.biz
3796,2024-05-21,paid_search,IN,1-10,tylerwilliams@curry-foster.com
3797,2024-03-05,partner,US,51-200,rodriguezhannah@schmidt.com
3798,2023-02-16,paid_search,SG,11-50,joann21@booker-sharp.com
3799,2023-06-08,referral,GB,11-50,michellenunez@peterson-flores.com
3800,2024-03-31,organic,US,1-10,sloanpaul@green-dunlap.com
3801,2023-10-14,organic,US,1-10,gwoods@roberts-foster.info
3802,2024-11-07,referral,NL,1-10,guerramaria@wade.org
3803,2024-09-20,social,US,201-1000,lawsoncalvin@brooks-jones.org
3804,2024-12-16,referral,IN,201-1000,kerry49@morgan.com
3805,2023-09-21,partner,DE,1-10,nhardin@thompson.net
3806,2024-12-17,organic,IN,11-50,elizabeth74@wallace-bell.com
3807,2024-01-01,paid_search,AU,51-200,olsonmichael@swanson-baker.com
3808,2023-11-25,organic,DE,1-10,jeffrey68@sandoval-garcia.biz
3809,2022-09-13,organic,DE,1000+,stephanieswanson@baker.info
3810,2022-09-11,paid_search,CA,1-10,spotts@evans.com
3811,2024-06-10,partner,GB,11-50,michaelford@mcknight.com
3812,2024-01-25,partner,DE,11-50,martinezmason@ford-trevino.com
3813,2023-08-30,referral,AU,51-200,john14@herrera.com
3814,2024-04-05,paid_search,US,11-50,vhayden@scott-walker.com
3815,2023-09-11,paid_search,DE,1-10,zparker@murphy.org
3816,2024-04-21,organic,US,1-10,edward28@levy-bailey.com
3817,2023-11-17,organic,NL,1-10,todd94@cox-mason.biz
3818,2024-09-08,referral,US,1-10,ywilliams@ayala.com
3819,2024-09-27,paid_search,DE,1-10,njackson@fitzgerald.info
3820,2024-02-20,paid_search,DE,51-200,turnersteven@morales-watkins.info
3821,2023-11-29,social,IN,11-50,scotttiffany@lawrence.com
3822,2023-11-07,referral,GB,11-50,david55@peterson.info
3823,2024-09-11,organic,GB,11-50,nathan60@murray.org
3824,2023-10-04,social,BR,11-50,egarcia@bailey-byrd.com
3825,2023-07-07,referral,DE,1-10,gonzalesaustin@stevens-gibbs.com
3826,2023-01-29,referral,CA,1-10,burnsryan@thompson.com
3827,2024-01-16,social,NL,11-50,jmckee@curry.org
3828,2024-02-11,organic,AU,1-10,elizabethtownsend@coleman.com
3829,2024-09-13,social,SG,1-10,ptucker@suarez-pope.net
3830,2023-08-07,social,US,11-50,dwilliams@anderson-ferguson.com
3831,2023-11-30,,AU,1-10,kimberly33@wilkins-mullins.org
3832,2024-09-19,paid_search,US,1000+,jonesjake@mcdonald.com
3833,2024-09-21,,AU,11-50,ryanrosales@edwards.org
3834,2023-12-13,paid_search,US,1-10,ealexander@adams.com
3835,2024-01-25,social,US,51-200,sloanemily@ballard.biz
3836,2023-10-09,organic,CA,1-10,ann26@palmer.com
3837,2024-11-04,partner,DE,1-10,uyoung@pacheco-bautista.com
3838,2023-03-29,referral,US,1-10,oliviashields@myers.com
3839,2024-11-20,social,US,1-10,summerrobles@jones.com
3840,2024-06-08,referral,AU,1-10,michelle61@richards.net
3841,2024-03-18,paid_search,US,1-10,meganpatrick@long-chang.com
3842,2022-06-19,paid_search,US,51-200,ostuart@nelson.com
3843,2024-02-27,paid_search,CA,1-10,glenda54@middleton-rodriguez.com
3844,2023-12-06,organic,FR,1000+,christopher67@dixon.com
3845,2023-05-09,social,US,1-10,briantran@schneider.info
3846,2024-05-14,organic,GB,1-10,xpalmer@herrera.info
3847,2024-12-06,partner,US,1-10,greenemily@johnson.com
3848,2024-03-22,paid_search,AU,11-50,jamesmorris@lam.com
3849,2024-07-13,paid_search,US,51-200,njackson@smith-smith.info
3850,2022-11-14,social,GB,51-200,dmora@williams-berry.biz
3851,2024-01-13,partner,IN,1-10,igraham@rowe.com
3852,2023-03-25,organic,BR,11-50,aaron67@massey.com
3853,2024-04-26,partner,US,1-10,sthomas@mills.com
3854,2024-11-17,referral,IN,11-50,masonlisa@williams.com
3855,2024-05-12,organic,US,51-200,pkirk@flynn-scott.biz
3856,2022-12-22,paid_search,IN,1-10,levans@miller.com
3857,2023-11-11,paid_search,US,51-200,hughesrhonda@johnson.info
3858,2024-03-29,organic,AU,11-50,perezdavid@bolton.com
3859,2023-12-01,referral,AU,11-50,tranjo@hansen-garcia.biz
3860,2024-09-03,paid_search,IN,1-10,bethanymarshall@ford.com
3861,2024-09-12,paid_search,US,11-50,sandra19@walsh.com
3862,2024-04-15,partner,US,1-10,stephanie60@thompson.org
3863,2023-11-08,organic,NL,1-10,piercewilliam@sparks-robertson.com
3864,2023-09-06,organic,BR,11-50,jameschaney@hall.org
3865,2023-02-20,paid_search,US,1-10,smithmichael@mcclure.com
3866,2023-11-13,paid_search,IN,1-10,qcollins@berry-ingram.com
3867,2024-01-30,organic,DE,11-50,johnsonfrank@torres.com
3868,2024-06-09,organic,NL,11-50,jaimeduncan@palmer-walters.info
3869,2024-05-10,organic,GB,201-1000,huynhmatthew@chavez.info
3870,2022-11-06,organic,US,11-50,leemichael@hayes.com
3871,2023-12-08,partner,DE,11-50,joncantu@smith-davis.biz
3872,2023-06-26,social,NL,201-1000,amber38@flores.com
3873,2023-05-06,organic,CA,11-50,avilashawn@ellis-glenn.biz
3874,2024-09-06,organic,IN,1-10,smithjoshua@nguyen-finley.org
3875,2022-07-23,organic,IN,1-10,qrhodes@cameron.info
3876,2024-01-26,organic,US,11-50,bradleyperez@carpenter-fisher.info
3877,2023-05-25,paid_search,US,11-50,rita74@wilson-smith.net
3878,2024-10-06,organic,US,201-1000,penny09@haynes-lucero.com
3879,2024-03-25,organic,IN,11-50,weavervicki@smith-peterson.com
3880,2023-08-29,organic,US,1-10,timothygibson@macdonald.com
3881,2024-02-05,social,US,11-50,hgutierrez@rodriguez.org
3882,2024-07-12,referral,US,1-10,cmyers@roberts-paul.biz
3883,2024-11-06,social,FR,1-10,steven89@hernandez-hughes.org
3884,2023-08-20,social,US,1-10,kennethmorgan@johnson.net
3885,2024-10-01,organic,CA,11-50,sue68@harmon-smith.biz
3886,2024-11-25,paid_search,CA,11-50,ucummings@white.biz
3887,2024-10-17,paid_search,DE,11-50,robinsondavid@casey-alvarez.org
3888,2024-05-26,referral,FR,51-200,dware@carlson-mcdonald.com
3889,2024-05-25,organic,NL,1-10,othomas@mcdonald-white.info
3890,2023-12-28,paid_search,IN,1-10,santiagochristopher@malone-mcneil.com
3891,2024-07-20,,IN,1-10,angelabarnes@guerrero.biz
3892,2024-03-29,paid_search,GB,1-10,karlmartin@cohen.com
3893,2024-06-11,paid_search,IN,1-10,jasonlawrence@king.com
3894,2024-01-25,referral,US,201-1000,bolsen@knight-mccann.com
3895,2024-07-26,social,US,51-200,rossmaurice@lee.net
3896,2024-09-13,organic,US,1-10,imorris@torres.info
3897,2023-05-15,organic,GB,51-200,johnsonpatrick@king-blackwell.net
3898,2024-09-12,partner,GB,11-50,justin75@rodriguez.net
3899,2024-03-02,organic,US,11-50,scottmichael@conway-moreno.com
3900,2024-09-04,organic,US,11-50,john76@arellano-diaz.com
3901,2024-01-13,partner,BR,1-10,bhawkins@moreno.com
3902,2023-11-10,paid_search,CA,11-50,bobbybowen@jackson.com
3903,2024-10-30,,IN,1-10,fjohnson@novak.biz
3904,2023-09-11,organic,NL,1-10,stephanierowe@anderson.info
3905,2024-09-04,organic,FR,1-10,samanthastone@mckenzie.com
3906,2024-02-01,paid_search,DE,1-10,laurie49@robles-thompson.com
3907,2024-02-15,paid_search,IN,11-50,ksexton@collins-wilson.com
3908,2023-10-20,paid_search,GB,51-200,jameswhite@hunter.com
3909,2024-04-19,organic,GB,11-50,whitetony@cohen-hernandez.com
3910,2023-10-25,paid_search,DE,11-50,erincross@goodwin.com
3911,2022-07-24,referral,US,1000+,michael41@hill-jimenez.com
3912,2023-09-30,social,US,51-200,brownpamela@perry-baxter.com
3913,2022-01-24,social,US,1-10,chanmichael@becker-duncan.com
3914,2024-12-30,organic,DE,1-10,george03@sanders.com
3915,2024-11-08,organic,US,1000+,jessica33@berry.net
3916,2023-12-07,paid_search,US,51-200,pthomas@peters.com
3917,2024-07-29,organic,CA,1-10,fwilliams@rogers-levine.com
3918,2023-11-30,organic,SG,1-10,denniswashington@figueroa-schmidt.net
3919,2024-06-02,organic,CA,1-10,oliversteven@diaz.com
3920,2024-09-15,partner,US,11-50,ecrawford@anderson.org
3921,2024-11-04,organic,GB,201-1000,brandonallison@dunn.com
3922,2023-12-20,social,GB,11-50,johnbush@cole.com
3923,2024-08-31,organic,AU,201-1000,grichards@watkins.com
3924,2023-09-27,social,DE,1-10,robin11@kirby-pham.info
3925,2024-12-05,referral,IN,11-50,campbellfrederick@mckee.com
3926,2022-05-22,organic,AU,201-1000,hturner@melendez-evans.info
3927,2024-04-08,social,GB,1-10,brandimoore@reed.net
3928,2024-05-31,paid_search,CA,51-200,heatherthompson@andrews.info
3929,2024-06-13,organic,AU,51-200,pyoung@erickson-murray.com
3930,2023-03-09,organic,US,1-10,kenneth43@ware.info
3931,2024-11-26,organic,NL,11-50,ymartin@woods-morgan.biz
3932,2023-06-05,partner,FR,11-50,jeffrey80@austin.com
3933,2024-05-14,social,GB,1-10,josephferguson@davidson.com
3934,2023-08-03,organic,DE,201-1000,aperkins@sims.com
3935,2023-10-22,organic,US,201-1000,albert16@gomez.com
3936,2024-03-14,paid_search,GB,11-50,richardneal@whitaker.com
3937,2024-01-01,paid_search,GB,1-10,walkerkimberly@brown.com
3938,2023-05-16,partner,CA,1000+,gaineserika@owens.com
3939,2023-06-19,organic,GB,1-10,llopez@collins-jones.info
3940,2024-01-08,referral,US,1-10,robert00@jones.com
3941,2024-08-11,referral,BR,1-10,tiffanybishop@nelson.org
3942,2024-10-03,social,US,11-50,maryestes@gill.info
3943,2023-01-16,partner,NL,51-200,frobles@wright-larson.com
3944,2023-12-23,referral,SG,1-10,ryandurham@turner.com
3945,2023-02-06,organic,US,51-200,williamsjames@hart.com
3946,2022-03-22,referral,IN,1-10,dturner@jones-pittman.com
3947,2024-05-19,organic,US,1-10,dustin87@wilkinson.com
3948,2024-04-04,organic,AU,1000+,jordan04@davidson.biz
3949,2023-05-20,organic,NL,51-200,ugeorge@brady.com
3950,2023-08-29,paid_search,SG,1-10,sophia39@torres.org
3951,2022-04-19,organic,IN,1-10,rmatthews@nash-stevenson.org
3952,2024-09-20,organic,US,11-50,kyliebarker@palmer.com
3953,2024-12-09,organic,IN,11-50,stephen38@mcclain.com
3954,2023-04-16,referral,DE,1-10,vhall@soto.com
3955,2023-08-28,paid_search,US,11-50,whitejerry@garcia-white.com
3956,2024-10-15,paid_search,CA,1-10,bmahoney@hudson.info
3957,2024-11-23,social,GB,201-1000,brianhall@nguyen.biz
3958,2024-01-26,,US,1-10,martinezlorraine@davis-johnson.com
3959,2022-09-08,paid_search,FR,1-10,stacey58@brown-matthews.com
3960,2022-07-02,referral,US,1-10,hilledwin@meyers.biz
3961,2024-04-15,organic,FR,1-10,charles99@watson.com
3962,2023-12-11,referral,AU,51-200,malikdixon@pugh.com
3963,2022-05-14,paid_search,NL,11-50,richardlynn@beltran.com
3964,2024-04-22,referral,AU,201-1000,cheryl41@marquez.info
3965,2022-02-07,partner,DE,1-10,michael16@salinas-thompson.net
3966,2024-08-13,organic,US,1-10,tinaortiz@larsen.com
3967,2023-10-28,social,GB,51-200,eanderson@caldwell.biz
3968,2022-07-15,referral,GB,51-200,lesliesmith@ellis.com
3969,2024-04-11,paid_search,IN,51-200,robertsbrian@hart.biz
3970,2023-12-23,paid_search,US,201-1000,emurray@lee-lewis.biz
3971,2024-12-19,partner,US,201-1000,durhamwilliam@cannon.com
3972,2024-03-06,,GB,11-50,doconnor@robinson.net
3973,2023-09-11,organic,BR,1-10,medinajamie@lloyd-huang.com
3974,2024-06-20,paid_search,US,1-10,jmays@wilson.net
3975,2023-09-06,paid_search,IN,11-50,christopher56@williams.org
3976,2024-10-23,paid_search,DE,1-10,zcook@herrera.net
3977,2023-11-04,paid_search,IN,11-50,smithstacy@freeman.net
3978,2024-03-07,organic,DE,201-1000,nunezsherry@west-chen.info
3979,2022-09-24,paid_search,CA,201-1000,michaelcampbell@black-acosta.com
3980,2024-01-19,referral,DE,11-50,brandonross@farley-meyer.org
3981,2024-09-24,social,GB,51-200,dakota45@lawson-harris.info
3982,2024-09-18,organic,SG,11-50,greentimothy@johnson.biz
3983,2023-08-10,paid_search,GB,11-50,jwatson@hines-barry.com
3984,2023-08-26,organic,IN,11-50,btorres@bell.com
3985,2024-09-15,partner,AU,1-10,tclark@howe.net
3986,2024-11-11,social,US,1-10,moondiana@chapman.com
3987,2023-01-29,referral,US,1-10,taylorallison@patterson-chang.com
3988,2024-01-29,referral,GB,1-10,kayleewarner@norton-smith.com
3989,2023-10-08,organic,NL,11-50,graygrace@rodriguez-patton.biz
3990,2024-10-13,organic,US,1-10,watsonamy@hernandez.com
3991,2023-01-26,organic,IN,11-50,stephaniemoses@rogers-johnson.com
3992,2023-07-14,organic,BR,51-200,kenneth08@cortez.net
3993,2024-07-25,referral,US,11-50,ashleycrawford@ellis.com
3994,2022-09-02,paid_search,AU,11-50,ndavis@harris.com
3995,2024-02-18,organic,US,1-10,kelseybrown@carpenter.com
3996,2024-01-13,referral,US,11-50,eric49@odom.com
3997,2023-10-07,organic,GB,1-10,kimashley@gutierrez.biz
3998,2023-12-08,partner,US,1-10,williamcrawford@howard.org
3999,2024-03-24,social,US,1-10,vmoore@chavez.biz
4000,2023-05-09,paid_search,BR,1-10,smithdavid@anderson.com
4001,2024-04-06,paid_search,IN,1-10,patrick77@lopez.com
4002,2024-09-18,referral,DE,1-10,mckenziecurtis@rosales.com
4003,2024-08-05,partner,BR,1-10,chad66@mckinney.com
4004,2023-05-08,organic,IN,51-200,bethfreeman@carter.com
4005,2023-05-09,,US,11-50,amarsh@nguyen.biz
4006,2023-09-04,paid_search,IN,11-50,maria44@moore-thomas.com
4007,2023-11-17,organic,DE,1-10,johnstephens@lee-jones.info
4008,2023-12-03,paid_search,US,1-10,stevenevans@perez.com
4009,2024-06-26,organic,NL,51-200,dominguezomar@welch-burnett.com
4010,2022-09-30,partner,IN,51-200,munozjohn@ortiz.info
4011,2022-06-03,,US,1-10,marksashley@martinez.org
4012,2023-12-17,social,CA,11-50,jessicaboone@huber-rhodes.com
4013,2024-06-30,social,GB,1-10,jessica68@caldwell.com
4014,2023-06-13,social,GB,51-200,josecampbell@campos.com
4015,2024-05-25,social,US,1-10,acevedoyvonne@schultz.com
4016,2023-09-21,paid_search,AU,11-50,terryjesse@fields-wallace.org
4017,2024-10-24,organic,DE,201-1000,collinsshannon@ward.com
4018,2024-10-16,referral,GB,1-10,schavez@roth.com
4019,2023-10-12,organic,US,11-50,danpacheco@hines-price.com
4020,2023-08-01,referral,US,11-50,wmartinez@ellis.info
4021,2024-01-12,referral,GB,51-200,krystal74@walker.com
4022,2023-08-11,partner,US,51-200,christine99@cole.org
4023,2024-06-20,paid_search,IN,11-50,ericksonphillip@roberts.com
4024,2024-09-16,paid_search,SG,51-200,smithpaul@jackson.com
4025,2024-06-11,organic,IN,51-200,shelbywarner@williams.com
4026,2024-09-21,paid_search,US,51-200,jenningsbarry@davies.biz
4027,2023-12-10,organic,US,201-1000,kenneth12@perez-johnson.com
4028,2023-05-22,,US,1-10,brownscott@ross.biz
4029,2024-07-13,,US,51-200,william81@smith-banks.biz
4030,2023-11-03,,GB,11-50,johnsonbrian@yates-smith.com
4031,2024-06-24,organic,US,1000+,wtucker@valdez.org
4032,2023-09-11,organic,US,1-10,caitlin30@rose-rodriguez.com
4033,2022-12-17,referral,BR,1-10,trodriguez@collier-haney.com
4034,2024-12-04,,IN,1-10,jacksonchristopher@carter-duffy.com
4035,2023-05-04,organic,US,51-200,melinda67@perez-hall.net
4036,2024-12-08,organic,US,51-200,elizabeth65@bentley-perez.com
4037,2024-12-25,paid_search,BR,51-200,bparsons@acosta.com
4038,2024-08-18,partner,BR,11-50,walterkatherine@williamson-robles.org
4039,2024-05-30,referral,US,201-1000,paulpowell@lewis-cruz.com
4040,2024-04-25,partner,US,201-1000,dholland@garcia.com
4041,2024-10-03,referral,US,1-10,kathryn24@simpson.com
4042,2023-09-03,organic,NL,1-10,megan65@sanchez.biz
4043,2024-02-29,paid_search,GB,1-10,qbeck@miller.org
4044,2024-05-18,organic,US,201-1000,kyliekline@lowery-myers.com
4045,2024-01-29,social,US,1-10,xsmith@davidson.com
4046,2024-01-21,partner,FR,1-10,hlawson@martinez.org
4047,2023-10-26,organic,US,51-200,sarahwatson@long-morales.org
4048,2024-03-06,social,IN,11-50,ssmith@rowland.com
4049,2024-09-08,,US,11-50,carolyoung@anderson.net
4050,2023-07-09,referral,FR,51-200,vsanders@hanna.com
4051,2024-11-16,paid_search,US,1-10,andrew26@smith.com
4052,2024-06-22,paid_search,IN,1-10,contreraskara@meyers.com
4053,2024-09-05,paid_search,AU,201-1000,ljones@lee-scott.com
4054,2024-03-10,organic,DE,201-1000,taylorchristopher@smith.net
4055,2024-08-23,paid_search,DE,11-50,dianalee@wade-bennett.org
4056,2022-03-04,paid_search,US,1-10,duranglenda@wilkins.com
4057,2024-09-05,referral,IN,11-50,charlesbaker@moreno-snyder.info
4058,2022-07-31,referral,US,1-10,courtneygutierrez@montes-hardy.com
4059,2024-10-08,social,FR,11-50,davidjones@payne.com
4060,2024-12-05,,US,1-10,foxtracey@martinez-cruz.com
4061,2023-09-01,referral,FR,51-200,moorerobert@vaughn.org
4062,2023-07-01,paid_search,US,11-50,rodneylopez@lynch.biz
4063,2024-08-05,social,IN,201-1000,alexis32@harrington.com
4064,2023-09-11,,GB,11-50,donnamadden@kramer.com
4065,2024-10-09,paid_search,US,11-50,gtrujillo@james.com
4066,2023-02-07,paid_search,US,11-50,maguilar@bradley.com
4067,2023-03-31,referral,CA,201-1000,jackson96@scott-sutton.com
4068,2024-12-14,organic,US,11-50,laurieburgess@wang-blair.biz
4069,2024-06-02,social,IN,51-200,wigginsnicole@parker.com
4070,2024-09-17,organic,GB,201-1000,simmonsandrew@stone.com
4071,2023-10-05,organic,US,51-200,logan59@keller.biz
4072,2024-06-16,social,CA,11-50,kimberlyschmidt@williams.com
4073,2024-04-12,paid_search,US,1-10,reevesjoseph@mckay-mcdonald.com
4074,2024-04-28,organic,CA,1-10,uwhite@foster-johnson.com
4075,2024-06-06,paid_search,GB,1-10,mariophillips@hogan.org
4076,2024-04-25,organic,CA,1-10,omcdonald@gibson.org
4077,2024-01-31,referral,DE,1-10,tiffany95@jones-nixon.com
4078,2023-09-09,social,CA,11-50,jennifer41@brown.com
4079,2024-08-09,partner,CA,1-10,drichmond@robinson.biz
4080,2023-08-13,organic,AU,201-1000,susanlong@ford.com
4081,2024-06-08,partner,US,1-10,jessica23@johnson.net
4082,2023-08-31,referral,AU,11-50,wardstephanie@paul.com
4083,2024-05-26,partner,NL,11-50,courtneygamble@taylor.com
4084,2024-07-17,organic,NL,1-10,williamsthomas@boyd.info
4085,2023-07-23,social,GB,1-10,jenniferjarvis@gardner-hernandez.com
4086,2022-10-16,organic,US,1-10,eanderson@cole.net
4087,2023-04-25,paid_search,FR,1-10,rking@kim.com
4088,2024-04-07,referral,DE,1000+,baustin@soto.com
4089,2024-09-19,referral,US,11-50,colleencross@rivera-cohen.com
4090,2022-08-07,partner,US,201-1000,kruegernicole@palmer.com
4091,2024-07-12,paid_search,US,1-10,jennifer26@clark.com
4092,2023-11-08,paid_search,AU,11-50,robertferrell@anderson.com
4093,2024-02-04,referral,US,11-50,julierice@thornton.com
4094,2024-11-02,organic,GB,1000+,nataliebowman@forbes.com
4095,2023-10-03,organic,SG,11-50,hooperkatrina@atkinson.com
4096,2024-01-23,organic,FR,1-10,pittsjenna@martinez.org
4097,2022-03-04,organic,US,11-50,ehuff@lowe.com
4098,2023-01-04,,DE,201-1000,nathaniel41@price.biz
4099,2023-09-29,organic,US,1-10,betty00@payne.net
4100,2022-05-04,organic,US,11-50,garciajessica@burns.com
4101,2024-05-24,referral,IN,1-10,kgreer@smith.com
4102,2024-01-23,organic,US,51-200,stewartandrew@brandt.biz
4103,2024-03-24,organic,IN,51-200,simonkendra@rivera.com
4104,2023-06-07,social,BR,1-10,ernest32@guerrero.com
4105,2023-10-17,referral,NL,1-10,wesley83@wong-fields.com
4106,2024-05-14,referral,NL,51-200,samantha04@carney-thompson.com
4107,2024-11-18,referral,US,1-10,caitlinwilliams@miller.com
4108,2022-09-21,referral,DE,1-10,luis62@griffin-daniels.net
4109,2024-10-27,organic,FR,51-200,richardwalker@hill-matthews.com
4110,2024-04-07,social,US,1-10,scotttamara@macdonald.org
4111,2024-03-02,referral,US,1-10,iwilson@jones-oneal.com
4112,2024-02-04,social,FR,1-10,gregoryfrey@richardson.com
4113,2022-11-25,partner,US,11-50,donna59@williams.com
4114,2023-01-05,referral,IN,1-10,cramos@greene-haas.com
4115,2024-04-13,organic,GB,11-50,beckerkristen@salinas.com
4116,2023-11-22,social,GB,1-10,jjenkins@sawyer-nguyen.com
4117,2024-10-06,organic,US,1-10,osbornaaron@werner.org
4118,2023-12-08,referral,US,51-200,cbuck@humphrey.com
4119,2023-04-23,referral,DE,201-1000,darrenharris@fletcher-larson.biz
4120,2024-07-30,referral,SG,11-50,smithwillie@ellis-becker.com
4121,2023-09-11,partner,US,1000+,emilyreid@willis.info
4122,2024-03-18,referral,US,11-50,peter11@wright.info
4123,2024-06-06,referral,IN,1-10,stevenschultz@dominguez-donovan.com
4124,2024-10-09,referral,NL,51-200,abigailtucker@macias.com
4125,2024-08-27,organic,GB,1-10,jessica89@sanders.com
4126,2024-06-18,paid_search,US,11-50,tanyamcdonald@sanchez.com
4127,2024-06-26,referral,BR,1-10,ruiztyler@gilbert-baird.com
4128,2024-11-23,paid_search,BR,11-50,larry44@rodriguez-mccarty.info
4129,2023-10-13,partner,AU,51-200,kperkins@simmons.com
4130,2022-01-05,organic,US,201-1000,destiny47@holder-rodriguez.biz
4131,2023-09-26,organic,BR,11-50,zunigajessica@peterson.net
4132,2023-07-20,paid_search,US,11-50,samanthablack@walsh.info
4133,2024-05-03,paid_search,CA,1-10,ucox@romero-walker.info
4134,2024-05-11,paid_search,IN,1-10,robert81@woods-parker.com
4135,2024-04-16,partner,US,51-200,erica73@ferrell.com
4136,2022-03-08,referral,US,1-10,yowens@beard.com
4137,2024-07-15,organic,FR,11-50,diane07@nichols.com
4138,2023-10-24,social,GB,11-50,jennifermason@smith-strong.biz
4139,2024-05-28,paid_search,US,1-10,david85@cannon.com
4140,2024-03-01,social,FR,201-1000,kedwards@young-benson.com
4141,2023-11-24,organic,US,51-200,mitchellshannon@wheeler-brown.com
4142,2023-04-26,referral,US,11-50,johnolson@carter.com
4143,2023-01-16,,US,51-200,richardsjennifer@richardson-neal.com
4144,2024-09-18,referral,US,11-50,benjaminjenkins@king-lee.com
4145,2024-10-31,referral,FR,1000+,sharon59@lloyd-lloyd.com
4146,2024-05-11,paid_search,US,201-1000,danielelliott@harper.com
4147,2023-02-21,organic,US,1-10,cnguyen@sullivan.com
4148,2023-12-18,social,AU,11-50,dianachen@hughes-campbell.net
4149,2024-07-16,organic,CA,51-200,john04@wood-shepherd.com
4150,2024-08-05,organic,IN,11-50,brent63@cook.net
4151,2023-03-26,organic,GB,1-10,sandra33@taylor.org
4152,2022-01-14,paid_search,US,1-10,bakermadison@johnson.com
4153,2024-06-22,organic,US,1-10,ucunningham@bird.biz
4154,2023-11-11,organic,FR,1-10,whitegina@brown.com
4155,2023-09-05,paid_search,AU,1-10,erica61@mejia-johnson.info
4156,2022-02-05,social,CA,1000+,hardincarlos@gregory-thompson.com
4157,2024-03-12,referral,GB,51-200,brandyclark@carr-bryant.org
4158,2024-09-26,referral,FR,11-50,hshannon@white-jones.com
4159,2024-11-02,referral,US,1-10,karimeyers@navarro.org
4160,2024-03-14,referral,DE,11-50,beckygray@lynch.com
4161,2024-02-12,social,US,11-50,castilloerik@williams-brown.net
4162,2023-01-21,,BR,11-50,nicoledixon@ford.com
4163,2024-03-05,organic,US,1-10,justin85@moss-nichols.info
4164,2023-11-04,partner,US,11-50,pamelamahoney@ross.com
4165,2024-04-29,referral,CA,1-10,choitina@fisher.net
4166,2023-12-21,social,SG,11-50,valenzuelajonathan@barnes.com
4167,2023-08-18,partner,CA,201-1000,kortiz@cardenas-short.biz
4168,2023-01-17,organic,FR,1-10,scott45@cox.info
4169,2023-10-21,organic,US,1-10,eneal@kelley-herrera.com
4170,2023-02-03,organic,GB,11-50,ssmith@obrien.info
4171,2023-06-24,organic,AU,11-50,mcknightchristopher@palmer.com
4172,2024-12-24,paid_search,US,1-10,eric80@taylor.biz
4173,2024-01-29,paid_search,FR,1-10,zimmermankatelyn@wilson-johnson.com
4174,2024-03-24,social,GB,1-10,michellejones@david.biz
4175,2024-10-31,social,US,201-1000,nortoncharles@morales.org
4176,2024-12-27,paid_search,NL,11-50,cynthia27@mills.com
4177,2024-04-06,paid_search,IN,51-200,angelaward@chambers-nelson.biz
4178,2024-09-28,partner,US,51-200,millercassandra@hawkins.info
4179,2023-10-24,referral,US,11-50,galvandavid@holt.biz
4180,2023-10-10,organic,BR,51-200,gbrennan@jackson-mendoza.com
4181,2023-12-22,organic,GB,11-50,ruizjustin@perez-coleman.net
4182,2024-06-09,partner,CA,1000+,jessica96@lyons-wong.com
4183,2024-06-17,paid_search,NL,51-200,dmiller@villegas-davis.org
4184,2023-10-24,organic,US,11-50,williamstaylor@crawford.com
4185,2023-04-17,organic,SG,1-10,barberalexander@hernandez.com
4186,2024-05-05,paid_search,IN,1-10,wmartin@hall.com
4187,2023-04-23,paid_search,US,11-50,fritzgeorge@diaz-weber.org
4188,2024-04-28,organic,US,1-10,dadams@schwartz.com
4189,2024-06-25,social,US,11-50,vmorris@goodman-king.com
4190,2024-06-19,paid_search,FR,1-10,edward94@wong.com
4191,2024-07-08,social,IN,1-10,baileyjennifer@carter-pugh.com
4192,2024-10-23,referral,CA,51-200,lesterwanda@ellis.com
4193,2024-02-26,organic,US,1000+,yclarke@figueroa-wise.org
4194,2024-07-08,referral,DE,1-10,hgray@lowe.net
4195,2024-05-07,organic,DE,1000+,matthew17@george-williams.com
4196,2023-06-02,partner,BR,51-200,christina68@miller.net
4197,2022-05-31,organic,IN,51-200,lewislori@gordon-jackson.com
4198,2023-09-16,social,US,1-10,sean45@cunningham.net
4199,2024-01-15,,BR,51-200,qclark@hubbard-stewart.info
4200,2024-04-24,partner,BR,1-10,davisdarryl@estes.com
4201,2024-09-06,organic,US,51-200,robert68@spencer.com
4202,2023-07-19,organic,IN,1-10,charleskelly@jenkins.info
4203,2023-03-05,social,CA,1-10,debrasteele@smith.com
4204,2024-11-23,paid_search,CA,51-200,wbaker@faulkner.com
4205,2023-02-09,social,IN,11-50,melissa48@carson.info
4206,2024-02-24,partner,NL,201-1000,higginsdonald@nash.info
4207,2024-04-22,organic,GB,51-200,chelsea84@torres-smith.com
4208,2024-03-05,partner,US,11-50,selenamullen@griffith-ellison.info
4209,2023-01-26,organic,CA,51-200,christopherjordan@white-rogers.com
4210,2022-09-10,organic,US,1-10,maurice29@coleman.org
4211,2023-02-17,paid_search,IN,11-50,ilawrence@murray.com
4212,2024-04-25,,US,51-200,nicole41@ramirez.org
4213,2024-03-06,partner,AU,11-50,jenniferperkins@terrell.com
4214,2023-08-03,organic,US,1-10,sydney62@chavez.org
4215,2024-05-03,organic,NL,11-50,johnhuang@morrison.net
4216,2024-09-28,social,US,11-50,kristin79@henderson.com
4217,2022-07-31,social,IN,11-50,ewilson@ortiz-pratt.com
4218,2024-02-25,social,US,201-1000,jacquelineallen@church.com
4219,2024-06-14,paid_search,IN,1-10,qrogers@johnson.biz
4220,2023-09-23,organic,FR,11-50,andersondavid@bradshaw.info
4221,2023-10-28,organic,US,1-10,lindseymcintyre@christensen.com
4222,2024-04-02,paid_search,US,1-10,kenneth56@hensley.com
4223,2024-10-29,referral,IN,51-200,clarkholly@stephens-lopez.info
4224,2024-09-13,organic,GB,1-10,escobarrobert@terry-evans.org
4225,2024-04-24,organic,NL,51-200,william63@hamilton-erickson.com
4226,2024-07-09,partner,GB,51-200,millsanthony@bond.com
4227,2023-11-17,referral,GB,1-10,hurleyrobin@bush.com
4228,2024-05-21,social,GB,11-50,peter98@thompson-mason.com
4229,2024-01-29,organic,US,11-50,shane05@williams.com
4230,2023-06-09,organic,SG,1-10,lisafernandez@davis-gross.com
4231,2024-06-10,partner,US,11-50,juliehardin@dillon.net
4232,2024-03-15,social,US,1-10,ibaird@noble-curry.net
4233,2023-11-28,referral,AU,201-1000,itaylor@alvarado.net
4234,2024-10-05,paid_search,US,11-50,brodgers@sanchez.info
4235,2022-04-20,social,US,11-50,rhoffman@booker-frye.com
4236,2023-10-15,referral,US,51-200,iwhite@colon.com
4237,2022-09-17,paid_search,AU,51-200,timothy56@lee.com
4238,2024-08-26,organic,AU,201-1000,tporter@brown.com
4239,2024-06-23,,SG,11-50,alyssa97@brown.info
4240,2023-10-06,paid_search,AU,11-50,juliecaldwell@jackson.info
4241,2024-06-21,paid_search,DE,51-200,collinsfrank@williams-acosta.com
4242,2023-12-28,social,US,11-50,matthew46@munoz.org
4243,2024-07-20,social,FR,11-50,dstafford@johnson.net
4244,2024-01-25,,GB,201-1000,wardbrandy@mueller.info
4245,2024-01-10,organic,IN,11-50,allisonskinner@james-smith.com
4246,2024-11-21,,US,1-10,julie67@perez.com
4247,2023-09-04,organic,IN,201-1000,justinguzman@nichols-hardin.info
4248,2023-03-19,referral,SG,1-10,smithmelinda@allen.com
4249,2024-04-06,partner,US,51-200,brandi94@fisher.info
4250,2024-11-26,social,US,1-10,jjohnson@morris.com
4251,2023-11-14,paid_search,AU,201-1000,michelesanchez@johnson.net
4252,2022-10-14,referral,US,11-50,wdavis@thomas-walker.com
4253,2023-10-05,paid_search,US,51-200,ddunn@vance-kelley.com
4254,2024-02-29,organic,GB,51-200,fernandezandre@diaz.com
4255,2023-05-10,referral,SG,1-10,zramirez@nguyen.com
4256,2024-05-20,organic,DE,11-50,cynthiacole@dixon.com
4257,2024-12-12,referral,BR,11-50,sara59@keller-richardson.org
4258,2024-01-22,partner,IN,51-200,michael75@cooper.com
4259,2023-11-10,social,BR,1000+,mario36@hart.com
4260,2023-12-29,referral,SG,201-1000,gwilson@hutchinson-krueger.com
4261,2023-03-19,referral,US,11-50,hansenclaudia@norris.com
4262,2024-10-28,social,GB,51-200,lisabrown@shannon-ayala.net
4263,2024-01-18,referral,GB,1-10,kimberlyjones@edwards.com
4264,2023-12-26,referral,AU,1-10,evansrebecca@phillips-phillips.com
4265,2024-05-21,organic,IN,1-10,larabilly@taylor.com
4266,2024-01-16,social,US,51-200,gharris@hampton.com
4267,2024-05-29,organic,US,11-50,felicia32@pineda.com
4268,2022-10-19,paid_search,NL,1-10,alec29@lutz.com
4269,2024-09-27,organic,US,11-50,dawn09@davis-robles.com
4270,2024-11-08,referral,IN,51-200,wardmaria@gomez.com
4271,2024-05-09,referral,US,1-10,zimmermanjustin@franklin-king.com
4272,2024-11-06,paid_search,US,1-10,rebeccanguyen@smith-spencer.org
4273,2023-05-28,paid_search,AU,201-1000,blevinskimberly@marsh.com
4274,2024-02-13,organic,US,51-200,laurie57@harris.org
4275,2024-04-25,paid_search,US,1-10,dholt@payne-miller.info
4276,2024-04-07,social,US,1000+,kellyanderson@hernandez.org
4277,2023-12-28,organic,NL,1-10,andradejasmine@miller.org
4278,2023-10-02,referral,US,1-10,ann29@sampson.net
4279,2023-03-20,organic,FR,1-10,laneerica@pacheco-moore.com
4280,2023-12-14,social,BR,11-50,lowemisty@palmer.com
4281,2023-05-28,referral,GB,11-50,manuelbrandt@velasquez.com
4282,2024-07-05,organic,GB,11-50,kathleenibarra@ross.com
4283,2023-07-09,organic,CA,11-50,pmiller@vazquez.com
4284,2022-10-10,paid_search,US,201-1000,barronlaura@roberts-morris.com
4285,2024-03-29,organic,GB,201-1000,allenjamie@johnson.com
4286,2024-04-22,organic,US,1-10,brittany60@jones-kline.info
4287,2024-10-26,organic,BR,51-200,tcooper@chavez-potter.com
4288,2024-04-27,paid_search,GB,1-10,jasmine72@jones.com
4289,2023-11-06,referral,NL,1-10,fostermary@jimenez.com
4290,2024-09-25,organic,GB,11-50,stewartpamela@bray-maddox.com
4291,2024-03-18,organic,SG,1-10,nheath@coleman.com
4292,2022-12-15,organic,NL,1000+,reedcathy@sloan-huffman.biz
4293,2024-03-11,paid_search,NL,1-10,pparks@taylor.info
4294,2024-10-30,,US,11-50,johnsondaniel@flores.org
4295,2023-12-03,paid_search,US,1000+,edelacruz@douglas-hansen.com
4296,2023-10-30,organic,US,11-50,ianevans@lloyd.com
4297,2023-04-01,paid_search,US,11-50,scarter@steele.com
4298,2023-05-27,paid_search,DE,1-10,taylorgreene@pittman.com
4299,2024-01-16,paid_search,SG,1-10,aliciasmall@roberson.com
4300,2024-04-07,organic,US,11-50,michael13@hammond.com
4301,2022-12-10,paid_search,AU,51-200,samanthastone@osborne.biz
4302,2024-11-06,partner,US,1-10,ndaniels@page.com
4303,2024-07-13,organic,US,51-200,stephaniepatel@scott.biz
4304,2024-04-14,organic,SG,1-10,scott84@fisher-marsh.net
4305,2024-09-07,referral,IN,1-10,trojas@garcia-hall.com
4306,2022-12-18,organic,US,11-50,benjaminperez@cook-zamora.org
4307,2024-02-26,paid_search,CA,201-1000,ccastillo@green.com
4308,2024-05-03,organic,US,1-10,huntdaniel@king-miller.info
4309,2024-09-16,partner,AU,51-200,amymann@lewis.biz
4310,2024-08-04,referral,US,201-1000,twilson@lowery-heath.biz
4311,2023-09-14,organic,CA,51-200,daviscathy@goodman-johnson.com
4312,2024-11-16,social,DE,11-50,matthew46@browning-thompson.biz
4313,2023-03-25,paid_search,IN,201-1000,noahmullins@porter.com
4314,2024-10-18,organic,US,11-50,gonzaleznatalie@nelson.com
4315,2024-12-18,referral,US,1-10,emily60@hall.com
4316,2023-06-08,referral,GB,51-200,burkerobert@hernandez.com
4317,2024-07-16,social,AU,51-200,emarsh@mcdaniel-vaughn.info
4318,2022-07-14,paid_search,NL,1-10,petermoreno@richardson.org
4319,2023-12-16,social,GB,201-1000,mary70@lee.org
4320,2024-02-08,partner,CA,51-200,russellsamantha@johnson-wilson.com
4321,2024-04-28,social,GB,1-10,ylara@chase-molina.com
4322,2024-11-18,organic,DE,1-10,joshuarose@hoffman-lopez.info
4323,2024-06-08,referral,US,1-10,sjohnson@thompson-tucker.org
4324,2024-02-13,referral,DE,1-10,jennifer95@martinez.com
4325,2024-09-11,paid_search,GB,1-10,justin66@murphy.info
4326,2024-11-09,paid_search,US,1-10,megan27@jackson-smith.com
4327,2022-04-21,social,US,1000+,perrysarah@lin.com
4328,2024-12-05,paid_search,GB,11-50,steven45@white.biz
4329,2023-01-20,,AU,11-50,andreamorrow@ramirez-oconnor.org
4330,2024-09-22,organic,GB,11-50,rhiggins@phelps.info
4331,2023-09-10,social,BR,1000+,martinezjennifer@fields-morgan.biz
4332,2023-04-05,partner,US,1-10,rojasjohn@sawyer-osborne.org
4333,2024-01-02,,FR,1-10,anita14@garrett.com
4334,2024-05-27,paid_search,SG,11-50,jennifer28@bowman.com
4335,2023-11-23,organic,SG,11-50,zmarquez@vasquez.com
4336,2022-09-10,partner,US,51-200,hullrobert@gray-walsh.info
4337,2024-04-17,referral,US,1-10,claytonmatthew@anderson.net
4338,2024-10-12,paid_search,CA,11-50,rmoyer@tyler.com
4339,2023-12-26,social,US,11-50,hluna@zhang.com
4340,2023-07-03,paid_search,US,201-1000,sarah44@marquez-miller.com
4341,2024-01-13,paid_search,CA,11-50,bruceray@mcbride-thompson.com
4342,2022-08-22,organic,NL,11-50,ulewis@black.com
4343,2024-09-13,social,SG,1-10,johncooke@webb.info
4344,2024-09-21,referral,GB,11-50,esmith@castro.com
4345,2024-04-16,paid_search,US,11-50,matthewdavis@potter.net
4346,2023-11-30,paid_search,CA,51-200,piercefrank@sullivan.org
4347,2024-08-27,social,US,11-50,mendezelizabeth@luna-hernandez.biz
4348,2024-03-16,,US,11-50,renee38@calderon.com
4349,2024-09-11,referral,US,11-50,tbrown@chang-barnett.com
4350,2024-05-22,referral,US,1-10,mackaaron@lopez.info
4351,2024-08-09,partner,DE,201-1000,collierkara@griffin.info
4352,2024-04-25,,GB,11-50,rosewilliam@butler.org
4353,2024-01-22,paid_search,US,11-50,frankjimenez@johnson.com
4354,2024-11-06,organic,CA,51-200,william92@neal.net
4355,2024-03-11,partner,US,1-10,rgrimes@gilbert.com
4356,2024-04-17,paid_search,AU,1-10,rlindsey@burnett-foster.info
4357,2023-08-12,social,DE,1-10,ronaldfoster@hill.net
4358,2024-05-08,referral,US,11-50,griffinbrenda@woods-bell.com
4359,2024-04-19,social,IN,51-200,kyleduran@brown.com
4360,2023-06-08,partner,US,1000+,ocarr@robinson.biz
4361,2022-10-30,referral,US,11-50,michael57@allen.com
4362,2024-04-09,organic,DE,1-10,qmolina@oconnor.com
4363,2024-08-18,social,FR,201-1000,reynoldsmatthew@hernandez.com
4364,2024-03-06,partner,US,1-10,martinezjean@olson.org
4365,2023-08-19,organic,NL,1-10,brownlauren@ross.org
4366,2024-05-23,organic,CA,51-200,jamesvasquez@robinson.com
4367,2022-12-12,organic,BR,201-1000,amandakelly@moore-potts.net
4368,2024-01-04,referral,GB,1-10,stevenwoodard@crawford.com
4369,2023-05-31,referral,CA,1000+,karen31@hall.info
4370,2023-06-28,referral,US,1-10,smithheather@thomas-clark.com
4371,2023-07-16,social,US,1-10,juliasmith@lee.com
4372,2023-12-01,organic,DE,1-10,amandarichardson@miranda.info
4373,2022-09-22,partner,IN,1-10,adamsjeffery@vargas.com
4374,2023-12-27,organic,CA,11-50,woodsrobert@cruz.biz
4375,2024-02-02,organic,IN,1-10,mike54@luna-vazquez.com
4376,2024-02-08,organic,US,51-200,tracy83@oliver-moore.com
4377,2023-12-07,paid_search,US,1-10,morrisjennifer@holloway.org
4378,2024-09-04,paid_search,US,1-10,xboyd@harris.net
4379,2023-04-24,organic,DE,1-10,cynthiaarmstrong@morrison.org
4380,2024-02-14,paid_search,IN,11-50,rmcintyre@holmes.com
4381,2022-10-08,social,GB,1-10,youngcody@brooks.com
4382,2022-11-01,,US,51-200,kimberly02@smith-graham.net
4383,2024-04-23,partner,IN,1-10,xlittle@powell.com
4384,2024-03-25,social,US,1-10,troy71@poole-ray.net
4385,2024-10-15,paid_search,CA,1000+,jwright@howard.com
4386,2024-03-23,referral,CA,1-10,allisonlopez@gates.com
4387,2024-11-24,social,IN,1-10,dakotagomez@allen-rhodes.com
4388,2022-08-12,organic,IN,11-50,ashleyodom@carlson.org
4389,2023-02-28,social,GB,201-1000,sally40@hawkins.com
4390,2022-08-30,paid_search,IN,51-200,robert65@jones.net
4391,2023-06-14,paid_search,NL,201-1000,drobinson@rodgers.com
4392,2024-03-19,paid_search,IN,11-50,jillduffy@james.com
4393,2024-05-15,organic,BR,1-10,michaelmyers@harris-bush.com
4394,2022-08-23,paid_search,US,51-200,staceyharris@hayes.com
4395,2024-11-22,organic,DE,51-200,acontreras@carpenter.org
4396,2024-09-14,,IN,1-10,turnerapril@cortez-acosta.info
4397,2023-10-23,social,US,11-50,theresareese@collins-bradshaw.info
4398,2022-12-10,,NL,1000+,elizabethpalmer@cox.biz
4399,2023-06-26,referral,SG,1-10,buchananchristina@greene.com
4400,2023-03-30,partner,BR,1-10,xcarter@sandoval.com
4401,2023-03-26,paid_search,DE,11-50,mitchellkaren@baldwin.biz
4402,2024-03-29,organic,NL,1-10,jonathan73@horne.net
4403,2023-08-29,social,SG,1-10,manningkristin@nguyen.com
4404,2023-11-11,partner,US,1-10,fkim@lee.info
4405,2024-12-11,paid_search,CA,11-50,hdavis@shaw.com
4406,2024-06-14,referral,US,1-10,bradley68@montgomery-gordon.biz
4407,2024-11-10,organic,CA,11-50,juliebrown@williams.org
4408,2023-04-13,referral,SG,11-50,zramirez@farley.com
4409,2023-11-16,,FR,201-1000,michaelrice@rivera.com
4410,2024-03-14,paid_search,DE,11-50,paul38@brown-boyd.com
4411,2022-12-31,organic,GB,51-200,markcollins@roberts.org
4412,2022-01-05,paid_search,CA,51-200,lewisrichard@hill-jordan.org
4413,2024-06-06,partner,US,201-1000,sandovalnicole@miller-thompson.com
4414,2024-05-03,paid_search,IN,1-10,mercerjohn@cabrera.com
4415,2024-01-18,social,US,1-10,tmckinney@jones.com
4416,2024-02-27,organic,US,1-10,david89@lewis.com
4417,2024-01-27,referral,DE,11-50,qespinoza@smith-briggs.net
4418,2022-04-02,paid_search,US,1-10,leslie00@willis.com
4419,2023-10-08,paid_search,CA,1-10,rodrigueznancy@jones.com
4420,2023-06-18,paid_search,US,1-10,idavis@pruitt.com
4421,2023-02-16,paid_search,FR,11-50,padkins@harper.org
4422,2024-11-06,social,BR,11-50,lopezrichard@brooks.org
4423,2024-04-11,organic,SG,11-50,powersjodi@walker.info
4424,2024-07-09,paid_search,GB,201-1000,shawlaura@jones-smith.com
4425,2023-10-31,organic,US,1-10,chelsey29@mann.com
4426,2023-12-27,social,DE,11-50,henryrhonda@greene.com
4427,2023-08-29,referral,US,1-10,jaredtaylor@ramirez.com
4428,2023-02-02,paid_search,US,11-50,bobbysavage@williams-williams.com
4429,2023-06-04,referral,US,11-50,esalas@crawford-boyd.com
4430,2024-08-07,organic,IN,51-200,cmoore@weaver-price.com
4431,2024-06-30,referral,AU,1-10,vaughnpaula@stein.com
4432,2024-03-27,partner,US,1-10,santossabrina@vargas-greer.com
4433,2024-02-19,,BR,1-10,rstewart@jackson.net
4434,2024-11-14,partner,NL,51-200,pwilliams@weaver.com
4435,2022-11-26,paid_search,BR,1-10,nancymendez@howe.com
4436,2023-09-10,organic,AU,1-10,icarpenter@patterson.com
4437,2023-11-06,paid_search,GB,1000+,gibbslisa@greene-peters.net
4438,2024-08-26,referral,BR,1-10,singletonnicole@hughes.net
4439,2024-12-18,partner,US,1-10,rasmussenmichael@martin-brown.com
4440,2023-08-24,referral,FR,201-1000,laurasmith@sullivan.com
4441,2024-10-08,organic,GB,1-10,kingjulie@larsen-walter.com
4442,2024-09-01,referral,US,1-10,qmeadows@brock.com
4443,2023-08-26,,CA,51-200,roger54@knight-gomez.biz
4444,2023-12-04,organic,GB,51-200,garzalisa@cook.biz
4445,2024-01-28,referral,US,11-50,heatherbryant@ross-wheeler.com
4446,2024-12-15,organic,US,1-10,ashley07@thomas-mcgrath.com
4447,2023-06-29,referral,IN,201-1000,douglas90@oliver-gibson.info
4448,2024-08-24,organic,CA,201-1000,mwhite@juarez.biz
4449,2023-10-11,organic,NL,201-1000,humphreylindsay@williams.com
4450,2024-07-17,organic,US,51-200,otaylor@martinez-hays.biz
4451,2024-01-25,,US,1-10,brandi02@hughes.biz
4452,2024-04-24,social,BR,11-50,martinezpeter@mack.biz
4453,2024-09-06,organic,US,51-200,msmith@carlson-anderson.biz
4454,2024-09-16,referral,NL,201-1000,cwebb@foster.com
4455,2024-10-17,paid_search,BR,11-50,rreese@williams-brown.com
4456,2022-10-22,organic,FR,51-200,ncrane@love.com
4457,2024-06-12,referral,GB,1-10,joshuawoodward@hernandez-carey.biz
4458,2023-04-18,paid_search,US,51-200,smithmanuel@monroe.com
4459,2024-01-25,social,IN,1-10,xwhite@morgan.com
4460,2024-03-01,organic,US,201-1000,rebekah35@saunders.com
4461,2023-12-21,organic,AU,51-200,nathan60@salazar-calderon.com
4462,2024-03-11,organic,US,51-200,elizabeth32@swanson.com
4463,2024-12-06,,BR,11-50,munoznicole@nelson.com
4464,2023-04-30,partner,US,1-10,regina14@aguirre.info
4465,2024-06-19,organic,NL,201-1000,josephmeadows@becker.info
4466,2023-12-24,paid_search,US,1-10,ivargas@norris.com
4467,2023-04-16,organic,BR,11-50,colinwilson@thomas.org
4468,2023-05-02,referral,US,1-10,shawdenise@brock.biz
4469,2024-11-14,,US,11-50,michellemartin@cooper-ford.org
4470,2024-10-16,organic,SG,1-10,rcochran@ward-wells.com
4471,2024-10-02,referral,FR,1-10,michelle63@turner.com
4472,2024-12-06,organic,DE,51-200,jholloway@collins-adkins.com
4473,2023-07-15,paid_search,IN,1-10,james11@cordova-frazier.com
4474,2023-11-04,referral,FR,1-10,riveratraci@rogers-hall.net
4475,2024-06-04,paid_search,US,201-1000,williamruiz@benitez.biz
4476,2024-02-02,organic,FR,11-50,ygraham@williams.info
4477,2024-01-24,paid_search,FR,11-50,manuel87@sharp.com
4478,2023-11-15,partner,US,11-50,eedwards@wilkinson.net
4479,2024-04-24,organic,US,1-10,cassandra15@taylor.com
4480,2024-04-13,paid_search,CA,11-50,tskinner@scott.com
4481,2023-05-15,referral,DE,1-10,reiddavid@miller-weeks.com
4482,2024-02-17,organic,IN,1-10,brittanycamacho@velazquez-gomez.info
4483,2024-03-04,organic,US,11-50,joseph33@larson.info
4484,2024-04-13,referral,US,1-10,cochranfrances@perez-cardenas.com
4485,2023-07-01,referral,US,1-10,bmartin@mcdonald.com
4486,2024-07-20,organic,US,51-200,jeremy49@crawford.com
4487,2022-04-19,organic,IN,1000+,usims@mills.net
4488,2023-11-12,social,IN,1-10,tbrown@wilson.org
4489,2024-08-24,social,US,201-1000,victorscott@kim-hull.net
4490,2024-03-23,referral,AU,1-10,travisroberts@cisneros.com
4491,2023-09-23,referral,IN,51-200,martinjacob@morris.info
4492,2024-06-08,,US,1-10,robertsjamie@hooper.net
4493,2024-03-14,partner,CA,11-50,laurenpeters@stevens-sharp.info
4494,2024-08-13,paid_search,NL,1-10,adam03@cruz-heath.com
4495,2024-07-01,organic,US,51-200,rsmith@gray-love.com
4496,2024-04-05,organic,SG,201-1000,davidrasmussen@newman.com
4497,2024-02-14,organic,DE,11-50,igrimes@castillo.info
4498,2023-04-18,paid_search,US,11-50,ronalderickson@george.com
4499,2023-09-02,paid_search,FR,1-10,jennifer59@hudson-bates.com
4500,2024-01-14,partner,US,1-10,zmorales@clay.com
4501,2024-04-05,partner,CA,201-1000,codyharris@sloan.com
4502,2024-02-04,paid_search,US,201-1000,rodriguezabigail@jarvis-yates.com
4503,2023-09-27,partner,DE,1-10,moorejose@johnson.com
4504,2022-01-23,social,US,1-10,fgrant@sherman-smith.net
4505,2024-02-04,organic,GB,201-1000,kristinaking@davis.org
4506,2023-09-16,referral,IN,11-50,sara85@frederick.info
4507,2024-07-14,partner,US,1-10,sandraclark@lee-norris.com
4508,2022-04-15,referral,IN,1-10,zthompson@patterson-vasquez.info
4509,2024-04-10,paid_search,US,1-10,ashley58@jones-bass.com
4510,2024-11-16,social,US,51-200,washingtonyesenia@richards.net
4511,2023-06-15,paid_search,US,11-50,choidenise@white-buchanan.com
4512,2024-02-25,organic,IN,1-10,jameslawson@shepherd.com
4513,2023-01-07,organic,NL,51-200,davischristopher@rodriguez.com
4514,2024-05-18,organic,GB,1-10,isaac36@porter-moore.com
4515,2024-03-31,organic,US,11-50,victoria90@smith.net
4516,2023-12-18,organic,US,51-200,ydavis@petersen-padilla.com
4517,2024-03-12,paid_search,US,1-10,mary99@cooper.com
4518,2024-10-24,organic,US,1-10,jameschristie@james.com
4519,2023-07-03,organic,US,11-50,silvapreston@owen.info
4520,2022-04-08,organic,FR,1-10,ryanwalker@brown.biz
4521,2024-09-02,social,US,1000+,rpollard@oliver-harrison.com
4522,2024-04-09,paid_search,US,11-50,robyn79@moore.info
4523,2024-10-04,social,US,11-50,wilsonerin@byrd-davis.info
4524,2024-04-06,paid_search,BR,11-50,zharris@cross.com
4525,2024-09-15,paid_search,GB,1-10,aromero@arnold.net
4526,2024-01-01,organic,AU,1-10,cwebster@cooper.com
4527,2024-07-22,social,IN,11-50,edowns@carter.com
4528,2024-10-06,social,NL,11-50,fhill@jackson.com
4529,2024-04-09,social,BR,11-50,ffoster@coleman.org
4530,2023-06-05,organic,AU,11-50,zstokes@moss-holmes.biz
4531,2023-09-27,organic,BR,1-10,lmontgomery@baker.com
4532,2023-07-02,,GB,11-50,joshuaramos@boyer-holland.com
4533,2023-08-10,,DE,1-10,andrew53@simpson-burke.com
4534,2023-10-03,social,US,11-50,erin89@edwards-perez.org
4535,2024-03-22,paid_search,NL,1-10,marvin03@ballard-bailey.net
4536,2024-04-24,referral,AU,11-50,mejiatimothy@brooks.com
4537,2024-01-31,referral,IN,11-50,jessicawatson@carpenter-lopez.org
4538,2024-04-23,partner,DE,1-10,wrightcarolyn@cherry-warren.com
4539,2022-12-01,paid_search,DE,51-200,wellsstephen@ponce.com
4540,2023-01-11,social,US,11-50,aaron63@cochran.com
4541,2023-06-17,organic,AU,11-50,edwardsbrandon@suarez.net
4542,2024-03-20,social,NL,1-10,bwelch@harris.biz
4543,2023-07-20,paid_search,CA,1-10,bcampbell@holt-cuevas.biz
4544,2023-09-03,organic,AU,11-50,preese@rosales.info
4545,2023-12-27,paid_search,AU,51-200,lynnhudson@baker-rogers.com
4546,2024-09-04,paid_search,GB,1-10,ericksonkatherine@meyers-jones.com
4547,2022-03-07,paid_search,NL,11-50,whitetracy@webb.com
4548,2024-05-19,organic,US,1-10,danny48@vargas-murray.org
4549,2024-06-11,paid_search,US,11-50,mharris@roy.biz
4550,2024-08-17,referral,AU,11-50,bakerjason@west-rios.com
4551,2024-11-30,organic,DE,51-200,nrice@johnson-stokes.com
4552,2022-04-03,social,NL,1-10,robertlopez@johnson-powell.net
4553,2023-05-14,social,NL,1-10,wcook@brown-miller.net
4554,2024-10-07,paid_search,CA,51-200,pughcarol@ware.com
4555,2024-01-18,social,US,11-50,ashleyanderson@murray-cox.org
4556,2024-03-27,organic,DE,1-10,susan13@jimenez.info
4557,2024-05-26,referral,US,51-200,cookheather@burns.com
4558,2024-06-29,partner,NL,51-200,xkirk@tanner.com
4559,2024-11-08,paid_search,FR,11-50,crawfordtammy@harris.info
4560,2024-12-17,referral,BR,51-200,william30@king.info
4561,2024-07-15,partner,BR,1-10,ryancline@mitchell.com
4562,2023-09-15,,FR,11-50,timothypalmer@smith.net
4563,2024-10-21,referral,US,11-50,latoyahartman@sanchez-vaughan.biz
4564,2022-09-01,social,BR,1000+,umanning@weber.com
4565,2023-08-30,paid_search,US,11-50,piercedonna@barajas-matthews.com
4566,2024-10-06,social,GB,201-1000,wendybonilla@murray.biz
4567,2023-09-12,paid_search,FR,1-10,kirkmallory@henderson.com
4568,2023-08-15,,GB,201-1000,paulerik@johnson.org
4569,2023-04-18,organic,IN,1-10,ojames@chung.com
4570,2024-09-02,paid_search,US,11-50,melissa65@costa-good.com
4571,2024-02-27,social,IN,1-10,lharper@pratt.com
4572,2024-06-03,organic,GB,51-200,feliciaclark@johnson.org
4573,2023-08-22,organic,US,201-1000,jason85@johnson.com
4574,2024-08-22,social,US,1-10,beckamanda@williams.net
4575,2024-08-22,paid_search,BR,1-10,lindseybrown@baxter.com
4576,2023-10-24,social,AU,1000+,blankenshipmichael@roberts.com
4577,2024-01-30,social,DE,1-10,favila@west.com
4578,2023-07-02,referral,US,1-10,mariah55@fox.com
4579,2024-12-29,social,IN,11-50,nicholstodd@lopez.com
4580,2024-05-12,paid_search,CA,11-50,brendaparrish@gordon.com
4581,2024-11-08,organic,US,201-1000,deborah68@stanley.org
4582,2023-10-23,referral,US,51-200,sanchezsharon@andrews.org
4583,2024-08-12,organic,NL,11-50,megan48@hughes-leonard.com
4584,2024-08-28,social,DE,1-10,summerskathryn@spencer.com
4585,2024-06-10,referral,BR,201-1000,dixonderek@roberts-joseph.com
4586,2024-11-23,referral,IN,1-10,samanthajohnson@larson-ward.com
4587,2023-12-18,organic,US,11-50,michealcook@miller.com
4588,2023-04-01,organic,CA,1-10,seanparsons@west-huff.info
4589,2024-06-15,organic,AU,1-10,knelson@wood.com
4590,2024-07-05,organic,NL,11-50,jaywest@doyle-burnett.com
4591,2024-04-08,social,GB,11-50,ncarlson@smith.com
4592,2023-07-05,organic,SG,1000+,patricia94@collier.info
4593,2024-02-25,organic,CA,11-50,sandra16@anderson-byrd.com
4594,2023-10-17,organic,US,11-50,fhopkins@moore.org
4595,2024-01-09,paid_search,US,1000+,matthewjohnson@frank.info
4596,2024-05-17,paid_search,AU,11-50,claire06@martinez-moore.com
4597,2024-07-20,social,US,1-10,ehernandez@ward-trujillo.com
4598,2023-08-27,organic,BR,1000+,stacy34@crawford.com
4599,2023-12-08,paid_search,IN,11-50,morgansusan@peters-tyler.com
4600,2023-09-27,organic,IN,1-10,cindy55@solis-mullen.biz
4601,2023-07-14,organic,US,51-200,jamesbauer@webb.biz
4602,2024-08-29,organic,US,1-10,castrokimberly@blake-turner.org
4603,2024-10-30,organic,AU,1-10,johnsonrobert@williams.com
4604,2023-11-11,social,FR,201-1000,erin85@davis.org
4605,2024-07-12,partner,US,1-10,oaguilar@hawkins-eaton.org
4606,2024-10-05,organic,DE,11-50,monicabarnett@johnson-johnston.net
4607,2024-09-21,organic,US,1-10,debbie01@richardson.com
4608,2023-06-01,social,GB,51-200,davismike@thompson.biz
4609,2024-11-16,social,CA,201-1000,brandon93@byrd.org
4610,2023-11-24,organic,CA,51-200,lsanchez@lopez.com
4611,2023-10-20,paid_search,IN,11-50,pstone@hansen.com
4612,2022-10-18,paid_search,BR,1-10,justin78@mullins.info
4613,2024-02-13,paid_search,AU,1-10,vpowell@gilmore-brock.com
4614,2023-02-03,paid_search,GB,51-200,kerrylyons@carter.biz
4615,2023-08-04,social,IN,11-50,rcarter@luna.com
4616,2023-10-30,paid_search,GB,1-10,melanie47@hansen.info
4617,2024-09-14,referral,CA,51-200,crussell@glover.net
4618,2024-10-08,referral,AU,11-50,twallace@lynch-jackson.biz
4619,2023-10-18,paid_search,NL,1-10,talvarado@cruz-bishop.org
4620,2024-09-10,referral,BR,1-10,john55@powell-valdez.com
4621,2024-09-19,organic,US,11-50,alejandro26@blake.biz
4622,2024-08-04,organic,US,11-50,kathy96@barnes-ferrell.net
4623,2023-05-06,organic,DE,11-50,benjamindavid@white.com
4624,2024-06-12,organic,NL,201-1000,elizabethsantos@taylor.com
4625,2024-11-02,paid_search,US,1-10,perezjared@mann-ayala.com
4626,2024-06-22,social,US,11-50,elowe@robertson.com
4627,2023-10-25,social,IN,1-10,tyler30@cobb-murphy.biz
4628,2024-02-11,organic,SG,11-50,emma76@weiss.info
4629,2024-05-04,paid_search,US,1-10,ahoffman@tanner.com
4630,2024-02-02,paid_search,US,1-10,sabrinawalsh@pearson-green.com
4631,2023-03-21,referral,US,1-10,jason63@owens.biz
4632,2023-10-17,,US,1-10,scottryan@andrade.com
4633,2024-08-30,paid_search,GB,201-1000,brownedward@hicks.com
4634,2024-09-26,partner,BR,11-50,derrick35@welch.org
4635,2023-04-14,paid_search,US,51-200,emily05@brooks-garcia.com
4636,2024-11-09,organic,IN,201-1000,natasha85@daniels.com
4637,2023-10-11,paid_search,GB,51-200,ritawhitaker@hart.biz
4638,2024-05-11,paid_search,US,11-50,nmckinney@dickerson.org
4639,2024-07-31,paid_search,US,1-10,chandavid@kelley.biz
4640,2024-09-26,paid_search,AU,11-50,morajulie@gilbert.com
4641,2024-11-08,partner,GB,51-200,coxdavid@rice.info
4642,2023-10-29,paid_search,US,11-50,betty65@george.com
4643,2024-09-25,paid_search,FR,1-10,michaeloliver@bernard.com
4644,2023-04-13,referral,AU,1-10,rebecca83@collins.info
4645,2024-06-30,organic,FR,11-50,vdennis@diaz.com
4646,2024-07-06,partner,US,1-10,pennygood@morales.info
4647,2024-06-06,,IN,11-50,matthew37@campbell.com
4648,2023-09-29,paid_search,DE,1-10,bradleysanchez@martinez.com
4649,2024-10-05,social,DE,1-10,wcoleman@chase-thompson.com
4650,2023-05-04,organic,US,1000+,amiller@morgan-johnson.com
4651,2022-09-03,paid_search,SG,11-50,shawn55@fisher.com
4652,2024-07-31,organic,IN,11-50,richardsnow@brown.com
4653,2024-02-02,organic,BR,11-50,smallmichael@bruce.net
4654,2024-09-04,paid_search,CA,1-10,lwilliams@flores.com
4655,2023-12-23,paid_search,AU,1-10,christophermills@chavez-watts.com
4656,2023-05-03,organic,AU,201-1000,teresadiaz@andrews.com
4657,2024-09-15,partner,BR,201-1000,sotomitchell@campbell.com
4658,2024-03-09,paid_search,SG,11-50,drivera@perkins-lopez.com
4659,2023-06-09,partner,DE,11-50,antonionelson@vega-gutierrez.net
4660,2024-07-05,social,NL,1-10,courtney51@johnson.com
4661,2024-02-17,organic,FR,201-1000,jennifer88@maxwell.com
4662,2024-04-11,organic,US,11-50,jamesmyers@cummings-walker.biz
4663,2024-01-13,partner,CA,11-50,kathrynsmith@erickson-richardson.com
4664,2024-09-12,,DE,1-10,stevenharrell@lane.com
4665,2024-09-09,partner,US,1-10,sullivanvicki@hayes.com
4666,2024-06-22,referral,IN,11-50,codyford@adams.com
4667,2023-02-09,paid_search,IN,1000+,andreafrazier@huffman.org
4668,2024-09-02,organic,NL,1-10,pdavis@brooks.org
4669,2024-06-21,paid_search,DE,1-10,wbrooks@davis.org
4670,2024-06-05,partner,IN,1-10,anthonymiles@jennings.com
4671,2023-11-05,partner,US,51-200,schroedercatherine@lopez.org
4672,2024-10-15,organic,CA,51-200,wandabennett@porter.com
4673,2024-07-24,,DE,11-50,bradley54@clayton-werner.com
4674,2023-03-27,,GB,201-1000,sarahrichardson@beck.com
4675,2023-12-13,social,US,1-10,rayphilip@harrison.com
4676,2024-10-21,referral,US,1-10,uthomas@cole.com
4677,2022-08-07,partner,AU,1-10,ijohnson@sandoval.com
4678,2024-11-06,social,BR,1-10,hoffmanwilliam@stevenson.org
4679,2024-06-01,referral,US,51-200,ryansmith@jones.net
4680,2024-05-20,social,SG,51-200,valdezbrandon@vang.biz
4681,2023-09-09,paid_search,DE,1-10,alisoncooper@estrada.info
4682,2023-08-20,,SG,1-10,fglover@lambert-marshall.biz
4683,2024-11-18,paid_search,US,11-50,nicolegarcia@rogers.org
4684,2023-10-08,paid_search,US,1-10,btorres@cole-reid.org
4685,2024-08-02,partner,BR,51-200,peter91@roth.com
4686,2023-12-24,organic,US,201-1000,michealallen@bass.com
4687,2023-04-15,paid_search,US,201-1000,michaelwilliams@rodriguez-owens.com
4688,2022-02-27,paid_search,SG,1-10,mfowler@weaver-arnold.com
4689,2024-03-09,partner,NL,1-10,qacosta@cole.org
4690,2024-12-14,organic,CA,51-200,nathanielmercer@estrada.com
4691,2023-11-29,paid_search,US,11-50,amandawatson@lane.com
4692,2023-11-07,paid_search,IN,1-10,kendrakirby@gonzalez.biz
4693,2023-11-21,referral,IN,51-200,hernandezlisa@ray.biz
4694,2024-03-22,paid_search,DE,1-10,jasonallen@lewis.com
4695,2024-01-18,paid_search,CA,11-50,chawkins@davidson-moreno.net
4696,2024-10-28,paid_search,GB,11-50,pbrooks@cameron-thompson.com
4697,2024-02-19,paid_search,AU,11-50,tayloremma@blanchard.com
4698,2024-02-05,partner,IN,11-50,angelicapowell@lawrence.info
4699,2023-04-10,,US,11-50,ashleymartin@taylor.com
4700,2024-12-05,social,US,51-200,gnewman@rogers-cantu.com
4701,2023-08-22,organic,GB,1-10,gina75@wong.info
4702,2022-11-03,partner,SG,11-50,knorman@ellis.com
4703,2024-05-31,paid_search,US,1-10,elizabethlewis@flores.com
4704,2024-04-29,organic,AU,1-10,vaughntroy@vincent.info
4705,2024-01-15,organic,US,11-50,brendannelson@quinn.biz
4706,2024-01-04,organic,US,11-50,shannon56@macias.com
4707,2024-08-18,paid_search,GB,51-200,barbararussell@wu-gibbs.com
4708,2023-07-31,partner,US,1-10,mark69@perez-livingston.com
4709,2024-09-28,paid_search,US,11-50,laurie01@evans.org
4710,2024-05-30,organic,US,1-10,mgreen@ramirez-richards.com
4711,2024-01-04,organic,US,201-1000,rodriguezalicia@wagner.org
4712,2024-01-01,organic,CA,11-50,ncarr@wilson.org
4713,2023-09-13,organic,NL,11-50,mikemaddox@clark-parker.net
4714,2024-07-21,referral,BR,201-1000,garciamark@johnson-lopez.info
4715,2024-02-22,paid_search,GB,1-10,randall16@skinner-koch.com
4716,2023-10-03,social,US,1-10,vlopez@campbell-hays.com
4717,2024-04-03,organic,NL,1-10,suzannerivas@fletcher-mcguire.org
4718,2024-12-18,organic,US,1-10,douglaswright@smith-copeland.com
4719,2024-01-31,organic,CA,1-10,ssanchez@hill.com
4720,2024-11-16,organic,IN,51-200,marissa47@williams.com
4721,2023-11-18,referral,US,1-10,williamsbelinda@rodriguez-lee.com
4722,2022-09-28,,US,11-50,greenkathryn@singh.com
4723,2023-07-04,organic,US,51-200,kellyrodriguez@ross-reyes.com
4724,2024-01-01,paid_search,IN,201-1000,ryan18@best.com
4725,2023-08-01,paid_search,IN,201-1000,ryanward@taylor.org
4726,2022-01-31,social,GB,51-200,murphyryan@arnold-gonzales.org
4727,2024-10-11,organic,DE,11-50,estradajessica@jackson.com
4728,2024-09-29,referral,GB,1-10,georgeolsen@day.com
4729,2024-07-01,partner,GB,1-10,ashleylozano@gordon-roberts.com
4730,2023-05-28,organic,US,51-200,potterjavier@ali.org
4731,2023-03-31,organic,US,51-200,beverlymitchell@gutierrez.com
4732,2022-11-18,paid_search,GB,51-200,poolelori@rodriguez.com
4733,2024-07-30,referral,IN,11-50,brettbarrera@turner.net
4734,2024-11-17,referral,GB,11-50,npowell@stephens-vazquez.com
4735,2024-01-07,paid_search,CA,1-10,zlopez@martinez.com
4736,2023-03-05,paid_search,FR,11-50,gentrylarry@benson-ray.com
4737,2024-02-13,organic,AU,51-200,lauraball@pena.com
4738,2023-11-17,organic,GB,11-50,nicole31@powell-rich.com
4739,2023-11-29,referral,US,11-50,keithdaniels@dudley.com
4740,2024-05-22,referral,CA,11-50,zthompson@bass-soto.com
4741,2024-07-12,organic,IN,11-50,cooleylawrence@moore-herrera.info
4742,2023-03-12,paid_search,US,11-50,lithomas@collins.org
4743,2022-06-13,organic,AU,1-10,denisewalters@guerrero.biz
4744,2024-12-31,organic,GB,51-200,tkent@mata.info
4745,2023-08-12,paid_search,SG,11-50,eboyer@cole.com
4746,2022-09-18,social,US,1-10,megan00@wall.com
4747,2023-06-03,referral,US,201-1000,melissa09@roy.info
4748,2022-07-29,referral,NL,201-1000,melvinwhite@roberts-brown.net
4749,2023-12-26,paid_search,US,1-10,brittneywashington@goodwin-ashley.com
4750,2024-08-31,organic,CA,1-10,holly38@garcia.net
4751,2023-11-03,referral,US,1-10,rebeccawong@sims.biz
4752,2024-01-20,organic,US,11-50,mendozatonya@hill.com
4753,2024-06-26,social,AU,1-10,rebecca73@meyer.com
4754,2024-02-20,social,GB,1-10,chadmiller@maldonado-watkins.com
4755,2024-09-09,organic,US,201-1000,lucasedwards@cortez-reed.info
4756,2024-10-11,paid_search,US,1-10,simpsonnicholas@hansen.org
4757,2022-02-23,partner,NL,1-10,donna99@gonzalez-reed.biz
4758,2024-08-24,paid_search,NL,1-10,abush@mack.net
4759,2024-01-18,paid_search,US,11-50,cainrhonda@jones-harrington.com
4760,2024-12-27,organic,GB,11-50,jodi42@mccullough.com
4761,2024-02-01,social,US,51-200,craig30@murphy.org
4762,2024-12-12,paid_search,US,11-50,sclark@rodriguez-adkins.com
4763,2024-07-31,social,US,1-10,carlsontyler@rodriguez-hall.biz
4764,2023-08-30,social,US,1-10,richardkelly@smith.com
4765,2024-03-02,paid_search,US,1-10,henrytyler@taylor.com
4766,2024-12-28,partner,SG,11-50,fcline@buchanan.com
4767,2024-09-30,referral,US,51-200,nicolemckenzie@robinson.com
4768,2023-02-26,organic,US,11-50,zacharyalexander@cabrera.com
4769,2024-06-21,partner,IN,1-10,shirley47@fleming.com
4770,2023-11-23,organic,GB,1-10,leachscott@gould-henderson.info
4771,2022-01-14,organic,NL,11-50,chadtorres@allen.com
4772,2023-12-30,social,GB,11-50,pmartin@velasquez.com
4773,2023-08-02,social,NL,11-50,emily00@cervantes.com
4774,2024-09-25,partner,US,11-50,sanchezrobert@crane.com
4775,2023-10-01,referral,IN,201-1000,carloshernandez@mccarthy.net
4776,2024-09-04,,DE,1-10,westdennis@compton-brown.net
4777,2022-01-14,organic,BR,51-200,ppatel@lee.org
4778,2023-10-08,partner,BR,11-50,aatkins@ortega.com
4779,2023-08-27,referral,US,1-10,dawnbeck@lewis-harris.com
4780,2023-08-03,social,AU,11-50,danjenkins@harrell.com
4781,2022-11-01,,US,51-200,asmith@carter.com
4782,2023-06-21,organic,CA,51-200,susan79@anderson-le.com
4783,2024-03-18,social,FR,1-10,erikacarlson@henderson-valencia.info
4784,2023-09-21,organic,AU,11-50,dianeburns@page.net
4785,2024-01-19,referral,US,201-1000,despinoza@henderson-moss.com
4786,2023-11-12,organic,US,1000+,robinsontimothy@jones.com
4787,2024-10-25,organic,IN,1-10,christinaday@williams.info
4788,2024-10-20,social,CA,1-10,benjaminward@king.net
4789,2024-02-16,organic,US,11-50,brewerkristy@walker.com
4790,2023-10-07,partner,FR,1-10,lnixon@powell.com
4791,2023-02-09,paid_search,US,51-200,baileytodd@hicks-harvey.org
4792,2024-11-22,referral,US,1-10,saundersamber@allen-myers.com
4793,2022-10-15,partner,US,201-1000,wardjoshua@burke-saunders.org
4794,2023-10-26,social,GB,11-50,shanecraig@king-hahn.com
4795,2023-10-29,social,US,201-1000,melanie70@rowland.info
4796,2023-10-14,paid_search,GB,1-10,saundersjames@douglas.com
4797,2023-05-18,paid_search,FR,11-50,faith55@nunez.com
4798,2024-08-19,paid_search,SG,1000+,colesheila@erickson.net
4799,2023-03-29,organic,CA,1-10,dawnmerritt@proctor.com
4800,2024-05-10,,US,1-10,gibsondonald@smith.org
4801,2023-03-30,,BR,1000+,troy11@phillips.info
4802,2022-11-10,paid_search,US,1-10,elizabeth80@davis-barron.com
4803,2024-10-11,organic,IN,201-1000,fortiz@barnes.biz
4804,2023-06-23,organic,GB,11-50,kaylaturner@brown-green.net
4805,2024-09-12,organic,SG,1-10,hharrison@petty.info
4806,2024-03-19,organic,IN,11-50,oosborne@moore.com
4807,2022-12-18,partner,BR,1-10,donna30@sanchez-parker.biz
4808,2024-11-02,paid_search,FR,51-200,kbarton@golden.com
4809,2023-08-22,,US,1-10,daniellebrown@palmer.info
4810,2024-09-03,,GB,11-50,vweber@mahoney.org
4811,2023-05-13,organic,SG,1-10,justinjohnson@martinez.com
4812,2024-09-11,social,FR,11-50,huntkatrina@sanchez-wright.com
4813,2022-02-13,organic,FR,1-10,hannah51@cobb.com
4814,2024-02-01,paid_search,DE,201-1000,pbrown@allen-blake.com
4815,2024-08-11,social,NL,11-50,jessicamoore@shaffer-harrison.com
4816,2024-11-03,referral,SG,201-1000,jason25@hutchinson.com
4817,2024-10-22,organic,GB,1-10,davidunderwood@rodriguez-jones.org
4818,2024-09-26,partner,GB,1000+,bowmananthony@burns.biz
4819,2024-10-01,organic,GB,51-200,brianjohnson@thompson.com
4820,2023-07-30,organic,US,1-10,frank67@downs.com
4821,2023-09-28,social,US,201-1000,elizabeth56@martinez.com
4822,2023-09-26,referral,DE,1-10,elizabeth99@carr.com
4823,2023-11-21,partner,US,11-50,melissa55@gonzales.net
4824,2023-12-02,,CA,51-200,richardmartinez@weber.org
4825,2024-03-23,organic,US,11-50,tammy23@lee.com
4826,2023-05-02,partner,FR,11-50,margaretdixon@clark.com
4827,2024-06-12,referral,NL,11-50,williamjohnson@howe.com
4828,2023-05-27,organic,US,1-10,salasjennifer@miller.info
4829,2023-10-31,referral,US,1-10,michaelkramer@barr-howard.com
4830,2024-02-24,organic,FR,11-50,evasquez@mitchell-browning.org
4831,2024-08-01,organic,US,1-10,lbaker@johnson.com
4832,2024-07-07,paid_search,CA,11-50,williamsalan@patel.com
4833,2024-05-25,organic,US,1-10,vmartinez@ellis.info
4834,2023-05-20,partner,NL,1000+,ywheeler@bell.biz
4835,2024-03-11,partner,DE,1-10,aguilardonald@blackwell.com
4836,2023-01-18,paid_search,IN,1-10,xmoore@pacheco-gomez.com
4837,2023-11-12,referral,US,1-10,wwilliams@brown-bass.org
4838,2024-01-13,organic,US,1000+,donaldchen@harrison-alexander.com
4839,2022-07-19,partner,US,1-10,xfarley@hurley.com
4840,2023-09-19,paid_search,NL,51-200,davidlong@robinson.com
4841,2024-11-02,organic,GB,11-50,karagood@phillips.net
4842,2024-11-09,organic,FR,1-10,stacie27@berry.biz
4843,2023-11-16,paid_search,FR,1-10,hartmanvictor@hudson-swanson.com
4844,2022-08-29,,DE,11-50,cassandra59@cameron-quinn.com
4845,2023-06-10,paid_search,FR,1000+,shanelee@snyder.com
4846,2023-12-28,organic,US,11-50,hdaniel@anderson.com
4847,2024-11-13,social,IN,1-10,martincarol@long.com
4848,2023-04-01,organic,DE,51-200,dhughes@hull-nelson.com
4849,2024-08-03,paid_search,SG,1-10,tiffany46@beck-garcia.com
4850,2023-02-05,partner,US,1-10,fhall@hanna.com
4851,2024-12-18,organic,AU,11-50,jasmineballard@higgins.com
4852,2023-11-22,partner,FR,1-10,briana28@meza.biz
4853,2024-08-26,organic,US,1-10,rolson@clark.com
4854,2023-11-01,social,US,1-10,jay37@simon.info
4855,2024-05-29,partner,IN,1-10,cathycarrillo@lopez.com
4856,2023-06-08,organic,IN,11-50,tayloraaron@sherman-jones.com
4857,2023-04-30,paid_search,US,1-10,stephanie86@estrada.com
4858,2024-11-29,partner,US,1-10,nancyjones@alvarez-rodriguez.com
4859,2024-10-08,social,DE,1-10,hunter89@lee.org
4860,2024-10-29,referral,NL,201-1000,brett93@mcdonald.com
4861,2024-05-15,paid_search,BR,11-50,cherylzhang@pugh-harmon.net
4862,2024-09-26,,GB,201-1000,brett27@gaines.com
4863,2022-11-28,organic,US,51-200,robertmoran@lawson.com
4864,2023-10-25,paid_search,US,1-10,anthonyrios@miller-moore.com
4865,2023-10-31,social,GB,51-200,michael39@lyons.com
4866,2024-05-06,social,BR,1-10,jasonhess@meadows.info
4867,2023-11-12,paid_search,US,1-10,danny57@johnson.net
4868,2023-05-15,partner,FR,1-10,bauermichelle@campbell.com
4869,2024-04-30,paid_search,US,1-10,david30@wallace.net
4870,2024-09-06,organic,IN,1-10,wsnyder@haynes.net
4871,2023-11-07,paid_search,NL,1-10,stefanie09@andrews-davis.com
4872,2023-04-26,referral,DE,1-10,phillipsmaria@thompson-wright.biz
4873,2023-07-30,partner,IN,11-50,erica27@shaw.com
4874,2023-08-30,paid_search,US,1-10,robertshannah@parker.net
4875,2023-10-04,paid_search,IN,11-50,kathy50@best.com
4876,2024-05-07,paid_search,US,11-50,qmcdowell@lee.org
4877,2024-04-24,referral,US,51-200,daniel67@schmitt-alexander.net
4878,2024-06-23,,US,11-50,velliott@villanueva.info
4879,2023-11-13,referral,US,1-10,christine10@brewer-pineda.info
4880,2024-09-25,paid_search,US,11-50,tiffanyroberts@gordon.com
4881,2023-07-26,referral,BR,1-10,umedina@gibson.com
4882,2024-02-13,referral,US,201-1000,joshualewis@reynolds.com
4883,2024-08-16,partner,IN,1-10,saragreen@downs.net
4884,2023-06-29,paid_search,US,1-10,nelsonaaron@olson.com
4885,2023-02-17,organic,FR,11-50,zcooper@massey.com
4886,2024-10-01,organic,AU,11-50,lyoder@sherman.com
4887,2023-11-18,organic,NL,1000+,vbenton@wilson-diaz.info
4888,2024-06-05,referral,US,1-10,vanessamoore@smith.com
4889,2022-04-09,organic,SG,11-50,kkeller@french-wilson.com
4890,2024-06-24,organic,FR,11-50,janicewhite@james-smith.net
4891,2023-10-04,organic,SG,1000+,hutchinsonmatthew@shepherd-lewis.org
4892,2022-09-19,referral,US,1-10,wolfejamie@winters.com
4893,2024-04-05,social,FR,1-10,lydiasullivan@lopez.net
4894,2023-08-21,organic,US,201-1000,christina97@lang.info
4895,2023-12-23,organic,BR,1-10,simmonsangel@mcmillan-garcia.com
4896,2022-12-15,paid_search,BR,1-10,johnwallace@bowers.org
4897,2023-05-29,organic,GB,1-10,blairdonna@snow-campbell.biz
4898,2023-10-29,social,US,1-10,umiller@mckenzie.info
4899,2023-01-11,partner,GB,1-10,flopez@mcclain-zimmerman.com
4900,2024-10-01,referral,IN,1-10,stevensonjonathan@whitaker-kim.com
4901,2022-01-26,referral,NL,11-50,kellyryan@parker-hill.info
4902,2024-02-15,paid_search,BR,1-10,nicole14@swanson.net
4903,2023-03-18,organic,IN,11-50,nthompson@scott.com
4904,2023-10-21,organic,AU,11-50,jamierobinson@davenport.com
4905,2024-11-29,social,SG,1-10,edwardskristen@murray.com
4906,2023-05-10,paid_search,AU,201-1000,dorothysmith@nelson.com
4907,2024-11-06,referral,NL,1-10,ychavez@jones-greer.com
4908,2023-07-31,social,US,51-200,grosssteven@james.net
4909,2024-07-24,paid_search,US,11-50,barbaramcclain@jennings-rodgers.com
4910,2024-03-13,organic,AU,51-200,fdelgado@shah.com
4911,2024-10-07,partner,GB,1-10,yball@callahan-castillo.biz
4912,2024-03-02,paid_search,AU,1-10,hartdavid@lambert.com
4913,2024-03-27,paid_search,SG,1-10,ucollins@jones.com
4914,2023-07-31,social,BR,1-10,ashley88@moreno-watkins.net
4915,2023-05-23,paid_search,US,11-50,dferrell@evans-hill.com
4916,2024-10-26,paid_search,GB,1-10,jordangloria@cox.com
4917,2023-10-10,social,IN,1-10,obowers@fox.com
4918,2023-11-02,paid_search,GB,1000+,imcbride@perry-choi.com
4919,2024-08-22,paid_search,IN,51-200,sanchezlauren@scott.com
4920,2023-10-19,paid_search,US,11-50,stephensjames@hoover.com
4921,2024-11-13,organic,US,51-200,dorseylauren@baker.net
4922,2024-07-13,organic,BR,1-10,matthew75@anderson-roberts.com
4923,2024-04-10,,US,51-200,egarcia@lee-franklin.com
4924,2024-10-22,organic,IN,1-10,shawn83@jones-chavez.org
4925,2022-09-21,referral,US,11-50,debrabryant@douglas.com
4926,2023-09-04,referral,BR,11-50,nmoses@mcpherson-wright.com
4927,2024-01-31,organic,FR,201-1000,jennifer86@wright.com
4928,2023-08-20,,DE,51-200,shirley60@martinez.com
4929,2024-07-30,paid_search,DE,51-200,banderson@parker.com
4930,2024-11-30,social,US,11-50,phillipmcclure@campbell.com
4931,2024-01-22,paid_search,US,11-50,dburch@hamilton.org
4932,2023-11-26,organic,US,1000+,davisnatalie@pena.com
4933,2024-11-10,partner,SG,1-10,frazierwendy@chase-figueroa.com
4934,2024-01-12,referral,GB,1-10,lopezstephanie@moore-herman.com
4935,2024-02-08,organic,US,51-200,dana90@hill.com
4936,2023-11-26,referral,US,51-200,lisa46@white.biz
4937,2024-10-12,social,CA,11-50,yrobinson@guzman.com
4938,2024-04-12,,US,201-1000,boydkeith@anderson.net
4939,2024-08-25,social,NL,11-50,bestalexis@day.com
4940,2024-09-09,paid_search,IN,11-50,cameron42@thomas.net
4941,2023-11-23,partner,IN,1-10,jake50@ramirez-smith.org
4942,2024-01-25,partner,NL,1-10,joanwright@robertson.org
4943,2024-09-07,paid_search,US,1-10,qjohnson@smith-reilly.com
4944,2023-11-16,,US,1-10,johnsonchristine@washington-caldwell.com
4945,2024-08-24,referral,CA,1000+,ericapark@mcmillan.info
4946,2024-11-03,paid_search,BR,1-10,osoto@graham-cooper.info
4947,2024-05-06,paid_search,GB,11-50,ibrown@kelly-arroyo.com
4948,2024-07-30,organic,US,51-200,kyle14@pace-white.biz
4949,2024-09-20,partner,US,1-10,vpatterson@wright.com
4950,2024-09-11,organic,GB,1-10,harold02@reed.com
4951,2023-12-26,partner,AU,1-10,nicolerivas@fields.com
4952,2022-09-28,paid_search,US,201-1000,nmoore@ryan.net
4953,2023-12-01,paid_search,SG,1-10,patriciaburnett@lopez-bush.org
4954,2024-06-12,social,AU,1-10,guerracarrie@lin.org
4955,2024-01-06,paid_search,NL,1-10,hernandezscott@sanchez.info
4956,2024-07-22,,DE,11-50,rushlaurie@clarke.biz
4957,2023-11-08,social,US,11-50,tonyajohnson@myers.org
4958,2024-05-04,paid_search,US,1-10,williamsjennifer@lopez-king.com
4959,2023-06-23,social,GB,11-50,qadams@colon.org
4960,2024-07-22,social,US,1000+,qchapman@moore.com
4961,2024-03-22,partner,US,11-50,fordedward@sanders-mason.com
4962,2023-07-24,organic,NL,51-200,stevenwilliams@hunter.net
4963,2023-09-30,organic,NL,1-10,elizabeth10@moon.com
4964,2024-07-24,paid_search,US,201-1000,smithbrianna@wade.com
4965,2024-02-09,paid_search,US,51-200,wyatt67@dyer-campbell.com
4966,2023-07-22,organic,BR,11-50,kmartinez@barrett.com
4967,2024-11-29,paid_search,GB,1-10,joshua63@white.biz
4968,2024-07-22,referral,DE,1-10,deborah68@mays-wise.com
4969,2024-11-16,organic,SG,201-1000,kaitlyn35@owens.com
4970,2024-01-30,social,US,11-50,teresa18@rodriguez-daniel.info
4971,2024-02-26,paid_search,FR,1-10,ycarroll@padilla-knight.org
4972,2024-10-29,paid_search,GB,11-50,amurphy@williams.com
4973,2024-03-13,referral,GB,1-10,sethedwards@hudson.com
4974,2024-06-01,organic,NL,11-50,dana10@moore.com
4975,2023-09-02,partner,DE,1-10,matthew79@richardson.com
4976,2024-01-05,social,NL,1-10,toddgutierrez@jones-thomas.biz
4977,2023-03-30,partner,US,11-50,jason29@williams-jones.info
4978,2023-07-02,organic,NL,11-50,haroldhansen@smith.com
4979,2022-01-22,organic,US,1-10,larrywerner@obrien.org
4980,2022-07-11,paid_search,IN,1-10,antonio49@hurst-hawkins.com
4981,2024-12-14,organic,US,1000+,rtrujillo@contreras.com
4982,2023-08-23,social,IN,1-10,nryan@lutz.info
4983,2024-05-13,paid_search,DE,1-10,williamstiffany@moore.biz
4984,2024-09-06,partner,US,1-10,slawson@walker.org
4985,2024-03-20,paid_search,FR,11-50,jason68@koch.com
4986,2023-05-13,organic,FR,11-50,morenomatthew@cook.biz
4987,2024-07-06,referral,DE,11-50,ashleysparks@james-potter.com
4988,2024-04-08,paid_search,FR,1000+,lindsaystrickland@west-briggs.info
4989,2024-07-12,social,BR,11-50,crystaltorres@weeks-wilkins.org
4990,2024-08-30,organic,US,11-50,thomasbrown@nelson.com
4991,2024-12-25,social,US,11-50,dana66@garcia-gomez.com
4992,2024-04-29,paid_search,AU,1-10,dmiller@berg-foster.net
4993,2023-11-12,partner,FR,51-200,vtodd@dominguez.org
4994,2024-05-26,social,IN,1-10,josephking@preston-molina.org
4995,2022-11-08,paid_search,US,1-10,christopher69@nguyen.com
4996,2024-10-02,paid_search,US,1-10,brandon88@dominguez.com
4997,2023-03-15,organic,US,11-50,amymartinez@figueroa.com
4998,2023-10-26,,IN,51-200,deannatyler@snyder.org
4999,2024-09-27,partner,GB,1-10,crystalbishop@davis.com
5000,2024-04-16,organic,GB,1-10,sarahjohnson@lewis-mason.com
5001,2023-12-28,,SG,1-10,anthonyburton@carpenter.com
5002,2024-02-18,referral,DE,1-10,charleslee@walsh-jennings.com
5003,2024-09-03,,CA,51-200,kayla98@miller.com
5004,2023-11-21,paid_search,FR,1-10,johndunn@webb-johnson.com
5005,2024-10-28,organic,GB,1-10,cindymunoz@davis.info
5006,2023-01-15,social,US,1-10,raymond90@lyons.com
5007,2024-08-31,organic,FR,1-10,beannicholas@cameron-stephenson.com
5008,2024-09-06,partner,CA,11-50,melissa83@esparza-mueller.net
5009,2023-06-25,referral,US,1-10,ewilson@mitchell-vasquez.biz
5010,2024-01-18,,BR,11-50,wilsontiffany@hurst.net
5011,2023-05-23,social,SG,11-50,esmith@patel.com
5012,2024-06-06,organic,NL,11-50,brian93@esparza.net
5013,2024-03-13,organic,BR,1000+,justinreeves@wilson.biz
5014,2024-05-11,organic,DE,201-1000,johnsonmichelle@lewis.com
5015,2023-07-08,social,DE,51-200,feliciawebster@dawson.com
5016,2023-07-28,social,US,11-50,dylan02@robinson.biz
5017,2022-07-18,organic,GB,51-200,uelliott@martin-blevins.com
5018,2023-10-09,organic,US,11-50,pamelasnyder@garcia.biz
5019,2024-03-11,organic,AU,1-10,hwagner@benitez-mcdonald.net
5020,2024-09-04,referral,US,1-10,mdoyle@white.com
5021,2024-05-22,organic,IN,1-10,williambaxter@reynolds.com
5022,2024-01-22,organic,IN,11-50,georgemendez@miller-jennings.com
5023,2024-11-08,referral,FR,11-50,daniellejohnson@smith.net
5024,2024-07-13,organic,FR,51-200,kimberly05@west.com
5025,2024-11-02,paid_search,US,1-10,warren28@gutierrez-burns.com
5026,2024-03-06,partner,DE,1-10,kimberlygordon@hayes-vasquez.com
5027,2023-09-14,,US,1-10,wendysantos@nelson-phillips.com
5028,2022-09-25,partner,US,11-50,sarah35@robbins-smith.info
5029,2024-07-01,referral,DE,11-50,scottgibson@holden.net
5030,2023-03-13,referral,US,1-10,annettewilson@payne.com
5031,2023-10-18,paid_search,IN,1-10,waltonbryan@scott.com
5032,2024-03-26,organic,US,1-10,eferguson@carlson.com
5033,2024-03-14,,DE,1-10,eedwards@harrison.info
5034,2024-04-28,referral,US,51-200,ballsteven@long.info
5035,2023-05-03,organic,US,1-10,jgaines@crane-mccoy.com
5036,2023-11-08,social,GB,201-1000,patriciafloyd@gallegos-west.org
5037,2024-04-13,paid_search,AU,11-50,parkerkenneth@miller.net
5038,2024-12-02,referral,CA,1-10,rayrobin@shea.com
5039,2024-07-06,paid_search,BR,1-10,sporter@marshall-butler.com
5040,2024-11-26,referral,IN,1-10,david96@johnson.com
5041,2024-08-21,paid_search,IN,11-50,vhenderson@frederick.info
5042,2024-04-11,referral,SG,11-50,andersonelijah@peters.com
5043,2023-06-16,referral,GB,1-10,kevinwagner@alexander.com
5044,2024-05-21,partner,NL,11-50,michelle20@lowery.com
5045,2024-05-29,partner,FR,1-10,alexandria87@ward.info
5046,2024-04-20,organic,IN,1-10,tiffanybernard@lawson.com
5047,2024-02-07,organic,CA,51-200,osnow@martin.com
5048,2024-03-19,referral,US,1-10,barbaramorales@gonzalez-obrien.net
5049,2023-10-02,organic,AU,1-10,katie48@adams-byrd.com
5050,2024-03-01,social,CA,1-10,luisblake@reed.net
5051,2023-07-10,referral,GB,201-1000,zstanley@mccormick.info
5052,2024-09-16,organic,US,1-10,matthewhooper@rivas.com
5053,2023-06-18,paid_search,US,11-50,dmccoy@jenkins.com
5054,2023-01-25,paid_search,GB,11-50,kimberly14@rich.com
5055,2024-01-19,paid_search,US,201-1000,nicole52@lewis-jackson.net
5056,2024-05-14,social,GB,1-10,nwhite@diaz.com
5057,2024-01-23,,US,1-10,joseph51@velez.com
5058,2023-09-01,paid_search,GB,11-50,sarah11@mcdonald.org
5059,2024-03-16,organic,AU,1-10,kelly95@may-jackson.com
5060,2023-11-09,referral,DE,1000+,hayden46@wagner.com
5061,2024-11-15,organic,BR,11-50,clairemartinez@nelson-henry.org
5062,2024-11-12,organic,FR,1-10,rachelguerrero@thompson-carlson.net
5063,2024-02-07,organic,GB,11-50,cthompson@harris.org
5064,2023-10-01,organic,US,1-10,pbrooks@burnett.com
5065,2024-07-06,paid_search,DE,11-50,hstewart@richardson-acevedo.com
5066,2022-06-08,,BR,11-50,melissacastillo@thompson.com
5067,2024-02-17,referral,AU,11-50,jhess@green.com
5068,2023-10-11,referral,US,1-10,johnsonwesley@king.com
5069,2024-11-22,paid_search,US,1-10,rnichols@case-parker.com
5070,2022-02-09,partner,NL,1-10,mccallcrystal@simmons.org
5071,2024-03-08,paid_search,US,1-10,bwilson@lamb-larson.biz
5072,2024-07-29,paid_search,US,11-50,karengentry@garcia.com
5073,2024-02-20,referral,IN,1-10,sharper@johnson.com
5074,2023-01-23,partner,US,11-50,lmiller@garcia.com
5075,2024-12-10,organic,BR,201-1000,taylorvicki@perry.com
5076,2024-03-09,organic,IN,51-200,lopeztonya@grant.net
5077,2024-04-23,referral,US,1-10,gmccormick@fowler.com
5078,2023-08-11,paid_search,US,51-200,spencerpamela@adkins-williamson.com
5079,2024-02-24,partner,SG,11-50,nathanjefferson@foster.info
5080,2024-01-18,referral,BR,11-50,frank01@miller-massey.com
5081,2022-11-30,organic,US,1-10,philip73@jackson-thornton.net
5082,2023-02-01,,IN,11-50,wjones@richardson.com
5083,2024-09-02,referral,US,11-50,stephen57@kim.org
5084,2023-08-02,paid_search,US,201-1000,brittanyjohnson@porter-andrews.org
5085,2023-07-12,organic,DE,51-200,peterhamilton@collins-garrett.com
5086,2024-02-12,paid_search,IN,1-10,brenda94@chambers.com
5087,2024-08-25,organic,US,1-10,ashleyhester@dudley-hamilton.com
5088,2022-10-09,referral,IN,1-10,alyssasaunders@ortiz.com
5089,2024-04-03,organic,DE,11-50,tlewis@mcdonald.info
5090,2023-03-27,organic,BR,201-1000,megan21@davis.com
5091,2022-06-04,organic,US,51-200,imartin@collins-rios.com
5092,2022-09-15,paid_search,GB,1-10,walterdavid@reed-carter.net
5093,2024-09-23,referral,US,11-50,toni93@sullivan-allen.com
5094,2023-03-21,referral,CA,1-10,danielle77@landry.biz
5095,2022-08-31,paid_search,IN,201-1000,kiara57@tucker.net
5096,2024-01-20,organic,US,51-200,jessica25@jackson.net
5097,2024-09-18,organic,US,1-10,robert90@keller.com
5098,2023-09-13,organic,US,201-1000,melissachapman@velez.biz
5099,2024-01-18,paid_search,BR,1-10,natalie39@crawford-gregory.org
5100,2022-07-06,organic,GB,201-1000,thomaslori@holmes.com
5101,2024-01-24,organic,BR,1-10,katherine59@miller.org
5102,2024-04-15,organic,US,1-10,terry53@daniels.org
5103,2024-04-04,organic,US,11-50,pbrooks@martin-mitchell.com
5104,2023-10-19,paid_search,FR,11-50,david62@nelson.com
5105,2023-10-22,paid_search,IN,51-200,andrewgibbs@baker.com
5106,2023-02-02,referral,BR,201-1000,rosetyrone@lopez-thomas.com
5107,2023-11-11,social,BR,11-50,mwinters@hopkins.net
5108,2023-02-09,paid_search,AU,1-10,mitchelljennifer@jones.biz
5109,2024-08-29,social,US,11-50,riddlejames@lara.com
5110,2024-11-16,paid_search,US,11-50,juan84@barnes.com
5111,2024-12-07,,US,51-200,ericamccoy@miller.net
5112,2024-10-02,organic,CA,51-200,simongabrielle@johnson.biz
5113,2024-04-12,partner,US,51-200,uhardy@jimenez-ellis.info
5114,2024-06-20,partner,GB,1-10,aallen@hubbard-bryant.com
5115,2023-09-15,social,FR,51-200,michael59@clark.com
5116,2024-05-25,organic,US,11-50,linda43@ingram-bowen.com
5117,2024-01-05,referral,US,1-10,taylorclaudia@edwards.net
5118,2024-02-05,paid_search,AU,1-10,jameswright@shah.com
5119,2024-08-07,partner,US,1-10,terri85@francis-johnson.com
5120,2023-09-09,paid_search,GB,51-200,nicholassmith@mcbride.com
5121,2023-10-04,referral,GB,11-50,talexander@flores.com
5122,2024-11-30,social,GB,11-50,lisa76@rodriguez.com
5123,2022-09-25,paid_search,AU,51-200,jessicascott@chavez.info
5124,2024-02-11,organic,FR,1-10,brianaguilar@kim.info
5125,2024-10-21,paid_search,US,201-1000,michaelestrada@perez.net
5126,2024-04-06,partner,FR,11-50,shawntate@brooks.net
5127,2024-03-09,social,US,1-10,alyssa89@vargas.org
5128,2023-08-09,social,NL,1-10,maria51@shelton-cook.org
5129,2023-11-05,paid_search,GB,201-1000,curryisabella@edwards-velasquez.com
5130,2024-09-26,referral,FR,1000+,ryan52@summers.com
5131,2024-03-25,organic,GB,1-10,charles52@salas-good.net
5132,2024-02-06,referral,US,1-10,xsimpson@scott-zamora.com
5133,2023-02-12,organic,IN,51-200,mgill@reed.com
5134,2022-03-30,social,DE,11-50,chayes@mahoney.info
5135,2024-11-24,social,US,201-1000,katherinebenton@paul.com
5136,2023-11-21,referral,CA,51-200,salinaskyle@murray.com
5137,2024-04-14,organic,IN,11-50,sallen@williams-wright.biz
5138,2022-12-28,organic,US,1-10,walkerkenneth@freeman.com
5139,2024-06-21,paid_search,CA,201-1000,wmcclure@morris-thompson.com
5140,2024-11-05,social,GB,1-10,deborah83@wolf.info
5141,2024-04-17,partner,US,1-10,samantha50@solomon-myers.net
5142,2023-03-20,organic,NL,51-200,baileyjulia@schwartz.biz
5143,2024-04-11,paid_search,IN,1-10,amiller@castro-aguilar.com
5144,2024-08-09,partner,FR,1-10,knightrobert@allen.com
5145,2023-12-08,paid_search,DE,11-50,lee61@robinson.com
5146,2024-10-25,partner,IN,1-10,ljoyce@green.com
5147,2024-05-03,organic,US,11-50,nathaniellawson@watkins.com
5148,2024-10-31,paid_search,US,1-10,cberger@mcclain.biz
5149,2024-05-23,referral,IN,51-200,htran@duncan-wilcox.org
5150,2023-04-02,referral,BR,201-1000,fstevenson@coleman.info
5151,2023-10-15,partner,BR,11-50,greenjamie@golden.com
5152,2023-07-23,organic,DE,1-10,hendersondean@pugh.info
5153,2024-10-05,paid_search,AU,11-50,richard01@myers-dudley.org
5154,2024-08-09,referral,US,1-10,duncanwayne@sanchez-ferrell.com
5155,2024-06-29,partner,US,1-10,elizabeth36@fisher.com
5156,2023-10-06,organic,CA,1-10,alexanderlopez@ruiz-davidson.com
5157,2023-06-09,organic,AU,1-10,zgibson@simon.com
5158,2024-07-01,paid_search,US,1-10,smithkenneth@massey.com
5159,2024-02-13,organic,DE,11-50,melissamoore@smith.com
5160,2023-08-09,referral,DE,51-200,jennatorres@benitez.com
5161,2024-04-07,partner,FR,1-10,kristincombs@wilson.com
5162,2022-07-18,social,US,1-10,sanfordmary@smith.org
5163,2023-10-10,paid_search,BR,1-10,william62@jones.com
5164,2024-02-17,social,CA,11-50,davissarah@gill.com
5165,2023-05-30,paid_search,US,1-10,danacoleman@perez-curtis.org
5166,2024-12-06,organic,GB,11-50,timothy81@sanchez.org
5167,2023-07-25,paid_search,US,11-50,matthew33@henry.org
5168,2023-04-28,paid_search,IN,11-50,vanessa03@ward-reed.com
5169,2023-07-09,referral,BR,1-10,kellereric@singh-martinez.info
5170,2024-08-21,referral,US,201-1000,robert19@peterson.com
5171,2024-01-24,paid_search,US,1-10,woodwalter@brown.biz
5172,2024-03-30,paid_search,US,1-10,edward94@munoz.org
5173,2022-04-30,paid_search,US,11-50,williamlam@meadows.com
5174,2022-06-29,paid_search,CA,1-10,hillsteven@gutierrez-andrews.com
5175,2024-01-20,organic,DE,11-50,aswanson@alexander-combs.com
5176,2024-09-30,organic,AU,1-10,susanwarner@rodriguez-bradley.com
5177,2024-10-11,partner,NL,51-200,jeanette90@hart.com
5178,2023-01-07,organic,AU,1-10,jake45@castillo-lamb.biz
5179,2024-03-22,social,GB,11-50,pjones@herrera.com
5180,2024-10-15,referral,IN,11-50,mannbrandi@terry.com
5181,2023-12-06,social,FR,11-50,ggarner@thomas.org
5182,2024-09-06,organic,GB,1-10,susan93@roman-bradshaw.org
5183,2023-04-09,referral,US,11-50,christopher70@reyes-hoffman.com
5184,2024-11-11,organic,US,1-10,robertthornton@nichols-carney.info
5185,2024-07-21,paid_search,BR,1-10,aarontaylor@house.com
5186,2024-11-19,paid_search,BR,51-200,hardingeric@williamson.com
5187,2024-06-06,organic,DE,1-10,bmartin@lucas.com
5188,2023-11-05,organic,IN,51-200,wesley65@webb-stevens.com
5189,2024-11-12,social,CA,201-1000,baileydonna@henry-mitchell.com
5190,2023-09-04,social,CA,201-1000,cburns@green-cardenas.com
5191,2023-10-18,paid_search,CA,11-50,charlesking@smith.com
5192,2024-06-29,organic,IN,1-10,pshannon@simpson.com
5193,2024-08-11,organic,CA,1-10,zachary86@martinez.com
5194,2024-11-10,social,IN,11-50,tammyowen@combs-barnes.com
5195,2023-07-02,social,US,201-1000,tracey80@johnson.com
5196,2024-08-30,partner,GB,11-50,chanpaul@franklin-owens.com
5197,2024-07-08,social,CA,51-200,johnsonsabrina@brown.com
5198,2022-10-31,paid_search,GB,201-1000,jonathan73@parker.biz
5199,2023-12-13,social,IN,1-10,lorifields@spencer.com
5200,2023-09-14,social,US,11-50,danielschmidt@gray.com
5201,2023-10-04,referral,FR,11-50,susanbell@randolph.com
5202,2024-12-05,organic,US,1-10,michaeljones@levy.com
5203,2024-05-23,organic,US,11-50,katelynburke@smith.com
5204,2024-07-18,organic,SG,1-10,petersenlawrence@howell-rodgers.org
5205,2024-12-16,partner,NL,11-50,chandlerjeremy@wright.info
5206,2023-11-28,social,US,11-50,yarcher@johnson-chen.com
5207,2024-08-20,paid_search,IN,11-50,paula13@smith-lewis.org
5208,2024-01-20,referral,DE,11-50,ipierce@mitchell-caldwell.com
5209,2024-10-17,organic,US,11-50,ricewilliam@allen-vaughn.org
5210,2023-06-04,social,US,1-10,cynthiasalas@thornton-white.biz
5211,2024-11-14,paid_search,US,11-50,williamrich@martinez-mahoney.net
5212,2023-07-06,social,US,1-10,piercedavid@summers.com
5213,2023-10-07,social,CA,1-10,dhicks@kim-cole.info
5214,2024-07-13,organic,US,1-10,ijones@casey.org
5215,2023-12-02,paid_search,US,1-10,kathrynbaxter@weeks.info
5216,2024-04-17,partner,CA,1-10,linda40@gordon-goodwin.com
5217,2024-01-12,referral,US,11-50,erinsmith@smith-kim.net
5218,2024-07-26,referral,DE,11-50,prodriguez@adams.info
5219,2023-08-20,organic,GB,11-50,nicholaspeterson@brown-mclean.com
5220,2022-10-14,organic,GB,11-50,qwoods@cox.com
5221,2023-10-08,partner,US,11-50,lkelly@ramos-turner.com
5222,2024-02-29,organic,BR,11-50,tonyamorris@barnes.com
5223,2023-05-13,referral,BR,1-10,velasquezmichael@gill.com
5224,2023-11-27,paid_search,BR,1-10,jill73@stephens.com
5225,2023-12-11,referral,BR,1000+,steve46@kaiser-banks.com
5226,2022-09-30,social,IN,11-50,ipotter@waller.com
5227,2024-04-13,paid_search,US,11-50,victoriavillarreal@green.com
5228,2024-10-31,social,US,1-10,katherineflores@williams-dorsey.com
5229,2023-05-05,referral,IN,1-10,nicholas33@lane.com
5230,2024-04-08,social,US,11-50,joshuamorris@morgan.com
5231,2024-05-28,paid_search,SG,1-10,ocastaneda@powell.net
5232,2024-01-06,paid_search,AU,201-1000,colonjames@ali.com
5233,2024-06-17,paid_search,FR,51-200,hdavis@fox.net
5234,2024-01-31,social,GB,201-1000,dcarpenter@king.com
5235,2024-02-16,paid_search,DE,11-50,rjohnson@cooper.info
5236,2022-02-21,social,IN,1-10,robertdavis@hardin.com
5237,2024-06-21,partner,CA,1-10,jenniferbean@ingram.com
5238,2024-05-21,social,US,1-10,donaldmolina@camacho.com
5239,2022-07-05,paid_search,GB,11-50,john94@davis.com
5240,2023-11-15,partner,FR,1-10,caleb89@flores.com
5241,2024-12-19,paid_search,BR,11-50,greenadam@reed.com
5242,2024-01-18,referral,US,11-50,rebeccamoore@jordan.com
5243,2024-02-24,referral,SG,51-200,monica04@riley-fischer.biz
5244,2024-10-05,social,GB,11-50,scott68@reeves.com
5245,2024-07-27,paid_search,GB,1-10,brian62@russell.com
5246,2024-04-28,paid_search,IN,1-10,samuel08@thompson.com
5247,2024-08-15,organic,DE,11-50,mthompson@bowman.com
5248,2024-10-29,,US,1-10,zclark@sanchez.com
5249,2024-01-09,referral,DE,1-10,ewilliams@garner.net
5250,2024-02-15,social,BR,11-50,youngjared@collins-williams.com
5251,2023-12-20,organic,US,11-50,fcampbell@davis.com
5252,2024-11-25,referral,GB,1000+,perezcody@sampson.biz
5253,2024-06-10,organic,GB,11-50,wwhite@warren.com
5254,2023-01-16,organic,US,51-200,charles08@rivera.biz
5255,2024-09-15,paid_search,DE,1-10,franciscoandrews@gallagher.com
5256,2024-02-12,referral,BR,1-10,alison10@simon-schroeder.com
5257,2022-11-09,organic,CA,51-200,whitepedro@phillips.com
5258,2024-03-26,paid_search,US,11-50,ramoscheyenne@gonzalez-calderon.org
5259,2024-01-08,organic,GB,201-1000,stoutjennifer@valenzuela.com
5260,2024-10-11,organic,FR,11-50,butlercourtney@stephens.com
5261,2023-07-18,organic,GB,51-200,reginajordan@golden.com
5262,2024-09-18,organic,US,1-10,pennyschroeder@lee.com
5263,2024-03-20,organic,DE,51-200,ejones@buckley.org
5264,2022-09-29,organic,SG,1-10,andrew30@fowler-curry.biz
5265,2024-12-29,,US,1-10,qwallace@morgan.com
5266,2024-02-15,organic,GB,11-50,qgallagher@andrews-stewart.com
5267,2023-09-29,organic,IN,1-10,jacksonsamantha@neal.com
5268,2024-02-18,social,GB,1-10,adamlogan@mullen.com
5269,2024-09-08,organic,BR,11-50,hicksmichele@gomez.biz
5270,2023-10-07,partner,IN,1-10,wilsonlisa@lawson-martin.com
5271,2023-06-10,referral,CA,1-10,katherine73@taylor.com
5272,2023-04-20,social,US,201-1000,john32@williams-campos.info
5273,2023-10-04,referral,GB,201-1000,caroline23@hall.com
5274,2024-08-01,organic,SG,51-200,wday@clark-silva.com
5275,2024-02-01,organic,US,11-50,meganhart@mclaughlin-smith.com
5276,2023-08-24,paid_search,DE,1-10,millsdanielle@roberts.com
5277,2023-05-29,partner,AU,11-50,brittanywilliams@burnett-cook.com
5278,2023-10-01,partner,NL,1-10,sharon87@rodriguez.com
5279,2024-11-04,referral,IN,1-10,rhondaowens@garcia.com
5280,2023-11-15,,DE,201-1000,qking@armstrong-hall.com
5281,2024-12-10,paid_search,AU,11-50,ruiztodd@dickerson-smith.com
5282,2024-02-16,partner,NL,11-50,michael88@hill.info
5283,2023-06-17,paid_search,GB,11-50,timothynorman@gray.com
5284,2024-10-02,organic,DE,1-10,phillipblair@york-norton.com
5285,2024-01-12,partner,US,1-10,hernandezangela@smith.net
5286,2024-06-30,organic,NL,1-10,michaelmathews@gregory.com
5287,2024-12-20,referral,US,11-50,beverlyayala@morales.biz
5288,2022-09-22,paid_search,GB,201-1000,timothy75@vaughn.biz
5289,2023-02-13,social,GB,1-10,stacey03@yang.net
5290,2024-07-02,paid_search,IN,1-10,stevensedward@tran.biz
5291,2023-09-11,partner,DE,11-50,eric83@robinson.com
5292,2023-06-16,organic,NL,51-200,caroltaylor@khan.net
5293,2022-07-06,partner,US,11-50,jacob98@hobbs-roberts.com
5294,2022-04-11,organic,NL,11-50,millerchristine@burns.com
5295,2024-08-10,paid_search,US,11-50,jessica37@johnson-hodges.org
5296,2023-04-16,partner,US,1-10,johnstonrobert@jones.biz
5297,2024-02-26,paid_search,AU,11-50,bailey73@cruz.com
5298,2024-04-11,organic,IN,51-200,andrew73@weaver-sweeney.org
5299,2024-01-18,organic,US,51-200,nielsenapril@smith.info
5300,2022-05-05,organic,FR,1-10,ruben43@wells.com
5301,2024-08-06,social,BR,11-50,hurstwesley@bryant.biz
5302,2022-02-01,social,GB,11-50,hugheswilliam@hall.com
5303,2024-08-31,organic,BR,201-1000,wilsonjoseph@gonzales-peters.biz
5304,2024-10-25,paid_search,NL,11-50,hfitzpatrick@cruz.com
5305,2024-01-21,,CA,11-50,trandouglas@larsen.net
5306,2024-03-09,paid_search,CA,1-10,rhonda24@moses.biz
5307,2024-02-12,referral,FR,1-10,littlekelly@dominguez.com
5308,2023-12-11,organic,AU,1-10,james30@norton.com
5309,2024-10-22,social,US,201-1000,morenomiguel@maddox-johnson.com
5310,2024-10-04,paid_search,SG,1-10,qpotter@kelley-weeks.com
5311,2023-10-12,referral,GB,1-10,kara00@francis.com
5312,2024-04-30,organic,BR,1-10,cwood@allen.com
5313,2024-11-10,referral,US,11-50,xedwards@wallace.info
5314,2024-11-09,paid_search,IN,11-50,breannawarren@thompson.net
5315,2024-02-12,social,US,201-1000,kara42@bradshaw-newton.com
5316,2024-01-24,social,FR,1-10,vjohnston@hernandez.org
5317,2023-09-26,social,US,11-50,znorris@russell-holloway.com
5318,2024-11-23,social,AU,1-10,sean58@huff-park.com
5319,2023-04-10,social,AU,1-10,dbrowning@morris.com
5320,2024-04-08,paid_search,CA,1-10,deborah90@steele-simpson.com
5321,2023-09-04,paid_search,GB,201-1000,james60@rodriguez.com
5322,2023-09-03,referral,US,11-50,bryan25@finley-brown.com
5323,2023-12-30,referral,US,201-1000,harriscory@sanders.info
5324,2024-12-17,paid_search,CA,1-10,kimvicki@johnston-mann.info
5325,2022-09-30,referral,GB,1-10,gonzalesjason@smith-marks.com
5326,2024-04-18,paid_search,US,51-200,yvonneellis@le.com
5327,2023-01-14,organic,DE,1-10,tuckerjennifer@sanders-fitzpatrick.com
5328,2023-05-04,paid_search,US,1-10,vjohnson@collins-sampson.biz
5329,2024-01-22,organic,US,1-10,autumnflores@forbes-nelson.info
5330,2024-02-26,social,CA,1-10,matthewbrown@cruz-mcdonald.net
5331,2023-09-19,partner,GB,11-50,tinawilliams@graham.biz
5332,2023-10-07,organic,BR,11-50,floreslaura@johnson-li.biz
5333,2023-01-24,paid_search,FR,201-1000,younganthony@pitts.com
5334,2023-10-19,social,AU,1-10,laurapowers@reynolds.com
5335,2024-11-10,organic,IN,1-10,diana53@reid.com
5336,2024-11-20,referral,BR,11-50,rlevine@rogers.com
5337,2023-10-14,organic,BR,1-10,dmcintyre@wade.com
5338,2024-04-19,referral,IN,11-50,mckayshawn@wilson.info
5339,2024-10-04,organic,AU,1-10,vphillips@anderson-rodriguez.com
5340,2022-01-08,referral,CA,1-10,alexandervictoria@wade-holden.com
5341,2024-09-30,referral,US,1-10,tamara29@johnson-ross.info
5342,2024-11-03,paid_search,GB,11-50,keith23@hebert-willis.net
5343,2023-01-29,organic,DE,1-10,urios@sanders.com
5344,2023-05-24,partner,IN,1-10,yjohnson@lopez.com
5345,2024-11-25,partner,IN,11-50,lmcbride@neal-cox.org
5346,2024-03-15,referral,GB,11-50,thomasmeyer@cook.info
5347,2022-03-29,paid_search,IN,11-50,josephoneill@moreno-smith.com
5348,2023-09-21,social,US,11-50,khenderson@gonzalez.biz
5349,2024-01-31,paid_search,US,11-50,sandersfelicia@flores.biz
5350,2024-06-06,organic,GB,11-50,john22@gibbs.com
5351,2024-07-24,paid_search,DE,11-50,bairdaaron@rice-rodriguez.org
5352,2024-12-21,social,IN,1-10,jjones@nelson.com
5353,2023-09-18,organic,AU,201-1000,sethgibbs@spencer-duran.com
5354,2024-03-29,organic,US,1-10,patriciarobertson@webster-guzman.com
5355,2024-03-19,paid_search,NL,1-10,boydandrew@weaver.com
5356,2023-12-11,social,IN,51-200,paynejoseph@robinson.com
5357,2023-06-07,paid_search,IN,1-10,virginia81@griffith.com
5358,2024-12-13,,US,1-10,susan86@garza.com
5359,2024-09-07,referral,US,11-50,davisjacqueline@turner.com
5360,2024-02-25,paid_search,CA,51-200,ritabeard@estes-gallegos.com
5361,2024-04-19,organic,SG,11-50,williamhernandez@ramsey.com
5362,2023-08-18,organic,NL,1-10,dwaters@meyers-adams.net
5363,2024-03-01,partner,US,51-200,brenda59@boone.com
5364,2024-06-22,partner,SG,51-200,aaronwalker@bridges.com
5365,2024-02-21,social,IN,11-50,hbaldwin@myers-henry.net
5366,2024-12-19,organic,US,11-50,clarkjustin@hanson.net
5367,2024-04-14,partner,AU,1-10,groberts@nelson-williams.biz
5368,2023-11-26,paid_search,DE,11-50,nancymccarthy@rich.com
5369,2024-08-24,paid_search,IN,51-200,andrewferrell@barry-werner.net
5370,2023-06-15,,US,51-200,gcruz@gutierrez.org
5371,2023-12-11,organic,DE,1-10,lisa57@flores-sanders.net
5372,2023-11-24,organic,AU,51-200,wattsmelissa@ray.com
5373,2024-01-03,organic,NL,11-50,miguelschultz@pittman-leonard.info
5374,2024-08-28,referral,CA,1-10,anne81@jackson.biz
5375,2024-02-28,paid_search,US,51-200,gregorybeck@perry.com
5376,2024-08-02,referral,FR,1-10,johnryan@drake.com
5377,2024-04-18,social,BR,51-200,rebeccamartinez@austin.com
5378,2023-11-02,organic,US,1-10,cynthia78@maxwell.com
5379,2024-09-07,social,US,1-10,millershawn@gregory.biz
5380,2023-08-11,partner,IN,11-50,annecox@anderson.org
5381,2023-08-07,paid_search,GB,201-1000,joseph35@lewis.com
5382,2024-02-03,organic,US,51-200,christinejohnson@lopez.com
5383,2023-09-13,referral,US,1-10,vmassey@burch-gates.com
5384,2022-02-20,organic,US,1-10,fhenderson@scott.com
5385,2024-05-11,,SG,51-200,millermonique@smith-hall.com
5386,2024-02-14,organic,DE,1-10,judithmathis@long.net
5387,2024-01-22,organic,DE,201-1000,eharrison@mullins.com
5388,2024-11-27,paid_search,AU,11-50,deanlewis@pugh.com
5389,2024-04-12,paid_search,BR,1-10,david77@carrillo-bryant.com
5390,2024-10-10,organic,NL,11-50,sean50@carney.net
5391,2023-04-22,organic,CA,1-10,jacob14@parker.biz
5392,2024-04-16,organic,US,1-10,amandaaguilar@dawson-ferguson.net
5393,2024-10-20,paid_search,IN,1-10,gregory04@rivera-watts.org
5394,2024-04-01,paid_search,US,1-10,miguelshaw@collins.biz
5395,2024-07-03,paid_search,US,1-10,feliciathompson@allen-brewer.com
5396,2023-11-23,referral,US,201-1000,vickipeck@russell-phelps.info
5397,2023-01-20,,GB,201-1000,robert77@beck.org
5398,2024-01-21,partner,US,201-1000,alewis@calhoun.com
5399,2023-12-21,partner,GB,1-10,kimberly59@padilla.com
5400,2024-10-12,,US,11-50,kaitlin23@cook.com
5401,2023-08-18,organic,CA,1-10,flewis@henderson.org
5402,2024-11-09,organic,GB,11-50,wware@cannon-hart.org
5403,2024-11-30,partner,BR,1-10,kshelton@zimmerman.com
5404,2023-08-09,referral,GB,11-50,andrewpierce@martinez.com
5405,2023-11-19,organic,US,1-10,williamrussell@carlson-foster.com
5406,2024-10-01,referral,AU,1-10,morrismarcus@rodriguez-camacho.com
5407,2024-11-16,paid_search,FR,201-1000,ogriffin@mueller.net
5408,2024-01-22,partner,DE,11-50,smithjoseph@robertson-webb.com
5409,2023-10-01,referral,US,11-50,eric27@yoder.org
5410,2024-03-28,organic,DE,11-50,thenderson@anderson.com
5411,2024-06-09,partner,IN,1-10,danny19@moore-rivera.com
5412,2023-09-28,social,IN,51-200,michellescott@murphy.info
5413,2024-07-18,social,GB,51-200,emma77@lewis-leach.com
5414,2022-09-04,paid_search,BR,1-10,xlloyd@patel-olson.com
5415,2022-09-14,social,NL,1000+,elizabethsmith@holland.com
5416,2023-12-26,organic,GB,51-200,egaines@woodard.com
5417,2023-11-09,social,IN,1-10,qmiller@carlson.biz
5418,2023-10-10,partner,AU,51-200,aclay@hines.com
5419,2024-02-29,organic,CA,11-50,stevenskaren@roberts.com
5420,2023-10-15,referral,GB,11-50,qhenderson@patton.com
5421,2023-06-24,organic,GB,51-200,ericsherman@conrad-abbott.org
5422,2023-10-15,organic,US,1-10,jennifer55@griffin.com
5423,2024-12-01,referral,DE,1-10,jessica78@reese.info
5424,2024-01-31,paid_search,CA,11-50,alexandrawalker@evans.biz
5425,2024-01-14,,US,1-10,whitenicholas@lynch-fowler.org
5426,2024-04-05,paid_search,IN,1000+,dianasantiago@rodriguez.biz
5427,2024-12-30,organic,DE,1-10,michellerangel@foster-evans.com
5428,2023-08-28,organic,US,1-10,aguilarbryce@copeland.com
5429,2024-06-21,paid_search,GB,1-10,brownphillip@thomas-frost.com
5430,2024-07-25,organic,US,51-200,erika64@griffin.com
5431,2024-04-16,referral,IN,1-10,mary81@harris.com
5432,2023-01-19,organic,US,1000+,morganwatts@goodman-chaney.com
5433,2024-06-08,social,DE,1-10,kdiaz@weeks-eaton.org
5434,2022-10-16,social,US,1000+,beverly86@murray-terry.com
5435,2024-04-30,organic,IN,11-50,kenneth99@townsend.org
5436,2024-07-15,organic,FR,11-50,mlynch@nguyen.net
5437,2023-07-05,social,SG,201-1000,terrieverett@williams.org
5438,2024-09-19,paid_search,US,1-10,jaydominguez@lewis.biz
5439,2022-05-16,social,IN,1-10,thomasgreen@moore.biz
5440,2024-09-01,organic,BR,11-50,charles77@steele.org
5441,2024-01-07,organic,US,11-50,foxgerald@lucas.biz
5442,2023-07-20,organic,US,1-10,kennedyelizabeth@rogers-greene.com
5443,2023-04-14,organic,GB,1-10,heatherward@vazquez.net
5444,2024-11-01,organic,GB,11-50,bbarnett@smith.com
5445,2022-11-06,organic,NL,51-200,amykane@franklin.com
5446,2023-07-02,referral,IN,1-10,stephanie87@salazar.com
5447,2023-11-29,social,FR,1-10,leah96@washington-moore.net
5448,2024-05-12,organic,NL,11-50,melissa74@hill-ward.com
5449,2024-03-01,paid_search,CA,1-10,hcohen@garcia.com
5450,2023-03-02,organic,US,1-10,jessica08@williams.com
5451,2023-09-26,referral,US,51-200,karen58@santos.net
5452,2023-08-07,referral,US,51-200,rodriguezanna@hawkins.org
5453,2023-07-02,referral,US,1-10,qlara@porter-miller.com
5454,2024-01-07,paid_search,GB,1-10,xschmidt@kelley.biz
5455,2024-06-17,paid_search,US,1-10,paul53@young.info
5456,2023-07-05,organic,US,51-200,julia63@cisneros.com
5457,2023-11-11,partner,FR,1-10,lauravelazquez@gillespie-jackson.com
5458,2023-12-14,social,SG,1-10,cooperhoward@roberts-dunn.info
5459,2024-12-06,paid_search,SG,1-10,keithedwards@stuart-wilson.com
5460,2024-11-27,organic,US,1-10,florescynthia@kennedy-walton.com
5461,2024-08-02,,US,1-10,plin@simmons.org
5462,2023-08-10,organic,IN,201-1000,ahayes@smith-patel.com
5463,2022-11-06,paid_search,US,1-10,obrienchristopher@washington-le.biz
5464,2023-10-05,paid_search,US,11-50,ndiaz@brewer-rose.net
5465,2023-09-25,organic,NL,201-1000,gdrake@larson.com
5466,2024-02-22,social,AU,1-10,hwilson@salazar.org
5467,2024-08-27,paid_search,IN,201-1000,bbrown@richard.com
5468,2024-09-13,referral,US,1-10,timothy77@ramirez-gonzales.com
5469,2024-09-21,referral,US,1-10,thomaswilliam@gibson.com
5470,2023-11-05,paid_search,US,11-50,reillykatelyn@harrison.net
5471,2024-06-27,paid_search,AU,1000+,davidlopez@williams.com
5472,2023-10-22,organic,NL,51-200,floresmichael@kim.com
5473,2022-10-12,referral,GB,1-10,justin59@armstrong.com
5474,2024-06-05,organic,AU,1-10,kellymartinez@stevenson.com
5475,2022-02-18,referral,IN,1-10,johnware@hampton.com
5476,2023-12-14,paid_search,GB,51-200,jameswiley@mcdowell.org
5477,2023-10-10,social,IN,201-1000,ledwards@weaver.com
5478,2024-06-09,paid_search,GB,201-1000,jessicawilson@hendricks-fox.net
5479,2024-08-17,referral,US,11-50,ugallagher@ruiz.info
5480,2023-10-02,partner,CA,1-10,stevenayers@williams.info
5481,2024-09-15,organic,CA,1-10,biancahess@wright.com
5482,2023-09-27,referral,SG,1000+,fsandoval@cochran.com
5483,2024-01-04,referral,CA,11-50,joshua50@padilla-burke.com
5484,2024-07-19,organic,GB,1-10,parksandre@salazar-page.com
5485,2024-06-13,referral,FR,11-50,ckelly@moore.com
5486,2024-12-27,social,NL,1-10,emily56@martinez-ellis.com
5487,2023-08-20,,DE,51-200,brandylarsen@dougherty.com
5488,2024-05-26,paid_search,US,11-50,moranbrittany@stevens.net
5489,2024-04-17,paid_search,GB,1000+,adrian55@vazquez.com
5490,2024-10-17,organic,US,1000+,judithmorgan@woods.org
5491,2023-05-14,paid_search,GB,1-10,arthur70@miller-lee.com
5492,2024-07-28,organic,US,1-10,cobrien@brown.net
5493,2024-04-24,social,DE,51-200,stewartamy@cole.info
5494,2023-09-28,organic,BR,1-10,jeffrey98@rodriguez.org
5495,2024-02-07,social,US,1-10,kylewalker@mendoza.biz
5496,2023-10-18,paid_search,US,1-10,ashleypoole@watson.com
5497,2024-04-23,,GB,11-50,tiffanycoleman@hickman.net
5498,2024-10-20,organic,CA,11-50,qcoleman@williams-ross.info
5499,2024-04-25,referral,US,1-10,wendy59@cole-sanchez.com
5500,2024-05-13,social,US,1000+,craig05@todd.com
5501,2024-03-28,organic,AU,51-200,tiffany40@murphy.net
5502,2022-09-05,social,US,11-50,johnsonamber@shaffer-rice.com
5503,2023-08-30,paid_search,IN,11-50,matthewgordon@mueller-soto.com
5504,2024-02-25,referral,GB,51-200,hernandezshelly@mcguire.com
5505,2023-10-02,paid_search,CA,51-200,mccormickjill@riley-wilson.biz
5506,2023-06-10,paid_search,IN,1-10,millsdavid@short.biz
5507,2024-02-28,partner,CA,11-50,pdavis@smith-hill.com
5508,2023-10-09,paid_search,US,1-10,williamsmonica@rogers-turner.net
5509,2023-09-20,social,SG,11-50,davidwoods@sawyer-duncan.com
5510,2024-01-22,organic,GB,201-1000,ycollins@hanson-rivera.com
5511,2023-04-24,social,NL,1-10,knappjeffrey@long.info
5512,2024-11-04,paid_search,US,1-10,monicatorres@wise-hendricks.com
5513,2024-10-20,referral,GB,1-10,ujohnson@young.com
5514,2024-06-17,organic,AU,51-200,jorgelucas@mccoy.com
5515,2023-02-05,,US,1-10,townsendjessica@kelly-vargas.net
5516,2024-08-28,referral,US,1-10,nelsonteresa@pierce.biz
5517,2024-09-25,organic,GB,1-10,uchen@turner.org
5518,2024-08-11,paid_search,AU,11-50,crodriguez@cunningham.info
5519,2023-03-10,referral,FR,201-1000,charlessummers@mason.biz
5520,2024-05-14,paid_search,FR,1-10,walkerandrew@gardner.com
5521,2024-09-18,organic,BR,51-200,diazcraig@nguyen-pennington.biz
5522,2024-04-26,organic,IN,201-1000,mikehall@cline.biz
5523,2024-05-23,paid_search,NL,11-50,martinezrichard@chavez.org
5524,2024-01-17,paid_search,NL,1-10,sarah94@ramirez-johnson.com
5525,2024-03-01,organic,BR,1-10,owilson@robinson.com
5526,2022-06-17,paid_search,BR,11-50,rjohnson@reyes.com
5527,2024-05-23,paid_search,US,1-10,seth65@charles.com
5528,2022-12-30,paid_search,SG,11-50,jacob44@fleming-mason.com
5529,2024-01-06,,US,1000+,srodgers@andersen.org
5530,2023-09-01,organic,US,11-50,conleysarah@grant-king.net
5531,2024-03-25,referral,US,51-200,ipoole@morrison.com
5532,2023-04-04,paid_search,DE,201-1000,zwright@fitzgerald-edwards.com
5533,2024-06-21,organic,DE,1-10,asantiago@solis.com
5534,2024-08-19,organic,DE,201-1000,wgreen@smith-jackson.com
5535,2023-05-04,partner,US,11-50,michaelcampbell@gomez-cruz.net
5536,2023-02-08,organic,GB,1-10,douglasduffy@hernandez.com
5537,2023-04-03,organic,US,1-10,melvin09@bell.com
5538,2024-10-03,organic,FR,51-200,michellemorgan@morales-weaver.com
5539,2024-03-06,organic,BR,11-50,deborah82@smith.biz
5540,2024-01-30,referral,US,1-10,jamiejohnson@lopez.com
5541,2023-02-01,referral,US,11-50,edwardharrison@wright-moore.biz
5542,2024-05-12,organic,FR,11-50,shanemoon@gonzales-hamilton.org
5543,2024-10-11,organic,IN,201-1000,rhonda81@walters.info
5544,2024-09-30,,US,1-10,lgoodwin@hernandez.org
5545,2024-05-02,,US,1-10,kristinharris@reed-dyer.com
5546,2022-11-05,,GB,1-10,qortiz@briggs.com
5547,2023-03-21,organic,IN,1-10,richardhenderson@lucas-clark.com
5548,2022-09-20,organic,US,1-10,leerandy@dawson.info
5549,2023-09-24,social,DE,1-10,petersonkevin@spencer.com
5550,2023-04-24,paid_search,IN,1-10,jamespena@pugh.com
5551,2023-09-12,referral,GB,11-50,ipowell@moore.com
5552,2023-12-14,paid_search,US,1-10,meltonmonica@mason.org
5553,2024-11-04,social,US,11-50,stephanie11@hill-mcclure.com
5554,2024-04-06,paid_search,SG,11-50,gstephens@washington-green.com
5555,2024-09-28,paid_search,IN,201-1000,bethany10@gray.com
5556,2024-06-30,referral,GB,1-10,jennifergomez@sanders-sampson.biz
5557,2023-03-05,organic,US,201-1000,lisacollins@arnold-jacobs.com
5558,2024-07-29,paid_search,SG,201-1000,daniel82@nixon-garcia.com
5559,2023-09-15,paid_search,IN,51-200,bradley62@brown.com
5560,2024-05-10,paid_search,IN,11-50,morristimothy@wu.biz
5561,2023-11-19,organic,US,1-10,jennawilkerson@johnson.info
5562,2024-12-14,,US,11-50,ivan68@barnes-brooks.net
5563,2023-09-17,referral,SG,1000+,robertdavis@hawkins-pacheco.com
5564,2023-09-05,organic,BR,51-200,carterscott@ruiz.com
5565,2024-11-10,organic,FR,201-1000,rmiller@lane.org
5566,2022-04-25,paid_search,US,1-10,morrisonstephanie@gentry.biz
5567,2024-06-03,paid_search,DE,51-200,raymondwilliams@chen.com
5568,2024-07-20,social,GB,1-10,umitchell@cole.net
5569,2024-09-19,social,US,1-10,bryanjackson@patel.com
5570,2024-12-23,organic,US,51-200,caitlinmckenzie@taylor.com
5571,2024-12-25,organic,DE,11-50,jonathan14@lambert.com
5572,2022-10-25,organic,AU,11-50,xtownsend@young-miller.net
5573,2024-09-15,organic,BR,11-50,xcobb@adams.org
5574,2024-05-10,organic,DE,51-200,jilladams@robinson-jenkins.org
5575,2024-05-17,partner,CA,1-10,timothybell@banks.com
5576,2023-04-03,paid_search,US,51-200,amberward@baxter.info
5577,2024-05-18,organic,GB,1-10,williamsonbrian@wilson.com
5578,2024-12-25,organic,IN,51-200,leonkatie@mann.com
5579,2024-10-02,organic,US,201-1000,drakenicholas@carpenter-baker.com
5580,2024-01-10,organic,FR,1-10,millerrichard@tanner.com
5581,2022-07-24,organic,BR,1-10,marksmith@jackson-thompson.biz
5582,2023-11-13,organic,DE,1000+,parksjamie@paul-anderson.biz
5583,2024-09-14,organic,NL,11-50,omassey@wilson.com
5584,2024-06-04,social,DE,11-50,strongstephanie@garcia.info
5585,2024-01-02,,US,1-10,vazquezdavid@phillips.com
5586,2022-09-23,organic,AU,11-50,kathryn99@johnson-jones.com
5587,2024-01-19,referral,NL,1-10,skinnerkatherine@gutierrez-alexander.com
5588,2024-02-03,social,US,1-10,eric63@george-miller.biz
5589,2024-11-10,partner,CA,1-10,michaelbaker@pearson.com
5590,2024-05-04,social,CA,1-10,lindakaufman@mendoza-davis.biz
5591,2023-10-27,paid_search,DE,11-50,bnguyen@jackson.com
5592,2024-03-25,social,BR,51-200,michaelgriffin@roberts-beck.org
5593,2022-10-29,partner,IN,201-1000,richardsonchristopher@lee-anderson.info
5594,2024-12-22,social,SG,1000+,rbenson@martin-mercer.com
5595,2023-11-24,paid_search,US,11-50,hacevedo@warner.com
5596,2024-02-28,,GB,11-50,jcabrera@garcia.com
5597,2023-11-28,paid_search,US,1-10,davisjonathan@baker.net
5598,2024-06-07,,US,1-10,virginia46@robinson-herman.com
5599,2024-05-06,social,US,201-1000,vjones@huang-dyer.com
5600,2024-07-18,paid_search,BR,11-50,berrysandra@ortiz.com
5601,2023-09-24,organic,US,11-50,danielsthomas@lee.com
5602,2023-10-25,organic,US,1-10,fitzpatrickrichard@murray.com
5603,2023-03-14,organic,US,11-50,debrajohnson@powers.com
5604,2024-05-04,social,GB,51-200,mercedesortega@welch.com
5605,2022-07-05,partner,DE,201-1000,tamiharrison@howard-roberson.com
5606,2024-04-19,referral,GB,11-50,johnsonashley@hampton.com
5607,2024-10-25,organic,US,1-10,melissa60@kline.com
5608,2024-10-08,organic,BR,11-50,charles64@nelson.com
5609,2024-01-04,partner,US,51-200,susan11@johns-kennedy.com
5610,2024-01-18,organic,FR,11-50,jbender@browning-rice.com
5611,2022-12-26,paid_search,BR,11-50,stephaniebrown@kline-khan.com
5612,2024-06-01,organic,US,201-1000,hoganroberto@green.org
5613,2024-09-07,social,US,201-1000,corey59@young.biz
5614,2023-08-31,organic,SG,1-10,eflores@mitchell-scott.com
5615,2024-01-19,organic,SG,11-50,coreyhamilton@carpenter-edwards.biz
5616,2024-09-25,paid_search,GB,11-50,maxwelldebbie@garcia-vazquez.com
5617,2024-10-13,referral,US,51-200,pbaird@velazquez.com
5618,2023-08-22,referral,US,11-50,ynewton@chen.com
5619,2024-03-04,organic,IN,201-1000,rdaniels@fowler.biz
5620,2023-06-12,referral,NL,201-1000,shawn60@grant.com
5621,2023-02-03,paid_search,FR,51-200,hillheather@walters-rasmussen.com
5622,2024-10-29,organic,US,1-10,ftorres@young.com
5623,2024-09-16,partner,US,1-10,valerie97@reynolds.info
5624,2024-08-31,,DE,51-200,davisronald@moore-bean.com
5625,2022-08-29,social,US,1-10,wademeagan@robles-flores.com
5626,2024-09-24,referral,DE,201-1000,popejason@miller.com
5627,2024-01-19,organic,CA,1-10,christine89@west.com
5628,2023-11-03,organic,US,201-1000,annettemurphy@hurley.org
5629,2024-03-24,paid_search,IN,1-10,wayneschmidt@blair-myers.net
5630,2023-01-01,paid_search,US,1-10,sandersjamie@obrien.biz
5631,2024-07-12,partner,GB,51-200,davismichael@johnson-vaughn.biz
5632,2024-04-25,social,AU,1-10,jodihunt@johnson.com
5633,2023-06-10,paid_search,IN,1-10,mshaw@gill.com
5634,2023-06-28,partner,BR,1-10,vzuniga@taylor.com
5635,2023-06-18,organic,US,1-10,johnmiller@price-jimenez.com
5636,2022-09-04,partner,US,11-50,summersjeanette@stone.biz
5637,2024-04-09,social,US,11-50,colemanhannah@wilson.com
5638,2024-09-26,referral,GB,1000+,tylererickson@thomas.info
5639,2022-03-11,paid_search,AU,1-10,hollyroy@odonnell.com
5640,2022-08-25,partner,US,11-50,alexanderking@gonzales.info
5641,2024-04-03,partner,BR,1-10,daniel87@williamson.com
5642,2024-09-04,organic,AU,51-200,matthewmadden@murphy.com
5643,2023-10-16,paid_search,US,1-10,stephaniemckee@boyer.com
5644,2023-11-13,partner,DE,51-200,hannah87@franklin-faulkner.org
5645,2024-04-26,referral,US,51-200,randallpowers@freeman.org
5646,2023-09-01,organic,IN,11-50,shawn38@sims.com
5647,2022-05-24,social,GB,1-10,brandymiller@garcia-keller.com
5648,2024-07-25,paid_search,US,1-10,dianawilliams@alvarez.com
5649,2024-05-15,organic,GB,1-10,thompsonjorge@ramirez.com
5650,2024-04-17,paid_search,GB,51-200,jacksondonald@martinez.com
5651,2024-07-25,referral,CA,11-50,hfloyd@tanner-dalton.info
5652,2024-06-08,paid_search,FR,1-10,pughkatherine@johnston.com
5653,2023-07-16,paid_search,SG,11-50,timothyriggs@hoffman-gonzales.net
5654,2023-11-25,organic,GB,51-200,timothyjackson@dodson.biz
5655,2023-03-27,paid_search,IN,51-200,donaldbanks@smith.info
5656,2023-04-22,organic,US,11-50,watsonclaudia@schaefer.com
5657,2024-06-11,organic,IN,11-50,jennifer88@fernandez.info
5658,2024-09-13,,BR,1-10,tracey73@martinez.com
5659,2024-11-17,social,SG,11-50,bailey62@kirby-edwards.com
5660,2024-05-14,organic,US,11-50,achase@flores.com
5661,2023-06-13,referral,US,201-1000,debra88@dickerson.net
5662,2023-02-28,social,US,1-10,estradakimberly@contreras.org
5663,2024-09-24,paid_search,NL,11-50,zacharymorris@daniel.com
5664,2024-04-23,organic,AU,1-10,jolson@nixon.info
5665,2024-05-17,paid_search,CA,11-50,jeffrey15@carrillo-garcia.com
5666,2024-08-02,paid_search,DE,1-10,juliagriffin@james.info
5667,2024-06-09,paid_search,NL,1000+,newmanelaine@lewis-whitehead.com
5668,2024-09-19,referral,US,11-50,berryvalerie@jordan.org
5669,2022-09-25,paid_search,US,1-10,matthew30@sanchez.com
5670,2024-07-26,organic,CA,51-200,gina37@dean-kaufman.com
5671,2024-09-25,organic,US,11-50,toddwelch@johnson.net
5672,2023-09-03,,US,201-1000,natashakemp@mercer-watson.com
5673,2024-05-14,,IN,1-10,woodslindsay@white-nelson.com
5674,2023-10-22,referral,US,11-50,kennethhansen@sanchez-ward.com
5675,2024-11-24,paid_search,AU,11-50,saunderssierra@johnston.com
5676,2022-06-23,paid_search,US,11-50,jennifer36@weber-wilson.com
5677,2024-04-03,referral,BR,1-10,vhatfield@johnson.org
5678,2023-05-26,paid_search,US,1-10,boonelee@flores.org
5679,2024-06-07,partner,FR,1-10,zryan@baker.info
5680,2023-06-24,organic,US,1-10,hollowayseth@ferrell-johnson.com
5681,2023-08-31,referral,CA,1-10,brian51@leblanc-wade.biz
5682,2024-02-03,social,IN,11-50,rsalinas@elliott.com
5683,2024-10-16,paid_search,US,11-50,danieldebbie@guzman-carlson.com
5684,2023-07-14,organic,IN,1-10,middletonandrew@henson.com
5685,2023-04-29,paid_search,US,1-10,morgan58@hughes.com
5686,2024-08-18,paid_search,AU,1-10,cameronkrista@ashley-howard.net
5687,2024-02-06,partner,IN,1000+,adam00@preston.com
5688,2024-10-01,organic,BR,1-10,jennifer45@hanson-cruz.com
5689,2023-05-01,partner,FR,1000+,jessica87@jackson-sullivan.com
5690,2024-05-19,social,US,1000+,michelefoster@stewart.com
5691,2023-08-29,organic,DE,1-10,burchalyssa@ruiz.net
5692,2023-05-27,organic,GB,1-10,jacksonpatricia@gomez-maldonado.com
5693,2024-06-03,paid_search,BR,51-200,hawkinsdavid@rivera.com
5694,2024-04-30,organic,SG,11-50,gonzalesmary@parsons.com
5695,2024-07-07,paid_search,IN,201-1000,esutton@gates-arellano.biz
5696,2023-10-22,organic,US,11-50,loriwhitaker@garrett.com
5697,2024-01-07,organic,IN,1-10,jackiemartinez@morales-brown.com
5698,2023-12-30,organic,AU,201-1000,tabitha16@king.biz
5699,2024-12-28,social,US,1-10,michael89@king.com
5700,2023-09-15,paid_search,US,11-50,jacobkline@delacruz.info
5701,2023-09-18,organic,AU,51-200,josephreese@ramirez.com
5702,2023-11-25,partner,US,1-10,ugoodman@davis.com
5703,2024-03-12,referral,DE,1000+,andrew09@collins.net
5704,2023-09-11,organic,AU,51-200,penny39@newman.net
5705,2024-10-08,organic,FR,1000+,pcastro@walton-mendoza.info
5706,2023-09-16,organic,BR,1-10,klang@schaefer-chavez.com
5707,2024-10-19,organic,GB,1-10,john25@hart.info
5708,2023-02-02,organic,IN,51-200,hendersonmelanie@griffin.biz
5709,2024-05-02,organic,GB,11-50,zbenson@holt.org
5710,2024-10-13,referral,IN,11-50,guzmanpatricia@james.com
5711,2023-05-06,referral,US,1000+,barbara93@west.info
5712,2024-11-19,paid_search,DE,11-50,schmidtmichael@flores-wilson.com
5713,2024-01-12,organic,FR,11-50,ngross@garza.info
5714,2024-11-18,paid_search,IN,11-50,stanleymelissa@woods-olson.com
5715,2024-06-16,,IN,51-200,austin77@taylor.com
5716,2023-10-01,organic,CA,11-50,wardsydney@williamson-johnson.org
5717,2023-06-30,organic,NL,51-200,stephen52@price-soto.info
5718,2023-10-20,organic,US,1-10,stephanie48@kelly-oconnor.info
5719,2023-01-12,social,NL,201-1000,wdunlap@ortiz.com
5720,2023-04-08,referral,US,11-50,aaronconway@johnson-cunningham.com
5721,2023-02-02,referral,US,1-10,kimberlyjennings@ruiz.info
5722,2024-01-31,organic,US,1-10,allisonmann@wells.com
5723,2024-08-06,organic,US,1-10,tbrown@perkins.com
5724,2023-04-12,partner,IN,1-10,bmontoya@ortiz.org
5725,2023-04-02,organic,BR,1-10,frenchjacob@graham-golden.com
5726,2024-05-11,organic,IN,11-50,darlenetownsend@gonzalez-ward.com
5727,2023-07-02,organic,GB,11-50,zmorrison@reynolds.info
5728,2023-02-18,social,US,51-200,dharrell@fox.biz
5729,2023-05-20,organic,IN,1-10,anne19@price.biz
5730,2024-11-06,organic,US,201-1000,andrew72@lawson-cooper.com
5731,2024-09-19,paid_search,US,11-50,wobrien@austin-moreno.info
5732,2023-11-12,referral,FR,1000+,jaredmendoza@smith.com
5733,2024-05-08,organic,IN,51-200,karenbrady@riley.info
5734,2024-03-25,organic,US,11-50,jesse69@thompson.com
5735,2024-06-15,social,IN,1-10,davisnicolas@fowler.com
5736,2024-06-30,partner,AU,1-10,ashleyturner@williams-jones.com
5737,2024-05-02,organic,US,11-50,angelaholder@baker.org
5738,2023-09-07,organic,GB,11-50,cody12@pacheco.org
5739,2022-07-09,organic,BR,1-10,haneycarrie@riggs-frazier.org
5740,2024-01-20,social,US,1-10,eric94@grant.info
5741,2024-10-07,partner,US,1000+,nicole42@mason.info
5742,2024-04-04,referral,US,11-50,kirkpierce@brown-sanchez.com
5743,2024-09-23,organic,CA,1-10,iwells@mcguire.com
5744,2024-12-13,organic,GB,1000+,cmoore@gomez-moore.info
5745,2023-05-16,paid_search,DE,11-50,joshuawilkinson@torres.info
5746,2024-06-30,paid_search,GB,201-1000,ralphgrant@farmer-freeman.com
5747,2024-06-05,social,BR,11-50,michelle12@ponce.info
5748,2024-12-15,social,US,1-10,tyler86@miller.com
5749,2024-12-19,organic,FR,11-50,ycline@edwards-davenport.com
5750,2024-06-09,paid_search,US,1-10,manningtodd@wade.com
5751,2023-08-06,social,US,11-50,mitchelljoseph@huang.com
5752,2024-08-28,paid_search,US,1-10,brookeballard@buchanan.info
5753,2023-02-07,social,US,11-50,mcneilhector@kim-leblanc.com
5754,2024-08-04,organic,DE,1-10,wwalker@johnson-aguilar.com
5755,2024-10-28,paid_search,NL,11-50,ravenstanley@khan.com
5756,2023-12-05,organic,AU,1-10,mike73@hess.com
5757,2024-05-23,social,BR,1-10,ramseyjennifer@steele.info
5758,2024-01-03,paid_search,US,51-200,robert07@smith.info
5759,2024-01-21,social,US,201-1000,shawnyoung@castillo.com
5760,2023-10-26,organic,US,201-1000,guerrerosherry@jackson.net
5761,2024-08-01,paid_search,CA,11-50,samanthamoore@byrd.biz
5762,2024-11-14,paid_search,GB,11-50,clarkpatrick@mathis-watkins.biz
5763,2024-11-07,partner,IN,11-50,jacksondebra@daugherty.com
5764,2023-06-18,paid_search,US,201-1000,amy04@miller-greer.com
5765,2024-10-31,organic,US,51-200,fryematthew@shannon.com
5766,2024-07-22,organic,GB,1-10,zimmermanashley@carr-pruitt.biz
5767,2023-09-17,paid_search,CA,51-200,rivasedward@burke-lee.com
5768,2022-11-24,paid_search,US,51-200,mbarajas@butler-boone.com
5769,2023-09-06,,US,11-50,nicholas57@smith-nelson.com
5770,2024-10-26,paid_search,GB,1-10,richard40@garza-baker.net
5771,2024-05-24,paid_search,GB,1-10,xsherman@wolf.com
5772,2024-07-19,social,GB,201-1000,victorporter@evans.com
5773,2023-09-28,social,BR,51-200,jbrown@valentine.info
5774,2024-07-03,social,GB,11-50,michael70@jackson.com
5775,2022-05-06,organic,GB,51-200,bakerjessica@barrera.com
5776,2023-11-18,organic,FR,11-50,katie67@smith.com
5777,2024-05-21,paid_search,IN,1000+,murphydavid@caldwell-barrett.com
5778,2023-04-15,organic,GB,11-50,nhicks@williams-thomas.com
5779,2024-09-09,partner,DE,1-10,qswanson@wilson.com
5780,2023-08-31,organic,US,201-1000,qdaugherty@miller.net
5781,2024-05-03,organic,AU,11-50,wintersjeffrey@ray-moore.com
5782,2023-12-26,organic,FR,11-50,vmyers@vega.com
5783,2024-04-06,social,GB,1-10,glennkrista@johnson-hogan.biz
5784,2023-02-13,organic,NL,201-1000,millermarie@bailey-nixon.net
5785,2022-03-27,social,SG,1-10,smithshane@spencer-white.com
5786,2024-10-07,organic,CA,1-10,michael61@garrett.com
5787,2023-09-02,organic,US,1-10,ipatterson@davis.com
5788,2024-09-24,social,AU,1-10,kevinlin@harris-sampson.org
5789,2024-12-25,organic,DE,1-10,danielmoore@mcgee.info
5790,2023-07-10,social,US,201-1000,jamesmckay@buck-ramirez.com
5791,2023-09-08,paid_search,US,1-10,jacksonkaylee@watkins-stokes.com
5792,2024-05-31,organic,CA,11-50,xburton@garza-boone.net
5793,2024-11-22,organic,GB,11-50,davisemily@peterson.com
5794,2024-10-30,referral,GB,51-200,patelrobert@smith.com
5795,2024-02-16,,BR,1-10,ccolon@horn.com
5796,2024-08-07,social,FR,1-10,mossraymond@ellis.com
5797,2023-04-01,referral,US,1-10,christine91@martinez-kim.biz
5798,2024-12-09,paid_search,GB,11-50,grahamrobert@sullivan.biz
5799,2024-11-05,partner,DE,1-10,paulhatfield@norman.biz
5800,2023-05-28,partner,IN,1-10,jlopez@montgomery.com
5801,2023-10-21,partner,DE,1-10,michael80@mendez-smith.info
5802,2023-02-03,,US,201-1000,pweiss@jimenez.com
5803,2023-09-23,organic,US,201-1000,patricia00@smith.net
5804,2024-09-10,organic,FR,11-50,victoria39@blevins.com
5805,2023-11-15,paid_search,BR,11-50,sbrown@copeland-klein.com
5806,2023-01-16,,BR,51-200,yclay@cunningham-sweeney.com
5807,2023-11-14,partner,US,1-10,ywatson@mitchell.org
5808,2024-12-10,organic,SG,51-200,reidstacey@spencer.com
5809,2024-05-29,paid_search,US,1-10,tracymoreno@moore.biz
5810,2024-01-11,organic,AU,1-10,micheal30@raymond.com
5811,2023-05-03,social,CA,11-50,jacobsonamy@sexton-murphy.info
5812,2024-12-07,organic,FR,1-10,rebeccaromero@weaver.info
5813,2024-09-06,organic,US,1-10,andrew28@mason.info
5814,2023-09-25,organic,IN,1-10,maxwellwalker@wood.net
5815,2022-11-09,paid_search,IN,51-200,charles50@lopez.com
5816,2022-09-17,social,AU,11-50,zmiller@tran-wells.com
5817,2023-03-25,,US,201-1000,balldavid@reese.com
5818,2024-04-25,paid_search,FR,1-10,huntmichael@underwood.com
5819,2024-11-25,organic,AU,1-10,faulknersharon@vasquez.com
5820,2024-02-23,paid_search,US,11-50,jessica51@patterson-munoz.com
5821,2024-09-23,organic,DE,1000+,leahmoore@graves-thomas.biz
5822,2024-01-01,referral,US,201-1000,shane87@harris.com
5823,2024-06-21,partner,CA,201-1000,melissamorrison@irwin-richardson.com
5824,2024-07-06,organic,FR,1-10,cshepherd@hernandez.com
5825,2023-06-25,referral,US,51-200,tharris@miller.com
5826,2023-11-19,social,CA,1-10,patriciaprice@kane-jordan.com
5827,2024-05-22,paid_search,US,51-200,sbell@miller.com
5828,2022-11-21,paid_search,US,1-10,nathan68@richardson.org
5829,2023-11-17,,CA,1-10,victoria46@hall.net
5830,2024-03-15,organic,FR,1-10,lwilliamson@rich-norman.com
5831,2024-12-25,paid_search,DE,201-1000,andersonalan@cochran.com
5832,2024-02-29,paid_search,BR,51-200,heatherwarren@garcia.biz
5833,2024-09-05,referral,GB,1-10,mackmark@barber.com
5834,2024-01-18,partner,BR,51-200,johnsonkyle@stark.com
5835,2024-08-12,referral,BR,1-10,fwilliams@hernandez.com
5836,2024-04-12,social,FR,11-50,mgross@farley-harris.net
5837,2024-10-31,organic,GB,201-1000,kellytasha@lee-brown.net
5838,2024-01-06,referral,US,51-200,jamesandrade@elliott.com
5839,2024-04-10,paid_search,FR,11-50,kennethporter@mcdaniel.biz
5840,2024-05-27,referral,US,1000+,damonelliott@garrett.biz
5841,2024-01-12,paid_search,BR,1-10,richardrose@thompson.biz
5842,2023-04-29,organic,FR,11-50,ysmith@castaneda-gordon.net
5843,2023-01-30,paid_search,CA,1-10,hutchinsonerik@williams.com
5844,2022-03-13,paid_search,GB,1-10,nicholas80@gardner-jones.info
5845,2024-10-27,paid_search,FR,201-1000,ericmitchell@carr.info
5846,2023-08-04,paid_search,US,51-200,robinsonblake@schmidt.net
5847,2023-07-14,paid_search,BR,201-1000,williamsonrobin@dyer-green.net
5848,2024-07-21,organic,US,1-10,cpierce@merritt-ferguson.com
5849,2023-10-17,paid_search,DE,11-50,robert58@hardin-ellis.com
5850,2024-02-07,paid_search,US,11-50,gbrown@jones.com
5851,2023-05-27,organic,CA,1-10,vwarner@perry.org
5852,2024-11-14,organic,DE,1-10,treid@bowman.info
5853,2024-09-17,referral,BR,11-50,wilkinsonjason@thompson.com
5854,2024-10-16,,US,51-200,arodriguez@mcdowell.com
5855,2023-12-26,,US,1-10,cookstephanie@fernandez-fields.com
5856,2024-08-22,referral,AU,1-10,egonzalez@cardenas-dudley.com
5857,2023-04-04,referral,US,11-50,ybarnett@nelson.org
5858,2022-02-18,paid_search,FR,1-10,tammy43@conley.net
5859,2022-04-28,paid_search,FR,1-10,shannonbowen@bell.info
5860,2024-04-13,organic,IN,51-200,cgraham@parker.net
5861,2024-01-13,social,AU,1000+,jennifer64@gallagher.info
5862,2024-03-29,partner,CA,201-1000,yphillips@wilson.info
5863,2022-02-19,referral,IN,11-50,megan52@leach-beck.com
5864,2024-01-20,organic,SG,51-200,josehart@morales-thompson.com
5865,2024-07-30,organic,US,1-10,mcknightfernando@fisher.com
5866,2024-01-23,paid_search,BR,1-10,edwardskiara@perez.info
5867,2024-07-26,organic,US,51-200,angelalambert@robinson.com
5868,2023-08-30,organic,GB,51-200,wtaylor@ibarra.biz
5869,2024-09-20,organic,GB,1-10,annabarry@brown.biz
5870,2024-04-01,organic,FR,11-50,tyler80@sloan.com
5871,2023-07-31,referral,SG,1-10,marissa92@thomas-hall.com
5872,2023-08-25,organic,US,11-50,hollandanthony@jones.com
5873,2024-05-21,referral,US,1-10,cfields@lloyd.com
5874,2024-09-25,referral,SG,11-50,smithcarla@myers-davenport.org
5875,2024-01-13,referral,US,1-10,kyle43@brown.net
5876,2023-09-18,paid_search,US,1-10,melissa27@evans.com
5877,2024-10-20,paid_search,NL,1-10,henry25@leonard.info
5878,2024-06-18,partner,FR,1-10,brianayala@moore.biz
5879,2024-01-26,organic,US,1-10,lori69@williams.com
5880,2024-02-28,referral,IN,1-10,epotter@cervantes.com
5881,2023-07-24,paid_search,GB,11-50,aaron25@sampson.com
5882,2024-05-30,organic,DE,1000+,dylanellis@odonnell-scott.com
5883,2023-11-09,referral,DE,1-10,kathryn65@lowery.com
5884,2024-12-21,paid_search,BR,51-200,booneteresa@porter-henry.com
5885,2024-02-02,organic,DE,1-10,millerrobert@romero.org
5886,2024-02-25,referral,FR,1-10,james88@jimenez.net
5887,2024-03-28,referral,US,1-10,kleblanc@lopez.com
5888,2024-10-31,paid_search,US,11-50,frank82@williams.biz
5889,2024-08-30,referral,US,11-50,jessica03@burch.info
5890,2024-01-02,paid_search,US,1-10,kenneth43@rowe.org
5891,2024-07-21,paid_search,CA,201-1000,michael78@fry-herman.com
5892,2024-04-28,organic,US,1-10,phillipsmelissa@hahn-anderson.biz
5893,2024-02-06,referral,GB,1-10,robin72@trujillo.com
5894,2023-06-28,social,IN,51-200,ortizcourtney@berg.info
5895,2024-01-11,social,US,201-1000,kelly29@martin.com
5896,2023-08-15,organic,CA,11-50,davidshaw@kelly-bailey.org
5897,2024-10-11,,US,11-50,dmontes@mitchell.com
5898,2023-10-21,organic,US,11-50,petersonmichael@berry.net
5899,2024-11-14,partner,DE,51-200,jeremy56@ali-curtis.com
5900,2024-03-29,partner,BR,1-10,james44@moran.com
5901,2024-05-16,paid_search,US,11-50,perrydenise@case.org
5902,2024-03-17,organic,US,11-50,cheryl43@fitzpatrick-fernandez.com
5903,2023-04-15,organic,IN,1-10,christine73@chandler.com
5904,2023-11-30,paid_search,DE,201-1000,bauerian@walsh-davis.net
5905,2023-02-09,organic,US,11-50,floresjose@villegas-wagner.com
5906,2024-05-21,referral,DE,1-10,dreid@freeman.com
5907,2024-01-17,referral,BR,201-1000,xjohnson@griffith.biz
5908,2024-08-03,organic,FR,1-10,jacobsullivan@reeves-russo.com
5909,2023-08-22,partner,US,1-10,ronaldchavez@rosario.org
5910,2023-05-29,paid_search,GB,1-10,scotttravis@palmer-lutz.com
5911,2023-12-03,partner,US,1-10,hmunoz@simpson-murphy.com
5912,2024-11-12,organic,US,201-1000,mhouston@knight-rodriguez.net
5913,2024-06-19,paid_search,IN,201-1000,michael41@drake.net
5914,2024-01-02,organic,GB,51-200,shaun92@martin.com
5915,2024-02-01,organic,IN,1-10,barnessamantha@stewart.org
5916,2023-01-11,organic,IN,11-50,gabriel47@guerra.com
5917,2024-12-02,paid_search,US,51-200,jessica33@cherry.org
5918,2024-05-09,paid_search,US,11-50,charlesortega@evans.com
5919,2023-09-15,social,IN,1-10,dcurry@ward-williams.com
5920,2024-04-01,,BR,51-200,phamkristi@jimenez.com
5921,2023-02-09,social,BR,11-50,pamela87@mack.com
5922,2024-11-04,paid_search,FR,11-50,sheriperez@brown.com
5923,2023-06-16,organic,GB,201-1000,riverajason@davenport-reyes.org
5924,2024-05-13,paid_search,SG,1000+,georgehawkins@johnston.info
5925,2023-08-08,paid_search,GB,51-200,emma62@foster.org
5926,2024-07-20,social,SG,11-50,fstewart@burgess.com
5927,2024-08-19,organic,GB,1-10,katherine38@anderson-douglas.info
5928,2024-06-27,paid_search,NL,201-1000,sean31@callahan-evans.org
5929,2024-04-29,organic,FR,1000+,lisa19@cunningham.org
5930,2024-10-06,referral,GB,1-10,qthompson@harris.com
5931,2022-12-14,referral,US,1-10,qgriffin@anthony.com
5932,2023-10-13,organic,GB,201-1000,arice@wallace.net
5933,2023-08-19,paid_search,US,1-10,michaellucas@tyler.com
5934,2024-12-20,,BR,201-1000,bchavez@kelly-garcia.com
5935,2023-12-22,social,AU,51-200,robert19@shaffer-chandler.biz
5936,2024-07-26,,CA,1-10,schmittjennifer@moran.com
5937,2024-06-25,referral,CA,1000+,mackaaron@myers.com
5938,2023-07-18,paid_search,FR,11-50,tgray@wood-richard.biz
5939,2023-08-06,paid_search,IN,1-10,julie32@day.com
5940,2023-09-04,organic,CA,1-10,aaron85@smith.com
5941,2024-01-31,partner,US,11-50,brianlogan@hodges-lopez.com
5942,2023-08-08,organic,US,11-50,afields@monroe.com
5943,2022-04-07,,AU,1-10,yrobinson@morris.com
5944,2024-10-05,paid_search,US,201-1000,tapiajenna@reid.com
5945,2024-11-10,organic,DE,11-50,bryanjohnston@gray.com
5946,2023-11-15,partner,US,11-50,reynoldsdavid@brown.com
5947,2023-10-24,partner,NL,1-10,barbara41@stevens.info
5948,2022-01-21,referral,BR,201-1000,rlynch@garcia.com
5949,2024-06-24,partner,US,1-10,kramos@hughes.org
5950,2024-09-01,organic,IN,11-50,jwilcox@jacobs.com
5951,2023-05-05,partner,IN,11-50,palmerkaren@holmes.org
5952,2023-05-02,referral,CA,11-50,jonathanrobinson@howell-andersen.biz
5953,2024-08-27,referral,US,51-200,cdavies@knapp-lopez.com
5954,2024-04-22,partner,US,201-1000,salassierra@marquez.info
5955,2022-08-11,referral,FR,1-10,brittany50@burnett.com
5956,2024-05-17,organic,US,1-10,jchavez@barrett.info
5957,2023-10-19,partner,SG,11-50,hillamanda@white.com
5958,2023-11-26,organic,NL,11-50,davidsonshannon@conner-brown.com
5959,2024-08-20,paid_search,NL,11-50,elizabethpatton@rodriguez.com
5960,2024-09-27,social,NL,1000+,flucero@wilson.org
5961,2023-12-02,referral,BR,11-50,diazwilliam@fletcher.org
5962,2024-11-05,partner,US,11-50,johnsonraven@williams.org
5963,2023-12-08,referral,US,11-50,brian58@murphy.com
5964,2024-08-14,organic,CA,11-50,rebecca78@tanner.com
5965,2024-02-16,organic,IN,201-1000,ryanwilkinson@brown.biz
5966,2024-10-21,,US,51-200,davidsonmargaret@jones.com
5967,2024-10-10,organic,NL,11-50,bmosley@price.com
5968,2023-01-04,social,US,1000+,frank06@williams-costa.com
5969,2024-11-22,organic,DE,1-10,angela40@dean-castillo.org
5970,2024-09-13,organic,US,11-50,jacqueline24@johnson.com
5971,2024-08-07,referral,US,1000+,diazjulie@hancock.net
5972,2023-07-12,organic,GB,51-200,jthompson@collins.biz
5973,2024-09-25,referral,SG,1-10,deanna19@lawrence-cameron.net
5974,2024-09-11,social,FR,11-50,howardcox@armstrong.biz
5975,2023-09-24,organic,US,11-50,jasonrandolph@lucero.info
5976,2024-11-07,paid_search,US,51-200,ubrown@torres.com
5977,2022-09-26,organic,SG,1-10,christinapaul@wood.net
5978,2023-05-15,organic,AU,51-200,christophermills@wilson.com
5979,2024-03-16,paid_search,GB,1000+,rsullivan@chambers.com
5980,2024-04-14,partner,IN,1-10,cindyfarmer@mcgrath-shaffer.com
5981,2024-05-03,partner,BR,11-50,rebeccaharris@smith-chang.org
5982,2022-03-16,paid_search,US,51-200,dallen@merritt-cabrera.com
5983,2024-11-03,social,DE,1000+,dylanyoung@thomas.info
5984,2022-08-23,referral,IN,1-10,bnguyen@arnold.com
5985,2023-04-16,referral,SG,1-10,nathanielsmith@green.net
5986,2022-03-18,referral,US,1-10,duartekevin@jackson.net
5987,2024-03-07,,US,51-200,aprillopez@reed.com
5988,2024-11-18,social,CA,1-10,bjohnson@mccoy.net
5989,2024-05-18,social,FR,51-200,yramsey@mills.com
5990,2024-09-11,partner,GB,1-10,margarettaylor@campos.com
5991,2022-02-26,referral,DE,1-10,xchaney@brown.com
5992,2024-03-22,organic,GB,11-50,cynthiacole@mcneil.com
5993,2024-01-27,paid_search,US,1-10,calderonnancy@woods-rogers.biz
5994,2024-02-08,partner,IN,51-200,flewis@young.org
5995,2022-11-11,partner,US,1-10,bsmith@maddox.net
5996,2024-06-01,,US,201-1000,yatesjanet@patton.org
5997,2024-02-23,paid_search,US,51-200,vowen@watts-cox.com
5998,2024-08-01,referral,AU,1-10,yconner@drake-cook.com
5999,2024-02-06,social,FR,1-10,sara22@smith.com
6000,2023-05-17,paid_search,IN,11-50,kelsey44@chapman.biz
6001,2024-05-22,partner,DE,11-50,clarkbrian@hansen.com
6002,2023-06-01,referral,CA,1-10,zhudson@harris.com
6003,2024-10-13,paid_search,AU,1-10,hbarrett@stone.org
6004,2024-04-29,paid_search,FR,51-200,chadthomas@black.com
6005,2023-05-07,partner,FR,1-10,shunter@norton-rodriguez.com
6006,2024-11-14,organic,US,1-10,robertlee@ward.com
6007,2024-03-15,organic,BR,11-50,udurham@johnson.com
6008,2022-11-17,partner,IN,51-200,jasonjackson@payne.com
6009,2024-05-16,organic,FR,11-50,hfarmer@davis.info
6010,2023-09-16,,US,1-10,campbelljulie@padilla.com
6011,2024-09-22,social,AU,11-50,gdixon@cook.com
6012,2024-09-18,social,IN,11-50,jason72@pittman.biz
6013,2024-12-10,partner,US,1-10,achaney@shields.com
6014,2024-02-28,partner,IN,1-10,suttonwilliam@hall-mcclain.com
6015,2024-01-04,paid_search,US,1-10,wisetonya@schmitt.net
6016,2024-07-02,paid_search,IN,1-10,gregory81@malone.info
6017,2023-04-22,organic,AU,11-50,steven91@mckay.com
6018,2024-03-10,,IN,11-50,skelly@parker-smith.com
6019,2024-03-06,organic,US,11-50,ginarodriguez@burns.info
6020,2023-01-16,referral,CA,1000+,parkerjacqueline@snyder.net
6021,2024-01-12,social,US,51-200,salasamanda@cain.com
6022,2024-09-26,organic,CA,201-1000,jamesdavid@jackson-foster.net
6023,2024-09-25,organic,DE,1-10,smithmaurice@villa.com
6024,2023-02-15,social,US,51-200,lguzman@brown-sanders.com
6025,2023-01-27,referral,US,1-10,jamespearson@lewis.com
6026,2023-09-09,paid_search,IN,51-200,anthonyknight@clay.com
6027,2024-10-14,organic,GB,1-10,glennkarla@jensen-miller.com
6028,2023-04-23,social,GB,1-10,djohnson@thomas-henry.com
6029,2024-07-08,,US,1-10,michael98@hamilton.com
6030,2023-02-24,paid_search,US,1-10,johnclark@rodriguez.com
6031,2024-05-27,referral,GB,1-10,eanderson@collins.com
6032,2023-11-13,paid_search,US,201-1000,fmays@johnson.com
6033,2024-08-02,paid_search,US,1-10,craig32@vargas.com
6034,2023-08-14,social,GB,1-10,hancocksarah@carter.info
6035,2024-05-17,partner,US,11-50,clarence35@welch.com
6036,2023-08-09,social,DE,11-50,walkerpatrick@baird.com
6037,2024-06-01,partner,AU,11-50,jeffreygarcia@russo-smith.com
6038,2024-10-06,organic,FR,11-50,popekenneth@thomas-bennett.com
6039,2023-03-05,paid_search,US,1-10,daviskyle@allen.com
6040,2024-10-06,referral,IN,11-50,perezjonathan@mckee.net
6041,2024-04-12,referral,FR,1-10,paul42@davis.org
6042,2023-03-28,organic,DE,1-10,taylorgary@brooks.com
6043,2024-01-13,organic,DE,11-50,sullivanalfred@rodriguez.info
6044,2023-05-02,organic,SG,1-10,david92@briggs-murray.com
6045,2024-06-27,partner,NL,11-50,ramirezclinton@holland-stanley.net
6046,2024-08-09,social,SG,11-50,victoria96@coleman-hobbs.net
6047,2023-02-05,organic,US,11-50,kmueller@thomas.com
6048,2024-02-20,organic,US,1-10,bmiller@reyes.com
6049,2024-09-17,organic,AU,11-50,justinbennett@davis-carter.com
6050,2024-11-04,social,AU,1-10,lwilson@pace-rogers.com
6051,2024-02-12,paid_search,US,51-200,michael55@krueger.com
6052,2024-11-10,social,GB,11-50,courtneyhurst@higgins-bell.info
6053,2024-03-28,organic,IN,1-10,terricoleman@taylor-cole.com
6054,2023-12-04,paid_search,CA,1-10,james10@johnson.com
6055,2024-09-14,paid_search,US,51-200,newmandarren@jordan.com
6056,2024-02-04,social,IN,1-10,ssmith@vasquez.com
6057,2024-02-14,organic,US,11-50,glennjackson@odonnell-harris.com
6058,2024-02-21,organic,GB,201-1000,jonathandavis@lopez-lopez.com
6059,2024-09-01,organic,GB,1000+,kevin17@adams-johnson.biz
6060,2024-09-12,paid_search,US,1-10,tiffanycole@bell.com
6061,2023-12-07,referral,US,1-10,angelagriffin@harris.biz
6062,2023-10-24,referral,US,11-50,johnsonsally@martin.com
6063,2024-02-04,paid_search,US,11-50,ifarley@harrington.com
6064,2024-04-19,organic,US,1-10,aramirez@bennett-ford.com
6065,2023-08-03,organic,AU,1-10,djackson@green.com
6066,2024-08-19,organic,FR,1000+,john99@moore.org
6067,2024-02-24,social,US,11-50,xavierwilson@meyer.com
6068,2023-10-11,referral,SG,11-50,kingallison@morris.com
6069,2023-02-02,paid_search,GB,11-50,sanchezsheila@melton.org
6070,2023-08-24,organic,DE,11-50,herreratamara@conner.com
6071,2024-11-19,paid_search,GB,51-200,lisawise@horn.com
6072,2023-10-10,social,GB,1-10,arellanotracy@gross.com
6073,2023-05-11,paid_search,US,1-10,perezrachel@smith-rojas.info
6074,2024-01-29,paid_search,AU,1-10,lconner@horton.org
6075,2023-10-22,referral,GB,1000+,navarromark@ibarra-lane.com
6076,2022-06-12,referral,US,1-10,tiffany44@mayer-ramirez.biz
6077,2023-10-08,,FR,51-200,prestonjohn@lindsey-ruiz.net
6078,2024-03-26,social,CA,1-10,john55@simpson-franklin.org
6079,2024-03-01,social,US,1-10,kweber@white-ortiz.com
6080,2023-11-01,referral,GB,1-10,qrobinson@burns.com
6081,2024-01-07,partner,US,51-200,duncanvanessa@ortiz-hubbard.com
6082,2024-11-23,paid_search,IN,1-10,bryan34@smith.biz
6083,2023-11-19,,GB,1-10,edwardray@wallace.biz
6084,2023-09-06,partner,NL,1-10,cantulisa@miller.com
6085,2023-08-25,organic,GB,51-200,jacob36@allen.info
6086,2024-01-31,paid_search,DE,11-50,amandajones@fox.com
6087,2024-08-06,organic,GB,201-1000,charles57@wilson.biz
6088,2023-07-20,partner,US,51-200,jonesjoy@murray-schaefer.com
6089,2024-06-28,paid_search,US,1-10,wallacejonathan@olson.com
6090,2022-04-22,organic,AU,1-10,david55@pitts-hayes.com
6091,2024-01-01,organic,DE,1-10,pearsonkimberly@ferguson.com
6092,2024-08-26,organic,US,1-10,bwalsh@gardner.net
6093,2023-10-31,organic,DE,11-50,jeffrey30@evans.com
6094,2024-03-17,organic,AU,51-200,ghunter@brooks-hamilton.net
6095,2023-07-16,paid_search,US,1-10,wulaura@prince-romero.org
6096,2024-07-27,organic,US,201-1000,potteremily@mitchell-morales.com
6097,2022-09-02,partner,GB,11-50,ryanmcdonald@schwartz-johnson.net
6098,2024-09-23,referral,US,11-50,zrobinson@davenport-miller.org
6099,2023-07-08,organic,US,51-200,hannahblack@hayes.com
6100,2024-10-26,organic,US,11-50,abigailforbes@morgan-santos.com
6101,2023-11-06,social,GB,11-50,joshuarodriguez@morales.biz
6102,2024-07-25,organic,US,11-50,beverly73@vaughn.com
6103,2023-10-15,organic,NL,11-50,saraalvarez@barron.info
6104,2024-10-24,paid_search,SG,1000+,grantmichael@hopkins.com
6105,2023-03-13,partner,FR,1-10,austinthompson@sanders.biz
6106,2023-06-26,paid_search,US,1-10,pearsonjohn@jones-barber.net
6107,2024-02-08,paid_search,US,11-50,jpowell@snyder.com
6108,2023-01-06,referral,IN,1-10,rgentry@schmidt-jones.com
6109,2023-07-10,organic,IN,11-50,wrightchristopher@herrera-thompson.net
6110,2024-11-26,social,FR,1-10,seanschultz@wong.com
6111,2024-12-16,organic,DE,201-1000,waterspatricia@cobb.net
6112,2023-11-16,social,GB,1-10,hillashley@watkins.biz
6113,2024-11-15,paid_search,GB,201-1000,johnlevy@williams.com
6114,2024-03-27,partner,IN,1-10,rgarcia@peterson.com
6115,2023-09-02,organic,GB,51-200,victoriaroth@jimenez-johnson.org
6116,2024-06-22,,DE,51-200,paul01@padilla-jones.com
6117,2024-05-31,paid_search,NL,1-10,scottsamuel@johnson.com
6118,2024-12-14,social,US,11-50,janderson@parker-rivera.com
6119,2023-09-11,referral,DE,1-10,lisastephens@simmons.com
6120,2024-06-17,partner,SG,11-50,astevens@warner.org
6121,2022-09-19,referral,FR,51-200,danielle36@carroll.info
6122,2023-03-23,organic,SG,51-200,charles69@king.biz
6123,2022-01-09,referral,FR,11-50,emmaalvarez@butler-miller.net
6124,2024-12-19,social,BR,51-200,michael57@olson-crawford.net
6125,2024-08-01,partner,AU,51-200,anna94@wagner-gutierrez.net
6126,2024-08-07,organic,GB,201-1000,scottcollins@mckee.biz
6127,2024-02-10,organic,US,1-10,campbelljoseph@smith-bell.biz
6128,2023-10-19,organic,GB,1-10,jbowman@andersen.com
6129,2023-05-06,social,AU,201-1000,kristine98@durham.com
6130,2023-09-18,social,US,201-1000,samueljenkins@chapman.com
6131,2023-11-04,paid_search,US,201-1000,torrestravis@garrett.org
6132,2024-07-08,organic,US,1-10,huntnicholas@garrison-smith.biz
6133,2024-03-22,paid_search,FR,1000+,mendezbrittney@delacruz.net
6134,2022-12-29,organic,BR,51-200,colleenclark@young.com
6135,2022-03-17,social,US,11-50,jacksonthomas@chapman-white.com
6136,2023-02-06,social,NL,1-10,clayrichard@diaz-flores.com
6137,2024-01-13,social,FR,11-50,jlewis@jones.info
6138,2024-11-03,social,IN,11-50,muellerphillip@ewing-mendoza.net
6139,2024-05-30,,US,11-50,darrell96@maxwell.biz
6140,2024-08-18,referral,US,11-50,aclayton@hensley.com
6141,2024-01-28,organic,GB,1-10,bgray@martin.org
6142,2023-11-23,organic,FR,11-50,fpark@miller.biz
6143,2023-02-09,referral,GB,1-10,vmurphy@baker-floyd.biz
6144,2024-10-24,,AU,1000+,josephkey@smith-lee.net
6145,2024-08-31,organic,US,11-50,lisacollins@chapman.com
6146,2023-05-17,paid_search,GB,1-10,palmerkatherine@hawkins.com
6147,2024-02-25,social,US,11-50,robertwalker@fox-green.com
6148,2024-02-08,,BR,201-1000,lauriemyers@hobbs.com
6149,2024-05-15,organic,GB,1-10,dianaenglish@suarez.com
6150,2024-11-27,paid_search,AU,1-10,jason12@moody.com
6151,2024-04-03,paid_search,US,1-10,marie99@johnson.biz
6152,2024-03-11,paid_search,US,11-50,wharrington@washington.com
6153,2022-09-17,paid_search,US,11-50,hbailey@ramos.com
6154,2022-10-30,paid_search,GB,1-10,hannabrian@young.info
6155,2023-06-25,paid_search,CA,1-10,fbest@ward.com
6156,2022-06-06,organic,GB,1-10,jenniferanderson@reyes.biz
6157,2024-07-02,paid_search,GB,11-50,xedwards@aguilar-wilson.com
6158,2024-07-26,paid_search,CA,1-10,monroekevin@santiago-livingston.net
6159,2023-04-22,organic,US,1-10,rachel38@rice.biz
6160,2024-09-09,paid_search,US,201-1000,stephanie36@tucker-miranda.net
6161,2023-05-28,paid_search,US,11-50,mrandall@myers.info
6162,2023-10-20,paid_search,US,1-10,fhall@martinez-schwartz.com
6163,2023-08-28,social,US,11-50,reeserachel@bishop-mcdaniel.com
6164,2023-11-18,,US,51-200,steven27@chavez.com
6165,2023-09-27,paid_search,GB,1-10,matthew27@jenkins.info
6166,2024-02-03,paid_search,NL,11-50,andrearamirez@bryant.org
6167,2023-12-02,partner,US,201-1000,cherylhuynh@yates-allen.net
6168,2024-12-05,partner,CA,11-50,tinashepard@perez.net
6169,2022-09-06,organic,FR,51-200,loweandrew@lucas.com
6170,2023-04-18,referral,CA,1-10,ghoward@johnston.org
6171,2022-09-20,social,US,1-10,maryburke@galloway.info
6172,2024-05-09,referral,US,51-200,tholt@patrick.info
6173,2022-09-21,organic,AU,11-50,zjones@russell.info
6174,2024-09-28,social,IN,11-50,ojones@cannon.com
6175,2024-02-16,organic,US,1000+,allensheena@garner.com
6176,2024-03-18,organic,US,1-10,gail98@turner-bishop.biz
6177,2024-03-09,paid_search,US,201-1000,rdiaz@tucker.biz
6178,2023-06-15,organic,IN,1-10,joseph34@santos.info
6179,2023-07-23,paid_search,SG,1000+,ijackson@johnson.net
6180,2023-10-01,referral,CA,11-50,peggyhardin@patel.org
6181,2024-04-08,referral,DE,201-1000,mackenziekelly@morris-roberts.com
6182,2023-07-19,social,IN,1-10,nwarren@george-johnson.com
6183,2023-03-22,,US,51-200,nancylopez@anderson-turner.com
6184,2024-12-09,organic,DE,51-200,reillydana@palmer-adams.com
6185,2022-04-02,social,SG,1-10,ahenderson@pearson.info
6186,2024-09-17,referral,IN,1-10,uolsen@newton.com
6187,2024-08-09,referral,BR,11-50,ryan94@smith.com
6188,2023-10-28,paid_search,US,1-10,laura76@miller-melton.com
6189,2023-04-24,paid_search,GB,1-10,brian64@smith.net
6190,2023-04-14,paid_search,AU,1000+,bryan73@white.com
6191,2024-06-04,referral,US,201-1000,cynthia65@barry.com
6192,2024-05-24,organic,BR,11-50,lorettamcbride@hodges.com
6193,2024-08-06,organic,CA,51-200,lgibson@green-leonard.com
6194,2024-11-05,social,US,11-50,janicedixon@wilson.com
6195,2024-06-28,paid_search,CA,201-1000,matthewochoa@petersen-cooper.biz
6196,2023-05-04,referral,US,11-50,mariapatel@drake-lucas.info
6197,2023-08-08,organic,BR,1-10,houstonjohn@campbell.com
6198,2024-09-21,paid_search,CA,51-200,joannescott@ford.org
6199,2023-07-25,organic,GB,51-200,shawjill@brooks.com
6200,2022-11-10,partner,US,51-200,brett55@butler-bell.com
6201,2024-06-15,organic,US,11-50,moralesandrew@newman.com
6202,2023-12-27,referral,DE,11-50,crobinson@murphy.com
6203,2024-11-22,organic,US,51-200,stewartjoshua@perez-gallagher.com
6204,2024-05-30,partner,IN,11-50,patricia28@watts.com
6205,2023-01-17,organic,IN,201-1000,silvafrederick@webster.com
6206,2024-11-27,paid_search,US,1-10,pcastro@gilmore.com
6207,2023-09-20,paid_search,IN,201-1000,sweeneyjohn@walters-gallagher.com
6208,2023-10-30,organic,US,51-200,juliemoore@thomas-english.com
6209,2023-12-08,referral,US,11-50,jasmine62@turner.com
6210,2022-09-19,organic,US,1-10,opayne@wheeler.org
6211,2024-02-16,referral,AU,1-10,jared09@bell.com
6212,2023-03-27,social,SG,1-10,hpayne@glover.com
6213,2023-12-09,partner,FR,11-50,timothy83@griffin.com
6214,2023-11-15,organic,BR,1-10,ocervantes@chapman.biz
6215,2024-08-15,,AU,51-200,wallkaren@booth-moore.com
6216,2024-09-03,referral,GB,11-50,abowman@barr.com
6217,2023-05-11,organic,CA,1000+,ckelly@brown-riley.com
6218,2023-11-29,partner,CA,11-50,austinpeterson@escobar.org
6219,2023-11-27,paid_search,US,11-50,tannertina@carpenter.biz
6220,2023-05-12,referral,US,11-50,samantha47@lee-jackson.com
6221,2024-08-18,referral,GB,1000+,crystal44@fleming.com
6222,2024-06-25,social,GB,11-50,imiller@weber.com
6223,2023-06-18,organic,US,11-50,toddkatherine@browning-bishop.com
6224,2023-11-14,organic,US,1-10,omontgomery@reilly-barry.com
6225,2023-02-01,referral,GB,1-10,aperry@webb-ritter.info
6226,2024-05-19,paid_search,US,1-10,michaelramos@richardson-hinton.com
6227,2023-03-21,social,AU,11-50,danielcohen@smith.com
6228,2024-12-11,social,CA,51-200,hmiller@white.com
6229,2024-08-04,organic,AU,51-200,brownstephanie@jones-rodgers.biz
6230,2023-12-17,referral,IN,51-200,jason08@johnson-phillips.net
6231,2024-04-04,paid_search,US,51-200,colehenry@anderson.biz
6232,2024-10-21,social,US,11-50,valerie71@james.com
6233,2024-03-23,social,SG,1-10,pgibson@henry.net
6234,2023-06-04,organic,AU,1-10,charlesmartinez@williams.com
6235,2023-11-25,organic,AU,1-10,gordonjonathan@patrick.com
6236,2024-09-20,partner,US,201-1000,bryantjessica@nelson-little.biz
6237,2024-05-17,referral,IN,11-50,amber57@cole-smith.com
6238,2024-05-20,partner,NL,1-10,raymondmurray@flores.com
6239,2024-10-11,organic,CA,11-50,fhuynh@cardenas.org
6240,2024-10-20,paid_search,CA,51-200,juliadavid@campbell.com
6241,2024-11-08,,US,1-10,kellimedina@stewart-lewis.com
6242,2023-01-15,organic,CA,1-10,angelcarr@thompson.com
6243,2024-03-04,social,IN,11-50,moorestephanie@bailey-green.com
6244,2024-07-29,organic,US,1-10,lisaparsons@ballard-clarke.com
6245,2024-07-02,referral,IN,11-50,iclark@miller-ruiz.com
6246,2024-04-29,organic,US,1-10,briancameron@hunter-davis.com
6247,2023-05-16,referral,DE,51-200,rfrye@glenn.com
6248,2024-08-17,organic,IN,1-10,angela08@robertson.com
6249,2024-07-10,paid_search,CA,1-10,kelseyshaw@torres-hobbs.com
6250,2023-01-03,paid_search,US,11-50,rjarvis@livingston-martinez.com
6251,2024-01-02,referral,FR,51-200,seanpark@garcia.info
6252,2023-06-30,organic,DE,1-10,omccullough@anderson-cook.biz
6253,2023-10-02,organic,CA,11-50,pharris@wilson-smith.com
6254,2022-03-11,referral,GB,201-1000,hferguson@hamilton.com
6255,2023-12-18,referral,FR,11-50,carterolivia@golden-larsen.biz
6256,2024-03-15,partner,GB,11-50,james74@cooper.info
6257,2024-05-02,partner,US,11-50,ischaefer@davenport.info
6258,2024-05-10,social,DE,1-10,erinarmstrong@hughes.com
6259,2024-09-17,organic,GB,11-50,jessicamccann@wright.com
6260,2023-07-26,organic,NL,1000+,erica09@marquez-burch.info
6261,2023-03-27,social,FR,11-50,bellwendy@oliver.com
6262,2024-09-10,social,US,1-10,jeffreysantos@bartlett-hernandez.org
6263,2023-05-05,referral,CA,51-200,fjones@fowler-day.com
6264,2024-12-17,referral,BR,1-10,jerrystrickland@davis-martinez.org
6265,2024-09-16,paid_search,FR,1-10,hamiltonamy@miller.biz
6266,2024-02-23,referral,DE,1-10,stanleylatasha@johnson.net
6267,2024-12-17,paid_search,AU,51-200,bellchristopher@lewis.org
6268,2023-02-23,organic,AU,1-10,rickmorris@brown.info
6269,2023-10-18,paid_search,FR,1-10,justinthomas@green.com
6270,2024-05-06,,US,1-10,owentravis@allen-williamson.com
6271,2023-11-03,paid_search,SG,1-10,mturner@harris.com
6272,2024-11-18,paid_search,FR,11-50,ujohnson@jackson.com
6273,2022-10-19,paid_search,GB,201-1000,hawkinsmichael@clarke.com
6274,2024-03-30,organic,US,1-10,curtismiddleton@boyd-anderson.net
6275,2024-04-16,social,GB,51-200,zlong@adams.com
6276,2024-05-12,social,AU,11-50,vvillegas@green-archer.biz
6277,2023-09-21,organic,DE,1-10,jennifer24@kirk-morales.com
6278,2023-11-30,partner,AU,11-50,gutierrezgregory@wood-murray.com
6279,2024-09-15,organic,US,1-10,gwendolyn28@murphy-day.com
6280,2023-07-06,organic,DE,11-50,adrian05@green-cook.net
6281,2024-09-18,organic,IN,1-10,washingtonrobert@stevens.com
6282,2024-03-04,organic,IN,51-200,whiteryan@nichols-young.com
6283,2024-08-22,paid_search,FR,1-10,amber24@martinez-mckenzie.net
6284,2024-06-19,organic,AU,11-50,hughesalexis@hobbs.com
6285,2023-07-26,paid_search,US,1000+,freemanisabel@collins-rodriguez.com
6286,2024-04-19,social,BR,11-50,garciakathy@rodriguez.info
6287,2024-10-10,referral,SG,1000+,ashleyguerrero@soto.net
6288,2024-01-25,partner,IN,11-50,sheliaedwards@campbell-lucero.com
6289,2024-11-28,referral,SG,51-200,taylorthomas@tanner.com
6290,2024-01-19,social,AU,51-200,paul85@carey.com
6291,2023-04-06,organic,BR,11-50,maldonadojuan@hudson-acevedo.com
6292,2023-12-15,paid_search,AU,1-10,sandovalanthony@larson.com
6293,2024-11-14,paid_search,NL,1-10,ggreen@williamson.com
6294,2023-10-11,social,NL,1-10,mooreannette@fisher-morris.biz
6295,2024-10-26,,US,51-200,angela28@mcfarland.net
6296,2024-10-27,organic,DE,1000+,lflores@williams-smith.com
6297,2023-11-09,referral,CA,1-10,bethany01@tate.com
6298,2023-01-07,social,SG,11-50,smithsarah@medina-payne.biz
6299,2024-07-29,paid_search,GB,51-200,ysoto@rios.com
6300,2023-10-04,paid_search,GB,1-10,gibsonbryan@brown.com
6301,2024-08-05,referral,US,11-50,jamiezimmerman@gray-holland.com
6302,2024-01-09,organic,DE,1-10,diazcesar@jones.info
6303,2024-02-25,partner,US,1-10,robersonerika@gibson.org
6304,2024-08-13,partner,GB,1-10,marieneal@sweeney-randolph.net
6305,2023-12-28,social,IN,1-10,irobinson@torres.biz
6306,2024-01-13,organic,IN,1-10,anitawise@wilkins.org
6307,2023-11-03,referral,IN,1-10,michael10@taylor.com
6308,2023-11-29,referral,BR,11-50,michael88@gibson-burch.net
6309,2024-03-12,referral,US,1-10,josepena@black.com
6310,2024-09-22,paid_search,BR,1-10,bellsusan@freeman.com
6311,2023-11-03,organic,US,1-10,umiller@guzman.org
6312,2024-03-28,,NL,11-50,caleb79@burton-moore.com
6313,2024-06-01,,FR,1-10,stevennorman@gilbert.com
6314,2023-09-03,social,SG,51-200,sandra11@farley.com
6315,2023-09-26,,IN,201-1000,matthew84@rodgers.com
6316,2024-11-09,partner,GB,1-10,roberttran@cordova.com
6317,2024-07-18,partner,US,1-10,bdouglas@grant.com
6318,2024-04-16,social,NL,1-10,stephen01@berger.com
6319,2024-05-30,paid_search,GB,51-200,jmorris@velez.com
6320,2022-05-03,paid_search,CA,11-50,sporter@kelley.com
6321,2024-05-07,organic,US,1-10,garciaheather@rodriguez.com
6322,2024-02-26,referral,CA,11-50,jane49@zavala.com
6323,2024-03-27,paid_search,US,201-1000,taylorrhonda@armstrong.biz
6324,2023-11-01,organic,AU,1-10,tstrong@adams.com
6325,2022-12-15,paid_search,GB,1-10,knorris@patel-washington.info
6326,2023-06-07,organic,CA,1-10,dsanchez@schmidt.net
6327,2024-11-02,organic,FR,11-50,duffycody@brown.com
6328,2023-12-31,organic,US,11-50,danielle41@smith.com
6329,2024-01-11,organic,US,1-10,ericsmith@woods.biz
6330,2022-09-16,paid_search,US,1-10,sarahsweeney@cooper-cole.com
6331,2022-07-26,organic,IN,1-10,dominic86@morris.com
6332,2024-07-15,organic,DE,11-50,rgill@woods.net
6333,2024-03-17,paid_search,US,1-10,crodriguez@brown.com
6334,2024-02-15,social,GB,11-50,richard45@allen.org
6335,2023-08-27,organic,BR,51-200,derek48@roberts-smith.com
6336,2024-07-22,organic,NL,51-200,nathan56@hubbard.com
6337,2023-05-12,partner,US,51-200,vmorrison@rodriguez.biz
6338,2023-06-01,paid_search,US,1-10,gonzalezdeanna@pena-bailey.org
6339,2024-01-06,,GB,1-10,frank98@ortega.com
6340,2023-09-21,referral,US,11-50,charles97@higgins-miller.com
6341,2023-08-22,paid_search,IN,1-10,reevesnicholas@bowers.biz
6342,2024-05-24,organic,US,1-10,gallegosamy@cline.com
6343,2024-05-13,paid_search,US,1-10,samuelcooley@cohen.com
6344,2024-09-09,paid_search,AU,1-10,mking@costa.info
6345,2024-01-04,,GB,201-1000,hterry@aguilar.biz
6346,2022-11-07,social,CA,1-10,haynesalicia@trujillo-reyes.com
6347,2023-09-28,organic,US,1000+,fernandezjaime@perry.info
6348,2024-12-08,partner,AU,1-10,bowmananthony@lee-brown.biz
6349,2024-04-06,organic,GB,11-50,woodheidi@evans-taylor.net
6350,2024-06-04,,FR,51-200,sara95@farmer.com
6351,2022-02-28,organic,IN,1-10,annette12@black-perez.info
6352,2024-03-10,organic,AU,1-10,shannonclark@neal.com
6353,2022-07-21,organic,US,1-10,jacksonjoel@hays.com
6354,2024-04-04,social,US,51-200,lisasteele@oconnell.com
6355,2024-11-09,paid_search,BR,11-50,luis71@cannon.info
6356,2024-11-11,organic,US,11-50,kelsey51@carlson-robertson.biz
6357,2024-03-10,social,US,11-50,dennishaynes@harris.com
6358,2024-01-26,organic,US,11-50,andersonjulia@rivers.info
6359,2024-11-14,organic,US,1-10,shall@clark-ramirez.biz
6360,2024-06-26,referral,GB,11-50,whiteyvonne@bennett.com
6361,2022-10-15,referral,CA,201-1000,tramirez@little-vargas.net
6362,2024-01-27,organic,DE,11-50,kjohnson@hernandez-ward.com
6363,2023-08-21,paid_search,DE,51-200,erica35@wells.com
6364,2024-02-12,paid_search,IN,1-10,xleblanc@baker.com
6365,2024-01-06,,SG,11-50,gavin02@frey.com
6366,2024-04-27,paid_search,IN,1-10,jonathansnow@cantu.com
6367,2023-11-25,partner,SG,1-10,hjacobson@salazar.com
6368,2023-05-08,partner,CA,11-50,diana92@cox-walters.com
6369,2024-02-14,paid_search,US,11-50,brett70@barnes-norton.com
6370,2024-09-12,organic,GB,11-50,matthewdodson@allen-wood.net
6371,2024-05-12,organic,BR,51-200,foxeric@andrade-salazar.info
6372,2023-10-31,organic,IN,11-50,alyssa69@williams.info
6373,2024-11-11,referral,US,11-50,margaretrandall@smith.com
6374,2024-10-23,referral,NL,1-10,asoto@nunez.com
6375,2023-07-21,partner,AU,201-1000,garcialindsay@cook.biz
6376,2022-07-24,organic,US,201-1000,kimberly89@schultz.com
6377,2024-07-23,social,GB,201-1000,fdillon@joseph.com
6378,2024-09-05,organic,US,1-10,bobbyallen@ross.com
6379,2024-11-21,paid_search,DE,201-1000,dillonmargaret@harrison.com
6380,2024-10-31,organic,DE,201-1000,vblake@miller.com
6381,2024-04-11,organic,NL,1-10,marthadaugherty@kelley.com
6382,2024-03-18,paid_search,FR,1-10,javierspencer@chase.com
6383,2022-05-19,organic,IN,1-10,cynthiaspears@taylor-green.org
6384,2023-08-18,organic,AU,11-50,georgeallen@hall.com
6385,2024-01-08,referral,IN,51-200,johnsonjames@fox-munoz.net
6386,2024-05-26,referral,GB,1-10,josephyoung@davidson.org
6387,2024-03-08,referral,CA,1-10,kleinjesus@blake.com
6388,2024-07-29,social,DE,11-50,fwilson@white-ramirez.net
6389,2023-09-03,organic,US,51-200,ricky76@brown-saunders.org
6390,2024-03-16,organic,US,11-50,xellis@bennett.com
6391,2023-01-25,social,US,1-10,aaronmarshall@brown.biz
6392,2024-01-18,referral,IN,1000+,andersonstacy@griffith.biz
6393,2024-07-29,social,AU,1-10,kfranco@jones-reese.com
6394,2024-06-24,organic,US,1-10,jlopez@morris-george.net
6395,2024-12-04,,GB,1-10,dzimmerman@stephens.com
6396,2023-09-25,organic,IN,1-10,james82@ramirez.org
6397,2024-02-11,referral,IN,51-200,gabrielfrey@dickerson.com
6398,2023-10-27,referral,GB,51-200,vincentreilly@bowen.com
6399,2024-01-12,social,US,51-200,cruztodd@wise.com
6400,2024-09-20,organic,US,201-1000,richgrace@evans-jackson.com
6401,2024-06-28,social,DE,1-10,jacobarcher@shepherd-hughes.com
6402,2024-10-07,paid_search,AU,11-50,barbaraperez@schneider.com
6403,2023-07-22,organic,DE,1-10,jamesbest@rodriguez-leblanc.com
6404,2024-10-14,social,GB,1-10,jaredboyd@schneider.com
6405,2022-10-15,organic,GB,1000+,petersonkathryn@fowler.com
6406,2024-10-01,paid_search,BR,1-10,brian25@anderson-white.com
6407,2023-10-11,organic,US,1-10,smithadam@sawyer-jones.biz
6408,2023-10-13,organic,US,51-200,wesley46@bryant.com
6409,2024-02-01,organic,IN,1-10,juliagarcia@wright.com
6410,2024-11-20,organic,AU,51-200,hawkinskellie@taylor.com
6411,2022-08-03,organic,US,1000+,masonanderson@wood.com
6412,2023-11-07,paid_search,DE,51-200,flynnjulie@mcclain.com
6413,2024-09-22,social,NL,1-10,tthompson@thomas.biz
6414,2023-12-26,organic,US,11-50,pfisher@johnson.com
6415,2023-07-26,referral,US,1-10,stevensonashley@webb-wright.biz
6416,2024-01-03,partner,CA,1-10,george45@good.com
6417,2023-12-03,,BR,1-10,uflores@walker.com
6418,2024-10-13,organic,US,11-50,kennethbrown@bullock.com
6419,2024-08-19,referral,US,1-10,jjones@adams.com
6420,2024-02-28,paid_search,BR,1-10,emma68@santos.org
6421,2024-12-30,organic,CA,51-200,john12@esparza.biz
6422,2024-01-14,partner,NL,11-50,brenda47@ford.biz
6423,2022-10-18,,FR,1-10,juan86@mayer.com
6424,2023-09-20,referral,US,1-10,vwarren@dennis.com
6425,2024-01-31,social,US,11-50,tayloryvonne@mills-smith.biz
6426,2023-05-24,partner,US,1-10,sherri11@hicks.com
6427,2024-11-05,,US,1-10,ramirezbreanna@barrett.com
6428,2024-08-14,organic,CA,1000+,mjackson@jones.org
6429,2023-09-04,paid_search,NL,11-50,yvettecampbell@clark.com
6430,2024-04-07,partner,GB,1-10,christopher10@williams-boone.com
6431,2024-07-26,paid_search,BR,201-1000,johnsonmichael@robinson.net
6432,2024-11-26,paid_search,US,1-10,cdunn@perry-townsend.info
6433,2024-10-23,organic,DE,201-1000,deborah41@boyd-reed.com
6434,2024-02-27,organic,US,201-1000,richard95@adams.info
6435,2024-08-22,partner,US,201-1000,jwilliams@cooper.net
6436,2024-03-18,social,US,1-10,vwilson@wilson.biz
6437,2024-03-05,social,GB,11-50,michelleruiz@scott.org
6438,2023-03-11,organic,CA,11-50,josejohnson@holland.com
6439,2023-03-25,partner,US,11-50,welchstephanie@lopez-stewart.com
6440,2024-03-28,paid_search,CA,1-10,atkinsonbarry@porter.com
6441,2023-09-14,organic,US,11-50,adamthomas@johnson.com
6442,2022-04-03,organic,DE,1-10,sara88@ball-johnson.org
6443,2024-07-04,referral,GB,51-200,icraig@cannon-hall.com
6444,2022-06-10,organic,DE,1-10,rwilliams@livingston.org
6445,2024-04-10,partner,US,1-10,kimberlywhitaker@bird.com
6446,2024-03-30,paid_search,US,11-50,johnsonbrooke@wagner.org
6447,2024-11-22,paid_search,DE,1-10,hdavid@taylor.com
6448,2024-02-14,paid_search,IN,1-10,tmathews@jones.com
6449,2022-10-11,organic,DE,51-200,laurenbaker@evans.com
6450,2024-03-29,organic,US,1-10,richardgreen@mendoza.biz
6451,2024-09-16,social,US,51-200,rlarsen@brown.com
6452,2024-12-19,paid_search,FR,1-10,hollymcdonald@lopez-fitzgerald.info
6453,2024-01-17,partner,GB,1-10,hjimenez@alvarado.info
6454,2023-10-10,paid_search,SG,11-50,smithaaron@macdonald.org
6455,2024-10-02,organic,US,1000+,cynthiamiller@callahan.com
6456,2023-06-23,social,GB,1-10,shawn20@white.com
6457,2024-04-22,partner,US,1-10,bday@griffin.org
6458,2023-12-17,organic,US,1000+,jessica26@kirby.net
6459,2022-07-15,referral,US,1-10,btapia@madden.net
6460,2023-11-13,organic,DE,11-50,aaron39@newton.info
6461,2023-09-01,organic,BR,11-50,nvillanueva@smith-rice.com
6462,2024-06-22,organic,US,1000+,jefferyaguilar@cordova.biz
6463,2024-11-30,organic,IN,1-10,ypatterson@peterson.com
6464,2023-09-27,paid_search,DE,1000+,marie09@kelley.biz
6465,2024-09-28,organic,US,51-200,michaelholt@gill.com
6466,2022-09-15,social,US,1-10,treilly@richards.com
6467,2024-03-31,referral,IN,11-50,richardjose@jones-williams.com
6468,2022-11-20,organic,US,1000+,caitlynwalton@bishop.org
6469,2024-11-25,organic,US,1-10,farmerwilliam@villanueva.com
6470,2024-08-16,paid_search,US,51-200,qsnyder@smith.info
6471,2024-05-04,paid_search,IN,1-10,sramirez@dickson.biz
6472,2024-09-08,organic,US,1-10,bcook@shea.info
6473,2024-05-05,organic,CA,11-50,darlene31@cardenas-gomez.com
6474,2024-11-28,organic,US,1000+,christinewilliams@wright.com
6475,2024-06-19,referral,US,1-10,lewistyler@jordan.info
6476,2024-11-02,social,AU,11-50,melissa51@wright-stanley.info
6477,2024-02-26,organic,GB,51-200,james27@holmes.com
6478,2023-03-23,organic,US,11-50,wgardner@johnson.com
6479,2024-03-27,partner,IN,1-10,smithcynthia@shaw.com
6480,2023-03-31,social,GB,1-10,hessrichard@jennings.info
6481,2024-04-25,referral,AU,201-1000,daniel66@hart.biz
6482,2024-02-01,social,GB,1-10,larry90@walker-lawrence.biz
6483,2024-05-23,partner,GB,11-50,hamiltondeborah@norris.info
6484,2022-02-02,referral,GB,1-10,ryansmith@deleon-moody.com
6485,2023-07-05,partner,US,1-10,jennifersmith@mills.biz
6486,2024-02-29,paid_search,DE,201-1000,jennifer92@zimmerman.com
6487,2024-11-23,partner,US,1-10,zweaver@leach-russo.org
6488,2023-12-11,partner,US,51-200,melissabarnett@krause-bell.org
6489,2024-01-25,partner,NL,1-10,patelgregory@carter.com
6490,2024-07-16,referral,IN,1-10,jonathan37@gray.com
6491,2024-04-29,referral,AU,1-10,huntsamuel@strickland.org
6492,2023-10-21,paid_search,AU,11-50,scott31@espinoza.org
6493,2024-01-01,paid_search,IN,11-50,smithjustin@martin.com
6494,2023-07-30,referral,FR,1-10,melaniephillips@sampson.com
6495,2024-11-08,paid_search,AU,1-10,camposronald@moss-hoover.org
6496,2023-04-05,organic,IN,11-50,bwilliams@dougherty-simmons.com
6497,2023-11-29,social,US,201-1000,kshaw@collins.com
6498,2022-05-08,social,GB,11-50,karlarobinson@king-fowler.com
6499,2023-08-11,social,AU,1000+,jennifer50@hall.net
6500,2024-08-30,paid_search,GB,11-50,juliebennett@morrison-johnson.com
6501,2023-07-23,social,CA,1-10,kelly86@taylor.biz
6502,2022-12-19,partner,US,11-50,vanessa28@mcclain.com
6503,2024-02-14,referral,US,1-10,mendozasteven@yates.com
6504,2022-02-05,paid_search,IN,11-50,bblack@howard.com
6505,2023-01-13,organic,US,1-10,sarahramirez@jones-obrien.com
6506,2024-09-15,organic,GB,1-10,michael18@gonzalez.net
6507,2024-08-15,partner,US,1-10,torrestravis@parker.com
6508,2024-10-15,paid_search,NL,11-50,aliciaanderson@larson.com
6509,2024-09-18,organic,AU,11-50,ramosronald@camacho-cook.com
6510,2024-06-05,paid_search,DE,11-50,james57@chen.com
6511,2022-09-07,paid_search,GB,11-50,ngarrison@bright.com
6512,2024-08-21,referral,GB,1-10,teresaruiz@carney.biz
6513,2024-09-15,social,CA,201-1000,edwardstewart@fletcher-davidson.net
6514,2024-08-11,social,IN,11-50,susanbaker@butler.com
6515,2024-02-22,organic,FR,201-1000,wallacefernando@maldonado-garner.info
6516,2023-08-06,organic,CA,51-200,brianhughes@harrell-myers.com
6517,2024-09-09,organic,FR,1-10,xsantiago@larson.com
6518,2024-07-24,paid_search,US,201-1000,brownjessica@murphy.net
6519,2024-12-20,organic,CA,1-10,rebeccarhodes@pena.net
6520,2023-05-10,social,AU,1-10,conniebrandt@woods-reyes.com
6521,2023-08-06,social,AU,1-10,andersonkenneth@gill-campbell.com
6522,2023-07-06,organic,GB,1-10,shannonhopkins@chan.com
6523,2024-08-25,organic,DE,11-50,zcardenas@ingram.com
6524,2023-06-11,referral,US,1-10,ymendoza@gibson.com
6525,2022-10-08,social,US,11-50,alexander49@schmitt.com
6526,2024-12-26,organic,GB,1-10,wward@young-douglas.com
6527,2022-04-01,partner,US,11-50,ginachase@kim-rivera.com
6528,2024-09-06,partner,FR,11-50,wglenn@walter.com
6529,2023-11-15,organic,CA,1000+,duffyjessica@cruz-vazquez.org
6530,2024-09-20,organic,US,1-10,marybrown@dixon.com
6531,2024-03-14,paid_search,NL,1-10,wbrown@holmes.com
6532,2024-10-04,paid_search,US,1-10,angelmorrow@norris.net
6533,2024-11-13,paid_search,US,201-1000,lance24@moore.net
6534,2022-02-27,organic,US,1-10,turnerroger@cruz.net
6535,2022-11-12,social,SG,1-10,ryanshannon@beasley.com
6536,2023-09-08,referral,CA,1-10,cmartin@garcia-bell.net
6537,2024-06-25,partner,GB,1-10,ylee@miller.biz
6538,2024-10-02,paid_search,DE,1-10,calvinburns@randolph-kirk.com
6539,2024-01-19,organic,US,1-10,sgonzalez@hale.com
6540,2024-04-08,paid_search,CA,11-50,sandersrobert@martinez.biz
6541,2023-06-01,organic,US,51-200,zmendoza@walls.net
6542,2024-09-21,paid_search,US,1-10,henrymarshall@soto.net
6543,2024-11-27,paid_search,FR,11-50,rgonzales@garcia-wilkinson.com
6544,2023-09-23,paid_search,CA,1-10,april95@lynch-cook.net
6545,2024-02-20,paid_search,FR,11-50,heather35@harper.com
6546,2023-01-20,social,US,1-10,kellyjones@allen-peterson.com
6547,2024-03-26,social,FR,1000+,timothy11@liu-holmes.com
6548,2024-02-05,social,US,1-10,stacygrant@cook.com
6549,2023-04-21,paid_search,NL,11-50,bcarson@kennedy-simmons.org
6550,2024-01-03,organic,GB,11-50,margaretwilson@leon.com
6551,2023-10-10,social,GB,51-200,john33@preston-martin.com
6552,2024-03-04,referral,NL,1-10,wyattsusan@sanchez.com
6553,2024-04-22,referral,NL,201-1000,johnsonethan@wolfe-hayes.org
6554,2022-02-22,paid_search,CA,1000+,carterbrianna@howard.info
6555,2024-08-23,paid_search,US,1-10,gwilliams@ballard.com
6556,2024-06-16,referral,IN,1-10,andrea20@nolan.com
6557,2023-11-01,social,US,1-10,nathan36@jensen-robertson.com
6558,2022-09-23,referral,CA,1-10,pmason@chen-collier.com
6559,2024-07-22,organic,FR,1-10,rachael81@stanley.com
6560,2024-11-05,organic,DE,1-10,wvillarreal@cunningham.com
6561,2023-08-21,paid_search,NL,1-10,yhoover@hill.com
6562,2023-10-21,social,DE,1-10,christinashields@davis.com
6563,2023-06-08,organic,US,11-50,nbaker@juarez.org
6564,2024-04-18,paid_search,US,201-1000,kweaver@johnston.com
6565,2023-05-13,social,CA,1-10,htaylor@taylor.com
6566,2023-11-17,paid_search,US,11-50,jennifergilbert@matthews.com
6567,2024-06-03,organic,US,1-10,woodaaron@sampson.com
6568,2024-03-01,organic,NL,1-10,tracy61@hansen-walton.biz
6569,2023-12-27,paid_search,BR,11-50,dodsonbenjamin@rasmussen.com
6570,2024-01-18,referral,FR,201-1000,molly80@lara.com
6571,2024-03-23,referral,US,1-10,jason36@sexton.com
6572,2022-01-12,referral,DE,201-1000,jacobmoss@wilson.com
6573,2022-12-13,referral,US,11-50,christine92@miller.com
6574,2024-10-31,paid_search,US,11-50,nkirby@williams.com
6575,2022-12-18,organic,DE,11-50,henryrobert@carroll.com
6576,2024-06-19,organic,SG,201-1000,amber36@santana.com
6577,2024-11-30,paid_search,US,1-10,asummers@avila.com
6578,2023-09-09,referral,US,1-10,ysmith@clark-evans.com
6579,2023-11-12,organic,GB,1-10,patricia73@brown.biz
6580,2024-04-14,paid_search,IN,1-10,bautistanathan@harris-mccoy.com
6581,2024-10-29,paid_search,IN,11-50,jeffrey56@thompson.net
6582,2024-11-09,paid_search,US,1000+,linkevin@simpson.com
6583,2024-07-30,organic,NL,1-10,michael16@oconnor.com
6584,2023-01-13,paid_search,IN,11-50,rsherman@garcia-buck.org
6585,2024-06-14,organic,GB,1-10,mikeknight@smith.com
6586,2024-01-14,organic,US,51-200,zolsen@alexander-johnson.com
6587,2024-02-10,social,IN,1-10,charlesromero@rhodes-jefferson.biz
6588,2022-08-14,referral,US,1000+,greenwendy@green.net
6589,2023-06-19,organic,AU,1-10,markbuck@poole.com
6590,2024-08-18,partner,BR,1-10,leeandrew@ruiz-walton.com
6591,2024-01-22,organic,GB,1-10,richardsonandrea@ortiz.com
6592,2023-10-15,partner,FR,1-10,heatherbryant@ellis.com
6593,2023-12-31,organic,US,1-10,sharpmichael@wilson.com
6594,2024-09-15,referral,US,11-50,sanchezmegan@jones-johns.com
6595,2024-07-09,partner,US,11-50,donaldsonxavier@torres-sandoval.com
6596,2023-09-10,paid_search,IN,1-10,elizabethhunter@smith.org
6597,2023-03-01,organic,IN,1-10,erika25@henson-lyons.biz
6598,2023-09-16,paid_search,SG,11-50,marcusward@nelson.com
6599,2024-11-28,referral,FR,1-10,dbrown@lee.org
6600,2024-04-30,paid_search,CA,11-50,daniel61@davis.net
6601,2024-03-28,partner,GB,201-1000,ericchristensen@george.com
6602,2024-04-10,referral,US,1-10,sarahjenkins@anderson.biz
6603,2023-11-08,referral,CA,1-10,zachary00@brown.com
6604,2024-09-15,referral,IN,201-1000,tiffanyjohnson@gibson-petersen.com
6605,2024-03-31,organic,US,11-50,connie67@lopez.com
6606,2023-03-24,partner,FR,201-1000,gwagner@allen-campbell.com
6607,2023-04-23,social,US,51-200,lauriejohnson@baker-morrison.com
6608,2024-03-13,paid_search,IN,11-50,tina89@smith.org
6609,2024-11-13,organic,DE,11-50,evan16@hall.info
6610,2023-10-28,partner,SG,11-50,christophergraves@lopez-mitchell.com
6611,2024-10-07,organic,US,1-10,wallnathan@hendricks.info
6612,2024-08-26,social,US,201-1000,brooksmatthew@collins.com
6613,2023-08-02,partner,FR,11-50,cindyscott@stewart.com
6614,2022-06-17,partner,US,51-200,donald87@santiago.com
6615,2023-02-25,,CA,1-10,vancechristina@hickman.com
6616,2024-07-25,organic,IN,11-50,jenniferthomas@garrett-randall.net
6617,2023-07-13,organic,IN,1-10,huertajohn@cox-gill.biz
6618,2023-11-23,paid_search,GB,51-200,jenniferperez@brown.com
6619,2024-02-21,organic,US,1-10,robinsonalexis@clark.biz
6620,2024-07-11,referral,US,201-1000,marissa21@wright-may.net
6621,2023-03-29,paid_search,NL,1-10,oconnellnathan@odonnell.info
6622,2023-12-18,,NL,1-10,qjohnson@simmons.com
6623,2024-02-23,social,US,1-10,pross@salazar-fitzgerald.net
6624,2024-03-09,referral,IN,1-10,wdominguez@powers-graham.com
6625,2024-09-19,partner,GB,51-200,brownmichael@vazquez-hartman.org
6626,2023-06-29,partner,US,201-1000,shayes@mann-lee.org
6627,2024-09-10,paid_search,CA,51-200,chunter@wilson-rodriguez.com
6628,2024-06-17,social,BR,11-50,qedwards@reid-anderson.com
6629,2024-03-18,partner,US,11-50,thomasmegan@olsen-dudley.com
6630,2024-06-17,referral,IN,51-200,davidlyons@hardy.com
6631,2024-01-10,organic,US,1-10,kathrynmiller@hall-rodriguez.com
6632,2023-04-09,organic,US,1-10,vmercer@hobbs.biz
6633,2024-05-17,paid_search,DE,51-200,hwilliams@munoz.org
6634,2024-03-07,paid_search,DE,1-10,priscilla11@snyder-orr.com
6635,2024-05-21,organic,US,1-10,brandimcintyre@wilson-holland.net
6636,2023-10-17,organic,US,11-50,zsmith@anderson-powell.com
6637,2024-10-04,partner,CA,1-10,matthew88@baird.com
6638,2024-04-10,paid_search,CA,51-200,rjones@holland-crawford.com
6639,2023-01-18,organic,US,201-1000,kellyheather@jones.info
6640,2024-01-02,organic,GB,201-1000,crystal40@moore.com
6641,2024-07-04,paid_search,AU,11-50,george43@lawson-harris.biz
6642,2024-08-21,social,CA,1-10,skrueger@ryan-sanders.info
6643,2024-02-03,organic,CA,1-10,wilsonalexandria@jones-jackson.info
6644,2024-10-26,paid_search,GB,1-10,snewman@ford-chapman.info
6645,2023-09-19,paid_search,IN,11-50,nicholas27@holt.com
6646,2024-01-19,social,CA,11-50,stewarttyler@martinez-lewis.com
6647,2024-10-06,paid_search,CA,1-10,courtney55@kim.info
6648,2024-10-11,partner,US,1000+,alvarezscott@wall.com
6649,2024-06-07,paid_search,US,11-50,tanya00@washington.com
6650,2024-09-03,referral,GB,11-50,hernandezgeorge@matthews-rodriguez.com
6651,2023-01-05,paid_search,US,1000+,patrick24@richardson.com
6652,2024-10-08,referral,AU,51-200,melissa17@roberts-schmidt.biz
6653,2023-10-06,organic,GB,11-50,eric64@malone.com
6654,2023-06-04,paid_search,IN,11-50,samuelmoore@taylor.com
6655,2023-08-18,organic,DE,11-50,charles64@sullivan.com
6656,2024-01-09,partner,GB,11-50,finleynancy@ramsey.info
6657,2023-09-28,organic,IN,51-200,awilliams@sampson-gonzales.com
6658,2023-10-01,organic,CA,1-10,brownjohn@mccann.org
6659,2023-04-29,social,US,51-200,peter93@brown.com
6660,2023-10-14,referral,IN,1-10,cchandler@english-price.com
6661,2024-04-11,organic,GB,51-200,rose84@caldwell-martinez.biz
6662,2024-01-02,organic,US,11-50,betty41@whitehead.com
6663,2023-11-10,paid_search,SG,1-10,antoniohudson@powell-johnson.com
6664,2024-07-18,paid_search,US,201-1000,lthomas@copeland.info
6665,2024-10-18,partner,NL,1-10,david67@sparks.com
6666,2024-07-24,social,DE,51-200,fgomez@shelton-lewis.com
6667,2023-10-08,referral,FR,1-10,antonioserrano@robinson-tyler.com
6668,2024-07-16,social,GB,201-1000,kellis@hoffman.org
6669,2023-05-31,social,US,51-200,rita93@ross.biz
6670,2023-04-10,organic,US,51-200,millerkim@davidson.com
6671,2023-11-21,paid_search,GB,1-10,wilsonbryce@johnson.com
6672,2024-09-20,organic,GB,1-10,sierramoreno@bradshaw-martin.com
6673,2023-08-03,organic,US,201-1000,csnyder@mitchell-warren.com
6674,2022-10-05,organic,DE,11-50,odelgado@baker.org
6675,2023-04-29,referral,US,51-200,adunn@ramirez.com
6676,2024-09-16,social,FR,11-50,ugarcia@richardson.org
6677,2024-05-16,organic,DE,201-1000,jameschapman@brown-martinez.com
6678,2023-09-23,partner,NL,11-50,yjones@calderon.biz
6679,2024-03-19,referral,US,1-10,williamstammy@stanley-wong.com
6680,2024-03-20,paid_search,IN,11-50,kelly90@gonzalez-marshall.com
6681,2024-05-15,paid_search,US,11-50,christineperry@rivera.com
6682,2023-08-22,paid_search,BR,1-10,kosborne@avery.com
6683,2024-10-25,organic,US,51-200,xcontreras@hendrix-stokes.com
6684,2023-10-05,organic,IN,1-10,amanda51@richards.biz
6685,2024-06-05,,GB,51-200,karen32@nunez.org
6686,2022-03-07,social,DE,1000+,hodgeschase@romero-wilson.com
6687,2023-11-06,organic,US,1-10,erinwhite@jones.com
6688,2023-11-09,organic,DE,1-10,nicolelawson@wright-scott.net
6689,2024-03-01,paid_search,US,11-50,erivera@miller-sullivan.info
6690,2022-11-14,organic,US,11-50,ernestgreen@pittman-villanueva.net
6691,2024-08-21,referral,US,201-1000,ryansmith@castro.com
6692,2023-07-02,social,US,1-10,jessicalang@dixon-long.com
6693,2024-06-23,social,US,1-10,martha92@perry-sullivan.net
6694,2024-09-17,organic,GB,11-50,weaverandrew@wood.com
6695,2024-03-23,organic,US,11-50,lisawashington@smith-harris.biz
6696,2024-07-11,referral,BR,201-1000,campbellmorgan@moore.info
6697,2024-05-07,organic,US,11-50,bakerevelyn@ballard.info
6698,2023-11-07,paid_search,BR,11-50,victorcarroll@thompson.net
6699,2024-09-04,organic,GB,11-50,morgan54@jimenez.com
6700,2023-09-27,organic,US,201-1000,jessicahodges@simon-brennan.net
6701,2024-04-17,partner,SG,1-10,donaldparker@ruiz.org
6702,2024-07-10,referral,US,1-10,cheryl16@ortega.org
6703,2023-11-29,organic,NL,201-1000,greeneanna@baker.com
6704,2023-10-23,organic,DE,11-50,phillipthompson@carney.com
6705,2024-01-05,social,US,1-10,jacobhoward@taylor-freeman.com
6706,2024-09-11,organic,BR,201-1000,jwhite@mcbride.com
6707,2024-11-24,paid_search,US,1-10,lukewaters@montgomery-lane.com
6708,2024-03-26,organic,BR,11-50,gking@bush.com
6709,2024-05-05,organic,GB,1-10,hendersonamy@hampton.org
6710,2024-10-10,referral,GB,1-10,natasha33@coleman.com
6711,2023-02-03,referral,AU,1-10,jmorris@andrews.info
6712,2023-08-07,social,CA,1-10,cherryclayton@lewis.com
6713,2024-06-21,organic,US,11-50,vmoore@wilson.biz
6714,2024-09-24,organic,US,201-1000,sara06@reynolds.net
6715,2024-09-28,referral,US,11-50,wendy16@khan-berg.com
6716,2024-01-25,social,US,1-10,christine91@gray.biz
6717,2023-01-30,organic,FR,11-50,yangdevin@hill-torres.org
6718,2024-01-17,social,AU,1-10,gina43@estrada-rojas.com
6719,2023-08-15,paid_search,FR,51-200,terri49@york.biz
6720,2023-09-10,partner,CA,1-10,davidmcdonald@erickson-hill.com
6721,2024-08-17,referral,NL,1-10,coreylopez@anderson-brewer.org
6722,2022-11-09,organic,CA,201-1000,glee@barnett.org
6723,2024-09-25,organic,DE,11-50,rangeljonathan@garcia.com
6724,2024-01-08,organic,US,1-10,stanleybrittany@fernandez-chandler.com
6725,2024-04-15,paid_search,US,51-200,hunterjamie@wells.com
6726,2023-01-13,organic,NL,1-10,jared51@stewart.com
6727,2023-10-26,social,US,1-10,wendy17@jacobs.com
6728,2023-01-21,paid_search,US,201-1000,zhall@malone.info
6729,2024-11-28,social,US,11-50,milesmonica@sanchez.net
6730,2024-09-23,,IN,51-200,mariorodriguez@stephens-maynard.com
6731,2024-01-28,paid_search,FR,1-10,sandersamber@potts.com
6732,2023-08-27,partner,US,1000+,thompsonwilliam@reed-wilson.net
6733,2024-11-22,paid_search,US,51-200,rberry@avila.net
6734,2023-11-08,organic,DE,11-50,simmonsgregory@carlson-gonzalez.com
6735,2023-05-07,referral,DE,1-10,john65@gonzalez.biz
6736,2024-03-05,organic,AU,1-10,buchananrobert@carter.biz
6737,2024-11-10,organic,GB,1-10,floresjohn@fleming-webb.com
6738,2022-01-14,social,GB,1-10,iharrison@haynes-webb.biz
6739,2023-08-24,organic,IN,11-50,sylvia12@chavez.org
6740,2024-11-23,partner,CA,11-50,melissa69@taylor-wheeler.info
6741,2023-06-28,partner,DE,11-50,melissanelson@jordan.com
6742,2023-03-31,organic,NL,11-50,joneal@chavez.biz
6743,2024-04-17,partner,DE,1-10,travis40@lawson.com
6744,2024-09-24,referral,BR,51-200,john17@nguyen-smith.biz
6745,2024-02-06,paid_search,GB,11-50,hamiltonkenneth@weaver.com
6746,2024-12-06,paid_search,GB,11-50,perezmorgan@bruce.com
6747,2024-06-23,paid_search,AU,11-50,michael69@brown.com
6748,2022-11-15,referral,US,1-10,jensenphilip@byrd-brown.net
6749,2024-12-27,paid_search,US,201-1000,debbie28@lopez.org
6750,2023-12-20,referral,FR,1000+,ntucker@harris-howard.com
6751,2023-09-01,paid_search,AU,1-10,savagesteven@ortiz-hunt.net
6752,2024-03-11,referral,US,1-10,qpadilla@hernandez.com
6753,2023-10-20,paid_search,GB,11-50,tonyrussell@sullivan-shaw.com
6754,2023-01-20,social,GB,1-10,murraydarrell@watson-lewis.com
6755,2022-01-27,organic,AU,1000+,michael39@schaefer-roman.biz
6756,2024-01-18,organic,US,1-10,wayne29@medina-young.com
6757,2024-09-23,partner,US,51-200,hpadilla@nguyen-burton.com
6758,2024-04-04,partner,IN,1-10,scarpenter@evans.org
6759,2024-12-18,referral,AU,1000+,bakerrenee@king-bowen.com
6760,2023-09-05,referral,NL,1-10,yford@collins.net
6761,2023-09-13,paid_search,US,11-50,troy04@fry.com
6762,2023-05-03,referral,IN,1-10,dfields@harris.info
6763,2023-05-14,organic,BR,1-10,zjames@williams.info
6764,2023-09-02,organic,AU,1-10,qflores@smith.com
6765,2024-08-20,social,US,201-1000,howelljustin@jackson-marsh.com
6766,2024-10-18,social,CA,11-50,stephanie61@barber-nelson.com
6767,2024-12-02,referral,DE,51-200,jwilliams@hernandez.com
6768,2023-08-19,organic,US,51-200,shermanjason@smith.com
6769,2024-10-05,paid_search,US,11-50,brownjill@alexander-leach.info
6770,2023-10-13,social,US,1-10,christinabrown@kidd-morris.com
6771,2023-03-19,social,US,11-50,sgordon@johnson.com
6772,2024-10-20,paid_search,SG,1-10,spark@bennett-stephens.com
6773,2024-05-28,organic,AU,51-200,makaylahall@morrow.net
6774,2023-05-21,referral,GB,201-1000,nicole65@duncan.com
6775,2024-01-01,social,CA,1-10,anna08@phillips.com
6776,2023-09-05,social,IN,201-1000,hendersonbrandon@wise.com
6777,2024-07-21,social,US,51-200,harrisdanielle@sanchez.com
6778,2024-01-19,paid_search,US,201-1000,vvega@pollard.com
6779,2024-12-24,referral,SG,11-50,kruegerjade@rodriguez-cortez.com
6780,2022-09-11,paid_search,IN,1-10,garrettamanda@owen.com
6781,2023-11-21,social,US,201-1000,kortega@nixon.net
6782,2024-02-20,paid_search,GB,51-200,omurray@meyer.com
6783,2024-02-16,organic,FR,11-50,mooremolly@hawkins.info
6784,2023-10-16,social,GB,1-10,townsenddonald@mcguire.com
6785,2024-07-31,paid_search,US,51-200,rodney41@obrien.com
6786,2024-10-09,paid_search,GB,11-50,kelly72@myers.biz
6787,2024-11-18,referral,GB,201-1000,kevinsmith@hall.com
6788,2024-09-17,organic,FR,1-10,brianjones@cooper.org
6789,2024-09-07,social,AU,201-1000,guzmanandrew@howell.info
6790,2024-03-22,partner,GB,11-50,adrianabennett@mendez.org
6791,2024-09-14,referral,BR,51-200,johnsonmelissa@perez-lewis.net
6792,2023-10-07,paid_search,GB,1-10,seancordova@wilkins-gould.com
6793,2023-12-11,organic,US,11-50,trevinoheather@price.com
6794,2023-10-15,paid_search,CA,1-10,sydneycox@ramsey-stevenson.com
6795,2024-02-17,partner,US,1-10,smithsandra@lyons.com
6796,2023-09-29,referral,IN,11-50,kevin48@henry-thomas.info
6797,2024-11-07,referral,DE,1-10,brian18@smith-lopez.com
6798,2023-10-28,,GB,11-50,curtispearson@murphy-salazar.com
6799,2023-02-11,partner,US,1-10,kimberly98@andrews.com
6800,2024-03-24,social,US,1-10,adamhill@williams.com
6801,2022-09-24,organic,US,1-10,archerregina@gibson.info
6802,2023-03-15,organic,IN,1-10,victoria12@lewis-brown.com
6803,2023-07-07,organic,NL,51-200,bfarmer@garner.com
6804,2024-01-25,organic,US,11-50,michaelowens@kim-patel.org
6805,2024-01-08,partner,CA,1-10,davidmartin@butler-garcia.com
6806,2024-08-19,paid_search,DE,201-1000,kevinray@bailey.com
6807,2024-07-22,referral,DE,1-10,zzuniga@brown.org
6808,2024-01-30,organic,GB,1-10,megan09@knight.com
6809,2023-10-12,organic,US,1-10,ndiaz@patterson-gonzalez.info
6810,2023-10-23,referral,US,1-10,michaelbutler@hammond-gomez.biz
6811,2024-08-22,organic,AU,1-10,wanda66@howard.info
6812,2022-09-11,organic,US,201-1000,morrisann@everett-williams.info
6813,2022-02-20,organic,DE,11-50,vmclean@garcia.com
6814,2024-08-08,social,IN,11-50,christina56@bryant.com
6815,2024-02-27,social,US,51-200,fbernard@howard.com
6816,2023-04-24,partner,US,1-10,arussell@crane.com
6817,2023-08-12,referral,US,201-1000,anthony41@thomas-marshall.com
6818,2024-11-13,paid_search,BR,51-200,anthonymendez@cook.com
6819,2024-09-05,referral,IN,1-10,annthompson@griffith.com
6820,2024-06-06,social,US,11-50,ugray@davis.com
6821,2024-02-17,paid_search,US,1-10,umccoy@davis.com
6822,2024-03-23,referral,US,1-10,karen89@cross.com
6823,2024-12-03,organic,IN,1000+,priscillafritz@rivera.com
6824,2024-11-26,referral,BR,1-10,hamiltonmichael@nielsen-brewer.org
6825,2023-07-08,paid_search,US,11-50,douglas87@frazier.org
6826,2024-09-30,paid_search,IN,1-10,joneschristopher@turner.com
6827,2023-07-22,organic,GB,1-10,millerpatricia@allen-henderson.com
6828,2023-07-25,paid_search,CA,11-50,noblebrian@smith.org
6829,2024-06-04,paid_search,US,11-50,greid@pena.com
6830,2023-12-13,organic,IN,51-200,bradfordmichael@richardson-meyer.com
6831,2024-11-22,paid_search,CA,1000+,michael42@smith.com
6832,2023-01-24,social,BR,1-10,lowerebecca@walter.net
6833,2024-02-14,organic,US,51-200,kflores@whitaker.info
6834,2024-10-01,paid_search,CA,11-50,markjohnson@collins-cook.com
6835,2024-10-26,referral,GB,1-10,berrystephen@malone-jarvis.info
6836,2023-05-20,partner,GB,1-10,bsandoval@morales.com
6837,2023-11-20,social,US,51-200,lewismichael@jackson.com
6838,2024-05-08,partner,AU,201-1000,noahburke@chapman-diaz.com
6839,2023-05-14,social,NL,1-10,dford@ortiz.com
6840,2024-11-02,social,FR,51-200,qgeorge@hoover.org
6841,2024-10-18,organic,IN,201-1000,carly60@newman.com
6842,2023-05-23,social,GB,11-50,jennifergomez@barrett.org
6843,2023-03-04,partner,NL,1-10,michael96@rodriguez.com
6844,2023-01-26,organic,IN,201-1000,nicole85@guerrero.org
6845,2024-10-17,,US,1-10,brittany13@fernandez.info
6846,2023-06-30,organic,US,1-10,rodriguezzachary@logan.com
6847,2024-01-05,paid_search,IN,11-50,lejesus@bishop-rich.com
6848,2024-01-12,organic,DE,11-50,jamesadams@hill.info
6849,2024-04-26,social,US,1-10,caldwellnatalie@thomas.info
6850,2022-11-16,paid_search,GB,1-10,vallen@washington.net
6851,2023-08-06,referral,US,51-200,leestacey@doyle.com
6852,2024-11-10,referral,FR,11-50,natashatorres@carter.com
6853,2024-10-07,partner,CA,51-200,munozzachary@garcia.info
6854,2024-08-21,organic,GB,11-50,prattaustin@compton-barnett.com
6855,2022-03-08,partner,US,1-10,smithkimberly@lopez.com
6856,2023-10-21,partner,DE,11-50,hwilliams@owen.com
6857,2024-05-16,organic,DE,1-10,allentravis@clark-johnson.com
6858,2023-09-14,organic,AU,201-1000,joanne79@rivera.com
6859,2024-10-30,paid_search,US,201-1000,pwalker@meyer-hall.net
6860,2024-05-31,paid_search,US,11-50,kathleenwilliams@johns.info
6861,2022-11-28,organic,US,11-50,stran@thompson-davis.info
6862,2024-10-22,referral,FR,51-200,schultzrobert@palmer.com
6863,2024-11-16,organic,DE,1-10,alejandro66@ball-fields.com
6864,2022-12-19,paid_search,GB,201-1000,khernandez@wilson.com
6865,2024-03-26,paid_search,US,11-50,bradley11@nelson.biz
6866,2023-10-25,paid_search,IN,1-10,anthony29@wilkinson.com
6867,2023-12-19,paid_search,GB,1-10,michael94@wheeler.com
6868,2023-06-21,organic,BR,51-200,robertsjohn@frey-shelton.info
6869,2024-04-27,social,GB,1-10,robert94@smith.com
6870,2024-11-09,organic,US,51-200,kevin46@owen.com
6871,2024-02-06,organic,IN,1-10,ernest28@ferguson.com
6872,2023-01-26,paid_search,AU,11-50,dyercheryl@wright.info
6873,2024-05-02,partner,FR,1-10,eric39@walker.org
6874,2023-11-12,partner,US,1-10,hpeterson@gilbert.info
6875,2024-09-13,paid_search,GB,1-10,iwoodard@waters.com
6876,2024-01-25,organic,US,51-200,mary24@martin.com
6877,2023-06-26,organic,GB,11-50,melissabyrd@todd-lopez.info
6878,2023-06-22,paid_search,DE,11-50,henryvillegas@mcintyre-williams.com
6879,2024-08-24,organic,IN,11-50,greenemichael@williams-leonard.biz
6880,2023-09-04,organic,BR,51-200,evanlarson@hawkins.info
6881,2024-08-22,organic,US,1-10,jeremywatson@gay.com
6882,2023-07-25,paid_search,US,1-10,tammystevens@fleming-payne.com
6883,2023-10-02,organic,US,1-10,kraymond@rose.com
6884,2024-01-04,organic,DE,1-10,acostaangela@hubbard-elliott.org
6885,2024-11-26,organic,US,11-50,roserhonda@oliver.net
6886,2024-11-07,referral,US,51-200,justindeleon@jenkins.com
6887,2023-07-13,paid_search,FR,11-50,matthew43@campbell.info
6888,2023-11-08,paid_search,US,11-50,macksean@smith.org
6889,2023-05-22,referral,US,201-1000,jacobhernandez@clayton.com
6890,2024-02-16,,FR,11-50,beckertammy@walker-bennett.com
6891,2024-01-15,social,AU,1-10,kellyperez@black.com
6892,2024-10-16,paid_search,US,1-10,jonathan83@doyle.com
6893,2024-11-12,organic,US,51-200,bartlettgary@harvey-fernandez.org
6894,2023-12-25,organic,CA,1-10,emichael@thomas.org
6895,2024-02-04,paid_search,US,1-10,thomasmartin@carter-hanson.com
6896,2024-10-26,organic,DE,11-50,alexanderashley@briggs.net
6897,2024-09-20,paid_search,US,11-50,christophervilla@ford.biz
6898,2022-01-17,paid_search,IN,201-1000,dhoward@suarez.com
6899,2023-10-19,social,DE,51-200,joshua02@kim-brown.com
6900,2024-01-10,paid_search,NL,11-50,connortaylor@richardson-johnson.com
6901,2023-08-16,organic,GB,1-10,lewismichelle@bailey.info
6902,2023-07-27,organic,US,11-50,anamathews@mata-montoya.com
6903,2022-07-03,organic,GB,11-50,laurie58@glenn.com
6904,2024-05-04,referral,DE,11-50,danielvargas@herrera.biz
6905,2023-09-25,organic,GB,11-50,toniwells@rivera.com
6906,2022-09-13,organic,FR,51-200,caitlinboyd@manning.com
6907,2023-08-13,partner,GB,1-10,mooreeric@johnson-johnson.info
6908,2024-08-01,paid_search,CA,11-50,angela25@shields.org
6909,2024-09-07,paid_search,BR,11-50,marksweeney@rogers-montoya.com
6910,2024-02-10,social,US,51-200,zbennett@reynolds.com
6911,2024-01-07,referral,NL,51-200,michael90@cruz.com
6912,2024-12-10,referral,SG,1-10,eric37@mcneil.biz
6913,2023-07-26,paid_search,GB,11-50,yhayes@kirk.info
6914,2023-07-07,social,US,1000+,tjones@alexander.com
6915,2023-09-04,organic,GB,51-200,katelynphillips@holt.org
6916,2023-06-22,organic,DE,1-10,jgreen@roberts-cole.com
6917,2023-11-06,organic,US,11-50,enelson@williamson.biz
6918,2024-10-18,social,US,201-1000,nealjaime@dean.com
6919,2024-04-09,paid_search,IN,1-10,wwilliams@singleton-young.org
6920,2024-01-13,paid_search,AU,11-50,jacob11@fowler.com
6921,2024-11-29,paid_search,US,1-10,adam50@figueroa.org
6922,2022-08-18,social,US,1-10,padillarobert@johnson.net
6923,2023-07-18,organic,DE,201-1000,patricia83@green-baker.net
6924,2024-03-08,paid_search,US,51-200,nwatson@andrews-ingram.info
6925,2024-04-25,paid_search,SG,51-200,dean42@carpenter.com
6926,2022-07-05,social,FR,201-1000,patrickjackson@nguyen-robertson.org
6927,2023-12-04,referral,US,201-1000,hmercado@brown-schwartz.info
6928,2024-05-13,paid_search,US,1-10,esolomon@hines.com
6929,2024-06-30,organic,GB,201-1000,cookadam@richmond-boyd.org
6930,2024-05-05,referral,US,11-50,nathan19@shelton.com
6931,2023-10-05,paid_search,US,1-10,polson@day.com
6932,2023-01-07,organic,CA,11-50,javieryoder@wiley.com
6933,2024-01-19,social,NL,11-50,miranda63@jones-miranda.info
6934,2023-04-28,social,US,11-50,shaun53@williams.com
6935,2024-11-20,social,IN,11-50,rjones@smith.com
6936,2024-02-09,social,CA,1-10,howelltimothy@elliott.com
6937,2023-10-20,paid_search,AU,1-10,ronaldmurphy@hughes.com
6938,2024-08-30,partner,US,1-10,jennaingram@warren.com
6939,2024-02-09,paid_search,GB,1-10,mjones@christensen.info
6940,2023-10-14,paid_search,FR,11-50,harveycraig@jenkins-ellis.com
6941,2024-09-18,referral,SG,201-1000,salvarez@alvarez.com
6942,2024-10-01,paid_search,CA,11-50,ypham@west.com
6943,2024-06-22,partner,BR,1-10,dcollins@williams.org
6944,2022-08-28,organic,SG,1-10,druiz@wheeler.com
6945,2024-03-04,organic,GB,1000+,palmerdavid@lowe.com
6946,2024-08-27,paid_search,IN,51-200,grayaaron@hartman-cochran.com
6947,2023-04-25,paid_search,GB,1-10,portermaria@smith.com
6948,2023-08-14,organic,NL,11-50,jennyjackson@castro-robinson.org
6949,2024-10-03,referral,BR,11-50,floresmegan@martinez.net
6950,2022-04-23,social,DE,201-1000,grossashley@barber-rodriguez.biz
6951,2024-07-02,paid_search,SG,1-10,hgraham@cameron-williams.com
6952,2024-02-02,organic,US,51-200,christina11@perez-white.com
6953,2024-01-16,organic,SG,1-10,michaelbradley@mejia-barr.org
6954,2022-01-26,referral,US,1-10,william61@griffin-rodriguez.info
6955,2024-09-26,,US,201-1000,dilloneric@king-turner.org
6956,2023-11-26,social,US,11-50,cstewart@mccarthy.com
6957,2024-03-17,paid_search,AU,51-200,richardelizabeth@moon.net
6958,2024-06-02,paid_search,AU,1-10,riverasteven@williamson-arellano.com
6959,2024-06-16,referral,AU,51-200,kellyschmitt@saunders.com
6960,2024-11-12,paid_search,US,1-10,jeremykeller@flores.com
6961,2024-03-23,paid_search,SG,201-1000,ericmoore@davis-clark.com
6962,2023-12-22,referral,AU,51-200,youngkimberly@cole-decker.info
6963,2024-11-04,organic,BR,1000+,kyle22@reese.com
6964,2024-05-07,referral,US,201-1000,williamsmary@salazar-hall.org
6965,2023-10-25,,US,11-50,cbutler@thompson-gray.com
6966,2023-03-09,organic,AU,51-200,tdougherty@george.com
6967,2024-09-11,referral,BR,11-50,amartinez@underwood-larson.com
6968,2023-11-27,,NL,1-10,dana44@cooper-murray.com
6969,2024-05-16,partner,BR,201-1000,haileymccullough@rodriguez-gonzalez.com
6970,2024-02-04,social,SG,51-200,lshaw@reid.net
6971,2023-07-13,social,US,11-50,jcarrillo@shaffer.biz
6972,2024-04-08,referral,US,1-10,jonathan84@porter.org
6973,2022-10-27,organic,IN,1-10,tina45@hill.com
6974,2024-01-08,organic,GB,51-200,moorecraig@hall-perry.org
6975,2024-03-20,organic,BR,51-200,michael38@jackson.com
6976,2024-01-20,paid_search,DE,1-10,kristine53@bailey.net
6977,2024-07-31,referral,DE,11-50,valerieschroeder@george.com
6978,2024-09-22,paid_search,BR,11-50,tlambert@valenzuela.com
6979,2024-08-15,organic,US,51-200,rodriguezjesse@owens.com
6980,2022-07-18,,DE,201-1000,emily70@rocha.com
6981,2023-07-23,organic,CA,51-200,kellykelsey@fields.com
6982,2024-03-07,paid_search,NL,201-1000,gomezchelsea@dunn.com
6983,2024-11-14,paid_search,US,201-1000,zhutchinson@williams-parsons.biz
6984,2024-09-07,,CA,201-1000,rachelwest@diaz.org
6985,2024-09-15,organic,FR,1-10,davidlang@johnson.net
6986,2023-10-22,organic,US,1-10,browndeanna@phillips-smith.com
6987,2024-01-30,organic,US,1-10,ifreeman@byrd.biz
6988,2024-02-06,social,NL,1-10,dustin63@smith.com
6989,2023-05-20,paid_search,IN,51-200,monicapacheco@doyle-neal.com
6990,2022-05-26,social,GB,201-1000,parkerchristian@ellis.org
6991,2024-11-06,social,GB,1-10,rriddle@adams.biz
6992,2023-08-01,organic,CA,11-50,dennis30@santiago-owen.biz
6993,2023-08-10,organic,US,51-200,campbelljames@harris.com
6994,2023-01-18,partner,US,11-50,tcrawford@taylor.com
6995,2024-11-22,organic,FR,1-10,monica58@douglas-green.net
6996,2024-04-27,social,US,11-50,tracy52@fry.com
6997,2024-05-15,paid_search,FR,201-1000,lisa79@bender.com
6998,2024-10-04,referral,CA,11-50,michael40@curtis.com
6999,2023-11-11,paid_search,US,11-50,evansbrittany@wilson-juarez.info
7000,2024-05-19,organic,US,1-10,zrose@watson-knight.com
7001,2022-07-20,paid_search,FR,201-1000,scott98@cruz-anderson.biz
7002,2023-06-15,organic,US,11-50,melissalewis@morgan.com
7003,2024-09-10,social,SG,11-50,reesecourtney@pena.com
7004,2024-08-20,organic,BR,1-10,brookevalencia@cline.biz
7005,2023-11-28,organic,BR,51-200,shawnshort@francis.com
7006,2023-11-01,referral,US,1-10,michael70@walker.com
7007,2024-03-09,organic,AU,1000+,wallacedavid@estrada.net
7008,2022-01-02,referral,US,11-50,robertsnow@chen.biz
7009,2023-08-23,paid_search,AU,201-1000,larry87@alvarez.com
7010,2023-07-14,referral,IN,11-50,michaelhorton@becker.com
7011,2023-09-08,organic,GB,11-50,amanda25@moore-kerr.com
7012,2024-09-03,social,DE,11-50,mhartman@osborne.com
7013,2023-09-25,organic,DE,51-200,schneiderchristina@fisher.info
7014,2023-06-26,organic,IN,1-10,eric77@garcia-walker.info
7015,2024-02-21,referral,US,1-10,brandonlawrence@duffy.org
7016,2024-10-14,referral,CA,1-10,suttondarlene@payne.net
7017,2023-08-14,organic,IN,11-50,annette44@fisher.com
7018,2022-12-18,referral,NL,1-10,corywhitehead@flores.net
7019,2023-11-16,paid_search,NL,51-200,larry02@goodman-martinez.net
7020,2024-07-13,paid_search,DE,51-200,longheather@baldwin.com
7021,2024-03-17,paid_search,IN,51-200,jerrywood@pierce.com
7022,2024-09-06,organic,FR,1-10,pattersonmichael@gonzalez.info
7023,2024-11-20,partner,AU,1-10,laurenrobertson@miller-santiago.net
7024,2024-08-15,organic,US,51-200,erin44@johnson.com
7025,2024-04-19,partner,US,51-200,lisa77@mora-martinez.com
7026,2024-02-18,referral,NL,51-200,vunderwood@parrish-mason.com
7027,2022-07-12,referral,BR,201-1000,wsanchez@blackwell.com
7028,2024-12-27,referral,US,11-50,vgonzalez@navarro-ford.net
7029,2023-12-26,partner,BR,11-50,dpowell@key-lopez.com
7030,2023-05-11,organic,AU,51-200,bryantvanessa@simmons-mayer.org
7031,2024-05-16,paid_search,US,11-50,andrew52@miller-williams.net
7032,2023-09-26,paid_search,US,1-10,vwatson@taylor.info
7033,2024-04-19,social,US,1-10,michelle41@chambers.com
7034,2024-04-17,partner,US,1-10,ashleymeyer@anthony.biz
7035,2024-01-10,social,DE,11-50,smithnicole@keller.info
7036,2024-09-13,paid_search,GB,11-50,hughesjay@martinez.com
7037,2023-09-18,referral,US,1-10,gmiller@vargas.com
7038,2024-01-23,organic,FR,201-1000,ihutchinson@gutierrez.com
7039,2024-03-01,partner,BR,11-50,marshallmichael@garner-garcia.com
7040,2024-05-02,organic,US,11-50,rmarquez@curry-martinez.com
7041,2024-08-03,organic,SG,1-10,carla15@parks.com
7042,2023-12-17,organic,NL,51-200,williammeadows@brennan-rogers.com
7043,2024-05-31,paid_search,US,11-50,mvaughan@harris.info
7044,2023-05-12,paid_search,FR,1-10,ashley13@taylor-mata.info
7045,2024-11-11,organic,FR,11-50,ymcbride@cooper-wright.info
7046,2023-12-01,referral,GB,11-50,ehopkins@callahan.com
7047,2024-07-09,referral,FR,1-10,bmolina@schroeder.com
7048,2022-04-10,referral,SG,1-10,gjackson@king-steele.biz
7049,2023-07-29,referral,GB,11-50,amandaoneill@mitchell.com
7050,2024-02-01,partner,SG,1-10,lopezjustin@reeves.org
7051,2024-10-25,partner,DE,51-200,gsingleton@nguyen-turner.com
7052,2024-03-14,partner,AU,201-1000,tgraves@king.info
7053,2024-11-16,paid_search,US,51-200,christinagrant@rodriguez.com
7054,2024-02-24,partner,BR,51-200,william77@underwood-yoder.com
7055,2024-02-14,organic,IN,11-50,robinsoncameron@clark.biz
7056,2023-03-06,partner,IN,1-10,brian65@barnes.com
7057,2024-09-02,social,US,1000+,smccormick@wilkerson-miller.com
7058,2023-08-22,partner,CA,201-1000,martinjulie@solis.com
7059,2024-10-16,paid_search,US,1-10,michelle10@wood-ellis.com
7060,2024-10-27,paid_search,SG,1-10,yfisher@fisher-moore.com
7061,2024-11-14,social,US,11-50,omeyers@camacho.com
7062,2024-03-19,organic,FR,201-1000,tiffanyalexander@tucker.com
7063,2024-06-28,organic,GB,1-10,james71@ingram.com
7064,2024-08-12,organic,FR,1-10,robinsonsally@johnson-fitzgerald.com
7065,2023-04-25,organic,IN,11-50,thomassutton@gonzalez-blair.com
7066,2024-04-19,paid_search,US,1000+,clarkelizabeth@sanders-campbell.biz
7067,2022-06-20,referral,US,1-10,colin84@hicks-romero.org
7068,2024-02-17,partner,US,201-1000,gfox@bailey-mason.info
7069,2023-05-23,paid_search,GB,1-10,steven97@garcia.com
7070,2023-06-16,organic,US,1-10,mlowery@butler-holland.org
7071,2023-11-05,organic,US,11-50,galvanbrianna@marsh.org
7072,2024-01-09,paid_search,US,11-50,cole83@gill.net
7073,2024-05-09,paid_search,IN,1-10,blong@maddox.com
7074,2022-11-24,social,US,11-50,andrewperez@crosby-rivera.com
7075,2024-02-22,,US,1-10,humphreyruth@davis-nelson.com
7076,2023-06-22,paid_search,CA,51-200,navarrowhitney@anthony-murillo.com
7077,2024-04-29,organic,BR,51-200,matthewcombs@greene-alvarez.com
7078,2024-05-29,paid_search,US,1-10,jennifermccoy@butler.net
7079,2024-03-15,partner,US,11-50,kristin92@garza.com
7080,2024-07-05,paid_search,NL,11-50,zdaniels@thomas.info
7081,2023-10-11,referral,CA,201-1000,jhenry@dodson.com
7082,2024-08-18,partner,AU,51-200,crystal61@griffith-benitez.com
7083,2024-01-09,social,SG,201-1000,joyce83@suarez.org
7084,2024-02-20,organic,US,1-10,john12@johnson.org
7085,2024-05-10,social,FR,1-10,collinsteresa@dillon.com
7086,2022-03-12,social,GB,11-50,zjohnson@king.com
7087,2024-05-09,partner,BR,1000+,chrisevans@hernandez.info
7088,2024-05-26,organic,GB,11-50,phamashley@pitts-long.com
7089,2023-10-16,organic,US,1-10,ebowers@nash.com
7090,2023-01-31,partner,GB,1-10,suzannemay@garcia.info
7091,2023-01-10,referral,GB,1-10,tyleradams@miller.com
7092,2024-11-03,paid_search,CA,1-10,bwang@fitzpatrick.com
7093,2024-06-25,organic,DE,1-10,douglasmcdaniel@cline.com
7094,2023-03-02,referral,US,201-1000,olyons@davis-sanders.com
7095,2023-11-24,organic,GB,1-10,wdavis@williams-coleman.net
7096,2024-04-24,paid_search,US,1-10,bmaxwell@houston.info
7097,2024-09-09,paid_search,CA,1000+,heather77@lowe.com
7098,2022-08-11,referral,GB,1-10,camerongarza@dickerson.org
7099,2023-08-31,organic,US,11-50,vasquezjennifer@smith-huffman.info
7100,2024-10-31,paid_search,SG,11-50,smithgeorge@ray-coleman.com
7101,2022-02-22,social,BR,1-10,kevin27@mooney.com
7102,2023-07-15,organic,SG,51-200,catherinecrawford@fischer.com
7103,2024-11-03,organic,US,1-10,vvillanueva@parker.net
7104,2024-04-25,referral,IN,1-10,udaniels@burke-dixon.com
7105,2023-09-20,referral,AU,11-50,hollysmith@perkins.biz
7106,2022-11-24,paid_search,US,1-10,rjohnson@ruiz.info
7107,2022-05-18,organic,BR,11-50,kristi45@thornton-prince.com
7108,2023-08-24,,IN,1-10,adamthomas@ashley.net
7109,2024-10-14,organic,FR,11-50,walkeredward@good-wood.com
7110,2024-01-14,partner,CA,51-200,taylorrobert@goodwin-schwartz.com
7111,2024-07-14,paid_search,DE,1-10,armstrongmary@wood-stevenson.info
7112,2024-10-15,social,GB,11-50,coreycarrillo@keller.biz
7113,2023-12-28,social,GB,201-1000,dustinsandoval@gonzales-smith.net
7114,2023-06-23,referral,FR,51-200,lindarasmussen@olson.com
7115,2024-02-12,paid_search,SG,11-50,thomasleslie@rice.info
7116,2024-10-01,paid_search,DE,1-10,carlamassey@mendoza.com
7117,2024-09-06,social,FR,1-10,johngonzalez@rose.net
7118,2022-10-06,referral,US,11-50,andreahogan@carpenter.com
7119,2024-06-10,partner,US,51-200,uclark@rasmussen-garcia.biz
7120,2024-04-22,organic,CA,1-10,henry23@johnson-stokes.org
7121,2024-10-05,organic,US,1-10,timothyproctor@oconnor.com
7122,2023-03-29,organic,GB,1-10,rileyalexandra@mcmahon-scott.org
7123,2024-03-16,paid_search,BR,1-10,mjohnson@hickman.org
7124,2024-10-19,social,US,51-200,brian67@bright.biz
7125,2024-01-17,paid_search,US,1-10,flopez@cole.info
7126,2024-02-10,social,US,1-10,idrake@nixon-lambert.com
7127,2022-11-09,organic,US,201-1000,ejones@williams.biz
7128,2023-09-28,referral,NL,1-10,jeffward@tucker.com
7129,2023-10-17,paid_search,US,1-10,paulbrown@allen.net
7130,2024-11-03,paid_search,FR,11-50,yjimenez@rodriguez-herrera.org
7131,2023-09-28,paid_search,US,201-1000,mendezmadison@miller-thomas.com
7132,2024-01-16,paid_search,US,1-10,rosssheryl@white-mcdonald.com
7133,2024-06-07,partner,US,11-50,thomas26@lyons.com
7134,2023-05-01,organic,CA,1-10,megan85@hampton.org
7135,2024-02-29,partner,GB,1-10,rhamilton@carroll.com
7136,2024-07-27,organic,US,11-50,spearscalvin@jensen-collins.info
7137,2024-10-17,social,GB,1-10,melvinlawson@nelson-huff.com
7138,2024-05-04,paid_search,AU,1-10,victoriarandall@cunningham.info
7139,2024-06-20,social,US,11-50,jbryant@thomas.com
7140,2023-03-10,social,DE,1000+,fcross@villa-young.com
7141,2024-11-30,organic,SG,1000+,hernandezalex@rowe-harmon.info
7142,2023-04-11,paid_search,CA,201-1000,nballard@gallagher-schwartz.org
7143,2024-08-28,organic,GB,51-200,melissaholt@rodriguez-howard.net
7144,2023-09-06,organic,US,201-1000,rbanks@wilson.net
7145,2024-11-19,organic,CA,1000+,mooresue@jimenez.com
7146,2024-07-03,paid_search,FR,1-10,powellmichele@sutton.com
7147,2024-07-02,,SG,1-10,michelleenglish@hancock.com
7148,2023-07-09,partner,US,1-10,michael65@lewis.com
7149,2024-01-20,,US,201-1000,julia89@ramirez-miller.org
7150,2024-05-04,referral,BR,11-50,diana76@greene.net
7151,2024-08-24,social,SG,51-200,stewartbrandy@barr.biz
7152,2023-02-27,referral,NL,1-10,jeanette06@jenkins.com
7153,2024-11-17,paid_search,CA,1-10,aprilwashington@bush.com
7154,2024-10-03,,US,11-50,chavezjames@mcdaniel.org
7155,2023-09-07,organic,US,11-50,marissathomas@edwards-gardner.net
7156,2024-09-12,organic,US,1-10,ktaylor@smith.com
7157,2024-03-08,organic,US,1-10,brian21@howard.net
7158,2024-01-01,paid_search,CA,11-50,julieduncan@delgado.com
7159,2023-10-04,partner,DE,201-1000,julie89@nguyen-austin.net
7160,2024-04-14,paid_search,CA,11-50,kelleyjoseph@wheeler.net
7161,2024-07-11,paid_search,GB,51-200,tgomez@jones-townsend.info
7162,2024-01-14,organic,IN,1-10,mcdanielnathan@ellis.biz
7163,2024-05-29,paid_search,IN,51-200,bhernandez@williams.org
7164,2024-06-06,referral,US,11-50,joseph61@smith-davis.com
7165,2024-06-20,partner,AU,1-10,brian65@reynolds-brown.com
7166,2022-09-02,paid_search,DE,201-1000,rollinschristina@phelps.biz
7167,2024-09-30,social,US,11-50,todd93@berry-coffey.org
7168,2024-01-04,partner,FR,1000+,mcintoshkyle@perez-hernandez.org
7169,2023-09-13,referral,US,1-10,bushmark@miller.biz
7170,2023-08-25,partner,IN,51-200,vargasanthony@henderson-harrington.info
7171,2024-02-21,organic,DE,1-10,blankenshipkayla@lopez-lowe.com
7172,2024-10-24,organic,CA,11-50,christopherjones@carpenter.com
7173,2023-11-17,partner,US,1-10,toddlee@frederick.com
7174,2024-07-26,paid_search,NL,11-50,salazartonya@davis.com
7175,2023-02-21,social,IN,11-50,johnferguson@clark.com
7176,2024-02-13,,US,1-10,joanwhite@baker-hernandez.com
7177,2024-12-09,paid_search,IN,51-200,jflores@gutierrez-schmidt.com
7178,2024-08-24,organic,US,1-10,johnsonjennifer@johnston.com
7179,2023-07-22,social,DE,201-1000,murphymarilyn@durham.com
7180,2024-02-21,paid_search,US,1-10,gabriellearcher@ballard.net
7181,2023-08-21,paid_search,FR,1-10,alishawn@mcbride.com
7182,2024-01-01,organic,DE,11-50,nichole81@santiago-cameron.com
7183,2024-08-28,organic,US,11-50,joseph61@barrett.com
7184,2024-08-05,organic,US,11-50,smithmary@perry-thomas.biz
7185,2023-08-04,organic,US,1-10,jpatterson@roberts-bowers.com
7186,2024-11-06,partner,IN,1-10,kimberlyschultz@robinson-velazquez.info
7187,2024-04-17,partner,IN,1-10,mhamilton@preston.com
7188,2023-11-30,organic,DE,11-50,juan23@garcia.biz
7189,2024-02-01,social,US,11-50,william49@rodriguez.biz
7190,2024-04-06,social,IN,1-10,anahall@joseph.com
7191,2024-03-14,social,IN,201-1000,karen31@ward.com
7192,2024-02-09,paid_search,IN,11-50,ryan17@martin.com
7193,2024-02-20,,US,11-50,tlopez@spence-lane.com
7194,2023-06-09,partner,DE,1000+,ljackson@carrillo.com
7195,2024-09-19,paid_search,GB,1000+,egallagher@hale.com
7196,2024-03-09,organic,US,1-10,alexa58@stanley-wilson.com
7197,2023-04-21,social,GB,1-10,htorres@parker-hill.info
7198,2024-08-17,referral,CA,201-1000,chelseahernandez@barnes.com
7199,2024-11-15,social,GB,11-50,kwashington@cruz.com
7200,2024-11-30,,DE,1-10,jose51@hunter.com
7201,2023-11-07,paid_search,NL,11-50,matthew19@martinez.net
7202,2023-04-05,partner,US,11-50,jyoung@smith-estes.com
7203,2024-03-29,organic,US,51-200,pwilliams@james.com
7204,2023-03-07,referral,US,1-10,jason37@horne.com
7205,2024-11-27,referral,DE,11-50,raustin@everett-rodriguez.com
7206,2023-06-29,organic,AU,1-10,bellthomas@alvarez.com
7207,2023-09-17,organic,US,51-200,cummingschristopher@jones-henry.com
7208,2023-12-24,organic,SG,11-50,montgomerytony@brooks.com
7209,2023-12-25,paid_search,US,1-10,cristian95@ramirez.com
7210,2024-08-23,referral,US,11-50,amanda38@mathews-reyes.com
7211,2024-01-25,organic,GB,11-50,zthompson@barber-kirk.net
7212,2023-06-02,,US,11-50,nicholsjohn@stone.com
7213,2023-09-18,organic,GB,1-10,miareeves@pearson.org
7214,2024-02-24,paid_search,US,1-10,bryantandre@cummings-cruz.com
7215,2023-05-19,paid_search,US,11-50,aaron00@powers-green.com
7216,2024-04-13,paid_search,IN,1-10,huntmary@hall-brown.com
7217,2024-03-17,social,GB,11-50,ylittle@klein.info
7218,2024-07-24,social,IN,1-10,gabrielcasey@wall.com
7219,2024-11-23,referral,AU,1-10,greenjared@cruz.com
7220,2024-10-25,referral,DE,11-50,nhall@bridges-martin.com
7221,2024-11-28,partner,CA,1-10,brittany05@ali.info
7222,2023-08-18,partner,IN,1-10,kaylabridges@lee.com
7223,2023-04-07,organic,GB,1-10,aphillips@schultz.com
7224,2023-10-29,paid_search,US,11-50,qmoore@haynes.com
7225,2024-10-10,referral,IN,11-50,dannyphelps@davis-jones.org
7226,2024-12-14,referral,CA,11-50,haynesryan@collins-williams.com
7227,2024-09-13,organic,IN,1-10,sandra26@williams.net
7228,2023-02-09,social,AU,51-200,garymeyer@ward.org
7229,2024-11-16,paid_search,US,1-10,amandacarlson@turner.com
7230,2024-01-07,organic,CA,201-1000,markdavidson@camacho-morris.org
7231,2022-02-22,social,US,11-50,cindy75@diaz-garcia.net
7232,2024-01-30,paid_search,DE,1-10,wanda38@patterson.biz
7233,2022-08-23,paid_search,US,1000+,kendra03@moss.com
7234,2024-03-03,social,US,11-50,courtneysanchez@wolf.com
7235,2023-10-22,partner,NL,11-50,daniellefrazier@white-turner.net
7236,2024-02-11,social,IN,11-50,makaylarogers@rowe.com
7237,2024-04-26,referral,CA,1-10,christineblackwell@hoffman.com
7238,2024-10-08,organic,GB,51-200,nathanmitchell@hanson.com
7239,2024-05-03,social,IN,11-50,sarahmorgan@bell.com
7240,2024-01-29,organic,GB,11-50,kristine60@benton-cummings.org
7241,2024-09-14,organic,FR,201-1000,teresascott@rivers.com
7242,2024-10-02,referral,US,51-200,bsnow@williams.com
7243,2023-03-27,organic,IN,1-10,martinpamela@taylor.com
7244,2024-03-07,social,US,51-200,colinli@hunt.com
7245,2023-09-19,paid_search,DE,1-10,corey22@fuentes-burton.biz
7246,2022-08-09,organic,CA,51-200,danielbaker@kerr.com
7247,2024-06-26,social,US,11-50,adamsdavid@long.net
7248,2024-09-06,paid_search,GB,1-10,cannonsusan@martinez.com
7249,2023-05-21,paid_search,US,11-50,robertoevans@escobar.biz
7250,2024-09-02,,IN,201-1000,matthewmcguire@bishop-williams.com
7251,2024-09-02,organic,IN,1-10,kcarson@lopez.com
7252,2024-10-10,referral,US,201-1000,dmiller@thompson.net
7253,2023-09-28,organic,FR,1-10,gomezmatthew@gibson.info
7254,2024-10-29,paid_search,GB,51-200,kfowler@james.com
7255,2023-10-04,partner,US,1-10,rmitchell@hall.net
7256,2024-03-29,organic,US,1-10,fhicks@ramsey.biz
7257,2022-09-13,organic,BR,11-50,zhurley@duncan.com
7258,2022-08-09,partner,IN,11-50,eatoncourtney@hoffman-meyers.info
7259,2024-07-23,organic,US,11-50,paul23@miller.com
7260,2024-01-24,organic,NL,201-1000,christopher51@charles-murphy.biz
7261,2023-09-10,referral,US,11-50,rachelmorse@cook.com
7262,2023-06-05,social,IN,1-10,gjohnson@munoz.biz
7263,2024-06-15,social,NL,1-10,lisa43@davis.com
7264,2022-01-17,paid_search,US,1000+,josephheather@boyer-webster.com
7265,2024-09-29,partner,GB,1-10,megan39@gross-cohen.com
7266,2022-12-29,social,DE,11-50,christianmorgan@simpson-alvarado.com
7267,2023-06-18,organic,US,11-50,murillokendra@rivera-perry.net
7268,2023-12-11,partner,CA,1-10,amy97@lopez.com
7269,2024-02-06,paid_search,GB,1-10,rachel31@bradley-hammond.com
7270,2023-11-20,paid_search,CA,11-50,jacksonjasmine@hamilton.com
7271,2023-10-10,social,US,11-50,arnoldevelyn@valdez.org
7272,2024-11-25,social,IN,51-200,stewartlauren@mcgee-carter.com
7273,2024-05-03,referral,BR,11-50,grantalexis@padilla.com
7274,2022-04-04,referral,US,11-50,tsoto@cordova.biz
7275,2024-01-12,organic,AU,11-50,kristenscott@jackson.com
7276,2024-10-10,organic,US,51-200,staylor@norris-lyons.com
7277,2023-10-11,organic,US,201-1000,matthew96@boone.com
7278,2023-01-20,paid_search,CA,11-50,herrerachristopher@zimmerman-hill.com
7279,2024-08-08,paid_search,DE,11-50,sarahlyons@trujillo.com
7280,2024-04-16,organic,GB,1-10,bleon@chase.net
7281,2024-04-25,paid_search,BR,11-50,martinkristopher@price-walls.com
7282,2022-09-12,paid_search,FR,1-10,jacobstracy@smith.org
7283,2023-04-26,social,DE,1-10,lawsonemily@delacruz-garcia.com
7284,2024-05-25,paid_search,CA,11-50,jonesmatthew@young.com
7285,2023-07-11,partner,IN,1-10,emilybell@allen.info
7286,2024-02-05,social,IN,1-10,schmidtbrett@young.net
7287,2024-03-20,partner,US,11-50,xwhite@mcdonald.com
7288,2023-09-23,organic,BR,1-10,cohenmarcus@perez.com
7289,2024-11-12,referral,GB,1000+,matthewreyes@nelson-gallagher.com
7290,2024-09-22,organic,US,1-10,sandrayoung@kelly.biz
7291,2024-07-09,paid_search,BR,51-200,chelseybenitez@turner.com
7292,2022-12-20,,US,1-10,richardsonnicole@watkins.com
7293,2023-02-22,organic,CA,1-10,dawndelgado@holt-wilson.com
7294,2024-02-12,partner,GB,11-50,lori53@gray.com
7295,2023-05-13,organic,US,1-10,tkeith@murphy.com
7296,2024-12-31,social,CA,1-10,gary82@taylor.com
7297,2023-05-18,paid_search,DE,11-50,william52@larson.com
7298,2024-02-20,referral,US,201-1000,ckelly@stewart-allen.com
7299,2023-11-18,paid_search,GB,11-50,gregory97@krause.com
7300,2024-05-27,social,FR,51-200,blevinskeith@gonzalez.com
7301,2023-04-27,paid_search,FR,1-10,juan24@whitney-shaw.com
7302,2024-01-16,paid_search,CA,11-50,awu@ross.info
7303,2023-09-13,organic,IN,201-1000,benjamindebra@wilson.com
7304,2024-10-25,partner,DE,1-10,omarjacobs@harris-mcfarland.com
7305,2022-07-07,paid_search,US,51-200,stevenhernandez@lopez.com
7306,2024-10-21,social,DE,11-50,shelley36@barnes-wong.info
7307,2024-09-10,organic,US,11-50,tmendoza@mendoza-foley.com
7308,2023-10-19,,GB,51-200,acarlson@lee.com
7309,2024-08-09,social,CA,11-50,jeffreyfreeman@doyle.com
7310,2022-05-24,social,IN,1-10,gallegosaaron@dodson.org
7311,2024-11-10,organic,US,1-10,mjones@dean-vincent.com
7312,2024-03-11,,CA,1-10,parkersteve@tapia-villegas.com
7313,2023-10-31,organic,FR,11-50,amyaguilar@villegas-hernandez.com
7314,2023-11-04,paid_search,US,51-200,lrobertson@arellano.org
7315,2022-10-04,organic,GB,11-50,jennifer14@mullins.biz
7316,2024-12-01,referral,US,1-10,xjones@jackson.com
7317,2022-07-24,organic,GB,11-50,crose@wagner.org
7318,2024-05-21,organic,US,11-50,leelisa@mitchell.info
7319,2024-01-23,referral,NL,1-10,millerbrandon@lewis-guerra.com
7320,2024-11-22,organic,BR,1-10,morgangarrett@little-collier.com
7321,2023-08-24,social,AU,51-200,brittanymoore@marshall.com
7322,2024-03-22,paid_search,IN,11-50,clarkejohn@tran.org
7323,2024-02-15,paid_search,US,1000+,carlos13@duran.info
7324,2024-06-26,paid_search,SG,1-10,amberstanley@moore.info
7325,2022-11-22,social,FR,11-50,johnsmith@klein.biz
7326,2023-06-02,paid_search,GB,1-10,tmurphy@parks-hogan.biz
7327,2023-07-18,organic,IN,1000+,stephen30@moore-johnson.net
7328,2024-07-08,social,IN,51-200,parkererica@fields.com
7329,2023-06-20,organic,US,1-10,lthomas@palmer.com
7330,2024-04-15,partner,US,11-50,john39@key.org
7331,2023-07-10,,US,11-50,fischercharles@kim.com
7332,2024-09-22,partner,US,51-200,wendy74@chung.com
7333,2024-11-24,referral,GB,51-200,scottpetersen@martin.com
7334,2024-03-03,,US,1000+,jasmincampbell@baker.biz
7335,2023-11-07,social,BR,201-1000,craigbrittany@nixon.com
7336,2023-08-01,referral,NL,11-50,tina16@anderson.com
7337,2022-09-08,social,IN,11-50,tracywerner@flores.com
7338,2023-09-12,referral,US,51-200,thomasho@perry.com
7339,2024-05-17,organic,IN,1-10,david52@velazquez-flynn.com
7340,2024-03-22,paid_search,BR,11-50,christopher63@snyder-jones.com
7341,2024-11-19,partner,FR,51-200,xcampbell@klein-jenkins.net
7342,2023-12-05,partner,BR,11-50,linda13@cohen.com
7343,2024-06-14,partner,US,51-200,parsonspaige@banks.com
7344,2024-02-22,organic,US,51-200,combsandrea@miller.com
7345,2024-02-03,organic,DE,1-10,patrick23@wood.org
7346,2023-09-06,social,US,1-10,ghicks@smith.net
7347,2024-01-16,social,CA,51-200,sweeneyheather@patterson-burnett.biz
7348,2024-02-05,social,IN,201-1000,zmontoya@thomas.biz
7349,2024-06-13,,IN,11-50,stevenkemp@hawkins.info
7350,2024-11-09,referral,US,201-1000,gardnermelissa@anthony.com
7351,2023-10-23,organic,GB,51-200,victor70@proctor-smith.com
7352,2022-07-09,organic,US,11-50,ahall@peters.com
7353,2024-02-26,social,CA,201-1000,danielmiller@roberson-thompson.com
7354,2024-03-29,referral,US,1-10,joann04@parker-bradley.net
7355,2023-05-15,organic,SG,11-50,dwayne59@walker-riley.com
7356,2024-08-05,organic,AU,11-50,spearsbrittany@fox-cross.com
7357,2024-12-18,organic,AU,11-50,joshuasmith@garcia-cox.com
7358,2024-11-24,paid_search,US,1-10,crystallewis@parsons-trevino.com
7359,2023-07-25,partner,BR,201-1000,ssmith@hughes.biz
7360,2024-10-09,paid_search,US,1-10,melissa48@buck.org
7361,2024-06-03,organic,CA,1-10,tmartinez@sellers.net
7362,2024-01-11,organic,US,1-10,mandrews@perez.com
7363,2024-03-06,paid_search,CA,201-1000,brian57@jefferson.info
7364,2024-09-01,organic,CA,201-1000,yjackson@deleon.com
7365,2024-02-13,partner,GB,11-50,thernandez@jones.com
7366,2023-11-24,referral,SG,11-50,stephanie72@jones.com
7367,2024-02-16,paid_search,SG,1-10,gonzalesholly@henderson-colon.biz
7368,2024-04-15,paid_search,FR,1-10,lisaanderson@gardner.com
7369,2023-06-16,paid_search,CA,51-200,william40@olson-maxwell.com
7370,2024-10-21,paid_search,NL,11-50,zdavis@decker.biz
7371,2024-06-02,organic,CA,11-50,patrick41@patterson.com
7372,2024-05-18,organic,US,11-50,stephen11@taylor.com
7373,2023-02-27,referral,US,201-1000,boyddiane@morgan.com
7374,2024-04-22,organic,IN,11-50,lhenry@brock.com
7375,2023-03-26,paid_search,DE,11-50,jennifer52@stevens-miller.com
7376,2022-12-04,referral,US,1-10,jacobwiggins@yates.com
7377,2024-03-23,partner,IN,11-50,bjones@wolf.com
7378,2023-12-01,paid_search,NL,51-200,fuentesjames@martin.info
7379,2024-04-19,organic,AU,51-200,jay10@joseph.org
7380,2023-01-16,referral,US,1-10,alecsmith@williams.biz
7381,2024-01-27,referral,US,1000+,angela90@snow.com
7382,2023-06-15,referral,US,1-10,acook@flowers.net
7383,2024-12-28,paid_search,AU,1-10,vjohnson@williams.info
7384,2024-03-18,organic,GB,1000+,nelsonjames@trevino.com
7385,2024-06-15,organic,US,1-10,kaylafisher@schmidt-fernandez.biz
7386,2023-10-08,organic,US,201-1000,rickyblankenship@miller-graves.biz
7387,2023-01-24,organic,BR,1000+,epowers@gibson.info
7388,2024-12-13,social,US,1-10,jacob69@evans.biz
7389,2023-09-19,social,IN,11-50,howardjoseph@chen.com
7390,2024-01-17,paid_search,IN,11-50,cole24@collier-norton.info
7391,2024-05-05,partner,NL,1-10,wardlaura@morgan-morgan.com
7392,2022-04-25,,CA,51-200,smartin@miller.net
7393,2024-09-27,organic,DE,11-50,lramos@richardson.org
7394,2024-03-03,organic,GB,1-10,morajames@brown-mccall.com
7395,2023-09-26,paid_search,US,1-10,nancy01@hill.net
7396,2022-10-30,organic,AU,51-200,jason28@duran.com
7397,2023-05-23,paid_search,US,1-10,peter47@kim.info
7398,2024-10-03,paid_search,BR,51-200,jasonalvarado@sexton-hall.net
7399,2024-06-05,partner,US,1-10,allenlucas@collins-rios.com
7400,2023-08-11,paid_search,NL,11-50,tamarawhite@bray.org
7401,2022-10-16,referral,US,1-10,kenneth96@barnes.com
7402,2024-06-26,social,AU,1-10,caseythomas@berry.org
7403,2024-04-30,paid_search,BR,11-50,randy61@smith-andrews.com
7404,2023-12-07,organic,GB,11-50,goodwinjason@powell-montes.com
7405,2023-11-02,partner,US,1-10,isteele@brown.org
7406,2023-07-30,partner,GB,1-10,thomasanthony@chang-valencia.com
7407,2024-06-13,organic,IN,51-200,andrew04@hill-cooper.biz
7408,2024-12-21,referral,US,1-10,blakesolomon@cole.com
7409,2023-06-13,referral,US,11-50,andrewwilson@fernandez-white.net
7410,2024-04-25,social,GB,201-1000,annejohnson@stevens.com
7411,2024-01-14,partner,US,1-10,sfletcher@johnson.com
7412,2024-01-10,paid_search,NL,51-200,elijahdennis@baird.com
7413,2023-09-30,referral,FR,11-50,evance@fisher-alvarez.com
7414,2024-09-22,social,IN,11-50,ihughes@harris-lopez.com
7415,2024-02-16,social,US,1-10,william26@rowland.com
7416,2024-03-09,referral,GB,51-200,ealexander@mcconnell.com
7417,2023-10-24,paid_search,NL,1000+,zdunn@richardson-rowe.org
7418,2023-06-29,,SG,1-10,joshuawest@baker.com
7419,2023-01-25,organic,CA,201-1000,christopher52@estrada.com
7420,2024-06-28,organic,US,201-1000,daniel87@moreno-allen.com
7421,2023-07-15,social,US,1-10,justin77@turner-everett.com
7422,2024-06-03,,GB,201-1000,ehopkins@lee.net
7423,2023-12-28,organic,CA,11-50,lphelps@tucker-carroll.biz
7424,2024-01-25,social,BR,1-10,goldenelizabeth@norton.com
7425,2024-02-19,social,US,11-50,stephanierivera@johnson.net
7426,2023-11-27,organic,US,11-50,richard21@clark-ingram.com
7427,2023-02-19,paid_search,US,11-50,schmidtrichard@ingram-reed.com
7428,2023-10-10,referral,GB,1-10,brycemcclain@trevino.org
7429,2024-05-05,paid_search,IN,1-10,ihanson@rivas.com
7430,2024-05-13,referral,US,11-50,mccalljon@morton-logan.com
7431,2023-09-09,partner,DE,51-200,xsmith@bell.com
7432,2024-01-19,organic,CA,1000+,forbeslisa@wood-camacho.com
7433,2023-06-13,paid_search,US,11-50,vparker@baker.com
7434,2023-07-27,paid_search,FR,51-200,eric95@tucker.com
7435,2022-04-06,partner,NL,51-200,danny83@smith.com
7436,2024-10-14,organic,CA,201-1000,fmoran@delgado.com
7437,2023-07-26,paid_search,US,51-200,thomasjulie@stone.net
7438,2023-08-15,partner,BR,11-50,scott55@griffin-tucker.com
7439,2023-09-12,paid_search,IN,1-10,edwardwhite@jones.com
7440,2023-04-19,partner,GB,1-10,robertcarpenter@riddle.org
7441,2024-05-16,paid_search,US,51-200,warrenpeter@hess.info
7442,2022-11-25,partner,US,51-200,william56@wells.com
7443,2023-04-02,partner,IN,1000+,jbrown@melendez-long.org
7444,2024-05-04,organic,AU,1-10,michael89@johnson.com
7445,2023-11-22,social,GB,1000+,tanner30@thomas-richard.com
7446,2024-06-21,partner,US,1-10,vle@huang.info
7447,2024-03-07,referral,IN,1-10,valerieadams@price-benjamin.com
7448,2023-09-05,organic,AU,1-10,thomasalyssa@hogan-mcdaniel.com
7449,2024-05-09,paid_search,IN,51-200,stephenwillis@bradley.com
7450,2023-03-29,organic,IN,201-1000,devonwhite@peterson.com
7451,2024-03-19,,US,1-10,christian68@johnson-roberts.com
7452,2024-01-30,organic,DE,11-50,kcaldwell@freeman.net
7453,2023-09-07,paid_search,CA,1-10,xjimenez@mendez.com
7454,2024-04-25,organic,US,1-10,ericswanson@alvarez.info
7455,2024-10-11,organic,FR,1-10,john67@gilmore-collins.com
7456,2024-12-26,paid_search,NL,1-10,chrisbrown@taylor.net
7457,2024-04-29,social,US,11-50,lisa37@hamilton.com
7458,2023-12-25,partner,US,1-10,amanda19@mcclure-ramirez.com
7459,2023-08-19,referral,IN,11-50,igardner@harris-buck.com
7460,2023-09-01,organic,GB,1000+,michaelhooper@shaw.com
7461,2024-02-29,organic,IN,1-10,andrewstephens@rodriguez-leblanc.com
7462,2023-11-15,paid_search,SG,1000+,asmith@leach-ellis.org
7463,2024-10-12,paid_search,US,11-50,meaganevans@meyers.info
7464,2023-11-14,referral,DE,11-50,destiny71@hall.com
7465,2023-11-13,organic,US,1-10,fmcbride@wilson.com
7466,2023-12-19,,US,1-10,eric45@hardy.com
7467,2024-09-03,partner,US,201-1000,xrice@lewis.org
7468,2024-05-20,,BR,11-50,leemichael@cooper.com
7469,2024-04-14,partner,NL,51-200,heatherwells@roberson.com
7470,2023-10-22,organic,IN,11-50,paullopez@smith.com
7471,2024-09-25,paid_search,NL,11-50,burnsryan@peck-macdonald.com
7472,2022-07-07,social,FR,1-10,pwilliams@holloway.com
7473,2024-10-06,social,AU,51-200,ralvarado@mcgee.com
7474,2024-02-06,referral,US,201-1000,robert39@kramer-jackson.com
7475,2023-12-19,paid_search,US,11-50,andradevanessa@smith-williams.com
7476,2024-02-08,organic,US,11-50,medinadonald@mcneil.com
7477,2024-06-01,paid_search,US,1-10,karawilliams@young.com
7478,2022-02-02,organic,CA,1-10,carterpatrick@wilson-sweeney.com
7479,2024-10-03,organic,US,11-50,theodore82@lamb-summers.org
7480,2024-01-24,social,IN,1-10,mackrebecca@bradley.biz
7481,2023-11-29,paid_search,US,201-1000,brian68@soto.biz
7482,2023-04-03,paid_search,CA,11-50,whitestacy@martinez.com
7483,2024-01-22,partner,US,201-1000,brian45@long.com
7484,2024-02-09,paid_search,US,11-50,dmueller@neal.com
7485,2023-12-21,social,IN,1-10,guerrerosherry@cervantes.com
7486,2024-06-13,referral,AU,1-10,ymerritt@perry.com
7487,2024-01-06,social,US,51-200,hmendez@martin-wagner.com
7488,2024-11-02,paid_search,BR,1-10,smithrebecca@hood.com
7489,2024-04-24,paid_search,NL,1-10,cbaker@nelson.info
7490,2024-09-01,referral,GB,1000+,williamthompson@thomas.net
7491,2023-02-05,partner,DE,1-10,jeffreysimmons@may.com
7492,2023-12-18,social,US,1-10,josephwilliams@hill-ruiz.biz
7493,2023-10-03,partner,US,1000+,steven66@williams.com
7494,2024-04-05,organic,GB,1-10,smithmichael@phelps.net
7495,2024-09-24,referral,US,51-200,umartin@porter-goodwin.org
7496,2022-12-20,referral,US,1-10,colleenharris@romero-lane.com
7497,2022-11-24,organic,GB,11-50,andersontara@leonard.com
7498,2024-09-28,,DE,1-10,tara55@fox.com
7499,2023-07-05,paid_search,AU,1-10,dbarton@garcia-norris.com
7500,2024-06-28,referral,CA,51-200,jillarnold@henry.net
7501,2024-03-05,organic,FR,1000+,joshua68@flores.net
7502,2024-09-15,social,IN,11-50,sanchezmichael@evans.com
7503,2023-03-28,organic,CA,1-10,eugenepowell@ewing-chavez.com
7504,2023-04-06,referral,US,11-50,chensley@perez.com
7505,2024-03-31,referral,GB,1-10,williamsmichael@williams-phillips.org
7506,2024-11-04,organic,IN,51-200,emiller@hall.biz
7507,2024-01-21,paid_search,US,1-10,deborahcastillo@barnes-hampton.org
7508,2023-10-01,partner,GB,51-200,hamiltonandrew@wagner.biz
7509,2024-04-15,paid_search,BR,1000+,bishopmichael@shields-garcia.net
7510,2024-11-10,partner,US,51-200,andreaanderson@mccarthy.com
7511,2024-09-27,organic,GB,1-10,xtorres@lamb.com
7512,2024-12-12,referral,CA,11-50,hannahgonzalez@lane-holden.com
7513,2022-04-23,organic,US,11-50,ghinton@parks.biz
7514,2023-03-31,social,GB,11-50,urobinson@hill.com
7515,2024-04-25,partner,GB,51-200,geraldperry@macdonald.com
7516,2024-09-16,organic,IN,1-10,briangonzalez@nichols-beck.net
7517,2023-09-21,paid_search,DE,1-10,orichardson@king.org
7518,2023-08-10,referral,GB,11-50,ballmichelle@holmes.net
7519,2024-08-20,,GB,11-50,samanthaenglish@alexander.info
7520,2022-09-11,partner,IN,201-1000,nhunter@williams-aguilar.com
7521,2023-11-08,partner,BR,11-50,shelbyshaw@davis.info
7522,2024-02-27,organic,NL,1-10,hwade@perez.com
7523,2024-03-26,organic,NL,11-50,brandttravis@kim.com
7524,2024-07-21,organic,US,11-50,spencer41@sims-jones.com
7525,2023-11-14,,DE,51-200,smithbryan@walter.com
7526,2024-04-19,organic,AU,11-50,brianmassey@jackson.org
7527,2024-04-12,paid_search,CA,1-10,scottalan@barber.org
7528,2024-03-29,organic,GB,51-200,danielguerrero@lin.info
7529,2024-05-23,social,US,1-10,rcrosby@wright-west.biz
7530,2023-09-05,partner,US,51-200,marcus18@gillespie.net
7531,2023-01-08,organic,IN,51-200,brookshaley@garner.com
7532,2023-03-09,partner,DE,1-10,ccollins@estes.com
7533,2023-08-04,referral,US,1-10,heidilynch@glenn.com
7534,2024-02-23,organic,GB,51-200,meganbennett@martinez-harrison.org
7535,2024-09-13,paid_search,US,11-50,estephens@bennett.org
7536,2024-06-28,paid_search,AU,51-200,cruzmegan@brennan.info
7537,2024-08-29,organic,US,1-10,leonardwayne@coleman.com
7538,2023-11-30,referral,US,1000+,mwatson@ramos-ashley.org
7539,2023-12-20,paid_search,FR,11-50,ehenry@holt.net
7540,2023-12-10,organic,AU,11-50,williamssteven@oconnor.net
7541,2023-06-27,social,IN,51-200,jamessimon@young-santana.org
7542,2022-10-20,paid_search,GB,11-50,joshuabarton@davis.info
7543,2024-04-26,paid_search,NL,1000+,ccabrera@griffin.net
7544,2024-12-08,partner,US,1-10,jose60@paul.info
7545,2023-05-14,social,US,1-10,derekwright@little.info
7546,2022-08-24,social,GB,1-10,laurenromero@bird.com
7547,2024-08-24,organic,AU,1-10,matthew76@sherman.com
7548,2023-09-02,social,DE,11-50,colsen@george-perkins.com
7549,2024-09-27,paid_search,US,51-200,butlerjacob@banks.com
7550,2024-06-10,paid_search,GB,11-50,colleen97@orozco-gibson.net
7551,2024-11-27,social,US,1-10,amber67@rodriguez.com
7552,2023-12-31,organic,NL,1-10,chelsea59@allen-harris.com
7553,2024-05-08,organic,DE,11-50,bookerjohn@mahoney-welch.biz
7554,2024-01-24,social,US,11-50,awhite@lawson.com
7555,2024-05-31,paid_search,BR,201-1000,zamorajohn@watson.biz
7556,2024-01-08,referral,US,1-10,rbrown@jones.com
7557,2023-06-19,paid_search,US,1-10,kristi99@moore.com
7558,2024-02-07,social,DE,201-1000,hernandezchristian@riddle.biz
7559,2024-03-26,,US,11-50,edwardsjames@cruz-parrish.com
7560,2024-09-18,referral,US,1-10,fyoung@nolan-scott.com
7561,2024-07-27,social,CA,201-1000,rickey55@murphy-drake.com
7562,2024-05-08,organic,CA,1-10,michelemahoney@diaz-jones.com
7563,2023-03-08,referral,IN,1-10,baileyrobert@johnson.biz
7564,2024-07-06,,GB,1-10,jessejenkins@hicks-cook.com
7565,2024-02-06,organic,IN,201-1000,qpineda@nguyen.com
7566,2024-10-01,referral,CA,1-10,mcgrathchristopher@hall-green.com
7567,2024-11-27,paid_search,US,1-10,ncurtis@richard-garrett.info
7568,2022-09-02,paid_search,US,1-10,ghunter@baker.com
7569,2024-09-08,social,US,51-200,joshuachase@zuniga.com
7570,2022-07-16,social,GB,1-10,michaeljohnson@barnett.com
7571,2023-11-18,partner,US,11-50,bassjoshua@hurley-george.org
7572,2024-03-31,organic,SG,1-10,dana65@chan.com
7573,2023-05-05,organic,DE,11-50,cmiller@montgomery-aguilar.com
7574,2024-07-10,partner,GB,1-10,xcannon@krause-young.net
7575,2022-02-19,referral,GB,1-10,katelyn09@garcia.com
7576,2023-05-03,organic,US,51-200,spearscody@trevino-allen.com
7577,2024-04-02,partner,IN,1-10,lorettaowen@stewart.com
7578,2024-06-03,social,IN,51-200,vward@rodriguez.org
7579,2024-10-29,paid_search,US,51-200,jeanetteirwin@rodriguez.com
7580,2024-06-08,social,US,1000+,stephensonronald@chang.net
7581,2024-06-30,social,US,51-200,rhondahaney@jackson.org
7582,2023-12-16,organic,FR,201-1000,snyderricardo@espinoza.com
7583,2022-01-11,paid_search,NL,201-1000,kennedychloe@young.com
7584,2023-03-13,paid_search,US,1000+,wrightjason@miller.com
7585,2024-03-21,referral,SG,11-50,ryan87@taylor.com
7586,2024-06-01,social,GB,51-200,jennifer09@garcia-leon.info
7587,2024-01-05,social,US,11-50,avilaroy@schmidt.net
7588,2024-07-18,referral,BR,51-200,chrissantos@mitchell-kelley.com
7589,2024-03-08,paid_search,US,51-200,ilee@freeman.com
7590,2022-11-15,paid_search,US,1-10,jhumphrey@martin.com
7591,2023-06-05,organic,AU,11-50,melissagonzalez@hardy.com
7592,2024-09-17,social,DE,11-50,john45@peck.net
7593,2024-07-15,paid_search,US,1-10,thomas90@scott-campbell.com
7594,2024-10-07,referral,GB,201-1000,ncoleman@adams-smith.info
7595,2023-03-17,organic,IN,1-10,elizabeth06@morris.org
7596,2024-12-02,organic,US,51-200,crystaladams@bates-fischer.com
7597,2023-07-24,organic,US,1-10,david95@ellison-molina.org
7598,2022-02-05,paid_search,CA,11-50,zwebb@snyder-love.com
7599,2024-12-04,paid_search,US,1-10,elizabeth06@thompson-conner.com
7600,2023-09-29,paid_search,US,201-1000,mccarthysheila@johnson.info
7601,2024-06-18,paid_search,GB,11-50,qzhang@glenn.com
7602,2023-06-23,paid_search,GB,11-50,breanna26@bailey.com
7603,2024-04-22,paid_search,GB,11-50,morrisronald@chandler.com
7604,2024-10-12,referral,DE,1-10,andrewwells@nash.com
7605,2023-10-13,social,CA,1-10,whitneycarpenter@kelly.com
7606,2024-06-16,organic,US,11-50,lucaslaurie@saunders-gonzalez.com
7607,2023-06-05,social,US,1-10,travis13@blair.org
7608,2024-05-21,,US,11-50,brianachung@jackson.com
7609,2023-10-28,organic,US,1-10,poperobin@mendoza.com
7610,2023-07-07,paid_search,US,11-50,mary99@mccullough.com
7611,2023-10-08,social,FR,1-10,garyclarke@thompson.com
7612,2023-06-18,organic,IN,11-50,piercemelissa@wells-johnson.com
7613,2024-10-31,partner,IN,11-50,gbarton@rodriguez-reed.biz
7614,2023-12-19,paid_search,DE,1-10,eddie60@hicks.com
7615,2023-08-10,referral,US,11-50,stephaniewilliams@wilson-howard.com
7616,2024-01-03,organic,CA,11-50,debbiedixon@rivers-smith.org
7617,2023-10-31,paid_search,CA,51-200,slevy@ramirez.com
7618,2024-07-15,paid_search,BR,1-10,victoria03@phillips-morse.info
7619,2024-12-16,partner,US,1-10,thomasterry@nunez.com
7620,2024-01-14,organic,DE,51-200,lesliejohnston@ramirez.com
7621,2024-09-27,paid_search,SG,1-10,valerievelazquez@alexander.info
7622,2024-03-25,organic,US,11-50,rogerstiffany@dalton.org
7623,2023-05-15,organic,NL,1-10,emily95@miller-perkins.info
7624,2024-06-02,organic,CA,1000+,dwilliams@greene.com
7625,2024-02-14,paid_search,IN,1-10,michaelrobinson@orr.com
7626,2024-05-16,social,CA,1-10,garretttheodore@baker.com
7627,2024-10-22,organic,GB,11-50,luke86@wright-noble.com
7628,2024-01-16,organic,IN,51-200,amberbrown@brown.com
7629,2024-10-04,paid_search,CA,11-50,rodriguezrachel@wolf.com
7630,2024-07-01,partner,US,11-50,hansonjessica@nguyen-carpenter.com
7631,2024-02-05,,NL,1-10,zharris@price.com
7632,2024-04-11,organic,US,1-10,robinsonshannon@johnson-duran.com
7633,2023-10-19,,CA,51-200,knightbrian@petersen.biz
7634,2024-12-02,referral,AU,11-50,angelawhite@young-cruz.com
7635,2024-06-07,referral,CA,11-50,christopher89@douglas.net
7636,2022-08-08,paid_search,CA,1-10,michele17@rodriguez.org
7637,2023-10-04,paid_search,US,51-200,staffordrachel@richardson-reeves.net
7638,2024-05-25,organic,CA,51-200,anthonycowan@nelson.com
7639,2022-09-02,organic,AU,1-10,blanchardrobert@morales-weaver.org
7640,2022-04-11,organic,US,201-1000,jacobmata@miller.org
7641,2024-01-01,paid_search,SG,1-10,pedrocruz@farmer.com
7642,2023-10-15,,AU,11-50,griffinaaron@cardenas.biz
7643,2024-01-11,,GB,1-10,andrew10@west-brown.com
7644,2023-09-17,referral,FR,1-10,xhanson@smith.org
7645,2023-05-17,referral,GB,1-10,mariajohnson@murphy-ramsey.com
7646,2024-06-05,paid_search,US,11-50,michael58@wheeler.net
7647,2024-02-01,organic,US,1-10,mindy66@love.com
7648,2023-07-29,,US,1-10,samantha81@mack.net
7649,2023-10-15,paid_search,IN,1000+,smithcourtney@figueroa.com
7650,2024-04-06,paid_search,DE,11-50,briangeorge@fuller.com
7651,2022-11-24,organic,US,201-1000,hburton@marshall.com
7652,2023-05-28,referral,IN,11-50,tammiethompson@hardin-stephens.com
7653,2022-11-30,organic,US,11-50,martinscott@garcia-cox.com
7654,2024-09-02,social,IN,51-200,colewesley@collins-baker.info
7655,2024-07-07,referral,CA,11-50,ylogan@brown.com
7656,2024-07-25,organic,DE,1-10,charlene65@davis-morgan.com
7657,2024-07-18,paid_search,US,1-10,amy79@good.com
7658,2024-06-05,paid_search,DE,51-200,ashley90@downs.com
7659,2024-02-26,social,BR,1-10,schwartzbriana@cook.com
7660,2024-05-05,organic,US,1000+,melissa62@paul.biz
7661,2022-07-23,referral,US,11-50,john97@robinson.com
7662,2024-05-13,organic,US,201-1000,ylester@morales.com
7663,2024-08-08,paid_search,US,1-10,hunter31@castillo-wheeler.com
7664,2024-02-03,social,BR,201-1000,wmorse@jones.com
7665,2023-11-02,referral,GB,1-10,okim@walker-williams.org
7666,2023-09-19,social,NL,51-200,dmoss@carroll.info
7667,2024-05-20,social,DE,11-50,gallagherrobert@clark.com
7668,2024-06-13,organic,US,201-1000,henry60@murray.info
7669,2024-10-26,organic,CA,51-200,michelecooper@jones.biz
7670,2023-11-04,social,IN,51-200,leediana@pace-bryan.com
7671,2024-08-20,organic,US,201-1000,powersvanessa@anderson.com
7672,2024-03-31,referral,AU,201-1000,williamsmark@walker.biz
7673,2024-10-24,paid_search,AU,11-50,bnavarro@davis-glass.com
7674,2024-03-07,organic,SG,1-10,jessewolf@powell-terry.com
7675,2024-03-03,organic,US,1-10,melissa28@morgan-parks.net
7676,2024-04-04,organic,BR,201-1000,amy33@roberts-hernandez.com
7677,2024-07-21,organic,US,1000+,loriharrell@perry.com
7678,2024-11-30,organic,FR,1-10,pcruz@clark.com
7679,2022-11-21,organic,BR,11-50,hamiltontina@harrington.net
7680,2022-09-10,paid_search,US,1-10,mollymiller@colon.info
7681,2024-11-01,referral,US,1-10,tanya12@garcia-garcia.net
7682,2024-03-29,paid_search,US,11-50,sydneyschwartz@smith-curtis.info
7683,2024-04-17,paid_search,US,1-10,watkinskevin@fletcher.biz
7684,2024-02-04,organic,IN,51-200,wreilly@bennett.com
7685,2023-01-13,organic,CA,201-1000,washingtonkara@perez.info
7686,2024-08-05,paid_search,DE,11-50,david75@cooper-huffman.org
7687,2024-07-09,social,GB,1-10,jaredsmith@lopez.com
7688,2023-10-08,organic,SG,11-50,tammycole@esparza-collins.com
7689,2023-10-09,referral,AU,201-1000,jillphelps@kelly.org
7690,2024-09-17,paid_search,AU,1-10,ksims@jones.com
7691,2022-11-20,organic,US,51-200,scottkirk@velazquez.biz
7692,2024-10-20,organic,US,11-50,qpatterson@williams.com
7693,2023-09-10,organic,IN,1-10,jimenezkatherine@roy.com
7694,2024-04-06,paid_search,IN,1-10,johnsonerin@long-williams.com
7695,2024-11-03,social,AU,1-10,deborahwilliams@peterson.biz
7696,2024-06-30,partner,US,11-50,christopher38@howard.com
7697,2024-01-02,organic,SG,11-50,xbarton@hall.org
7698,2024-06-21,paid_search,GB,1-10,jacksonkristina@parker.net
7699,2023-11-11,organic,US,201-1000,vasquezwendy@montoya.info
7700,2023-09-01,organic,GB,1000+,nedwards@gomez.org
7701,2024-12-13,paid_search,US,11-50,scottjoel@martin.com
7702,2024-07-25,referral,AU,11-50,gabriela47@perkins-becker.com
7703,2024-05-09,paid_search,CA,11-50,sullivanjessica@shelton-owens.com
7704,2023-11-29,referral,GB,1-10,dustinlewis@adams.com
7705,2022-09-02,partner,GB,11-50,shawn48@fox-glover.biz
7706,2022-05-25,organic,CA,1000+,kevin51@baker.com
7707,2024-03-28,organic,CA,11-50,scottnicolas@castillo.com
7708,2024-08-10,referral,IN,51-200,nelsonrebecca@alexander.biz
7709,2024-03-30,organic,CA,1-10,mcmahondavid@burke.com
7710,2024-09-29,organic,US,51-200,jennifer13@thompson-maynard.biz
7711,2022-06-14,social,SG,1-10,qalexander@brown.info
7712,2023-11-01,organic,US,1-10,allencheryl@lewis.com
7713,2023-08-03,partner,IN,1-10,ncooper@wilson.org
7714,2024-01-19,paid_search,US,1-10,anamoore@elliott.com
7715,2022-11-22,referral,US,11-50,alexander39@turner.com
7716,2024-11-14,,NL,1-10,benjamin81@davis-miller.biz
7717,2023-08-06,organic,SG,11-50,stevenshaw@hammond-walters.com
7718,2024-11-22,organic,US,1-10,harrisonshawna@howe-leonard.com
7719,2024-01-08,partner,BR,51-200,jerry81@adams-cox.com
7720,2024-12-10,referral,IN,11-50,fletchermichele@morrison.com
7721,2024-03-13,referral,SG,1-10,jordan33@green.com
7722,2024-11-13,social,NL,11-50,martinezdouglas@solomon.net
7723,2022-01-21,social,US,1000+,anita31@stanton.org
7724,2024-07-07,,BR,51-200,brianberry@marquez.com
7725,2024-10-23,partner,US,11-50,edwardwilliams@best.info
7726,2023-04-24,organic,NL,51-200,yrussell@gonzales.biz
7727,2023-02-26,referral,US,11-50,heathermoore@gray.info
7728,2024-01-28,paid_search,DE,51-200,bruce00@landry.com
7729,2024-11-05,partner,DE,1-10,betty62@wade-harper.org
7730,2024-03-15,referral,US,1-10,crossdonald@diaz.com
7731,2024-03-30,,US,1-10,martinjeffrey@forbes.biz
7732,2023-04-04,partner,CA,11-50,stevensimmons@murphy.com
7733,2022-01-15,partner,GB,1-10,adamsgregory@jones.com
7734,2024-09-18,referral,CA,1-10,stephanie72@preston.com
7735,2023-01-11,paid_search,US,201-1000,tina21@cochran-giles.net
7736,2024-05-04,paid_search,US,1-10,natasha55@moore.com
7737,2024-10-26,referral,DE,201-1000,alexander83@myers.net
7738,2023-07-12,social,GB,11-50,kimberly93@hernandez.net
7739,2024-05-27,referral,FR,11-50,gwalter@rice.com
7740,2022-12-04,partner,DE,11-50,alyssamitchell@navarro-johnson.com
7741,2024-04-11,paid_search,US,201-1000,juliecoleman@parrish-cannon.biz
7742,2023-05-20,social,US,1-10,denisesmith@martin.com
7743,2024-07-23,social,US,11-50,goldendonna@dickerson.com
7744,2023-10-13,paid_search,FR,1000+,tannerscott@forbes.net
7745,2024-01-12,paid_search,AU,201-1000,williamsjose@willis-mays.org
7746,2024-04-02,paid_search,DE,1-10,figueroamichelle@macias.net
7747,2023-06-02,organic,DE,51-200,omills@parker.info
7748,2024-07-26,social,DE,51-200,greenerin@ford.com
7749,2023-10-03,social,GB,11-50,helen69@greer.com
7750,2024-05-28,referral,US,1-10,lwelch@fuller.net
7751,2023-05-09,,FR,11-50,emily47@norris-hall.org
7752,2024-06-03,organic,US,1-10,thomas91@garcia-edwards.org
7753,2023-04-02,referral,AU,1-10,katiewu@taylor-suarez.biz
7754,2024-01-25,organic,BR,11-50,dunderwood@garcia-rogers.info
7755,2023-08-13,social,DE,51-200,samantha67@cooper.com
7756,2024-07-22,,NL,51-200,zphillips@delgado.com
7757,2023-09-28,paid_search,US,11-50,bernardlinda@matthews-watson.com
7758,2024-10-07,organic,US,1-10,chad71@boyd-turner.net
7759,2024-10-04,paid_search,BR,1000+,leonardlittle@dennis-harris.com
7760,2023-07-31,referral,DE,11-50,smithmelissa@martin.net
7761,2024-04-29,partner,SG,51-200,heatherglover@estrada.com
7762,2023-01-03,referral,US,1-10,figueroabrandon@holland.info
7763,2023-12-17,paid_search,BR,1-10,isabella15@alvarez.com
7764,2024-06-07,social,CA,1000+,jacobmason@stevenson.com
7765,2024-05-27,organic,CA,1-10,linda82@foley-woods.com
7766,2024-05-21,referral,FR,51-200,currybradley@murray.com
7767,2023-09-05,organic,US,1-10,madams@benson-martin.com
7768,2023-11-21,paid_search,US,11-50,ericashelton@valentine.org
7769,2023-02-11,partner,AU,1-10,sotomadison@carter.com
7770,2024-07-28,paid_search,US,51-200,webbholly@stevens.com
7771,2024-02-05,organic,AU,1-10,cortezalexandra@bray-hicks.biz
7772,2024-06-19,social,DE,1000+,jareddickson@hill.com
7773,2023-08-05,social,CA,201-1000,dunnashley@smith.com
7774,2023-10-21,social,IN,201-1000,mgraves@williams.com
7775,2023-10-06,paid_search,AU,11-50,shannongonzalez@anderson.com
7776,2022-05-09,referral,DE,1-10,daniel47@brown.com
7777,2023-11-28,organic,US,1-10,paulaschultz@morales.com
7778,2024-09-20,paid_search,US,1-10,ismith@wright.com
7779,2024-10-17,organic,SG,51-200,rubioallen@fields.biz
7780,2024-03-24,referral,IN,51-200,jcross@garrett.com
7781,2024-01-14,paid_search,BR,201-1000,james92@white.com
7782,2022-05-03,paid_search,SG,1-10,williegarcia@smith.net
7783,2024-10-14,organic,AU,11-50,kimstein@kemp.com
7784,2022-02-11,referral,CA,51-200,jonathon41@atkinson-black.net
7785,2024-11-11,social,AU,11-50,kingamy@larson.com
7786,2024-02-23,organic,DE,1-10,ginalee@shaw.com
7787,2023-11-29,organic,CA,11-50,zwebster@guzman.info
7788,2024-11-20,organic,NL,11-50,williamsjasmine@ross.com
7789,2022-04-23,organic,FR,1-10,dawngriffin@stewart.com
7790,2024-04-13,,GB,1-10,melvin54@griffin-moore.com
7791,2024-03-06,partner,SG,1-10,marksveronica@hull.com
7792,2023-07-01,organic,US,11-50,frederick25@vega.info
7793,2024-01-03,paid_search,US,11-50,zachary50@lewis.com
7794,2024-05-12,referral,AU,1000+,jessicawalton@ross.net
7795,2024-07-15,social,FR,1000+,aarontapia@sanchez-graham.biz
7796,2022-01-26,referral,AU,1-10,ghodges@perkins-alexander.info
7797,2024-11-16,partner,US,1-10,acostarhonda@mcdonald-young.com
7798,2023-05-19,,IN,1-10,wendy83@cannon-lawrence.com
7799,2023-08-15,organic,US,1-10,johncummings@vargas.com
7800,2023-09-22,organic,GB,201-1000,samuel47@gill-crane.com
7801,2022-07-01,organic,CA,1-10,hcrosby@hernandez.com
7802,2023-03-12,paid_search,DE,201-1000,zjacobs@ramirez.org
7803,2024-12-04,organic,GB,11-50,eric42@murphy-wilson.info
7804,2023-10-24,partner,US,1-10,rachaelgriffin@miller.com
7805,2023-03-01,paid_search,GB,1000+,rodriguezmanuel@cook-myers.info
7806,2023-02-02,social,CA,1-10,timothy51@wu.com
7807,2024-07-31,organic,US,11-50,jorge99@elliott.com
7808,2024-09-05,paid_search,US,201-1000,ffreeman@kemp.com
7809,2023-09-28,organic,US,201-1000,patricktiffany@allison.com
7810,2022-04-22,social,CA,1-10,castrojeffrey@villanueva.com
7811,2023-08-21,paid_search,FR,1000+,jasmine03@garrett.net
7812,2022-09-25,partner,CA,1-10,leemike@garcia.info
7813,2023-02-01,paid_search,US,11-50,danielhuynh@wood.com
7814,2024-01-28,organic,US,11-50,wiseamber@diaz.com
7815,2023-08-09,social,US,11-50,heathermay@baxter.net
7816,2024-02-06,paid_search,FR,51-200,howelldouglas@young.net
7817,2023-09-07,referral,US,1-10,kclark@soto.com
7818,2024-11-24,social,GB,1-10,hillroy@hoffman-lozano.com
7819,2024-10-23,organic,NL,201-1000,amyyork@jones.biz
7820,2024-03-02,paid_search,DE,11-50,pwilliams@hale-rush.biz
7821,2023-11-25,organic,US,11-50,joseph49@wilson.com
7822,2023-11-06,organic,US,1-10,rodriguezjose@alexander.com
7823,2024-01-01,,US,1-10,pamela30@garcia.info
7824,2024-07-02,organic,DE,1-10,matthewturner@smith.info
7825,2024-01-23,partner,DE,11-50,toddescobar@moore-mcdaniel.com
7826,2024-09-29,social,US,1000+,uosborne@thomas.com
7827,2024-11-11,social,AU,1000+,justinchandler@rubio-hall.com
7828,2023-10-25,referral,IN,11-50,wmurray@norton-gonzales.info
7829,2024-03-28,referral,BR,51-200,powens@hicks.com
7830,2023-01-08,organic,IN,51-200,stephanie57@mosley-walton.org
7831,2023-07-20,paid_search,AU,51-200,osparks@vazquez-ferguson.biz
7832,2024-01-10,organic,US,1-10,sdavis@sherman-morales.com
7833,2023-07-12,organic,US,201-1000,annettehines@walton-price.com
7834,2024-10-13,organic,GB,11-50,john90@kent.com
7835,2023-05-01,organic,CA,1-10,eatkinson@young.net
7836,2024-01-24,paid_search,US,1-10,jessicaharris@wright.com
7837,2024-04-21,organic,GB,1-10,rhondalopez@quinn.org
7838,2024-06-14,social,US,1-10,jerrycraig@wells.com
7839,2023-12-05,organic,US,1-10,joseph54@barr-valentine.info
7840,2024-10-27,organic,AU,51-200,lfletcher@campbell-kim.info
7841,2024-04-20,referral,FR,1-10,bryantandrew@grant-cole.org
7842,2024-01-24,social,US,51-200,david06@robinson.org
7843,2022-11-23,paid_search,US,1-10,jamesbennett@anderson.com
7844,2024-01-06,organic,IN,11-50,stephensapril@elliott-greene.com
7845,2024-09-02,paid_search,IN,1-10,thompsonchristopher@villanueva.com
7846,2024-04-15,referral,DE,1-10,diaztimothy@thompson.com
7847,2024-09-30,organic,US,11-50,jennaavila@garcia.com
7848,2024-02-23,paid_search,SG,1-10,kelly72@white.com
7849,2023-03-11,social,DE,11-50,michaelterry@williams.com
7850,2022-03-02,social,US,201-1000,hartchad@mason.com
7851,2023-10-25,organic,US,11-50,kellyrocha@barrett-jordan.info
7852,2024-06-14,social,GB,51-200,anthonymata@jackson-reese.com
7853,2024-08-18,paid_search,GB,1-10,nancyalvarez@lewis.net
7854,2023-10-15,organic,AU,1000+,alyssa41@larson.com
7855,2024-02-01,organic,SG,51-200,lisa19@smith.com
7856,2024-01-18,partner,CA,51-200,ybell@rogers.com
7857,2024-01-19,paid_search,IN,11-50,wryan@reed.com
7858,2023-08-26,partner,IN,51-200,brian10@cox-thompson.info
7859,2023-04-05,organic,SG,1-10,vmartin@floyd-barrett.com
7860,2023-07-31,social,NL,51-200,andersongregg@wright.com
7861,2022-09-22,social,AU,1-10,susanjackson@beard-byrd.org
7862,2023-07-11,social,GB,11-50,sarah03@smith.com
7863,2022-02-11,paid_search,AU,1000+,kimberly77@young.info
7864,2024-05-03,organic,US,11-50,kmeyer@moyer.com
7865,2023-10-19,social,US,51-200,aharris@simmons-sullivan.info
7866,2024-12-25,paid_search,GB,1-10,alexander90@clark-cortez.com
7867,2023-06-28,organic,IN,11-50,porterjoshua@robinson.com
7868,2023-11-03,,US,11-50,kevin02@miller.com
7869,2023-11-29,social,SG,11-50,ortegamark@campbell.com
7870,2022-02-02,social,US,1-10,lindseymedina@marquez-johnson.com
7871,2024-09-30,,US,51-200,maryyoung@orr-miller.info
7872,2022-06-07,paid_search,CA,51-200,natalie86@perry.net
7873,2024-11-02,organic,CA,1-10,belljon@wells.com
7874,2024-10-14,referral,US,11-50,matthewwolfe@brooks-lee.info
7875,2024-03-21,referral,CA,11-50,robertkane@weaver.com
7876,2024-03-08,organic,SG,11-50,pharris@campos.info
7877,2024-05-13,partner,FR,51-200,lgarcia@rogers-rose.org
7878,2023-12-24,social,AU,11-50,vward@olsen.org
7879,2024-05-19,partner,IN,1-10,ggamble@simmons.net
7880,2022-08-04,referral,NL,11-50,hansonmark@andrews.net
7881,2022-09-30,organic,IN,51-200,tmitchell@wells.info
7882,2024-01-07,paid_search,CA,11-50,kelly74@mclean-murray.biz
7883,2024-03-17,referral,BR,1-10,meyerdana@rojas-arnold.net
7884,2024-10-12,social,SG,11-50,larrymoody@campbell-raymond.com
7885,2023-02-20,paid_search,CA,1-10,melissamccarthy@miller-moyer.com
7886,2024-09-25,social,IN,1000+,ecox@williams-miller.com
7887,2023-07-15,paid_search,US,51-200,zmartin@cunningham.com
7888,2023-12-29,referral,DE,11-50,shannonmorton@johnson.com
7889,2023-10-16,referral,DE,1000+,raymond16@gill.biz
7890,2023-12-28,social,FR,51-200,rossgina@parker.com
7891,2023-05-26,organic,GB,201-1000,scook@clark.com
7892,2024-02-22,organic,IN,1-10,desireebaker@curtis.com
7893,2024-08-28,,GB,11-50,sarah28@thompson.biz
7894,2024-01-27,organic,GB,1-10,ngraham@porter-west.com
7895,2024-02-25,partner,US,1-10,bradleyandrew@cantu.com
7896,2024-09-25,paid_search,GB,11-50,fross@castro-romero.net
7897,2024-06-23,paid_search,NL,51-200,thogan@weber.biz
7898,2024-02-08,paid_search,DE,11-50,stephanieneal@reed-hernandez.org
7899,2023-09-30,referral,US,11-50,sarah25@chang.com
7900,2024-10-23,partner,FR,11-50,wardjames@bryant.com
7901,2024-04-20,social,AU,11-50,ljones@lin-mcgee.com
7902,2023-08-17,partner,GB,51-200,ijackson@goodwin.com
7903,2023-09-30,referral,US,11-50,gallagherthomas@williams.com
7904,2024-09-26,referral,GB,11-50,randy83@ewing-kent.com
7905,2022-08-27,organic,US,1-10,freemanmarcus@kelley-gates.com
7906,2024-12-27,,US,1000+,mcfarlandsusan@wilson.com
7907,2023-04-21,referral,IN,51-200,carmen62@hood.com
7908,2024-08-15,,US,201-1000,francotammy@chavez.com
7909,2023-12-21,partner,US,1-10,jamesann@ortiz.net
7910,2024-02-21,organic,CA,1-10,samanthalopez@gibson.com
7911,2024-10-19,organic,US,51-200,crice@burnett.org
7912,2024-01-17,paid_search,US,201-1000,xlewis@dorsey-rios.com
7913,2024-03-14,referral,AU,1-10,thomasdiane@lang.org
7914,2022-09-18,paid_search,IN,51-200,david35@diaz.org
7915,2022-01-08,organic,SG,1-10,kdiaz@freeman.com
7916,2023-08-27,referral,GB,1-10,michael99@green.com
7917,2024-06-15,organic,FR,51-200,taylordanielle@gordon.info
7918,2023-03-26,organic,DE,1-10,welchcharles@reid.com
7919,2023-03-20,referral,US,1000+,thomassamantha@johnson.net
7920,2024-01-08,organic,CA,1-10,wfranklin@miller.net
7921,2024-05-26,referral,BR,11-50,andrea54@reed.biz
7922,2024-06-23,paid_search,GB,11-50,lhess@williamson.com
7923,2023-06-02,partner,US,1-10,justin17@smith.info
7924,2022-12-04,paid_search,US,11-50,carolinethomas@wolfe.biz
7925,2024-11-10,organic,NL,1-10,owensalbert@king-black.info
7926,2023-09-09,social,IN,1-10,jennifercook@richmond.com
7927,2024-09-06,organic,AU,201-1000,christopher52@torres.com
7928,2024-10-20,organic,DE,11-50,torresjames@mcdaniel.biz
7929,2024-08-24,social,US,11-50,stevenwright@cox.net
7930,2023-05-01,paid_search,GB,201-1000,steveblair@hansen.biz
7931,2024-09-06,partner,BR,11-50,michellerogers@wiggins-clark.net
7932,2024-08-08,referral,DE,1-10,stanleyvalenzuela@singh.com
7933,2024-04-10,organic,AU,1-10,greenstacy@coleman-cox.com
7934,2023-10-22,organic,US,1-10,alyssabauer@singh-nolan.com
7935,2023-09-26,partner,AU,1-10,heather03@simpson.com
7936,2023-03-14,organic,US,1-10,hilljoseph@johnson.org
7937,2024-02-16,paid_search,CA,51-200,rothbriana@wilkins.org
7938,2024-04-10,partner,US,11-50,dterry@rice.net
7939,2023-11-16,paid_search,SG,11-50,elizabeth65@boyd-turner.com
7940,2024-02-20,organic,DE,11-50,jackson77@mills-mcdonald.com
7941,2023-11-01,paid_search,FR,51-200,sskinner@novak-perkins.info
7942,2024-05-13,referral,FR,1000+,fpeterson@clark.biz
7943,2024-10-27,organic,NL,201-1000,rcollins@hodge.com
7944,2023-05-19,organic,NL,1-10,ncruz@thompson-hicks.com
7945,2023-11-02,referral,GB,1-10,chelsea71@roberts.com
7946,2023-04-01,paid_search,GB,11-50,stephen77@robinson.org
7947,2024-05-14,referral,NL,1-10,zacharydawson@brooks.com
7948,2024-07-24,organic,US,1-10,wmorgan@robinson.com
7949,2024-11-02,organic,AU,1-10,roberta76@brown.biz
7950,2023-09-10,referral,GB,11-50,tiffany58@gibson.com
7951,2024-11-29,organic,US,1-10,sandra69@huerta.net
7952,2022-10-03,referral,US,1-10,brobinson@sanchez.com
7953,2024-04-22,social,AU,11-50,gillespieelizabeth@benson.com
7954,2022-09-27,organic,AU,11-50,rickymcdonald@hanson.com
7955,2024-10-13,social,AU,1-10,stewartchristian@reed.com
7956,2024-03-28,paid_search,US,1-10,snyderkerry@garrett.org
7957,2024-06-06,partner,US,1-10,fblackwell@peters-franklin.com
7958,2024-09-18,organic,US,1-10,gjones@bass-watkins.com
7959,2023-05-15,paid_search,US,11-50,danielnicole@lewis.com
7960,2022-07-02,paid_search,DE,1-10,jacob60@fowler-madden.com
7961,2024-10-24,paid_search,BR,51-200,eweber@bishop-cooper.com
7962,2023-10-29,paid_search,US,11-50,kathryn68@navarro.org
7963,2023-04-05,organic,DE,51-200,jennifer19@smith.info
7964,2024-02-24,social,NL,1000+,johnsonlisa@harrington-martinez.info
7965,2024-04-06,paid_search,AU,1-10,cindy21@allen.com
7966,2022-05-10,organic,FR,1-10,william90@ortiz-king.com
7967,2023-09-19,paid_search,FR,1-10,ramoskimberly@mclaughlin.com
7968,2022-06-14,organic,AU,51-200,eclark@warren.info
7969,2024-01-27,organic,GB,51-200,pearsonashley@nichols-rosales.com
7970,2024-10-09,paid_search,FR,1-10,flemingkevin@ward-lopez.net
7971,2024-12-27,,US,11-50,walkercody@carter-ramos.org
7972,2024-05-15,referral,FR,11-50,glee@howard.com
7973,2023-05-18,partner,US,11-50,heather76@potter-webb.net
7974,2024-10-26,referral,AU,11-50,oholt@nelson.com
7975,2024-02-16,paid_search,IN,1-10,phillipsmason@molina.net
7976,2023-05-14,organic,BR,11-50,osbornemaria@cardenas.net
7977,2024-11-20,paid_search,NL,11-50,jessica58@murphy-turner.com
7978,2024-08-05,paid_search,US,11-50,evancortez@parks-anderson.net
7979,2024-07-17,social,US,11-50,hendersonryan@martinez-thompson.org
7980,2024-06-24,organic,DE,1-10,karenblair@scott-nelson.com
7981,2023-07-04,paid_search,US,1-10,sullivantracy@thomas.net
7982,2023-07-16,organic,CA,11-50,alexisclark@phillips-flowers.info
7983,2024-06-11,paid_search,FR,11-50,smithellen@jackson-wallace.com
7984,2023-08-01,social,US,51-200,jacob37@morgan.com
7985,2024-01-21,paid_search,US,11-50,tmartinez@barnes.com
7986,2024-08-28,referral,GB,1-10,evancook@rogers.com
7987,2024-08-15,referral,US,1-10,qvilla@foster.net
7988,2024-01-06,social,SG,1-10,travis13@eaton-morgan.info
7989,2024-08-22,paid_search,SG,11-50,ichandler@white.com
7990,2024-09-09,organic,GB,1-10,johnsonkevin@hernandez.com
7991,2024-05-19,referral,SG,11-50,jeremycarey@davidson-tran.com
7992,2023-08-09,referral,CA,1-10,michaeljohnson@martinez.biz
7993,2023-09-23,organic,US,11-50,amypowell@knight-bowman.com
7994,2023-10-24,referral,CA,201-1000,gsavage@cross-mora.org
7995,2023-03-12,organic,CA,11-50,obrientimothy@golden.com
7996,2023-09-24,partner,CA,1-10,kelly55@horton.biz
7997,2023-07-10,organic,GB,11-50,fcrawford@perkins-savage.com
7998,2024-01-12,social,AU,11-50,christopherholland@sandoval.biz
7999,2024-10-05,referral,US,1-10,johnevans@cochran.com
8000,2023-02-02,paid_search,US,1-10,graygerald@leon.com
8001,2024-07-27,referral,US,11-50,jonesemily@green.com
8002,2024-06-02,social,CA,51-200,vanessa65@rowland.info
8003,2023-01-01,social,US,1-10,theresa07@lara-bailey.com
8004,2024-11-12,referral,AU,1-10,jorgediaz@underwood.com
8005,2024-04-25,partner,US,11-50,elizabeth56@rodriguez-schwartz.com
8006,2023-11-06,organic,US,11-50,janetmcclure@wheeler.info
8007,2024-07-20,partner,CA,201-1000,kjohnson@west-hooper.com
8008,2023-09-26,referral,US,11-50,rmiller@herman.com
8009,2024-06-23,referral,BR,1-10,connor67@bridges.com
8010,2022-07-08,partner,GB,11-50,nathanmartin@garcia.info
8011,2024-09-24,,FR,1-10,karenfowler@moore.com
8012,2024-01-25,organic,US,11-50,mileshaley@fisher.com
8013,2024-05-22,referral,FR,11-50,bwarren@rangel.com
8014,2023-08-06,organic,US,1-10,cantrellrichard@king-wilson.net
8015,2024-06-12,social,US,1-10,phillipmorrison@miller.com
8016,2024-08-31,social,DE,1-10,cooperjennifer@nunez.com
8017,2024-02-29,partner,US,11-50,chris19@aguilar.net
8018,2024-05-25,,IN,201-1000,diane11@roberts-myers.com
8019,2024-01-26,paid_search,IN,51-200,donaldwallace@phillips.com
8020,2024-10-25,social,AU,1-10,alexandriamurphy@knight.info
8021,2024-02-04,social,BR,51-200,hansenbrandon@reed.com
8022,2024-09-01,social,US,11-50,reginahawkins@johnson.org
8023,2024-08-03,social,GB,11-50,jonathanjohnson@small.net
8024,2024-01-02,social,CA,11-50,jordan99@robles.biz
8025,2023-08-13,paid_search,US,1-10,craigrogers@jones.com
8026,2023-12-20,organic,US,1000+,sarah29@petersen-cole.com
8027,2024-09-26,paid_search,GB,1-10,marcolambert@nelson-reese.net
8028,2023-08-02,referral,GB,1-10,jeffreyward@ramirez.biz
8029,2024-03-01,referral,AU,11-50,medinalauren@church-tapia.com
8030,2024-09-06,organic,IN,1-10,ewingchristopher@campbell.com
8031,2023-11-15,social,US,201-1000,carrie37@mccarthy.info
8032,2024-05-03,referral,US,51-200,jeremiahtaylor@joseph-gibbs.biz
8033,2023-08-12,social,BR,1000+,rodriguezmeghan@pope.com
8034,2023-02-09,paid_search,GB,11-50,bgarcia@monroe.com
8035,2024-08-18,referral,FR,11-50,toconnor@vasquez.org
8036,2023-02-27,organic,US,51-200,hscott@bennett-bishop.net
8037,2023-09-14,organic,DE,1-10,traceyconner@gomez.biz
8038,2024-09-22,paid_search,FR,11-50,angela67@rose-cook.com
8039,2023-11-23,partner,CA,201-1000,christine53@clark.com
8040,2024-12-02,partner,US,201-1000,daviddennis@mueller.biz
8041,2024-12-09,organic,DE,201-1000,chenjennifer@leon.com
8042,2023-09-22,partner,US,201-1000,cnichols@warren.info
8043,2022-07-10,paid_search,US,11-50,piercemarc@smith.com
8044,2024-06-28,partner,CA,51-200,benjamincopeland@turner-gray.biz
8045,2024-01-28,organic,AU,1000+,ywalker@molina.net
8046,2023-02-28,social,US,1000+,clarkchristine@cochran.com
8047,2024-06-09,referral,CA,11-50,tammy21@hall.org
8048,2022-05-13,organic,US,1-10,rebeccaturner@griffin.info
8049,2024-10-15,,CA,11-50,sextonchristopher@harris.org
8050,2023-04-09,referral,SG,201-1000,jodysoto@doyle.org
8051,2023-04-03,organic,US,1-10,brittanyfrazier@montgomery.com
8052,2023-06-11,paid_search,IN,1-10,jasonsmith@morris-wells.com
8053,2024-11-05,referral,BR,11-50,batespamela@bradshaw.com
8054,2024-06-28,partner,GB,201-1000,schaeferchristopher@munoz.com
8055,2024-08-17,referral,GB,1000+,morganjenkins@goodman-hanson.net
8056,2023-12-17,paid_search,CA,1-10,kendrahoffman@allen.com
8057,2023-10-11,paid_search,BR,51-200,sheilahart@hardin.info
8058,2023-08-31,organic,US,1-10,sherylsullivan@ball-brown.info
8059,2024-02-20,partner,US,201-1000,sjones@oneal-fisher.com
8060,2024-03-23,,GB,201-1000,wagnerdeanna@sanders.org
8061,2024-05-01,referral,SG,11-50,doris29@martin.com
8062,2023-09-23,paid_search,DE,1-10,lpaul@buck.org
8063,2024-11-23,referral,US,201-1000,dawnthomas@knox.net
8064,2023-06-17,referral,US,51-200,sellerstimothy@hernandez.info
8065,2024-11-27,,US,1-10,wendy78@owen.org
8066,2022-03-20,organic,FR,11-50,joseph08@harris.com
8067,2024-02-14,organic,BR,1000+,john42@george-evans.info
8068,2023-10-14,referral,GB,51-200,ana77@moore.com
8069,2024-01-23,partner,BR,1-10,christophermorrison@gonzales-jones.com
8070,2024-04-26,paid_search,DE,1-10,carterjohn@wallace.com
8071,2024-01-09,paid_search,BR,1000+,rachel02@thomas-williams.org
8072,2024-01-04,paid_search,US,1-10,dharris@farmer-coleman.net
8073,2024-07-21,partner,US,1-10,juan18@mcguire-mcdonald.biz
8074,2024-06-27,paid_search,DE,51-200,emiller@schultz-kim.com
8075,2024-09-30,referral,IN,11-50,bmartinez@jackson-willis.com
8076,2023-08-18,paid_search,DE,1-10,brownclayton@brown-bowen.net
8077,2024-04-15,partner,GB,1-10,mauricevargas@lewis.com
8078,2024-04-03,social,US,11-50,wilsonrobert@kirk.com
8079,2023-11-07,paid_search,US,11-50,paige88@galloway.org
8080,2024-02-06,referral,CA,51-200,xdavid@barnes-johnson.com
8081,2023-10-02,partner,GB,1-10,dawn95@cooke.com
8082,2023-04-29,organic,DE,11-50,lindsaymalone@clark-johnson.net
8083,2023-07-17,paid_search,US,11-50,chansen@mcfarland-hughes.com
8084,2023-02-23,social,US,201-1000,monicaboyd@phillips-hall.com
8085,2024-06-06,referral,AU,11-50,andrea02@nielsen.info
8086,2024-05-11,organic,NL,201-1000,johnsonjohn@stewart.com
8087,2024-11-17,social,GB,11-50,linda06@mcdonald.com
8088,2024-07-30,partner,IN,11-50,thomas08@harris.com
8089,2022-09-13,referral,FR,11-50,cody14@peterson.com
8090,2024-10-10,organic,CA,1-10,brenda18@hernandez.com
8091,2024-09-23,social,SG,11-50,pdaniel@sims-cummings.com
8092,2024-01-02,paid_search,US,1-10,brianvelasquez@mccullough.com
8093,2024-04-08,social,US,11-50,masonmichael@duke.biz
8094,2024-12-18,partner,GB,51-200,carrieward@alvarado.org
8095,2024-03-25,partner,US,1-10,cheryl94@ramos.com
8096,2024-10-01,organic,GB,1-10,carlosolsen@wiggins.com
8097,2023-01-14,,US,11-50,richard85@brown.net
8098,2023-06-28,social,CA,1-10,brooksamy@campos-mckay.org
8099,2024-01-31,paid_search,DE,1-10,shannonwood@garrison.com
8100,2024-04-16,organic,GB,1-10,inguyen@vega.com
8101,2024-09-01,social,US,11-50,ryan20@cross.info
8102,2024-12-30,paid_search,AU,51-200,joshuasmith@kramer-solis.biz
8103,2023-12-15,,NL,1-10,garciaanthony@brock.info
8104,2022-08-06,referral,US,1-10,kylelawson@jordan.com
8105,2024-08-21,referral,IN,51-200,melissahartman@harris-snyder.com
8106,2024-04-21,social,CA,1-10,lisawalls@bennett.com
8107,2023-07-14,organic,NL,1-10,yvette00@edwards.info
8108,2024-02-26,partner,GB,11-50,melissa18@cooper.com
8109,2024-07-25,organic,US,1-10,dustinkennedy@adams.info
8110,2024-08-17,paid_search,AU,1-10,tina78@green.com
8111,2024-02-05,social,US,11-50,zimmermanernest@collins-rodriguez.com
8112,2023-10-27,organic,AU,51-200,monicafletcher@jones-bowen.com
8113,2024-12-26,paid_search,NL,1-10,travis92@day-butler.com
8114,2024-05-06,social,US,51-200,adamwood@houston.info
8115,2023-12-05,paid_search,US,201-1000,tylerlisa@lopez.com
8116,2023-09-17,referral,IN,11-50,cindy81@strong-hart.net
8117,2024-07-19,social,BR,1000+,hannahblack@carter-allen.info
8118,2023-08-21,organic,US,11-50,danielbaker@thomas.com
8119,2023-06-18,paid_search,NL,1-10,williamsdaniel@hogan.com
8120,2024-03-19,paid_search,IN,1-10,alexander55@mcdonald.biz
8121,2023-09-28,referral,US,1-10,johnnytorres@duffy.com
8122,2024-05-26,,US,11-50,sara75@smith-robertson.com
8123,2023-03-10,,US,11-50,allisonferguson@glass.com
8124,2024-05-29,organic,DE,11-50,ldelgado@sutton-nichols.com
8125,2023-09-08,organic,FR,11-50,jperez@martinez-james.com
8126,2022-01-03,,US,11-50,kelly84@briggs-montoya.com
8127,2023-03-11,paid_search,GB,11-50,nthompson@gonzalez.com
8128,2024-11-01,organic,IN,201-1000,timothycollins@allen-keith.info
8129,2024-10-08,referral,US,1-10,anthony65@dunn-williamson.com
8130,2023-08-27,referral,IN,1000+,anita02@griffith.com
8131,2024-08-14,organic,CA,1-10,romerowilliam@ramirez.com
8132,2024-04-18,referral,US,1-10,kingdonna@page.com
8133,2024-12-31,social,US,1000+,willisjonathon@jimenez-davis.com
8134,2023-11-19,paid_search,FR,1-10,margaretthomas@russell.com
8135,2024-06-17,paid_search,BR,1-10,ndavis@green-lopez.com
8136,2022-10-18,organic,GB,11-50,xbrown@morris-fischer.biz
8137,2023-12-02,paid_search,BR,51-200,kellydunn@wilson-johns.com
8138,2024-11-03,organic,DE,201-1000,qspence@vang.info
8139,2024-03-12,social,US,1-10,anne23@skinner.com
8140,2023-09-26,organic,GB,1-10,fowlerdaniel@hunt.info
8141,2023-03-21,referral,CA,11-50,logan74@jenkins-gates.org
8142,2024-06-15,organic,US,1-10,wendysmith@harrell-bird.info
8143,2024-05-20,paid_search,DE,11-50,robertbradford@brooks.info
8144,2023-11-30,referral,BR,1-10,whitekelly@brown.com
8145,2024-11-16,paid_search,US,11-50,alyssa04@wise.biz
8146,2022-04-12,organic,US,201-1000,edwardjones@powell.com
8147,2023-10-08,referral,GB,11-50,qcampbell@carter.com
8148,2024-11-21,organic,US,11-50,sonya16@meyer.com
8149,2023-10-29,partner,IN,201-1000,rhondaromero@ballard-deleon.org
8150,2023-09-18,organic,US,1-10,kathyparks@adams.biz
8151,2024-03-11,organic,BR,201-1000,thomas93@robinson-page.com
8152,2024-09-05,social,US,11-50,gmartin@nguyen.com
8153,2023-02-22,social,DE,11-50,fgibson@ryan.biz
8154,2024-11-25,social,GB,1-10,nbrown@jones-davis.biz
8155,2024-08-28,organic,DE,1-10,yrobinson@martinez.info
8156,2023-06-10,social,GB,1-10,ltravis@shepherd-evans.info
8157,2024-06-10,paid_search,US,1-10,bmclaughlin@peterson-snow.info
8158,2023-12-26,social,US,11-50,dchapman@garcia.com
8159,2023-12-25,referral,US,1-10,john60@walker-johnson.info
8160,2024-08-17,social,CA,1-10,jaredrobinson@peters.info
8161,2024-11-02,organic,FR,11-50,elizabethdiaz@walker-lopez.com
8162,2023-03-08,organic,NL,51-200,wspencer@harmon.biz
8163,2024-01-24,,BR,1-10,vkim@chambers.org
8164,2024-02-24,social,AU,1000+,tlewis@mills-shaffer.com
8165,2023-11-14,organic,DE,51-200,olivershane@green.org
8166,2023-11-01,referral,US,51-200,brendafarrell@rowe-peck.com
8167,2022-09-03,social,BR,1-10,jwyatt@park.info
8168,2024-06-27,referral,GB,11-50,ashleyfernandez@hall-drake.biz
8169,2024-01-19,referral,FR,1-10,bchavez@hanson.com
8170,2023-07-27,paid_search,NL,1-10,david36@smith.com
8171,2024-09-26,partner,US,1-10,alex08@wilson-gonzalez.net
8172,2024-08-10,paid_search,US,201-1000,kimberlyberry@jones.com
8173,2024-02-03,,IN,1-10,adamduke@harrison.org
8174,2023-10-10,social,FR,1-10,hmartinez@brooks.com
8175,2024-05-26,paid_search,GB,1-10,csimmons@tran.com
8176,2023-09-07,referral,DE,11-50,thomasrebecca@shelton.biz
8177,2023-08-06,partner,GB,11-50,smiller@nguyen-kennedy.com
8178,2024-07-06,paid_search,US,1-10,lsanders@kelly-jimenez.com
8179,2022-07-25,organic,US,1-10,rebecca88@gonzalez.com
8180,2023-01-03,partner,FR,11-50,valerienunez@baker.com
8181,2022-01-08,organic,US,201-1000,ewu@sullivan-scott.net
8182,2023-05-18,organic,DE,1000+,seth42@clark-edwards.net
8183,2022-11-02,referral,DE,51-200,stephanie70@burnett.com
8184,2024-12-19,paid_search,GB,51-200,ryancharles@watts-drake.org
8185,2023-09-06,organic,IN,1-10,mstevens@barrera-rodriguez.org
8186,2023-05-19,partner,US,1-10,milesrobert@henry.com
8187,2023-08-22,organic,US,1000+,johnsonchristian@carroll-harrison.biz
8188,2024-11-24,social,US,11-50,williamsethan@wong.biz
8189,2024-03-05,organic,GB,201-1000,kendra38@taylor.com
8190,2023-11-13,paid_search,SG,1000+,donaldmorrison@martin.com
8191,2024-10-23,partner,SG,201-1000,olopez@hernandez.com
8192,2023-12-03,organic,DE,11-50,jonathan09@rodriguez-henson.org
8193,2023-10-29,referral,DE,201-1000,wcook@murphy.com
8194,2023-07-26,social,US,1-10,ufrank@moran-castro.biz
8195,2023-11-28,organic,US,1-10,melanie50@pena.org
8196,2023-10-06,organic,BR,1-10,fwood@brown.com
8197,2024-06-26,organic,GB,1-10,mitchelljames@sullivan.com
8198,2023-09-16,organic,BR,11-50,williamvalentine@ray.org
8199,2024-04-13,paid_search,IN,11-50,perrybarbara@payne.info
8200,2022-10-12,social,US,51-200,brownkevin@simpson.com
8201,2023-06-21,paid_search,US,51-200,donnaking@huber.net
8202,2023-12-25,social,US,1-10,irobertson@lopez.com
8203,2024-11-07,referral,NL,11-50,eflynn@french.net
8204,2023-11-03,organic,SG,11-50,ucook@hunter.com
8205,2024-05-25,organic,IN,11-50,veronicaray@crane.info
8206,2023-09-15,,SG,1000+,gharris@camacho.com
8207,2023-03-25,partner,DE,201-1000,elizabeth32@velez.org
8208,2022-10-07,organic,GB,11-50,cynthia10@cannon-hahn.com
8209,2023-10-01,paid_search,AU,11-50,johnsontanya@arnold.com
8210,2023-05-20,partner,SG,1-10,sheilagreen@warren-gilbert.com
8211,2023-06-20,organic,FR,1000+,phyllisbrown@kim-campbell.info
8212,2024-08-08,organic,GB,1-10,michele73@miles.com
8213,2022-03-04,social,US,51-200,cookrobert@hickman-lin.com
8214,2024-03-26,organic,CA,201-1000,jeremy19@armstrong-moore.info
8215,2023-11-09,referral,AU,1-10,dewing@williams-murphy.com
8216,2024-02-06,organic,US,1-10,williamsmartin@meyer-nelson.info
8217,2024-03-25,paid_search,BR,51-200,tracynelson@cunningham-stein.com
8218,2023-10-10,organic,FR,11-50,daryl26@higgins.com
8219,2023-10-18,organic,BR,1-10,sarah89@anderson.com
8220,2024-07-15,paid_search,FR,51-200,garzaduane@clark.com
8221,2024-10-16,organic,CA,201-1000,elizabeth03@cuevas.com
8222,2023-06-30,paid_search,FR,11-50,james62@ellis.com
8223,2023-02-18,partner,FR,1-10,margaret97@sutton.com
8224,2024-10-28,organic,DE,1-10,uporter@wilson.com
8225,2023-11-19,,IN,1000+,mpalmer@love.biz
8226,2024-03-30,paid_search,BR,51-200,jennifer12@larsen.org
8227,2023-11-08,paid_search,CA,201-1000,sarah21@johnson.com
8228,2023-03-18,social,US,201-1000,christiangates@reyes-myers.net
8229,2024-04-27,referral,US,1-10,christina13@jones-bright.com
8230,2024-03-01,organic,FR,11-50,crystalcohen@jones.net
8231,2023-07-15,paid_search,US,11-50,courtney47@ross.com
8232,2024-01-26,organic,GB,11-50,shaffermarcus@fernandez-blackwell.org
8233,2024-08-23,organic,GB,11-50,hughesbrent@riley.info
8234,2024-04-03,organic,GB,1-10,christy84@kirk-foster.com
8235,2023-02-11,paid_search,US,11-50,criley@reid.com
8236,2024-03-13,organic,US,11-50,daughertyalicia@smith.info
8237,2024-06-01,paid_search,US,51-200,djimenez@sosa.com
8238,2024-08-09,social,GB,1-10,martinbethany@harris.info
8239,2024-05-04,social,FR,51-200,jbrown@snyder.com
8240,2023-05-29,organic,GB,1-10,thorntondouglas@cole.com
8241,2024-06-04,paid_search,NL,201-1000,jeffrey32@howard.com
8242,2024-06-29,paid_search,US,11-50,torreschristian@tucker.com
8243,2022-04-13,social,US,1-10,andersonmargaret@garner.com
8244,2024-01-11,social,US,1000+,kyle85@thomas.biz
8245,2023-10-30,organic,FR,11-50,smithhayley@collier-davis.com
8246,2024-06-08,paid_search,IN,201-1000,egarcia@gregory-singleton.info
8247,2023-07-31,social,IN,1-10,alexisharvey@rogers.biz
8248,2024-04-15,organic,US,1-10,griffinmichelle@brown.com
8249,2024-10-10,partner,DE,11-50,shelleykramer@campbell.com
8250,2024-08-11,organic,US,11-50,charlespeters@mccarty-kaiser.com
8251,2024-11-22,paid_search,GB,1-10,james14@diaz-johnson.com
8252,2024-12-01,partner,US,1000+,kingchristopher@rice.net
8253,2022-02-21,,US,51-200,cpatterson@reyes-ross.org
8254,2024-05-31,organic,CA,51-200,patrickclark@johnson.net
8255,2024-01-16,partner,DE,11-50,russellmary@miller.org
8256,2024-09-21,partner,SG,11-50,wattsthomas@jones.biz
8257,2023-09-28,social,GB,11-50,reillyterrence@bowers.com
8258,2024-12-18,paid_search,IN,1-10,oterry@anderson.com
8259,2024-04-19,paid_search,DE,11-50,torreshannah@ramirez-cook.com
8260,2024-08-26,referral,US,51-200,johnayala@gonzalez.com
8261,2023-01-20,referral,GB,201-1000,fbyrd@avery.info
8262,2023-06-12,organic,US,1-10,jonathanstephenson@baldwin.com
8263,2024-08-26,referral,US,201-1000,devonvaughan@jones-powell.org
8264,2022-04-25,partner,US,51-200,richard56@li.com
8265,2024-09-21,organic,US,201-1000,bradshawjennifer@williamson-wade.com
8266,2022-03-31,paid_search,GB,1-10,bmiller@aguilar.net
8267,2024-05-14,organic,CA,11-50,moorematthew@lopez.com
8268,2023-11-23,referral,US,51-200,greenejoseph@williams-oconnor.com
8269,2024-04-10,social,AU,1-10,dylan14@schwartz.com
8270,2024-06-10,referral,GB,11-50,emoore@brown-powell.com
8271,2023-11-10,organic,US,51-200,johnsanthony@torres.biz
8272,2023-02-23,paid_search,FR,1000+,nixonmichael@robinson.info
8273,2022-11-28,paid_search,CA,1-10,stevenwoods@mcguire-morrison.com
8274,2024-04-01,,US,1000+,ekennedy@torres.com
8275,2024-03-24,partner,BR,51-200,gary84@jones.biz
8276,2024-07-03,referral,GB,1-10,andersonjill@simmons.com
8277,2024-02-15,referral,IN,11-50,mary99@murray.com
8278,2024-01-11,referral,US,11-50,aguilarheather@russell.com
8279,2023-12-27,paid_search,US,1-10,melaniereed@cummings.com
8280,2022-05-06,paid_search,BR,11-50,mkennedy@morris.biz
8281,2023-10-16,social,DE,11-50,abigail06@hill.biz
8282,2024-12-02,organic,GB,11-50,sabrina93@wyatt.biz
8283,2024-10-31,partner,US,51-200,chad20@baker-kelly.com
8284,2023-10-10,referral,US,11-50,danielwalter@marshall-webb.com
8285,2024-04-03,social,US,201-1000,ybautista@calhoun.com
8286,2024-09-28,,NL,11-50,jamesmartinez@ross.net
8287,2024-01-18,organic,FR,201-1000,clarkthomas@rivera.com
8288,2022-03-06,referral,BR,51-200,kenneth35@velazquez.com
8289,2022-11-26,organic,FR,51-200,amy96@zimmerman.org
8290,2024-02-26,,IN,11-50,devin05@brown.com
8291,2024-11-21,organic,US,11-50,oconnordawn@smith-hawkins.com
8292,2024-06-16,social,BR,11-50,ashley43@bowman.net
8293,2022-11-19,,US,1-10,frankarroyo@brown-rodriguez.biz
8294,2023-06-30,organic,BR,1-10,qpowell@martin.org
8295,2024-08-21,paid_search,FR,1-10,aliciaphelps@mendez-obrien.com
8296,2024-09-03,paid_search,AU,201-1000,ldalton@farrell.com
8297,2024-05-24,,IN,201-1000,vickie83@pratt-yang.com
8298,2024-05-31,paid_search,US,201-1000,john33@price-fowler.com
8299,2022-05-26,referral,US,51-200,brittany47@campbell.com
8300,2024-09-01,paid_search,AU,1-10,dbender@burgess.biz
8301,2024-08-14,organic,US,11-50,edennis@saunders.biz
8302,2023-09-09,paid_search,DE,1000+,shannonsamantha@whitney.info
8303,2024-06-19,partner,US,51-200,aatkinson@farmer.com
8304,2023-07-15,paid_search,US,51-200,kcantu@clements.com
8305,2022-07-10,partner,CA,1000+,cperez@mccall-ball.com
8306,2023-07-27,social,CA,11-50,ugeorge@graves.com
8307,2023-06-21,social,SG,1-10,rodriguezbriana@simmons.biz
8308,2023-10-16,,DE,1000+,laura21@carter-watson.biz
8309,2024-01-18,referral,SG,11-50,angela88@lee-tran.net
8310,2024-02-01,organic,AU,201-1000,margaret38@contreras.com
8311,2024-02-21,organic,US,1-10,bryannathaniel@gomez.info
8312,2023-09-04,organic,IN,51-200,angelajones@coleman.info
8313,2022-05-18,social,AU,1-10,alyssacooper@miller-banks.com
8314,2024-04-06,paid_search,AU,11-50,melissalogan@lewis-jacobson.biz
8315,2023-12-20,paid_search,GB,51-200,kimberly73@hayes.biz
8316,2023-10-05,paid_search,GB,51-200,brandy64@rodriguez-tyler.com
8317,2024-10-07,paid_search,US,11-50,okelly@williams-reynolds.org
8318,2024-07-12,paid_search,GB,11-50,wbarton@miller.com
8319,2024-09-27,referral,US,1-10,zsampson@nicholson-brown.com
8320,2024-02-23,organic,US,11-50,davidchapman@li-cline.biz
8321,2023-04-24,paid_search,IN,51-200,aoliver@martin-rowe.net
8322,2024-06-27,,GB,51-200,jasonpacheco@gray.info
8323,2023-07-16,paid_search,US,11-50,camerongutierrez@thompson.com
8324,2024-01-25,social,NL,51-200,paigewilliams@hawkins-gilbert.com
8325,2022-10-14,social,NL,1-10,xellis@richards-little.info
8326,2024-09-02,paid_search,IN,51-200,joneschristine@lewis.com
8327,2023-03-02,referral,BR,11-50,kelly64@johnson-jennings.com
8328,2024-10-09,paid_search,AU,11-50,smithdanielle@long.com
8329,2024-10-23,paid_search,FR,11-50,johnsonmark@neal-hicks.biz
8330,2024-01-28,paid_search,DE,11-50,christine22@glenn.com
8331,2024-07-12,organic,CA,1-10,wmcintosh@shelton.com
8332,2024-05-28,organic,US,1-10,phillipsderek@miller.com
8333,2024-09-05,paid_search,GB,11-50,samanthadougherty@love.net
8334,2024-01-03,social,CA,11-50,lcharles@glass.com
8335,2024-08-15,,US,11-50,ebutler@moody.net
8336,2024-01-12,organic,NL,1-10,lloydcheryl@martinez.info
8337,2024-11-10,paid_search,US,1-10,thomasbilly@horton-romero.biz
8338,2024-02-06,paid_search,US,11-50,cassandra80@paul.biz
8339,2024-01-08,organic,US,51-200,amy13@lindsey-park.com
8340,2024-08-22,,US,1-10,susanheath@daniels.com
8341,2024-09-30,paid_search,GB,1-10,craighodge@wolfe.biz
8342,2024-03-20,partner,IN,1000+,carriegreen@lee.com
8343,2023-06-15,social,IN,51-200,rsmith@thomas.info
8344,2024-02-02,social,US,1-10,sara44@yates-lambert.info
8345,2024-11-17,paid_search,DE,1-10,nicholas61@ross.com
8346,2024-07-13,social,GB,1-10,christinesmith@bean.com
8347,2024-09-23,referral,CA,11-50,gallagherdennis@myers.com
8348,2022-06-19,,US,51-200,qhernandez@gregory-salas.com
8349,2024-02-27,social,US,51-200,danielchristine@nichols.com
8350,2024-05-25,paid_search,NL,1-10,matthew81@ortega-harrison.com
8351,2024-09-16,paid_search,US,1-10,burkejohn@anderson-galloway.com
8352,2022-09-05,paid_search,GB,11-50,brenda52@perez-miller.net
8353,2024-09-25,partner,CA,11-50,wwiley@henry-lopez.com
8354,2024-03-29,social,BR,1-10,mooreperry@luna-lyons.net
8355,2023-07-22,organic,US,11-50,david19@trujillo-carpenter.org
8356,2023-10-04,organic,IN,51-200,erikbaker@vaughn.com
8357,2023-09-27,social,FR,201-1000,anthony66@christian.com
8358,2024-03-01,paid_search,AU,1-10,dennisliu@wilcox-haynes.com
8359,2022-09-07,organic,BR,1-10,mjones@hurley.com
8360,2023-05-15,organic,US,1-10,phillipsgregory@pope.info
8361,2024-09-25,organic,US,11-50,joshuabennett@chan.net
8362,2023-04-29,social,US,1-10,brianlittle@gutierrez.net
8363,2023-08-13,referral,SG,1-10,foxsamantha@peterson.com
8364,2024-01-21,paid_search,CA,201-1000,jatkins@moore-brown.com
8365,2024-02-09,paid_search,GB,11-50,obrown@cox-miranda.org
8366,2024-08-26,social,DE,51-200,lesliejohnson@lopez.org
8367,2024-01-22,referral,CA,11-50,carolynlyons@jordan.net
8368,2024-08-22,paid_search,US,1000+,mosleypamela@chandler.com
8369,2024-05-21,paid_search,GB,51-200,timothywhite@ramsey-reyes.com
8370,2023-03-10,paid_search,IN,1-10,epruitt@roth.com
8371,2023-05-12,paid_search,FR,51-200,jessicamiller@butler.com
8372,2024-01-15,referral,US,1-10,alexanderclark@smith.com
8373,2023-12-11,organic,US,51-200,jenna19@herrera.com
8374,2024-07-07,referral,SG,11-50,laurie31@jones.com
8375,2024-04-17,paid_search,DE,1-10,olsonjerry@chapman.org
8376,2023-12-31,organic,SG,1-10,hvelasquez@spears-jones.com
8377,2023-06-26,referral,US,11-50,donald38@lambert-gordon.com
8378,2023-08-30,referral,NL,11-50,smithsheena@rodgers.info
8379,2024-04-17,partner,DE,1-10,mmclaughlin@moreno-richardson.com
8380,2024-01-12,organic,US,11-50,megantate@benitez.com
8381,2024-02-12,social,IN,11-50,perezmichelle@burton-green.net
8382,2023-06-12,social,IN,11-50,lindsey19@king-dougherty.com
8383,2024-05-24,organic,US,1-10,jorgewilliams@robbins-delgado.com
8384,2024-09-14,partner,FR,11-50,robin08@obrien.com
8385,2023-09-21,referral,US,11-50,mcclainelizabeth@nichols-sanchez.com
8386,2024-02-08,,CA,11-50,zmitchell@smith.com
8387,2024-12-28,organic,AU,11-50,victor77@young-dixon.net
8388,2023-10-14,organic,AU,1-10,garnerlaura@walker.net
8389,2024-04-20,organic,FR,1-10,mortonjennifer@boone.com
8390,2023-01-11,organic,US,11-50,mhernandez@carroll.com
8391,2024-04-06,organic,US,11-50,mcarpenter@barnes.com
8392,2023-01-13,organic,DE,1-10,erica16@gilbert-reeves.com
8393,2024-11-19,referral,GB,11-50,rwilliams@peterson-greene.biz
8394,2024-07-09,referral,NL,1-10,marie23@johnson.org
8395,2024-08-07,referral,US,51-200,wilsondenise@rubio.com
8396,2024-06-10,paid_search,GB,11-50,josephortiz@wilson-robinson.biz
8397,2024-04-12,organic,GB,11-50,mallory73@carpenter.com
8398,2024-01-07,organic,US,201-1000,amanda98@martin.com
8399,2024-09-01,referral,FR,201-1000,elizabeth51@lee.biz
8400,2024-11-07,paid_search,GB,11-50,rebecca32@white.org
8401,2024-02-06,paid_search,GB,51-200,michaelmartinez@crawford.info
8402,2024-11-07,social,IN,1-10,kolson@parker.info
8403,2024-04-24,organic,NL,11-50,shawana@thomas-singleton.biz
8404,2024-03-19,organic,SG,11-50,sstewart@howard-robinson.org
8405,2024-01-13,organic,US,1-10,abigailsmith@blackburn.biz
8406,2023-07-20,organic,CA,11-50,xevans@adams.biz
8407,2022-01-24,,US,11-50,edward32@lopez.net
8408,2023-08-28,social,GB,1-10,jonesdeborah@burns.net
8409,2024-02-25,paid_search,IN,201-1000,jessicamora@neal.biz
8410,2023-11-21,referral,DE,11-50,seth23@patterson.com
8411,2024-01-20,paid_search,NL,1-10,gjones@dunlap.biz
8412,2024-12-14,social,IN,11-50,theresa69@bautista-johnson.com
8413,2023-11-01,referral,CA,201-1000,huntlance@schneider-odonnell.com
8414,2024-01-10,partner,IN,11-50,barry18@turner.biz
8415,2023-04-12,referral,AU,1-10,ianbird@gomez-mathews.com
8416,2022-08-12,social,IN,51-200,robertpetersen@smith.com
8417,2024-08-14,paid_search,AU,1-10,monicaluna@jimenez.com
8418,2024-04-30,paid_search,US,1000+,wilsonangela@berry.com
8419,2024-08-08,paid_search,IN,201-1000,smithshawn@smith.com
8420,2023-05-24,social,BR,51-200,omurillo@barnes.com
8421,2024-04-05,paid_search,AU,11-50,tiffanyrobinson@scott.info
8422,2023-09-13,paid_search,NL,1-10,havery@barber-gonzalez.biz
8423,2023-08-07,paid_search,IN,1-10,mark29@green-franco.info
8424,2022-02-15,paid_search,AU,201-1000,johngiles@walker.com
8425,2023-04-18,paid_search,SG,1-10,qgarcia@burnett-hernandez.com
8426,2023-10-27,organic,US,51-200,michaelmcgee@holden.net
8427,2023-03-17,paid_search,US,1-10,watkinsalexander@rodriguez.org
8428,2024-12-06,social,US,1-10,dennis78@nichols.com
8429,2023-10-17,partner,DE,51-200,turnermichael@curtis-hayes.info
8430,2023-04-13,organic,IN,1000+,welchkatie@bowman.com
8431,2023-07-06,organic,US,51-200,fpadilla@young-yu.com
8432,2024-04-08,paid_search,CA,11-50,judy62@hernandez.com
8433,2022-10-06,,US,1-10,zhines@johnson-carr.com
8434,2024-09-12,paid_search,IN,11-50,johnstonrobin@lucas.com
8435,2024-11-03,organic,CA,1-10,nathanielgarcia@evans.com
8436,2023-08-28,paid_search,DE,1-10,brian48@pratt.com
8437,2024-01-01,partner,AU,1-10,rhart@nelson.org
8438,2022-04-16,paid_search,GB,11-50,xrosario@patterson-humphrey.com
8439,2024-05-24,partner,US,51-200,johnsmith@fischer.com
8440,2024-01-03,paid_search,US,1-10,cherylkhan@fuller.com
8441,2023-09-11,organic,IN,51-200,ljordan@patrick.com
8442,2023-07-27,referral,FR,1000+,ltaylor@vargas.com
8443,2024-05-18,social,FR,51-200,jacobholmes@phillips.org
8444,2024-01-23,organic,AU,11-50,steven87@roberts.com
8445,2023-06-02,social,US,1-10,chernandez@warner.com
8446,2024-06-20,organic,US,1-10,gmoss@owens-lane.net
8447,2024-03-18,paid_search,FR,11-50,jason52@ferguson-oneill.com
8448,2024-09-04,social,CA,1-10,cynthia99@wilson-nelson.com
8449,2023-03-01,social,US,11-50,robertbrown@kelley.com
8450,2024-08-26,partner,US,11-50,aaronfernandez@hansen-sullivan.com
8451,2024-06-04,,BR,1-10,prosales@hebert.com
8452,2023-03-28,organic,GB,11-50,michaelmorton@williams.com
8453,2024-06-18,organic,GB,1-10,kimberlyrivera@berry-williams.com
8454,2024-01-24,partner,IN,11-50,susan88@parrish.org
8455,2024-11-20,referral,AU,1-10,abigail54@smith-flores.com
8456,2023-04-13,referral,FR,1-10,ecooper@mathis.info
8457,2024-05-12,paid_search,AU,11-50,dswanson@tran.com
8458,2023-11-24,social,US,201-1000,brian18@hill.com
8459,2024-11-14,paid_search,US,11-50,qcox@henry.com
8460,2023-10-22,paid_search,CA,11-50,andrew36@sanchez.com
8461,2024-11-21,paid_search,NL,11-50,martinezjoseph@goodwin-stone.com
8462,2024-10-07,social,IN,201-1000,xjohnson@knox.org
8463,2023-09-28,referral,FR,51-200,andrewhenderson@buck-gonzalez.org
8464,2024-09-30,,US,201-1000,perrymichelle@newton-vasquez.com
8465,2024-12-23,organic,GB,1-10,greenmatthew@lee-key.com
8466,2023-09-19,organic,IN,1-10,christopherarcher@jones.com
8467,2024-01-07,organic,GB,1000+,petersdavid@robinson.info
8468,2024-03-02,referral,NL,51-200,sarahrasmussen@johnson.info
8469,2023-09-09,organic,US,1000+,trevinohayley@hampton.biz
8470,2022-03-07,paid_search,DE,201-1000,gpugh@hunter.com
8471,2023-08-16,paid_search,CA,1-10,mflores@lewis.com
8472,2023-09-05,social,US,1-10,staylor@reese.com
8473,2024-01-13,organic,FR,201-1000,kevin93@bennett-howell.org
8474,2023-06-06,partner,IN,51-200,timothy38@wright-stewart.com
8475,2024-10-24,organic,US,1-10,xthompson@holmes.com
8476,2024-06-13,referral,IN,201-1000,adriana96@grimes.com
8477,2023-01-14,paid_search,DE,1-10,maryjohnson@rodriguez.org
8478,2024-05-04,referral,US,11-50,noahherrera@brown-rodriguez.com
8479,2024-05-18,organic,US,51-200,marcus55@williams-davis.net
8480,2024-11-28,referral,DE,1-10,petersensarah@charles-buckley.com
8481,2022-01-22,referral,AU,1-10,erik62@torres-jenkins.info
8482,2023-08-02,organic,GB,201-1000,wilcoxcrystal@davis.com
8483,2024-11-17,social,AU,201-1000,nenglish@harris.org
8484,2024-11-02,paid_search,US,1-10,hgreen@howard.com
8485,2024-07-10,social,US,11-50,nmorgan@ramos.com
8486,2024-08-22,referral,FR,1000+,coxjerry@frey.com
8487,2023-01-27,organic,US,11-50,nwalker@gonzalez-scott.com
8488,2024-02-13,referral,AU,11-50,williamsonanthony@glass.com
8489,2023-08-18,organic,US,1-10,andrewtyler@cole.com
8490,2023-06-06,organic,US,1-10,iali@santiago-wood.info
8491,2024-09-07,social,US,1-10,hphillips@anderson.com
8492,2023-04-26,organic,US,11-50,greg72@king-mccullough.com
8493,2024-02-18,social,US,51-200,jarvischristy@hopkins.info
8494,2024-11-26,paid_search,US,11-50,harristimothy@jones-butler.com
8495,2023-06-03,referral,CA,1-10,chenpatrick@vaughn.com
8496,2024-12-02,social,AU,1-10,thobbs@torres.com
8497,2024-12-14,referral,US,11-50,garzajohn@gonzalez.org
8498,2024-03-12,organic,GB,11-50,gwilliams@bush.org
8499,2023-06-26,social,US,201-1000,kara70@gilbert-sims.com
8500,2023-10-17,organic,IN,11-50,kevin46@shaffer.biz
8501,2024-01-15,organic,GB,11-50,timothy96@bradley-wright.com
8502,2023-10-08,referral,DE,201-1000,joneskimberly@monroe.com
8503,2023-09-12,referral,US,1-10,bellkarla@pace-patel.com
8504,2024-12-20,,US,1-10,ronaldvillegas@rose.net
8505,2023-05-20,referral,US,1-10,jesseyoung@garcia-wright.org
8506,2024-07-30,partner,DE,201-1000,jennifer25@baker.info
8507,2022-01-06,paid_search,US,51-200,clarkterry@hopkins.com
8508,2024-04-18,organic,GB,1-10,mariaramirez@atkinson.com
8509,2024-10-03,partner,IN,1-10,carterjoshua@gonzales.com
8510,2023-09-04,paid_search,BR,1-10,erin51@malone-hall.com
8511,2023-06-05,paid_search,DE,1-10,jonesmatthew@randall-gibson.com
8512,2024-05-10,referral,GB,11-50,xschmidt@elliott.com
8513,2024-06-19,partner,US,51-200,cynthia17@logan.com
8514,2024-06-22,paid_search,AU,11-50,charlesrobinson@macdonald.com
8515,2023-10-13,organic,IN,1-10,shawna22@martinez.com
8516,2023-09-25,social,GB,1-10,james19@mccarthy-stewart.biz
8517,2024-11-07,paid_search,CA,1-10,laura18@smith.com
8518,2024-11-13,partner,AU,11-50,jessica80@alvarado.info
8519,2024-01-26,referral,CA,1-10,ssteele@garza.org
8520,2024-09-13,paid_search,US,11-50,kmurphy@miller.info
8521,2024-01-16,social,US,1-10,brayelizabeth@stevens.com
8522,2024-01-29,paid_search,NL,1000+,hendersontodd@ibarra-hamilton.com
8523,2023-05-07,organic,NL,1-10,zjordan@nichols.com
8524,2024-01-09,organic,US,1-10,harrisangela@thomas-black.info
8525,2024-03-27,social,IN,1-10,lindsey15@mahoney-miller.com
8526,2022-04-11,social,CA,11-50,rosskristen@morgan.com
8527,2024-01-20,paid_search,US,1-10,jameskrista@joyce-nichols.com
8528,2024-08-12,,US,51-200,william08@wilson-king.biz
8529,2024-06-01,referral,BR,201-1000,dchavez@garcia.com
8530,2024-05-11,organic,US,51-200,taylorclifford@hodges.com
8531,2024-10-17,organic,NL,1-10,ncastro@maxwell.info
8532,2022-03-20,,DE,1-10,sheppardlisa@walters.com
8533,2024-03-05,organic,US,51-200,hendersontiffany@jones-thomas.com
8534,2024-08-04,organic,US,1-10,thompsonapril@stokes-herrera.com
8535,2024-03-29,referral,NL,201-1000,harrisdarius@cross-long.com
8536,2023-10-08,social,IN,1-10,aaron62@mcintyre.com
8537,2023-04-23,referral,US,201-1000,michaelavery@kelly.com
8538,2024-10-26,partner,NL,11-50,james72@pham-salinas.com
8539,2024-02-08,organic,BR,201-1000,xsanders@gilmore-holland.com
8540,2024-10-22,social,GB,51-200,blewis@bryant.com
8541,2024-04-19,social,US,201-1000,xrowe@villanueva.net
8542,2024-06-02,social,US,1-10,adammorales@elliott.com
8543,2024-09-30,paid_search,US,1-10,dleblanc@hahn-norris.info
8544,2024-05-20,partner,BR,201-1000,brandytaylor@harvey.com
8545,2023-12-17,organic,US,1-10,nvelez@benson-mills.com
8546,2024-02-02,social,AU,1-10,adamsrenee@smith.net
8547,2024-09-10,organic,GB,1000+,veronicalane@ellison.net
8548,2023-11-17,social,IN,11-50,ealvarez@contreras-barry.com
8549,2023-12-07,referral,GB,11-50,traceycampbell@williams.org
8550,2023-01-10,social,BR,201-1000,lisadavis@barajas.com
8551,2024-10-14,organic,FR,11-50,johnsonjack@peterson.com
8552,2023-01-31,paid_search,US,51-200,ljohnson@lewis.com
8553,2024-05-16,social,US,1-10,youngjoshua@melendez.com
8554,2024-01-24,organic,DE,1-10,nicolerandolph@ewing.net
8555,2023-12-04,organic,GB,11-50,sandrawalsh@beasley.net
8556,2024-06-18,social,AU,1-10,yvette19@ramirez-arnold.com
8557,2022-11-08,organic,GB,11-50,qrios@beard.net
8558,2024-04-17,organic,SG,1-10,qwaller@velasquez.com
8559,2024-08-09,paid_search,CA,1-10,dramirez@huynh.info
8560,2024-09-13,social,CA,11-50,dillon58@hurst.biz
8561,2023-06-16,organic,FR,51-200,jleon@cooper-miller.biz
8562,2024-10-15,organic,DE,1-10,cochraneric@nelson.net
8563,2024-05-16,paid_search,US,51-200,garciarobert@sanders-singh.com
8564,2024-10-07,social,GB,1-10,ubishop@ortiz.com
8565,2024-02-07,organic,IN,51-200,ehoffman@simon.com
8566,2024-03-13,organic,DE,1-10,ylee@jones-johnson.org
8567,2024-11-27,organic,BR,1-10,juanlewis@howard.com
8568,2024-10-26,,US,11-50,sgarrison@mitchell-avery.biz
8569,2024-01-04,organic,GB,1-10,zimmermantravis@moody-malone.com
8570,2023-09-10,paid_search,AU,201-1000,eleonard@hensley.com
8571,2023-12-13,partner,GB,11-50,joseph20@ramos.com
8572,2023-12-09,partner,US,11-50,njones@estrada.info
8573,2023-09-20,partner,US,1-10,juanhernandez@jones.com
8574,2023-09-28,paid_search,US,1-10,fordangela@boyer.biz
8575,2024-09-09,social,NL,1-10,carla90@brown-holmes.com
8576,2022-11-14,social,GB,1-10,gerald13@baker.com
8577,2024-06-25,organic,US,11-50,davidanderson@wallace.com
8578,2023-06-08,organic,AU,11-50,leonjoshua@bullock.com
8579,2023-11-24,social,FR,51-200,david34@klein.biz
8580,2022-10-23,paid_search,US,11-50,carriemiller@williams.com
8581,2023-09-17,organic,NL,11-50,wclark@kelly-lane.info
8582,2024-08-02,partner,SG,51-200,carla56@kelly-ramirez.biz
8583,2024-10-05,organic,AU,1-10,cbennett@brandt-klein.com
8584,2023-08-20,organic,GB,1000+,jacqueline16@duran.com
8585,2024-01-08,paid_search,CA,1-10,gabrielmaxwell@rodriguez.com
8586,2024-02-28,organic,NL,1-10,james24@bolton.com
8587,2024-10-06,organic,US,11-50,bdavis@armstrong-lee.org
8588,2024-08-09,referral,NL,11-50,copelandmatthew@garcia.biz
8589,2024-02-10,paid_search,DE,1000+,charles46@brown.com
8590,2024-06-24,partner,FR,201-1000,ngutierrez@ellis.info
8591,2024-09-07,social,AU,1-10,kathydavis@williams.org
8592,2022-02-16,social,CA,1-10,brian35@leach-watson.com
8593,2023-12-01,organic,GB,201-1000,crowland@swanson.com
8594,2024-10-25,paid_search,US,11-50,tanyahernandez@ortega.com
8595,2024-07-15,paid_search,FR,1-10,aaron31@conner.com
8596,2024-03-18,partner,US,1000+,matthew95@mendez.com
8597,2024-03-26,referral,CA,1-10,chad71@myers-morris.com
8598,2023-11-27,partner,BR,11-50,hpatrick@miller.com
8599,2024-03-28,,US,11-50,amylambert@benson.net
8600,2024-05-09,social,US,1-10,randywalter@hester-dominguez.org
8601,2024-01-26,organic,US,201-1000,harrisoneric@pena.com
8602,2024-06-30,organic,IN,11-50,mary81@garcia.biz
8603,2024-09-27,paid_search,US,51-200,yclements@wilson.info
8604,2023-05-29,paid_search,DE,1-10,thompsonnicholas@wall.com
8605,2024-01-29,organic,GB,1-10,mark99@mcintosh-walker.com
8606,2023-12-06,organic,DE,1-10,hernandezjames@cordova.com
8607,2024-06-11,paid_search,FR,11-50,jonathanestrada@terry-anderson.org
8608,2023-08-18,organic,SG,11-50,choisandra@dudley-miller.com
8609,2024-05-28,social,GB,1-10,stephanie40@smith-franco.com
8610,2024-10-09,organic,US,1-10,sluna@smith.net
8611,2024-01-08,paid_search,DE,11-50,caitlin44@watson-montgomery.biz
8612,2024-10-23,organic,AU,51-200,johnsonkenneth@morse.com
8613,2024-12-08,social,US,201-1000,joe36@hill.net
8614,2023-02-04,organic,GB,1-10,nunezshane@hughes-nichols.com
8615,2023-08-12,partner,FR,51-200,jose38@hansen-waller.biz
8616,2024-11-26,referral,GB,201-1000,thomaspatricia@peterson.com
8617,2024-11-06,organic,US,11-50,mendozajamie@rojas.org
8618,2023-02-07,partner,US,201-1000,stephanie85@good-wright.biz
8619,2022-03-07,partner,GB,11-50,gramos@avila.biz
8620,2023-05-06,paid_search,GB,11-50,hannahsanders@gardner.com
8621,2024-12-16,paid_search,AU,1-10,tracy11@miller.com
8622,2023-06-18,paid_search,US,51-200,paulaperez@martin-wallace.com
8623,2024-02-03,paid_search,SG,1-10,reneepatel@martinez.org
8624,2024-09-12,organic,IN,11-50,dsmith@peters.com
8625,2022-04-18,referral,IN,1-10,steven06@daniels-harris.com
8626,2024-04-26,paid_search,US,1-10,kmills@bradford.com
8627,2023-09-20,organic,IN,51-200,jessenguyen@sullivan.com
8628,2024-09-04,paid_search,US,1-10,katherinewright@estrada.biz
8629,2023-09-03,organic,US,1-10,myersdustin@gonzalez-warner.com
8630,2024-06-01,paid_search,US,1-10,greenebrenda@nielsen-mcgee.info
8631,2024-06-09,paid_search,US,1-10,michael45@moran-mckinney.com
8632,2023-08-19,referral,US,201-1000,elizabethbanks@jenkins.org
8633,2022-06-17,,US,201-1000,thomasmckenzie@howe-wilson.com
8634,2024-01-25,social,IN,51-200,sphillips@flowers.com
8635,2023-09-23,referral,US,11-50,cassandra19@matthews.biz
8636,2024-09-26,referral,AU,1-10,kyle77@lane.net
8637,2024-08-29,paid_search,CA,201-1000,michelle01@west-terry.net
8638,2024-01-13,paid_search,NL,1-10,tammymiller@floyd.com
8639,2024-04-22,organic,GB,1000+,feliciablack@baker.com
8640,2024-04-19,referral,US,51-200,bakermark@bray.org
8641,2024-09-25,organic,US,1-10,darrell17@walton-little.com
8642,2024-01-22,organic,GB,51-200,bspears@manning.net
8643,2023-09-19,referral,SG,201-1000,kristenharrison@ellis-fletcher.com
8644,2023-09-30,paid_search,SG,1-10,pgallagher@martin.com
8645,2024-03-28,social,GB,201-1000,oconnorderrick@good.net
8646,2024-01-15,referral,US,201-1000,deleonteresa@soto.com
8647,2024-01-15,organic,US,1-10,deanmeredith@benjamin.com
8648,2023-01-22,referral,IN,11-50,josephdiaz@knight.com
8649,2024-07-16,organic,IN,51-200,tylerashley@weber.com
8650,2023-07-28,paid_search,IN,11-50,melindaburke@gonzales.org
8651,2023-07-17,paid_search,CA,11-50,michael55@taylor-skinner.com
8652,2024-01-28,referral,AU,51-200,jessica87@larsen.com
8653,2023-08-02,partner,CA,11-50,carolinesandoval@hart.com
8654,2024-04-16,organic,US,1-10,stephenanthony@francis-thomas.com
8655,2023-11-16,partner,IN,51-200,simsscott@hester.com
8656,2024-01-10,social,NL,201-1000,mnorton@larson.com
8657,2024-03-28,paid_search,US,11-50,inash@hutchinson.biz
8658,2023-07-06,paid_search,US,1-10,jnelson@bennett.com
8659,2023-05-16,referral,BR,51-200,dawnlewis@sanchez-garrison.biz
8660,2024-10-12,referral,IN,51-200,andersoncourtney@carey-becker.com
8661,2024-01-24,paid_search,GB,51-200,rebecca05@coffey.net
8662,2024-01-13,referral,IN,11-50,urivera@lopez.info
8663,2022-06-15,social,US,51-200,cgross@murray.com
8664,2024-02-26,social,US,11-50,sanchezkelly@farmer.net
8665,2024-03-09,partner,DE,51-200,lindahayes@watson.com
8666,2024-03-05,organic,IN,1-10,emily97@morgan-kirk.com
8667,2024-06-16,organic,DE,11-50,rwilliams@shea.info
8668,2023-06-09,referral,FR,11-50,bowmanerin@marsh.com
8669,2023-09-11,partner,DE,1-10,nguyenmeghan@cook.com
8670,2024-09-29,organic,GB,51-200,staceycastro@acosta.com
8671,2024-11-09,referral,NL,51-200,perezanthony@mccann.com
8672,2023-04-16,paid_search,GB,11-50,jonesryan@morris.com
8673,2024-02-07,social,GB,11-50,dylancampos@baker.net
8674,2023-07-07,organic,AU,1-10,zjohnson@glover-strong.com
8675,2022-10-20,paid_search,SG,11-50,xhodge@reyes-mcdonald.net
8676,2023-10-23,partner,IN,1-10,cruzalejandro@noble.com
8677,2023-04-08,paid_search,US,51-200,wroberts@davis.com
8678,2024-06-09,organic,US,201-1000,andrew14@ramirez.com
8679,2024-03-07,organic,SG,1-10,manuelgarcia@rodgers.biz
8680,2023-04-01,paid_search,US,51-200,bellelizabeth@moore.com
8681,2022-02-05,paid_search,CA,201-1000,wrightjorge@johns-colon.com
8682,2024-09-15,referral,GB,1-10,robertdunn@marks.com
8683,2023-06-10,partner,GB,11-50,markfields@allen-harris.org
8684,2024-04-09,referral,SG,1000+,ifrench@russell-baldwin.biz
8685,2023-10-13,partner,FR,1-10,mark68@abbott.com
8686,2024-04-28,partner,US,11-50,harveytravis@lawrence.com
8687,2023-10-27,social,DE,1-10,monica94@robinson.com
8688,2023-01-11,referral,IN,51-200,shawn84@carlson-ball.com
8689,2023-08-25,referral,IN,1-10,brianvelasquez@wilson-ferrell.com
8690,2023-06-29,organic,US,11-50,rholloway@valdez.com
8691,2024-01-02,paid_search,CA,11-50,esmith@romero.biz
8692,2024-05-20,paid_search,GB,1000+,johnsoncharles@joseph.com
8693,2023-09-09,referral,GB,11-50,hrice@williams.com
8694,2022-02-16,organic,US,1-10,joshua44@vincent-hall.com
8695,2024-03-27,organic,US,1-10,richard21@brown.com
8696,2024-04-29,paid_search,BR,1-10,carrollmichael@shelton.net
8697,2024-11-23,partner,CA,1-10,chadpeterson@evans.com
8698,2024-04-11,organic,IN,1-10,hornadam@weaver.info
8699,2024-02-25,social,DE,11-50,yevans@parker.info
8700,2024-04-06,social,US,11-50,ernesthunter@mcmahon-jordan.org
8701,2024-11-17,paid_search,GB,11-50,christiancampos@hall.com
8702,2024-09-16,organic,IN,11-50,dharris@hensley-mcmahon.com
8703,2023-10-22,partner,NL,11-50,youngsusan@wright-davis.com
8704,2023-08-08,partner,GB,1-10,hannah37@flores.com
8705,2023-09-07,referral,US,11-50,danny51@phillips.info
8706,2024-02-09,paid_search,DE,11-50,sandra67@perez.org
8707,2024-07-10,,US,51-200,garciatanya@davis.com
8708,2024-02-07,partner,US,11-50,xgray@johnson.com
8709,2022-11-17,paid_search,US,11-50,amanda70@thomas-walker.info
8710,2024-07-25,,CA,1-10,tsullivan@mendoza-wright.com
8711,2024-09-02,referral,IN,51-200,briana60@glover-thompson.info
8712,2023-09-12,organic,US,11-50,stephanieflynn@clark.com
8713,2024-05-02,paid_search,SG,11-50,jwilson@powell.biz
8714,2024-01-25,paid_search,DE,11-50,carriepowers@boyd-tate.com
8715,2024-10-24,organic,SG,51-200,kperez@elliott.com
8716,2024-09-08,organic,IN,1-10,vweaver@carter.biz
8717,2024-03-07,paid_search,BR,11-50,sharon99@riggs.org
8718,2024-06-23,referral,BR,201-1000,lambertlisa@lopez.com
8719,2024-10-20,organic,US,1-10,david79@forbes-evans.net
8720,2024-02-01,organic,BR,11-50,robert50@collins-jackson.com
8721,2023-10-27,paid_search,IN,51-200,gail41@huynh-davis.biz
8722,2024-07-26,,US,201-1000,megan70@brown.info
8723,2023-08-14,paid_search,CA,51-200,scottmary@baker-martinez.com
8724,2023-12-17,social,NL,1000+,simmonsmorgan@smith-wiggins.net
8725,2024-10-29,organic,AU,11-50,steeleamanda@barnes-buckley.com
8726,2024-07-11,,AU,1-10,burtonbrett@shaw.com
8727,2023-12-06,,US,11-50,woodsjimmy@shepard.com
8728,2023-07-12,paid_search,IN,51-200,bdavenport@galvan-perez.org
8729,2023-11-05,paid_search,DE,1-10,pamela86@davis.com
8730,2023-09-24,paid_search,US,201-1000,morenokristina@blake-johnston.com
8731,2023-06-02,partner,AU,11-50,bbell@french-richards.com
8732,2024-07-20,paid_search,US,1-10,scottball@thomas-davis.com
8733,2023-09-20,social,US,1-10,qruiz@jordan.info
8734,2024-01-28,,GB,1000+,nicolebolton@scott-pearson.com
8735,2023-12-08,organic,AU,11-50,steven33@wade.com
8736,2024-12-26,paid_search,IN,51-200,jclark@perez.com
8737,2023-12-26,organic,GB,201-1000,nicolejohns@may-myers.com
8738,2022-12-01,organic,BR,11-50,john93@cooper.net
8739,2023-01-12,organic,AU,201-1000,kschwartz@smith-nielsen.biz
8740,2024-04-01,organic,US,1-10,johnsonbryce@novak-pruitt.com
8741,2024-04-18,organic,US,1000+,julia16@rice.com
8742,2024-01-28,paid_search,CA,51-200,bnguyen@ayala-evans.com
8743,2024-01-02,paid_search,BR,51-200,trananna@cox.info
8744,2022-09-02,referral,NL,1-10,karen36@jones.biz
8745,2024-02-12,organic,US,11-50,maynardsamantha@rhodes.com
8746,2024-02-17,paid_search,IN,11-50,moorelaura@weber.info
8747,2023-05-15,partner,AU,11-50,andrevega@hogan.com
8748,2023-02-24,organic,IN,1-10,sguzman@valentine-perez.info
8749,2023-03-22,paid_search,CA,1-10,ryan41@pierce.com
8750,2023-02-28,organic,US,1-10,anthonymartinez@lynch-nelson.com
8751,2024-04-22,organic,CA,1-10,tylerbaker@benson-lee.com
8752,2023-07-30,organic,US,1-10,michaelwilliam@dennis-ward.com
8753,2023-09-04,paid_search,US,1-10,mario94@jackson.com
8754,2023-06-21,paid_search,GB,11-50,christopher36@harris.biz
8755,2024-11-17,referral,US,201-1000,youngjessica@lewis.com
8756,2024-09-19,organic,US,11-50,milleremily@sanchez.biz
8757,2023-08-19,paid_search,FR,51-200,nlove@hunt.com
8758,2023-10-11,social,US,11-50,judithwood@thompson.com
8759,2023-07-13,organic,IN,1-10,garciabrenda@dunn.info
8760,2024-02-23,social,CA,1-10,nicoleclark@delgado.org
8761,2022-04-24,organic,FR,1-10,mccoycatherine@short-smith.com
8762,2024-06-01,paid_search,US,1-10,annarussell@oconnor.com
8763,2024-03-14,social,US,201-1000,jamesstewart@aguirre.net
8764,2024-10-01,paid_search,BR,11-50,nicolewood@hoffman.info
8765,2023-05-12,paid_search,GB,11-50,lhopkins@mason-ellis.net
8766,2024-09-25,partner,GB,1-10,lcarroll@campbell-green.com
8767,2024-08-17,organic,US,51-200,dianadonovan@bowen.net
8768,2023-03-05,referral,GB,51-200,anthony92@barton.com
8769,2023-12-10,paid_search,IN,11-50,qsolomon@flynn.com
8770,2023-06-30,paid_search,GB,201-1000,davissteven@ray.biz
8771,2023-09-12,organic,FR,1-10,deborahlawson@rogers.biz
8772,2023-09-17,paid_search,BR,51-200,kathy66@warren.com
8773,2024-03-26,social,CA,11-50,amber45@nguyen-fisher.org
8774,2024-01-02,organic,US,1-10,denisejackson@lee-green.info
8775,2024-11-11,partner,AU,1-10,hunterchad@howard-collier.org
8776,2023-03-27,paid_search,DE,11-50,frussell@carter.net
8777,2024-12-29,organic,FR,201-1000,sarah08@obrien.com
8778,2023-08-14,paid_search,US,11-50,webbpatrick@scott.com
8779,2024-08-26,paid_search,IN,1-10,donnamckenzie@shannon-herman.biz
8780,2023-10-11,paid_search,US,201-1000,bennettmichael@dickerson-thompson.org
8781,2023-04-30,organic,GB,11-50,andrew44@graham.com
8782,2024-09-20,social,US,1-10,amanda61@rodriguez.com
8783,2023-10-26,organic,IN,1-10,ipowell@curtis-flynn.org
8784,2024-05-05,referral,GB,1-10,reidrhonda@hopkins.com
8785,2024-03-03,partner,IN,201-1000,rogerburch@valencia.biz
8786,2024-02-23,referral,US,11-50,qpacheco@lee.org
8787,2024-02-21,social,US,1-10,vbrown@clarke-rodriguez.com
8788,2024-07-12,paid_search,US,1-10,jamesdickson@lin-kidd.com
8789,2023-01-12,referral,US,51-200,rhardy@lyons-dean.biz
8790,2024-06-30,paid_search,US,1-10,colinpetty@young-scott.com
8791,2024-10-18,,DE,1-10,rkline@martinez.net
8792,2022-09-26,,DE,11-50,tammy26@orr.com
8793,2023-04-28,social,GB,1-10,wallacesummer@charles.info
8794,2024-07-27,social,GB,1-10,robert05@taylor-brady.com
8795,2024-01-26,social,US,11-50,stonephilip@thompson.com
8796,2023-12-25,social,US,1-10,millerwilliam@campbell.info
8797,2023-04-03,paid_search,US,11-50,daniel18@cline.com
8798,2024-02-11,social,US,51-200,karenlawrence@jackson.info
8799,2023-03-15,referral,US,11-50,rhale@pope.biz
8800,2024-02-29,organic,NL,11-50,nathangross@yates.net
8801,2024-08-08,partner,DE,11-50,loganramirez@monroe.com
8802,2023-09-17,referral,SG,11-50,srodriguez@lopez-baker.info
8803,2024-02-17,paid_search,DE,1-10,davidwatts@fernandez.com
8804,2024-12-03,organic,GB,51-200,gramos@thomas.com
8805,2024-06-07,referral,US,1-10,scottlawrence@hayes.com
8806,2024-09-07,organic,US,1-10,kingjaclyn@ferguson.com
8807,2024-01-02,referral,US,11-50,edwardrichardson@ross.net
8808,2024-08-08,social,NL,11-50,whayes@dunlap-cortez.net
8809,2022-07-16,referral,US,1-10,benjamin04@jones.org
8810,2023-03-22,partner,CA,11-50,hgarza@cook.org
8811,2023-07-17,organic,DE,1000+,qmoran@mcdaniel-armstrong.org
8812,2023-12-18,paid_search,US,1-10,trevormedina@price.com
8813,2024-09-15,paid_search,IN,11-50,mperkins@klein.info
8814,2023-11-15,paid_search,US,201-1000,lisaporter@ray.com
8815,2024-05-29,social,US,1-10,hobbsdaniel@powell.com
8816,2024-06-08,organic,FR,1-10,hunterjames@cook.biz
8817,2024-04-06,social,GB,1-10,kimberly74@howe-jenkins.com
8818,2023-11-09,organic,IN,1-10,duanenewman@murphy.info
8819,2024-04-28,organic,GB,11-50,vincent80@lane-baker.com
8820,2023-11-25,referral,US,11-50,adriananderson@fitzgerald.com
8821,2023-01-27,paid_search,US,11-50,gglenn@lin-rosales.com
8822,2024-12-21,paid_search,US,11-50,ericahopkins@mccormick.info
8823,2023-03-16,paid_search,BR,1-10,donnalawson@arnold.org
8824,2022-11-19,organic,GB,11-50,alawson@vasquez-rice.com
8825,2024-10-03,paid_search,NL,1-10,courtneyedwards@thompson.com
8826,2023-10-20,organic,IN,11-50,utaylor@frazier.biz
8827,2024-05-11,organic,IN,1-10,thompsonivan@crawford-johnson.com
8828,2023-10-14,paid_search,DE,1-10,youngmegan@marshall.com
8829,2023-12-09,organic,US,1-10,amedina@mcdaniel.org
8830,2023-09-26,referral,US,11-50,annrosales@diaz-gonzales.org
8831,2023-11-19,social,US,1000+,gregorymurillo@johnson.net
8832,2024-01-13,paid_search,DE,51-200,dominiquesolis@adams-hartman.org
8833,2024-07-03,,US,1000+,robinsoncourtney@smith.com
8834,2024-02-06,social,AU,51-200,hbrown@lopez.biz
8835,2024-11-08,referral,DE,1000+,tiffany51@hicks.com
8836,2022-07-21,organic,GB,11-50,daniel29@brown-johnson.com
8837,2024-02-06,partner,US,1-10,jamesstevenson@bonilla.org
8838,2024-04-16,social,IN,1-10,sarafernandez@shannon.com
8839,2024-11-13,referral,US,11-50,barry21@adams.biz
8840,2022-09-16,partner,FR,1000+,williamskathleen@morrow.com
8841,2024-04-11,paid_search,US,201-1000,smithcheryl@may.net
8842,2024-09-26,paid_search,AU,11-50,lindseysarah@fields.org
8843,2023-08-30,partner,DE,11-50,gwendolyn19@mcdonald.com
8844,2024-10-13,referral,DE,51-200,brussell@rodriguez.com
8845,2022-03-12,social,GB,1-10,baileylaurie@dennis.info
8846,2024-07-22,organic,BR,1-10,millerkelly@crosby.net
8847,2024-11-28,social,NL,11-50,lisarussell@bailey.com
8848,2024-05-16,referral,US,1-10,jensenjacob@thornton.biz
8849,2024-01-20,organic,SG,201-1000,dustin93@bryant.com
8850,2022-08-06,paid_search,GB,1-10,pauldana@bell-watts.info
8851,2024-11-14,paid_search,BR,51-200,beardronald@english.info
8852,2024-02-06,organic,US,1-10,linda01@johnson.info
8853,2022-05-22,paid_search,GB,11-50,manuelharris@burgess.info
8854,2024-06-04,partner,US,1-10,ellisjames@hawkins-delacruz.net
8855,2024-02-03,referral,US,1000+,bmaynard@andrews.com
8856,2023-03-12,referral,DE,51-200,amycooper@adams.biz
8857,2023-07-14,paid_search,US,1-10,pattersonpeter@douglas.com
8858,2022-10-29,partner,US,11-50,igoodman@peterson.com
8859,2024-04-21,organic,US,1-10,deanandrew@roberts.org
8860,2024-05-06,social,CA,201-1000,jasminedunn@mccullough-daugherty.com
8861,2024-02-29,paid_search,FR,1-10,xturner@byrd-bridges.com
8862,2024-09-28,paid_search,AU,51-200,jacksonanna@edwards.com
8863,2024-09-25,organic,US,11-50,stephanie53@stephens.com
8864,2024-04-01,paid_search,NL,51-200,robertchavez@pearson.com
8865,2022-02-17,referral,US,51-200,gordongrace@day.com
8866,2024-06-02,organic,US,11-50,christina03@scott-peterson.com
8867,2024-01-17,organic,GB,51-200,nkelly@miller-ochoa.com
8868,2024-03-25,social,US,51-200,kimberlytownsend@king.com
8869,2024-05-14,paid_search,AU,1-10,karismith@ramirez-diaz.org
8870,2023-11-05,paid_search,FR,1-10,whitealicia@davenport.org
8871,2024-10-20,paid_search,NL,51-200,sarah94@blankenship-white.net
8872,2023-04-07,paid_search,SG,51-200,donaldreid@contreras-wu.com
8873,2024-06-02,paid_search,BR,11-50,samuelnixon@petersen.com
8874,2022-01-16,social,FR,1-10,madison50@sheppard.net
8875,2024-11-08,organic,US,11-50,emckinney@gonzalez-tran.com
8876,2023-03-05,partner,SG,1-10,smithjennifer@cortez-elliott.com
8877,2023-01-18,referral,US,51-200,curtis11@garza.com
8878,2023-10-07,social,US,1000+,nixonryan@wood-hurst.com
8879,2023-11-08,,US,1-10,owalker@parrish-smith.com
8880,2023-07-03,referral,GB,1-10,jamescarpenter@miller.com
8881,2024-04-03,organic,GB,1-10,ellispaula@hood-sherman.biz
8882,2024-01-28,organic,US,11-50,melinda46@stout.com
8883,2022-06-29,paid_search,GB,11-50,jenniferflowers@burnett-richardson.info
8884,2023-10-14,social,US,1-10,ggreen@long.com
8885,2024-09-11,organic,GB,1-10,wmcdaniel@winters-morales.com
8886,2024-06-02,referral,GB,201-1000,ylewis@peterson-myers.info
8887,2024-07-24,organic,GB,1-10,millerroberto@stevens-price.com
8888,2024-06-01,organic,SG,201-1000,juanrichards@hickman-perez.com
8889,2023-10-28,social,DE,11-50,rodneylowery@kerr.net
8890,2023-02-16,organic,AU,1-10,yvettegeorge@wallace-mccoy.com
8891,2023-09-03,social,SG,1-10,odoyle@wright.com
8892,2024-09-17,organic,GB,201-1000,bfry@reyes-vega.com
8893,2024-12-20,organic,US,1-10,justinbolton@harris.com
8894,2024-02-26,social,AU,1-10,zchambers@alvarado.net
8895,2022-02-23,partner,US,201-1000,burtonphilip@mathis.info
8896,2023-04-09,paid_search,FR,51-200,hsmith@krueger.com
8897,2023-10-31,organic,BR,1-10,blloyd@christian.com
8898,2024-04-27,organic,GB,1-10,david66@thomas.org
8899,2022-11-05,partner,FR,1-10,christopherwalker@adkins-rogers.biz
8900,2024-11-05,organic,GB,1-10,mbryant@gray.com
8901,2023-11-24,paid_search,US,201-1000,fleach@simpson.com
8902,2024-10-11,social,AU,1-10,cbrooks@jones-green.biz
8903,2024-08-02,paid_search,BR,11-50,zgomez@fritz.com
8904,2024-07-03,paid_search,US,11-50,hursteric@potts.com
8905,2024-04-25,paid_search,US,1-10,jonathanmelendez@scott.com
8906,2024-05-10,paid_search,GB,1-10,hannah91@jordan-medina.com
8907,2024-05-14,organic,US,1-10,zdavis@fields.com
8908,2024-05-23,social,FR,1-10,ehunt@sanchez.info
8909,2024-03-23,partner,US,51-200,walkerjohn@bell.info
8910,2024-12-29,organic,GB,1000+,petersonmallory@holden.com
8911,2024-07-08,paid_search,GB,11-50,greenejames@cruz.com
8912,2024-08-05,organic,GB,51-200,virginia89@butler-armstrong.com
8913,2024-10-24,organic,US,51-200,kirbyalexander@guerra.net
8914,2023-07-11,social,BR,1-10,slewis@gallagher.com
8915,2023-01-29,referral,IN,201-1000,connor61@sullivan-may.com
8916,2024-02-21,social,FR,1-10,laurensanders@mitchell-bailey.org
8917,2024-02-21,social,CA,1-10,zdavis@roberts.com
8918,2024-09-04,paid_search,AU,1-10,edwardsdenise@cowan-frazier.net
8919,2024-01-12,referral,CA,51-200,tward@casey-atkinson.com
8920,2024-04-23,social,US,51-200,kathryn38@jones-lewis.org
8921,2024-03-03,,DE,51-200,stephenbarker@caldwell-avila.com
8922,2022-07-29,social,US,1-10,matthew89@peterson.info
8923,2024-04-25,paid_search,US,11-50,denisenixon@francis.com
8924,2024-09-16,referral,SG,1-10,laura78@greer.biz
8925,2023-05-21,paid_search,CA,51-200,nperez@howard.net
8926,2024-04-09,social,US,1-10,jenkinsmariah@richards.info
8927,2024-04-23,social,US,1000+,jameshowe@davenport.biz
8928,2023-05-12,social,SG,1-10,seth01@rhodes-skinner.com
8929,2023-03-07,partner,GB,1-10,james62@thompson.com
8930,2024-12-16,partner,SG,201-1000,joselee@benjamin-davis.com
8931,2023-12-01,referral,GB,201-1000,prestonmarcus@jensen-wilkins.com
8932,2023-08-16,paid_search,DE,11-50,gsmith@schmidt.com
8933,2023-06-21,partner,US,1-10,qjohnson@morales-yates.com
8934,2024-06-22,social,GB,51-200,pamelalowe@ruiz.org
8935,2024-04-30,social,DE,51-200,woodsalexis@ray.info
8936,2024-05-27,,US,11-50,joseph59@ramirez.info
8937,2023-01-28,partner,FR,1-10,russellemily@johns-day.biz
8938,2024-10-20,partner,IN,11-50,johnsmith@rosario.com
8939,2023-12-01,referral,US,1-10,ginalewis@lee.biz
8940,2023-10-19,organic,AU,11-50,gmoore@alexander-murillo.com
8941,2024-01-02,organic,US,1-10,jenkinstiffany@cooper.com
8942,2023-12-23,paid_search,US,1-10,bradleythomas@bishop.com
8943,2024-10-30,social,DE,11-50,kellyraymond@cervantes-pruitt.com
8944,2024-11-15,paid_search,CA,11-50,jfox@walker.com
8945,2023-10-02,organic,DE,11-50,cynthiasimpson@rice-hall.com
8946,2024-10-23,paid_search,US,1000+,egray@randolph-ross.com
8947,2024-08-04,referral,GB,11-50,brianjohnson@clark-smith.net
8948,2024-11-24,referral,GB,11-50,snorton@sweeney-adams.net
8949,2023-08-31,paid_search,US,1-10,andre82@chambers-johnson.com
8950,2024-04-20,paid_search,FR,11-50,kimberly42@sanchez.info
8951,2023-09-04,,IN,1-10,george09@hall-stephens.com
8952,2024-09-12,partner,BR,1-10,gina79@luna.com
8953,2022-01-07,paid_search,US,201-1000,wileyadriana@carson-lozano.com
8954,2024-03-27,referral,FR,11-50,trichardson@cooke.org
8955,2023-10-10,social,IN,11-50,katie76@krueger.com
8956,2023-10-12,organic,CA,1-10,timothylawrence@guzman.com
8957,2024-05-15,social,BR,51-200,jill89@welch-maldonado.com
8958,2024-09-14,referral,US,11-50,melendezmichael@hall-wallace.com
8959,2024-04-18,organic,US,51-200,csimpson@norman-frank.info
8960,2024-09-09,paid_search,NL,1-10,coopergina@collins.com
8961,2023-09-15,referral,GB,1000+,xavier49@mitchell.net
8962,2024-03-30,referral,DE,1-10,kgreen@davis.org
8963,2024-01-18,paid_search,CA,1-10,connorjoseph@boyd-castillo.net
8964,2022-02-20,referral,GB,1-10,uaguirre@pratt-jones.com
8965,2024-03-12,organic,US,1-10,cruzjessica@green.info
8966,2024-05-07,organic,GB,1-10,xhines@love.com
8967,2024-04-21,referral,US,51-200,robertthompson@henderson-frederick.com
8968,2024-07-04,referral,AU,1000+,sheilapeterson@vega.biz
8969,2024-04-19,organic,GB,11-50,melanie57@reyes.biz
8970,2022-11-07,referral,US,11-50,robinsondustin@rodriguez.com
8971,2023-03-18,organic,US,1-10,marc61@hobbs-olson.org
8972,2024-04-05,paid_search,FR,51-200,rachel18@bailey.com
8973,2023-09-12,organic,US,1-10,timothybarnes@clarke.org
8974,2022-12-14,referral,US,11-50,dixonruth@rodriguez-brooks.biz
8975,2024-01-09,social,NL,1-10,villegasjames@lawson.com
8976,2024-03-17,organic,US,1-10,sandrabuchanan@anderson.info
8977,2023-10-19,partner,AU,1-10,susan11@anderson-berry.org
8978,2024-07-12,organic,US,1000+,gpugh@jones-adams.info
8979,2024-05-26,organic,AU,1-10,howens@harris-watts.org
8980,2023-10-21,paid_search,GB,201-1000,alexandrawheeler@thomas-fitzgerald.info
8981,2024-07-01,social,AU,1-10,hgilmore@stone.com
8982,2024-05-24,social,GB,51-200,angelicaparks@mejia-everett.com
8983,2024-05-21,referral,US,1000+,hoodryan@nicholson.com
8984,2024-03-23,referral,FR,51-200,dorothy89@campbell-bowman.com
8985,2022-02-19,organic,US,1-10,bruce85@roberts.com
8986,2024-06-05,referral,US,11-50,sandra28@price-mcdonald.com
8987,2023-11-07,paid_search,CA,11-50,ohayes@ortiz.com
8988,2024-11-03,referral,CA,1-10,karipetersen@parker.com
8989,2024-09-19,organic,SG,1-10,tracylopez@stuart.com
8990,2024-04-20,organic,US,51-200,meyercaroline@collins-hart.com
8991,2023-09-13,referral,BR,11-50,andrewphillips@hall-bishop.com
8992,2023-07-12,,US,11-50,christopheralvarez@hunter.com
8993,2023-11-07,organic,US,11-50,annehamilton@smith.com
8994,2024-02-29,social,GB,1-10,hjohnson@williams.com
8995,2023-10-17,paid_search,US,1-10,rebeccajones@floyd.com
8996,2024-02-25,organic,IN,11-50,kelly76@roberson.com
8997,2023-05-30,organic,IN,1-10,wbarnes@richardson-perry.biz
8998,2024-12-23,organic,US,201-1000,mbrown@maddox-gonzales.com
8999,2023-02-25,social,CA,11-50,knightrobin@bonilla-suarez.info
9000,2024-11-12,organic,AU,1-10,jesus88@anderson.net
