event_id,subscription_id,event_type,event_date,previous_plan_id,new_plan_id,loaded_at
1,1,created,2023-11-21,,6,2023-11-21
2,2,created,2024-11-05,,3,2024-11-05
3,3,created,2024-07-03,,7,2024-07-03
4,4,created,2024-04-08,,2,2024-04-08
5,5,created,2023-05-21,,4,2023-05-21
6,6,created,2023-05-09,,2,2023-05-09
7,6,canceled,2024-03-09,2,,2024-03-09
8,7,created,2022-10-23,,2,2022-10-23
9,7,canceled,2022-12-23,2,,2022-12-23
10,8,created,2024-10-25,,3,2024-10-25
11,9,created,2024-04-28,,1,2024-04-28
12,9,canceled,2024-06-28,1,,2024-06-28
13,10,created,2024-06-15,,5,2024-06-15
14,11,created,2022-04-18,,3,2022-04-18
15,11,canceled,2022-05-18,3,,2022-05-18
16,12,created,2024-12-12,,2,2024-12-12
17,13,created,2024-09-08,,4,2024-09-08
18,14,created,2023-07-28,,5,2023-07-28
19,15,created,2023-06-12,,2,2023-06-12
20,15,canceled,2023-08-12,2,,2023-08-12
21,16,created,2023-06-23,,1,2023-07-02
22,16,canceled,2023-10-23,1,,2023-10-23
23,17,reactivated,2023-12-23,,3,2023-12-23
24,18,created,2023-10-06,,1,2023-10-06
25,18,canceled,2024-04-06,1,,2024-04-06
26,19,created,2024-03-09,,4,2024-03-09
27,19,canceled,2024-05-09,4,,2024-05-09
28,20,created,2024-01-22,,1,2024-01-22
29,21,created,2023-09-27,,6,2023-09-27
30,22,upgraded,2024-07-27,6,8,2024-07-27
31,23,created,2024-04-07,,1,2024-04-07
32,24,upgraded,2024-06-07,1,3,2024-06-07
33,25,downgraded,2024-08-07,3,1,2024-08-07
34,25,canceled,2024-09-07,1,,2024-09-07
35,26,created,2023-04-07,,1,2023-04-07
36,26,canceled,2024-02-07,1,,2024-02-07
37,27,created,2023-09-15,,1,2023-09-15
38,28,upgraded,2023-10-15,1,2,2023-10-15
39,29,created,2023-11-18,,7,2023-11-18
40,30,downgraded,2024-07-18,7,4,2024-07-18
41,31,created,2024-01-13,,4,2024-01-13
42,31,canceled,2024-03-13,4,,2024-03-13
43,32,created,2024-08-16,,4,2024-08-16
44,33,created,2023-07-21,,1,2023-07-21
45,33,canceled,2023-10-21,1,,2023-10-21
46,34,created,2024-02-13,,1,2024-02-13
47,34,canceled,2024-03-13,1,,2024-03-13
48,35,created,2024-04-18,,3,2024-04-18
49,36,created,2022-08-22,,3,2022-08-22
50,37,upgraded,2023-02-22,3,5,2023-02-22
51,38,upgraded,2023-03-22,5,6,2023-03-22
52,39,upgraded,2024-01-22,6,8,2024-01-22
53,40,created,2024-04-11,,6,2024-04-11
54,41,created,2023-06-24,,3,2023-06-24
55,41,canceled,2024-01-24,3,,2024-01-24
56,42,created,2022-10-06,,4,2022-10-06
57,42,canceled,2023-05-06,4,,2023-05-06
58,43,reactivated,2023-06-06,,1,2023-06-06
59,43,canceled,2023-10-06,1,,2023-10-06
60,44,created,2024-11-27,,4,2024-11-27
61,45,created,2024-11-25,,2,2024-11-25
62,46,created,2024-09-30,,3,2024-09-30
63,47,created,2023-10-30,,3,2023-10-30
64,47,canceled,2024-02-29,3,,2024-02-29
65,48,created,2023-02-08,,1,2023-02-08
66,48,canceled,2023-04-08,1,,2023-04-08
67,49,created,2024-06-03,,4,2024-06-03
68,49,canceled,2024-08-03,4,,2024-08-03
69,50,reactivated,2024-12-03,,3,2024-12-03
70,51,created,2024-01-18,,1,2024-01-18
71,52,upgraded,2024-10-18,1,3,2024-10-18
72,53,created,2023-03-18,,4,2023-03-18
73,54,downgraded,2023-08-18,4,2,2023-08-18
74,54,canceled,2024-01-18,2,,2024-01-18
75,55,created,2024-02-07,,1,2024-02-07
76,56,created,2022-06-23,,2,2022-06-23
77,57,upgraded,2022-12-23,2,4,2022-12-23
78,58,downgraded,2023-04-23,4,2,2023-04-23
79,59,upgraded,2023-09-23,2,4,2023-09-23
80,60,created,2024-10-15,,1,2024-10-15
81,61,created,2023-09-03,,1,2023-09-03
82,61,canceled,2023-10-03,1,,2023-10-03
83,62,reactivated,2023-12-03,,2,2023-12-03
84,62,canceled,2024-09-03,2,,2024-09-03
85,63,created,2024-05-08,,1,2024-05-08
86,63,canceled,2024-08-08,1,,2024-08-08
87,64,created,2023-10-03,,6,2023-10-03
88,65,upgraded,2024-06-03,6,8,2024-06-03
89,66,created,2024-03-08,,5,2024-03-08
90,67,downgraded,2024-06-08,5,2,2024-06-08
91,68,created,2024-03-24,,4,2024-03-24
92,69,created,2023-06-26,,1,2023-06-26
93,69,canceled,2023-08-26,1,,2023-08-26
94,70,created,2024-12-22,,1,2024-12-22
95,71,created,2024-08-24,,2,2024-08-24
96,72,created,2024-11-02,,2,2024-11-02
97,73,created,2024-10-08,,1,2024-10-08
98,74,created,2024-04-06,,7,2024-04-06
99,75,created,2024-11-15,,1,2024-11-15
100,76,created,2023-01-21,,2,2023-01-21
101,77,upgraded,2024-01-21,2,4,2024-01-21
102,78,created,2023-07-30,,2,2023-07-30
103,79,upgraded,2023-10-30,2,5,2023-10-30
104,80,upgraded,2024-03-29,5,6,2024-03-29
105,81,created,2022-08-16,,4,2022-08-16
106,82,upgraded,2022-10-16,4,6,2022-10-16
107,83,upgraded,2022-11-16,6,8,2022-11-16
108,84,downgraded,2024-02-16,8,6,2024-02-16
109,85,created,2023-10-13,,2,2023-10-16
110,85,canceled,2024-03-13,2,,2024-03-13
111,86,created,2023-12-26,,1,2023-12-26
112,86,canceled,2024-02-26,1,,2024-02-26
113,87,reactivated,2024-09-26,,1,2024-09-26
114,88,created,2023-09-26,,1,2023-09-26
115,89,upgraded,2024-05-26,1,2,2024-05-26
116,90,created,2024-09-10,,1,2024-09-10
117,91,upgraded,2024-11-10,1,2,2024-11-10
118,92,created,2023-11-02,,2,2023-11-02
119,93,downgraded,2024-05-02,2,1,2024-05-02
120,93,canceled,2024-08-02,1,,2024-08-11
121,94,created,2023-09-17,,5,2023-09-17
122,95,created,2024-03-17,,1,2024-03-17
123,96,created,2023-04-22,,6,2023-04-24
124,96,canceled,2024-12-22,6,,2024-12-22
125,97,created,2024-08-19,,2,2024-08-19
126,98,created,2022-11-14,,4,2022-11-14
127,98,canceled,2024-06-14,4,,2024-06-14
128,99,created,2024-12-09,,3,2024-12-09
129,100,created,2024-08-13,,1,2024-08-13
130,101,upgraded,2024-09-13,1,3,2024-09-13
131,101,canceled,2024-11-13,3,,2024-11-13
132,102,created,2023-07-30,,2,2023-07-30
133,103,created,2022-01-19,,6,2022-01-19
134,104,upgraded,2024-08-19,6,8,2024-08-19
135,105,created,2024-09-09,,3,2024-09-09
136,106,created,2024-06-08,,4,2024-06-08
137,107,downgraded,2024-07-08,4,2,2024-07-08
138,108,created,2024-07-23,,2,2024-07-23
139,109,created,2024-08-17,,8,2024-08-17
140,110,created,2022-11-22,,1,2022-11-22
141,110,canceled,2023-02-22,1,,2023-02-22
142,111,reactivated,2024-03-22,,4,2024-03-22
143,112,created,2023-11-29,,4,2023-11-29
144,113,upgraded,2024-07-29,4,7,2024-07-29
145,114,downgraded,2024-11-29,7,5,2024-11-29
146,115,created,2023-03-20,,2,2023-03-20
147,115,canceled,2023-06-20,2,,2023-06-20
148,116,created,2024-09-28,,2,2024-09-28
149,117,created,2024-05-28,,2,2024-05-28
150,118,created,2023-10-02,,7,2023-10-02
151,119,created,2022-10-09,,2,2022-10-09
152,119,canceled,2024-10-09,2,,2024-10-09
153,120,created,2023-10-18,,4,2023-10-18
154,120,canceled,2024-09-18,4,,2024-09-18
155,121,created,2023-10-29,,7,2023-10-29
156,121,canceled,2024-02-29,7,,2024-02-29
157,122,reactivated,2024-03-29,,1,2024-03-29
158,123,created,2024-07-18,,1,2024-07-18
159,124,created,2024-05-29,,1,2024-05-29
160,125,created,2024-10-12,,1,2024-10-12
161,126,upgraded,2024-12-12,1,2,2024-12-12
162,127,created,2024-02-25,,1,2024-02-25
163,127,canceled,2024-09-25,1,,2024-09-25
164,128,created,2023-03-24,,3,2023-03-24
165,128,canceled,2024-04-24,3,,2024-04-24
166,129,created,2024-06-26,,1,2024-06-26
167,129,canceled,2024-09-26,1,,2024-09-26
168,130,created,2024-08-24,,1,2024-08-24
169,131,created,2024-03-22,,2,2024-03-22
170,131,canceled,2024-10-22,2,,2024-10-22
171,132,created,2024-08-26,,1,2024-08-26
172,132,canceled,2024-12-26,1,,2024-12-26
173,133,created,2024-02-16,,3,2024-02-16
174,133,canceled,2024-03-16,3,,2024-03-16
175,134,created,2024-03-10,,2,2024-03-10
176,135,downgraded,2024-04-10,2,1,2024-04-10
177,136,created,2024-01-22,,2,2024-01-22
178,136,canceled,2024-05-22,2,,2024-05-22
179,137,created,2022-04-25,,6,2022-04-25
180,138,upgraded,2022-10-25,6,8,2022-10-25
181,139,downgraded,2023-05-25,8,7,2023-05-25
182,139,canceled,2024-08-25,7,,2024-08-25
183,140,created,2023-02-27,,2,2023-02-27
184,141,upgraded,2024-04-27,2,4,2024-04-27
185,142,created,2022-05-09,,4,2022-05-09
186,143,downgraded,2022-07-09,4,2,2022-07-09
187,144,created,2024-05-04,,4,2024-05-04
188,145,upgraded,2024-10-04,4,6,2024-10-04
189,146,created,2023-10-14,,2,2023-10-14
190,147,upgraded,2024-02-14,2,4,2024-02-14
191,148,upgraded,2024-03-14,4,7,2024-03-14
192,148,canceled,2024-10-14,7,,2024-10-16
193,149,created,2024-02-19,,2,2024-02-19
194,149,canceled,2024-06-19,2,,2024-06-19
195,150,created,2024-10-17,,2,2024-10-17
196,151,created,2023-08-24,,6,2023-08-24
197,152,downgraded,2023-09-24,6,4,2023-09-24
198,153,upgraded,2024-04-24,4,6,2024-04-24
199,154,created,2024-01-31,,1,2024-01-31
200,155,upgraded,2024-04-29,1,2,2024-04-29
201,156,upgraded,2024-12-29,2,4,2024-12-29
202,157,created,2024-07-28,,3,2024-07-28
203,157,canceled,2024-09-28,3,,2024-09-28
204,158,created,2023-08-22,,2,2023-08-22
205,159,upgraded,2023-09-22,2,4,2023-09-22
206,160,created,2022-12-05,,2,2022-12-05
207,160,canceled,2023-01-05,2,,2023-01-05
208,161,created,2023-09-24,,1,2023-09-24
209,161,canceled,2024-10-24,1,,2024-10-24
210,162,reactivated,2024-11-24,,3,2024-11-24
211,163,created,2023-05-18,,1,2023-05-18
212,163,canceled,2024-07-18,1,,2024-07-18
213,164,created,2024-11-26,,1,2024-11-26
214,165,created,2024-09-15,,4,2024-09-15
215,166,created,2024-05-31,,1,2024-05-31
216,166,canceled,2024-08-30,1,,2024-08-30
217,167,created,2024-10-17,,1,2024-10-17
218,167,canceled,2024-12-17,1,,2024-12-17
219,168,created,2024-09-25,,1,2024-09-25
220,168,canceled,2024-10-25,1,,2024-10-25
221,169,created,2023-06-05,,1,2023-06-05
222,169,canceled,2023-09-05,1,,2023-09-05
223,170,created,2024-10-28,,6,2024-11-02
224,171,created,2024-03-19,,5,2024-03-19
225,172,created,2024-09-08,,1,2024-09-08
226,173,upgraded,2024-10-08,1,2,2024-10-08
227,174,created,2024-10-28,,1,2024-10-28
228,175,created,2023-10-06,,4,2023-10-06
229,176,created,2023-02-18,,1,2023-02-18
230,176,canceled,2023-09-18,1,,2023-09-18
231,177,reactivated,2024-12-18,,1,2024-12-18
232,178,created,2023-08-26,,6,2023-08-26
233,179,upgraded,2023-12-26,6,8,2023-12-26
234,180,downgraded,2024-05-26,8,7,2024-05-26
235,181,upgraded,2024-09-26,7,8,2024-09-26
236,182,created,2024-01-11,,2,2024-01-11
237,182,canceled,2024-02-11,2,,2024-02-11
238,183,created,2024-09-24,,1,2024-09-24
239,184,created,2024-09-15,,2,2024-09-15
240,185,created,2022-01-09,,1,2022-01-09
241,185,canceled,2022-02-09,1,,2022-02-09
242,186,reactivated,2023-11-09,,2,2023-11-09
243,187,created,2024-02-25,,2,2024-02-25
244,187,canceled,2024-06-25,2,,2024-06-25
245,188,created,2024-01-03,,2,2024-01-03
246,189,upgraded,2024-02-03,2,4,2024-02-03
247,190,upgraded,2024-04-03,4,6,2024-04-03
248,190,canceled,2024-11-03,6,,2024-11-03
249,191,created,2023-08-29,,1,2023-08-29
250,191,canceled,2023-09-29,1,,2023-09-29
251,20786,reactivated,2024-09-29,,1,2024-09-29
252,192,canceled,2024-10-29,1,,2024-10-29
253,193,created,2023-03-23,,4,2023-03-23
254,193,canceled,2023-04-23,4,,2023-04-23
255,194,reactivated,2024-09-23,,1,2024-09-23
256,195,upgraded,2024-10-23,1,3,2024-10-23
257,196,created,2023-10-11,,2,2023-10-11
258,196,canceled,2024-10-11,2,,2024-10-11
259,197,created,2024-11-14,,3,2024-11-14
260,198,downgraded,2024-12-14,3,1,2024-12-14
261,199,created,2023-10-01,,1,2023-10-01
262,199,canceled,2024-01-01,1,,2024-01-01
263,200,created,2024-03-01,,5,2024-03-01
264,201,created,2024-06-29,,2,2024-06-29
265,202,created,2023-11-18,,1,2023-11-18
266,203,created,2024-12-09,,1,2024-12-09
267,204,created,2024-11-22,,4,2024-11-22
268,205,created,2023-09-30,,5,2023-09-30
269,206,upgraded,2024-06-29,5,6,2024-06-29
270,207,downgraded,2024-10-29,6,4,2024-10-29
271,207,canceled,2024-12-29,4,,2024-12-29
272,208,created,2024-02-13,,1,2024-02-13
273,209,upgraded,2024-10-13,1,2,2024-10-13
274,210,created,2023-10-14,,1,2023-10-14
275,210,canceled,2023-12-14,1,,2023-12-14
276,211,reactivated,2024-02-14,,3,2024-02-14
277,212,downgraded,2024-05-14,3,1,2024-05-14
278,212,canceled,2024-09-14,1,,2024-09-14
279,213,created,2023-09-13,,2,2023-09-13
280,213,canceled,2024-08-13,2,,2024-08-13
281,214,reactivated,2024-11-13,,1,2024-11-13
282,215,created,2022-06-29,,1,2022-06-29
283,215,canceled,2022-08-29,1,,2022-08-29
284,216,created,2024-04-09,,1,2024-04-19
285,216,canceled,2024-09-09,1,,2024-09-09
286,217,created,2024-02-02,,1,2024-02-02
287,217,canceled,2024-06-02,1,,2024-06-02
288,218,created,2022-09-25,,1,2022-09-25
289,218,canceled,2023-07-25,1,,2023-07-25
290,219,created,2023-09-08,,2,2023-09-08
291,220,upgraded,2023-11-08,2,4,2023-11-08
292,221,downgraded,2024-09-08,4,2,2024-09-08
293,222,created,2024-10-05,,3,2024-10-05
294,223,upgraded,2024-11-05,3,4,2024-11-05
295,224,created,2023-08-15,,1,2023-08-15
296,224,canceled,2024-01-15,1,,2024-01-15
297,225,created,2023-04-20,,2,2023-04-20
298,225,canceled,2024-06-20,2,,2024-06-20
299,226,created,2024-02-06,,2,2024-02-06
300,227,created,2024-12-10,,6,2024-12-10
301,228,created,2023-08-31,,2,2023-08-31
302,228,canceled,2024-01-30,2,,2024-01-30
303,229,created,2024-06-21,,1,2024-06-21
304,230,created,2024-08-22,,1,2024-08-22
305,231,created,2023-08-26,,3,2023-08-26
306,232,upgraded,2024-02-26,3,5,2024-02-26
307,232,canceled,2024-11-26,5,,2024-11-26
308,233,created,2024-07-03,,1,2024-07-03
309,233,canceled,2024-12-03,1,,2024-12-03
310,234,created,2023-11-27,,8,2023-11-27
311,235,created,2024-05-29,,1,2024-05-29
312,236,created,2024-05-24,,1,2024-05-24
313,236,canceled,2024-06-24,1,,2024-06-24
314,237,created,2024-03-30,,1,2024-03-30
315,237,canceled,2024-05-30,1,,2024-05-30
316,238,created,2023-01-24,,8,2023-01-24
317,239,downgraded,2024-04-24,8,6,2024-04-24
318,240,created,2024-09-30,,2,2024-09-30
319,240,canceled,2024-12-30,2,,2024-12-30
320,241,created,2023-10-15,,1,2023-10-15
321,241,canceled,2024-08-15,1,,2024-08-15
322,242,created,2023-06-16,,4,2023-06-16
323,242,canceled,2023-07-16,4,,2023-07-16
324,243,created,2022-07-26,,1,2022-07-26
325,243,canceled,2022-12-26,1,,2022-12-26
326,244,reactivated,2024-02-26,,8,2024-02-26
327,245,created,2024-04-29,,2,2024-04-29
328,246,created,2024-06-03,,2,2024-06-03
329,247,created,2022-03-08,,1,2022-03-08
330,247,canceled,2022-04-08,1,,2022-04-08
331,248,created,2024-02-26,,7,2024-02-26
332,248,canceled,2024-05-26,7,,2024-05-26
333,249,created,2023-08-08,,1,2023-08-08
334,249,canceled,2024-05-08,1,,2024-05-08
335,250,created,2024-05-17,,3,2024-05-17
336,251,created,2023-06-12,,4,2023-06-12
337,251,canceled,2023-07-12,4,,2023-07-12
338,252,created,2024-06-04,,1,2024-06-04
339,252,canceled,2024-12-04,1,,2024-12-04
340,253,created,2023-12-31,,5,2023-12-31
341,254,created,2024-11-16,,4,2024-11-16
342,255,created,2023-04-20,,6,2023-04-20
343,256,downgraded,2023-05-20,6,5,2023-05-20
344,257,created,2023-11-08,,3,2023-11-08
345,258,created,2023-03-05,,4,2023-03-05
346,258,canceled,2023-05-05,4,,2023-05-05
347,259,created,2024-11-23,,7,2024-11-23
348,260,created,2024-10-04,,4,2024-10-04
349,261,created,2023-09-15,,1,2023-09-15
350,262,created,2024-05-28,,1,2024-05-28
351,262,canceled,2024-07-28,1,,2024-07-28
352,263,created,2024-09-03,,6,2024-09-03
353,264,created,2024-03-26,,4,2024-03-26
354,265,created,2024-03-04,,2,2024-03-04
355,266,downgraded,2024-08-04,2,1,2024-08-04
356,266,canceled,2024-12-04,1,,2024-12-04
357,267,created,2023-08-20,,3,2023-08-20
358,268,upgraded,2024-02-20,3,4,2024-02-20
359,269,upgraded,2024-06-20,4,6,2024-06-20
360,270,created,2023-01-15,,4,2023-01-15
361,271,downgraded,2023-10-15,4,2,2023-10-15
362,272,created,2024-10-19,,1,2024-10-19
363,273,created,2024-10-31,,2,2024-10-31
364,274,created,2024-05-03,,2,2024-05-03
365,275,created,2023-10-01,,1,2023-10-01
366,276,upgraded,2024-02-01,1,2,2024-02-01
367,277,created,2023-11-02,,3,2023-11-02
368,278,downgraded,2024-03-02,3,1,2024-03-02
369,279,created,2024-07-15,,4,2024-07-15
370,280,downgraded,2024-11-15,4,2,2024-11-15
371,281,created,2024-10-26,,4,2024-10-26
372,282,created,2024-10-14,,1,2024-10-14
373,283,created,2024-08-09,,4,2024-08-09
374,284,created,2024-05-10,,7,2024-05-10
375,285,created,2023-01-15,,1,2023-01-15
376,285,canceled,2023-09-15,1,,2023-09-15
377,286,created,2023-05-31,,3,2023-05-31
378,286,canceled,2024-02-29,3,,2024-02-29
379,287,created,2024-10-20,,2,2024-10-20
380,288,created,2024-04-09,,1,2024-04-09
381,289,created,2022-02-28,,1,2022-02-28
382,290,upgraded,2023-07-28,1,3,2023-07-28
383,291,created,2023-02-22,,2,2023-02-22
384,291,canceled,2023-05-22,2,,2023-05-22
385,292,reactivated,2023-11-22,,1,2023-11-22
386,292,canceled,2024-11-22,1,,2024-11-22
387,293,created,2024-05-06,,2,2024-05-06
388,294,downgraded,2024-08-06,2,1,2024-08-06
389,295,created,2022-01-06,,1,2022-01-06
390,296,upgraded,2022-02-06,1,3,2022-02-06
391,296,canceled,2022-08-06,3,,2022-08-06
392,297,created,2023-05-03,,7,2023-05-06
393,298,upgraded,2024-11-03,7,8,2024-11-03
394,299,created,2024-03-04,,1,2024-03-04
395,299,canceled,2024-04-04,1,,2024-04-04
396,300,created,2024-06-10,,1,2024-06-15
397,300,canceled,2024-09-10,1,,2024-09-10
398,301,created,2024-05-02,,5,2024-05-02
399,302,upgraded,2024-06-02,5,7,2024-06-02
400,303,created,2023-08-25,,2,2023-08-25
401,303,canceled,2023-10-25,2,,2023-10-25
402,304,created,2024-06-22,,2,2024-06-22
403,304,canceled,2024-11-22,2,,2024-11-22
404,305,created,2023-08-17,,1,2023-08-17
405,306,created,2023-10-25,,2,2023-10-25
406,307,created,2024-07-10,,5,2024-07-10
407,308,created,2024-05-21,,1,2024-05-21
408,308,canceled,2024-09-21,1,,2024-09-23
409,309,created,2024-09-18,,1,2024-09-18
410,309,canceled,2024-11-18,1,,2024-11-18
411,310,created,2024-05-27,,1,2024-05-27
412,310,canceled,2024-09-27,1,,2024-09-27
413,311,created,2024-04-27,,5,2024-04-27
414,312,created,2023-01-23,,2,2023-01-23
415,313,created,2023-11-08,,2,2023-11-08
416,314,created,2023-09-20,,2,2023-09-29
417,314,canceled,2024-05-20,2,,2024-05-20
418,315,created,2023-08-09,,1,2023-08-09
419,315,canceled,2023-10-09,1,,2023-10-09
420,316,reactivated,2024-08-09,,2,2024-08-09
421,317,created,2024-12-26,,5,2024-12-26
422,318,created,2023-12-10,,1,2023-12-10
423,319,created,2024-10-28,,1,2024-10-28
424,320,created,2024-05-18,,1,2024-05-18
425,320,canceled,2024-07-18,1,,2024-07-18
426,321,reactivated,2024-09-18,,3,2024-09-18
427,322,created,2024-08-28,,6,2024-08-28
428,322,canceled,2024-10-28,6,,2024-10-28
429,323,created,2024-02-08,,1,2024-02-08
430,323,canceled,2024-03-08,1,,2024-03-08
431,324,created,2024-04-16,,1,2024-04-16
432,324,canceled,2024-09-16,1,,2024-09-16
433,325,created,2024-02-22,,1,2024-02-22
434,325,canceled,2024-09-22,1,,2024-09-22
435,326,created,2023-07-31,,1,2023-07-31
436,327,upgraded,2024-05-29,1,2,2024-05-29
437,328,created,2024-07-28,,1,2024-07-28
438,329,created,2023-09-30,,1,2023-09-30
439,330,created,2022-04-21,,1,2022-04-21
440,330,canceled,2022-06-21,1,,2022-06-21
441,331,reactivated,2024-04-21,,2,2024-04-21
442,332,created,2024-05-09,,5,2024-05-09
443,332,canceled,2024-10-09,5,,2024-10-09
444,333,created,2023-06-28,,1,2023-06-28
445,333,canceled,2023-09-28,1,,2023-09-28
446,334,created,2024-11-11,,2,2024-11-11
447,335,created,2024-11-18,,2,2024-11-18
448,336,created,2024-10-30,,4,2024-10-30
449,337,created,2023-11-04,,1,2023-11-04
450,337,canceled,2024-03-04,1,,2024-03-04
451,338,created,2022-03-06,,3,2022-03-06
452,338,canceled,2022-08-06,3,,2022-08-06
453,339,reactivated,2023-07-06,,7,2023-07-06
454,340,upgraded,2023-09-06,7,8,2023-09-06
455,341,downgraded,2024-01-06,8,6,2024-01-06
456,342,upgraded,2024-06-06,6,8,2024-06-06
457,343,created,2024-11-26,,1,2024-11-26
458,344,created,2024-01-08,,1,2024-01-08
459,345,upgraded,2024-04-08,1,2,2024-04-08
460,345,canceled,2024-05-08,2,,2024-05-08
461,346,created,2024-11-06,,2,2024-11-06
462,347,created,2024-11-22,,2,2024-11-22
463,348,created,2024-09-15,,5,2024-09-15
464,349,created,2023-09-29,,1,2023-09-29
465,349,canceled,2023-12-29,1,,2023-12-29
466,350,created,2023-12-06,,2,2023-12-06
467,351,downgraded,2024-01-06,2,1,2024-01-06
468,351,canceled,2024-02-06,1,,2024-02-06
469,352,created,2024-09-10,,4,2024-09-10
470,352,canceled,2024-11-10,4,,2024-11-10
471,353,created,2023-10-28,,1,2023-10-28
472,353,canceled,2024-01-28,1,,2024-01-28
473,354,reactivated,2024-11-28,,4,2024-11-28
474,355,created,2023-06-04,,2,2023-06-04
475,356,created,2024-03-23,,6,2024-03-23
476,357,downgraded,2024-06-23,6,4,2024-06-23
477,358,created,2024-11-09,,1,2024-11-09
478,359,created,2024-06-02,,7,2024-06-02
479,360,created,2024-04-29,,1,2024-04-29
480,360,canceled,2024-10-29,1,,2024-10-29
481,361,created,2023-02-12,,1,2023-02-12
482,361,canceled,2024-04-12,1,,2024-04-12
483,362,reactivated,2024-09-12,,1,2024-09-12
484,362,canceled,2024-10-12,1,,2024-10-12
485,363,created,2024-04-25,,1,2024-04-25
486,363,canceled,2024-07-25,1,,2024-07-25
487,364,created,2024-12-21,,4,2024-12-21
488,365,created,2023-04-26,,6,2023-04-26
489,366,downgraded,2024-11-26,6,4,2024-11-26
490,367,created,2024-03-03,,1,2024-03-03
491,367,canceled,2024-04-03,1,,2024-04-03
492,368,reactivated,2024-06-03,,1,2024-06-03
493,368,canceled,2024-07-03,1,,2024-07-03
494,369,created,2024-10-07,,4,2024-10-07
495,370,created,2024-07-17,,1,2024-07-17
496,370,canceled,2024-09-17,1,,2024-09-17
497,371,created,2024-06-30,,5,2024-06-30
498,372,created,2024-06-24,,2,2024-06-24
499,373,upgraded,2024-07-24,2,4,2024-07-24
500,374,created,2023-11-03,,2,2023-11-03
501,374,canceled,2024-06-03,2,,2024-06-03
502,375,created,2023-09-24,,2,2023-09-24
503,375,canceled,2024-08-24,2,,2024-08-24
504,376,created,2024-09-18,,8,2024-09-18
505,377,downgraded,2024-11-18,8,6,2024-11-18
506,378,created,2024-09-18,,5,2024-09-18
507,379,created,2024-10-09,,2,2024-10-09
508,380,created,2024-10-04,,2,2024-10-04
509,381,created,2024-02-18,,1,2024-02-18
510,381,canceled,2024-07-18,1,,2024-07-18
511,382,created,2024-02-21,,1,2024-02-21
512,383,created,2024-08-14,,4,2024-08-22
513,383,canceled,2024-12-14,4,,2024-12-14
514,384,created,2024-05-16,,5,2024-05-16
515,385,created,2024-06-13,,4,2024-06-13
516,386,created,2024-08-31,,8,2024-08-31
517,22189,created,2024-10-29,,4,2024-10-29
518,388,created,2023-10-14,,1,2023-10-14
519,388,canceled,2023-11-14,1,,2023-11-14
520,389,created,2023-11-07,,3,2023-11-07
521,390,created,2023-01-04,,2,2023-01-04
522,390,canceled,2023-05-04,2,,2023-05-04
523,391,created,2024-04-21,,3,2024-04-21
524,392,created,2022-06-04,,2,2022-06-04
525,393,upgraded,2022-10-04,2,4,2022-10-04
526,394,upgraded,2023-02-04,4,6,2023-02-04
527,395,upgraded,2024-02-04,6,8,2024-02-04
528,396,created,2024-01-07,,3,2024-01-07
529,396,canceled,2024-12-07,3,,2024-12-07
530,397,created,2024-03-26,,3,2024-03-26
531,398,created,2023-09-07,,3,2023-09-07
532,399,upgraded,2024-04-07,3,4,2024-04-07
533,399,canceled,2024-10-07,4,,2024-10-07
534,400,created,2024-04-07,,3,2024-04-07
535,401,downgraded,2024-10-07,3,1,2024-10-07
536,402,created,2022-05-26,,1,2022-05-26
537,403,upgraded,2022-10-26,1,3,2022-10-26
538,404,upgraded,2023-01-26,3,4,2023-01-26
539,404,canceled,2023-04-26,4,,2023-04-26
540,405,created,2022-06-05,,5,2022-06-05
541,405,canceled,2022-09-05,5,,2022-09-05
542,406,created,2024-09-04,,6,2024-09-04
543,407,created,2023-11-26,,3,2023-11-26
544,408,created,2023-03-09,,4,2023-03-09
545,409,upgraded,2024-06-09,4,6,2024-06-09
546,410,created,2024-03-24,,4,2024-03-24
547,411,created,2024-08-19,,2,2024-08-19
548,412,created,2023-07-02,,2,2023-07-02
549,413,upgraded,2024-01-02,2,4,2024-01-04
550,414,downgraded,2024-08-02,4,3,2024-08-02
551,414,canceled,2024-09-02,3,,2024-09-02
552,415,created,2024-05-10,,6,2024-05-10
553,416,created,2023-01-16,,1,2023-01-16
554,416,canceled,2023-07-16,1,,2023-07-16
555,417,reactivated,2024-01-16,,2,2024-01-16
556,417,canceled,2024-12-16,2,,2024-12-16
557,418,created,2022-09-23,,2,2022-09-23
558,418,canceled,2022-10-23,2,,2022-10-23
559,419,created,2024-03-20,,5,2024-03-20
560,420,downgraded,2024-10-20,5,2,2024-10-20
561,421,created,2024-03-19,,6,2024-03-19
562,422,created,2024-05-17,,3,2024-05-17
563,423,downgraded,2024-12-17,3,1,2024-12-17
564,424,created,2024-07-26,,8,2024-07-26
565,425,downgraded,2024-12-26,8,6,2024-12-26
566,426,created,2024-12-25,,4,2024-12-25
567,427,created,2024-02-29,,1,2024-02-29
568,428,upgraded,2024-03-29,1,2,2024-03-29
569,429,downgraded,2024-04-29,2,1,2024-04-29
570,430,created,2023-10-14,,1,2023-10-14
571,430,canceled,2024-03-14,1,,2024-03-14
572,431,created,2024-08-09,,1,2024-08-09
573,432,created,2023-09-03,,4,2023-09-03
574,433,created,2024-01-24,,1,2024-01-24
575,434,created,2022-12-19,,1,2022-12-19
576,434,canceled,2023-04-19,1,,2023-04-19
577,435,reactivated,2023-05-19,,2,2023-05-19
578,436,upgraded,2023-10-19,2,5,2023-10-19
579,437,created,2022-04-14,,6,2022-04-14
580,437,canceled,2022-09-14,6,,2022-09-14
581,438,created,2024-11-28,,7,2024-11-28
582,439,created,2024-09-10,,6,2024-09-10
583,440,created,2024-06-22,,1,2024-06-22
584,441,created,2023-12-18,,5,2023-12-18
585,441,canceled,2024-03-18,5,,2024-03-18
586,442,created,2023-06-26,,2,2023-06-26
587,442,canceled,2024-10-26,2,,2024-10-26
588,443,created,2023-05-20,,1,2023-05-20
589,443,canceled,2023-06-20,1,,2023-06-20
590,444,created,2023-09-30,,1,2023-09-30
591,444,canceled,2024-01-30,1,,2024-01-30
592,445,reactivated,2024-12-29,,1,2024-12-29
593,446,created,2024-03-09,,4,2024-03-09
594,447,upgraded,2024-07-09,4,6,2024-07-09
595,448,downgraded,2024-11-09,6,4,2024-11-09
596,449,created,2024-07-01,,8,2024-07-01
597,450,created,2024-05-03,,7,2024-05-11
598,451,created,2023-09-24,,6,2023-09-24
599,452,upgraded,2024-02-24,6,8,2024-02-24
600,453,created,2024-11-06,,2,2024-11-06
601,454,created,2024-07-19,,3,2024-07-19
602,455,created,2024-03-25,,2,2024-03-25
603,455,canceled,2024-06-25,2,,2024-06-25
604,456,reactivated,2024-07-25,,1,2024-07-25
605,456,canceled,2024-12-25,1,,2024-12-25
606,457,created,2024-04-22,,1,2024-04-22
607,457,canceled,2024-06-22,1,,2024-06-25
608,458,reactivated,2024-07-22,,1,2024-07-22
609,458,canceled,2024-08-22,1,,2024-08-22
610,459,created,2024-01-07,,3,2024-01-07
611,459,canceled,2024-03-07,3,,2024-03-07
612,460,created,2023-08-10,,1,2023-08-10
613,460,canceled,2023-10-10,1,,2023-10-10
614,461,created,2023-11-10,,1,2023-11-10
615,461,canceled,2024-02-10,1,,2024-02-10
616,462,created,2024-08-01,,3,2024-08-01
617,462,canceled,2024-10-01,3,,2024-10-06
618,463,created,2022-03-25,,2,2022-03-25
619,463,canceled,2023-06-25,2,,2023-06-25
620,464,created,2023-03-24,,5,2023-03-24
621,464,canceled,2023-10-24,5,,2023-10-24
622,465,created,2022-08-08,,1,2022-08-08
623,465,canceled,2023-09-08,1,,2023-09-08
624,466,created,2022-07-03,,2,2022-07-03
625,466,canceled,2022-11-03,2,,2022-11-03
626,467,reactivated,2023-07-03,,8,2023-07-03
627,468,downgraded,2023-09-03,8,6,2023-09-03
628,468,canceled,2024-10-03,6,,2024-10-03
629,469,created,2024-09-15,,1,2024-09-15
630,470,created,2024-06-19,,3,2024-06-19
631,15796,canceled,2024-12-19,3,,2024-12-19
632,471,created,2024-02-13,,3,2024-02-13
633,472,downgraded,2024-10-13,3,1,2024-10-13
634,473,created,2023-02-20,,3,2023-02-20
635,473,canceled,2023-07-20,3,,2023-07-20
636,474,created,2024-02-14,,2,2024-02-14
637,475,created,2024-02-17,,1,2024-02-17
638,475,canceled,2024-06-17,1,,2024-06-17
639,476,reactivated,2024-08-17,,3,2024-08-17
640,477,created,2023-06-08,,2,2023-06-08
641,478,upgraded,2024-01-08,2,4,2024-01-08
642,479,created,2024-01-04,,2,2024-01-04
643,480,created,2023-12-12,,2,2023-12-19
644,481,upgraded,2024-05-12,2,4,2024-05-21
645,481,canceled,2024-12-12,4,,2024-12-12
646,482,created,2024-04-08,,1,2024-04-08
647,482,canceled,2024-09-08,1,,2024-09-08
648,483,created,2024-05-05,,6,2024-05-05
649,484,downgraded,2024-06-05,6,4,2024-06-05
650,485,created,2022-08-25,,2,2022-08-25
651,485,canceled,2023-01-25,2,,2023-01-25
652,486,created,2023-11-19,,1,2023-11-19
653,486,canceled,2024-04-19,1,,2024-04-19
654,487,created,2024-05-21,,1,2024-05-21
655,487,canceled,2024-10-21,1,,2024-10-21
656,488,created,2024-02-11,,1,2024-02-11
657,489,upgraded,2024-08-11,1,2,2024-08-11
658,489,canceled,2024-12-11,2,,2024-12-11
659,490,created,2024-09-10,,2,2024-09-10
660,491,created,2024-05-03,,2,2024-05-03
661,491,canceled,2024-11-03,2,,2024-11-03
662,492,created,2023-05-27,,8,2023-05-27
663,493,created,2022-11-03,,1,2022-11-03
664,494,upgraded,2022-12-03,1,2,2022-12-03
665,494,canceled,2023-05-03,2,,2023-05-03
666,495,created,2024-05-18,,6,2024-05-18
667,496,created,2022-05-30,,3,2022-05-30
668,497,upgraded,2022-08-30,3,5,2022-08-30
669,497,canceled,2024-06-28,5,,2024-06-28
670,498,reactivated,2024-08-28,,6,2024-08-28
671,499,upgraded,2024-09-28,6,8,2024-09-28
672,500,created,2024-04-16,,2,2024-04-16
673,500,canceled,2024-11-16,2,,2024-11-16
674,501,created,2024-11-26,,1,2024-11-26
675,502,created,2024-04-17,,1,2024-04-17
676,503,upgraded,2024-05-17,1,2,2024-05-17
677,504,created,2023-12-15,,1,2023-12-15
678,504,canceled,2024-05-15,1,,2024-05-15
679,505,created,2024-05-30,,7,2024-05-30
680,506,upgraded,2024-07-30,7,8,2024-07-30
681,507,created,2024-01-20,,1,2024-01-20
682,508,upgraded,2024-03-20,1,2,2024-03-20
683,509,downgraded,2024-07-20,2,1,2024-07-20
684,509,canceled,2024-08-20,1,,2024-08-20
685,510,created,2024-03-11,,4,2024-03-11
686,511,created,2024-11-24,,8,2024-11-24
687,512,created,2023-12-05,,1,2023-12-05
688,513,created,2024-11-12,,2,2024-11-12
689,514,created,2024-10-05,,1,2024-10-05
690,515,created,2023-07-13,,4,2023-07-13
691,515,canceled,2023-08-13,4,,2023-08-13
692,516,created,2022-11-23,,1,2022-11-23
693,517,created,2023-02-17,,1,2023-02-17
694,517,canceled,2023-05-17,1,,2023-05-17
695,518,created,2022-03-01,,2,2022-03-01
696,519,upgraded,2023-02-01,2,5,2023-02-01
697,520,upgraded,2023-08-01,5,6,2023-08-01
698,521,upgraded,2024-06-01,6,8,2024-06-01
699,522,downgraded,2024-08-01,8,6,2024-08-01
700,523,created,2023-01-31,,1,2023-01-31
701,524,upgraded,2024-09-28,1,2,2024-09-28
702,525,created,2024-06-05,,5,2024-06-05
703,526,created,2022-11-25,,4,2022-11-25
704,526,canceled,2023-04-25,4,,2023-04-25
705,527,created,2023-10-22,,2,2023-10-22
706,528,created,2024-09-13,,4,2024-09-13
707,529,created,2022-04-20,,1,2022-04-20
708,530,upgraded,2022-11-20,1,2,2022-11-26
709,530,canceled,2023-05-20,2,,2023-05-20
710,531,created,2024-09-14,,5,2024-09-14
711,532,created,2023-09-20,,1,2023-09-20
712,532,canceled,2023-10-20,1,,2023-10-20
713,533,created,2023-03-18,,2,2023-03-18
714,533,canceled,2023-05-18,2,,2023-05-18
715,534,created,2024-06-29,,4,2024-06-29
716,535,created,2024-05-15,,2,2024-05-15
717,536,created,2024-10-17,,4,2024-10-17
718,537,created,2024-07-20,,8,2024-07-20
719,538,downgraded,2024-08-20,8,7,2024-08-20
720,539,created,2024-09-28,,1,2024-09-28
721,540,created,2023-09-17,,3,2023-09-17
722,541,created,2023-06-09,,1,2023-06-09
723,541,canceled,2024-07-09,1,,2024-07-09
724,542,created,2024-07-03,,1,2024-07-03
725,542,canceled,2024-09-03,1,,2024-09-03
726,543,created,2024-09-12,,1,2024-09-12
727,544,upgraded,2024-10-12,1,2,2024-10-12
728,545,created,2024-12-12,,1,2024-12-12
729,546,created,2024-01-01,,4,2024-01-01
730,547,upgraded,2024-09-01,4,6,2024-09-01
731,548,created,2023-11-11,,1,2023-11-11
732,549,created,2024-08-27,,1,2024-08-27
733,549,canceled,2024-10-27,1,,2024-10-27
734,550,created,2023-11-16,,1,2023-11-16
735,550,canceled,2024-10-16,1,,2024-10-16
736,551,created,2024-11-09,,1,2024-11-09
737,552,created,2024-09-20,,1,2024-09-20
738,553,created,2024-01-10,,2,2024-01-10
739,554,created,2024-07-20,,1,2024-07-20
740,555,created,2024-07-20,,2,2024-07-20
741,556,created,2023-02-23,,4,2023-02-23
742,556,canceled,2023-06-23,4,,2023-06-23
743,557,created,2024-10-08,,1,2024-10-08
744,558,created,2024-02-17,,1,2024-02-17
745,559,created,2024-09-17,,2,2024-09-17
746,560,created,2023-10-28,,6,2023-10-28
747,561,created,2024-10-09,,3,2024-10-09
748,562,created,2023-12-08,,1,2023-12-08
749,562,canceled,2024-01-08,1,,2024-01-08
750,563,reactivated,2024-06-08,,6,2024-06-08
751,564,created,2022-02-24,,1,2022-02-24
752,564,canceled,2022-06-24,1,,2022-06-24
753,565,reactivated,2023-05-24,,2,2023-05-24
754,565,canceled,2023-09-24,2,,2023-09-24
755,566,created,2024-10-11,,4,2024-10-11
756,567,created,2023-01-15,,2,2023-01-15
757,567,canceled,2024-07-15,2,,2024-07-15
758,568,created,2023-10-05,,3,2023-10-05
759,569,downgraded,2023-12-05,3,1,2023-12-05
760,570,upgraded,2024-07-05,1,2,2024-07-05
761,571,created,2024-11-10,,2,2024-11-10
762,572,created,2024-11-11,,1,2024-11-11
763,573,upgraded,2024-12-11,1,2,2024-12-11
764,574,created,2024-04-18,,1,2024-04-18
765,575,upgraded,2024-07-18,1,2,2024-07-18
766,576,upgraded,2024-08-18,2,5,2024-08-18
767,577,created,2024-05-10,,2,2024-05-10
768,578,created,2024-01-11,,4,2024-01-11
769,578,canceled,2024-06-11,4,,2024-06-11
770,579,created,2023-09-13,,1,2023-09-13
771,579,canceled,2023-10-13,1,,2023-10-13
772,580,created,2023-10-06,,6,2023-10-06
773,581,upgraded,2023-11-06,6,8,2023-11-06
774,582,created,2024-06-17,,3,2024-06-17
775,583,downgraded,2024-09-17,3,1,2024-09-17
776,584,upgraded,2024-12-17,1,3,2024-12-17
777,585,created,2024-07-14,,1,2024-07-14
778,586,created,2024-08-11,,2,2024-08-11
779,21254,canceled,2024-10-11,2,,2024-10-11
780,587,reactivated,2024-12-11,,1,2024-12-11
781,588,created,2024-08-15,,1,2024-08-15
782,588,canceled,2024-11-15,1,,2024-11-15
783,589,created,2023-01-12,,5,2023-01-12
784,590,upgraded,2023-06-12,5,6,2023-06-12
785,590,canceled,2024-03-12,6,,2024-03-12
786,591,created,2024-02-20,,1,2024-02-20
787,591,canceled,2024-04-20,1,,2024-04-20
788,592,created,2022-09-02,,1,2022-09-02
789,592,canceled,2022-12-02,1,,2022-12-02
790,593,reactivated,2023-05-02,,2,2023-05-02
791,593,canceled,2024-04-02,2,,2024-04-02
792,594,created,2024-03-26,,1,2024-03-26
793,594,canceled,2024-08-26,1,,2024-08-26
794,595,created,2024-01-28,,2,2024-01-28
795,595,canceled,2024-03-28,2,,2024-03-28
796,596,created,2024-10-03,,2,2024-10-03
797,597,created,2023-11-19,,6,2023-11-19
798,598,upgraded,2024-12-19,6,8,2024-12-19
799,599,created,2023-03-12,,3,2023-03-12
800,599,canceled,2023-09-12,3,,2023-09-12
801,600,created,2023-04-17,,5,2023-04-17
802,600,canceled,2023-06-17,5,,2023-06-17
803,601,reactivated,2023-09-17,,2,2023-09-17
804,602,downgraded,2024-06-17,2,1,2024-06-17
805,602,canceled,2024-10-17,1,,2024-10-17
806,603,created,2024-08-31,,8,2024-08-31
807,604,created,2024-05-13,,6,2024-05-13
808,605,created,2023-02-23,,1,2023-02-23
809,605,canceled,2023-07-23,1,,2023-07-23
810,606,created,2023-01-30,,4,2023-01-30
811,607,upgraded,2023-02-28,4,6,2023-02-28
812,608,created,2024-06-03,,1,2024-06-03
813,609,upgraded,2024-08-03,1,3,2024-08-03
814,610,created,2022-11-03,,1,2022-11-03
815,610,canceled,2023-03-03,1,,2023-03-03
816,611,created,2024-09-22,,1,2024-09-22
817,611,canceled,2024-10-22,1,,2024-10-22
818,612,created,2024-06-29,,1,2024-06-29
819,612,canceled,2024-09-29,1,,2024-09-29
820,613,created,2022-12-23,,4,2022-12-23
821,614,upgraded,2024-07-23,4,6,2024-07-23
822,615,upgraded,2024-08-23,6,8,2024-08-23
823,616,created,2023-01-04,,2,2023-01-04
824,617,downgraded,2024-03-04,2,1,2024-03-04
825,617,canceled,2024-11-04,1,,2024-11-04
826,618,created,2024-12-16,,1,2024-12-16
827,619,created,2023-11-26,,3,2023-11-26
828,619,canceled,2024-02-26,3,,2024-02-26
829,620,created,2023-11-03,,1,2023-11-03
830,621,upgraded,2024-05-03,1,2,2024-05-03
831,622,created,2024-09-17,,6,2024-09-17
832,623,created,2024-11-05,,2,2024-11-05
833,624,created,2024-12-22,,2,2024-12-22
834,625,created,2024-07-18,,2,2024-07-18
835,626,created,2023-11-14,,1,2023-11-14
836,627,created,2023-01-17,,1,2023-01-17
837,627,canceled,2023-05-17,1,,2023-05-17
838,628,created,2024-08-23,,2,2024-08-23
839,628,canceled,2024-09-23,2,,2024-10-01
840,629,created,2024-03-10,,1,2024-03-10
841,630,created,2024-01-18,,1,2024-01-18
842,631,upgraded,2024-05-18,1,2,2024-05-22
843,632,created,2024-10-03,,3,2024-10-03
844,633,created,2023-03-05,,4,2023-03-05
845,634,upgraded,2023-08-05,4,6,2023-08-05
846,635,created,2024-02-11,,3,2024-02-11
847,636,created,2022-02-01,,3,2022-02-01
848,637,upgraded,2023-07-01,3,4,2023-07-01
849,638,downgraded,2024-09-01,4,3,2024-09-01
850,639,created,2024-02-09,,2,2024-02-09
851,640,created,2022-09-21,,6,2022-09-21
852,641,upgraded,2023-02-21,6,8,2023-02-21
853,642,downgraded,2024-12-21,8,6,2024-12-21
854,643,created,2023-03-21,,1,2023-03-21
855,643,canceled,2024-01-21,1,,2024-01-21
856,644,created,2023-03-22,,4,2023-03-22
857,644,canceled,2023-10-22,4,,2023-10-22
858,645,created,2024-05-06,,7,2024-05-16
859,646,created,2024-07-20,,3,2024-07-20
860,646,canceled,2024-08-20,3,,2024-08-20
861,647,created,2024-04-28,,1,2024-04-28
862,648,created,2024-11-17,,1,2024-11-17
863,649,created,2023-11-09,,4,2023-11-09
864,650,created,2023-09-13,,3,2023-09-13
865,650,canceled,2024-03-13,3,,2024-03-13
866,651,reactivated,2024-08-13,,2,2024-08-13
867,652,created,2024-10-29,,2,2024-10-29
868,653,created,2023-08-11,,2,2023-08-11
869,653,canceled,2023-10-11,2,,2023-10-11
870,654,reactivated,2024-08-11,,1,2024-08-11
871,655,created,2024-11-15,,1,2024-11-15
872,656,created,2022-02-13,,1,2022-02-13
873,656,canceled,2022-09-13,1,,2022-09-13
874,657,created,2024-12-12,,2,2024-12-12
875,658,created,2022-08-27,,4,2022-08-27
876,659,downgraded,2024-04-27,4,2,2024-04-27
877,659,canceled,2024-10-27,2,,2024-10-27
878,660,created,2024-10-28,,2,2024-10-28
879,661,created,2024-03-12,,1,2024-03-12
880,661,canceled,2024-06-12,1,,2024-06-12
881,662,reactivated,2024-11-12,,1,2024-11-12
882,662,canceled,2024-12-12,1,,2024-12-12
883,663,created,2024-12-19,,1,2024-12-19
884,664,created,2022-11-13,,1,2022-11-13
885,664,canceled,2023-07-13,1,,2023-07-13
886,665,reactivated,2024-09-13,,1,2024-09-13
887,665,canceled,2024-12-13,1,,2024-12-13
888,666,created,2024-03-20,,1,2024-03-20
889,666,canceled,2024-06-20,1,,2024-06-20
890,667,created,2024-11-13,,1,2024-11-13
891,668,created,2024-03-12,,2,2024-03-12
892,669,downgraded,2024-07-12,2,1,2024-07-12
893,669,canceled,2024-08-12,1,,2024-08-12
894,670,created,2024-05-17,,6,2024-05-17
895,671,created,2024-06-26,,1,2024-06-26
896,672,created,2024-01-17,,1,2024-01-17
897,672,canceled,2024-06-17,1,,2024-06-17
898,673,created,2024-05-13,,5,2024-05-13
899,674,upgraded,2024-08-13,5,6,2024-08-22
900,675,upgraded,2024-11-13,6,8,2024-11-13
901,676,downgraded,2024-12-13,8,6,2024-12-13
902,677,created,2024-04-11,,6,2024-04-11
903,678,created,2024-10-19,,4,2024-10-19
904,679,created,2022-08-22,,1,2022-08-22
905,680,upgraded,2022-09-22,1,3,2022-09-22
906,680,canceled,2023-05-22,3,,2023-05-22
907,681,reactivated,2024-06-22,,2,2024-06-22
908,682,created,2023-09-29,,1,2023-09-29
909,682,canceled,2024-01-29,1,,2024-01-29
910,683,created,2024-11-16,,2,2024-11-16
911,684,created,2024-10-19,,1,2024-10-19
912,685,created,2024-01-06,,1,2024-01-06
913,685,canceled,2024-09-06,1,,2024-09-06
914,686,created,2024-05-13,,7,2024-05-13
915,687,created,2023-09-23,,1,2023-09-23
916,687,canceled,2024-09-23,1,,2024-09-23
917,688,created,2023-06-05,,6,2023-06-05
918,689,created,2024-01-20,,2,2024-01-20
919,690,created,2023-11-02,,2,2023-11-02
920,690,canceled,2024-10-02,2,,2024-10-02
921,691,created,2024-04-22,,2,2024-04-22
922,692,created,2022-12-15,,1,2022-12-15
923,692,canceled,2023-09-15,1,,2023-09-15
924,693,created,2024-12-25,,1,2024-12-25
925,694,created,2024-12-09,,1,2024-12-09
926,695,created,2024-06-18,,3,2024-06-18
927,696,created,2024-03-25,,1,2024-03-25
928,697,upgraded,2024-07-25,1,2,2024-07-25
929,698,created,2023-10-11,,2,2023-10-11
930,698,canceled,2024-09-11,2,,2024-09-18
931,699,reactivated,2024-11-11,,1,2024-11-11
932,700,created,2024-09-24,,2,2024-09-24
933,700,canceled,2024-12-24,2,,2024-12-24
934,701,created,2024-06-13,,4,2024-06-22
935,702,created,2023-05-25,,1,2023-05-25
936,21881,created,2024-10-23,,1,2024-10-23
937,704,created,2024-09-24,,2,2024-09-24
938,705,created,2024-11-30,,1,2024-11-30
939,706,created,2024-07-24,,2,2024-07-24
940,707,created,2024-04-17,,2,2024-04-17
941,708,created,2024-01-11,,1,2024-01-11
942,708,canceled,2024-04-11,1,,2024-04-11
943,709,created,2024-11-01,,1,2024-11-01
944,710,created,2024-10-21,,8,2024-10-21
945,711,created,2022-08-07,,4,2022-08-07
946,712,upgraded,2023-06-07,4,6,2023-06-07
947,713,downgraded,2023-11-07,6,4,2023-11-07
948,714,created,2022-05-02,,1,2022-05-02
949,714,canceled,2022-10-02,1,,2022-10-02
950,715,reactivated,2022-11-02,,1,2022-11-02
951,716,created,2023-11-18,,1,2023-11-18
952,716,canceled,2023-12-18,1,,2023-12-18
953,717,created,2024-09-30,,2,2024-09-30
954,718,created,2024-12-30,,1,2024-12-30
955,719,created,2023-05-06,,1,2023-05-06
956,719,canceled,2023-12-06,1,,2023-12-06
957,720,created,2024-04-29,,2,2024-04-29
958,721,created,2023-11-30,,6,2023-11-30
959,722,downgraded,2024-06-29,6,5,2024-06-29
960,723,upgraded,2024-08-29,5,6,2024-08-29
961,724,created,2024-12-18,,5,2024-12-18
962,725,created,2024-09-17,,2,2024-09-17
963,726,downgraded,2024-11-17,2,1,2024-11-17
964,727,created,2024-09-06,,1,2024-09-06
965,728,created,2024-02-01,,1,2024-02-01
966,728,canceled,2024-09-01,1,,2024-09-01
967,729,created,2024-01-25,,1,2024-01-25
968,729,canceled,2024-08-25,1,,2024-08-25
969,730,reactivated,2024-12-25,,2,2024-12-25
970,731,created,2023-09-13,,4,2023-09-13
971,732,downgraded,2024-05-13,4,2,2024-05-13
972,733,downgraded,2024-12-13,2,1,2024-12-13
973,734,created,2022-09-22,,5,2022-09-22
974,735,upgraded,2023-08-22,5,6,2023-08-22
975,736,downgraded,2023-11-22,6,4,2023-11-22
976,737,downgraded,2024-07-22,4,2,2024-07-22
977,738,upgraded,2024-10-22,2,4,2024-10-22
978,739,created,2024-10-30,,1,2024-10-30
979,739,canceled,2024-12-30,1,,2025-01-07
980,740,created,2024-09-25,,2,2024-09-25
981,741,created,2024-12-19,,6,2024-12-19
982,742,created,2024-12-02,,1,2024-12-02
983,743,created,2024-03-22,,7,2024-03-22
984,744,upgraded,2024-07-22,7,8,2024-07-22
985,745,created,2024-08-10,,4,2024-08-10
986,746,created,2024-11-12,,1,2024-11-12
987,747,created,2024-09-05,,1,2024-09-05
988,747,canceled,2024-12-05,1,,2024-12-05
989,748,created,2023-08-23,,4,2023-08-23
990,749,upgraded,2023-11-23,4,6,2023-11-23
991,750,created,2024-01-22,,1,2024-01-22
992,750,canceled,2024-09-22,1,,2024-09-22
993,751,created,2023-04-20,,6,2023-04-20
994,752,created,2024-11-23,,1,2024-11-23
995,753,created,2024-04-27,,5,2024-04-27
996,753,canceled,2024-12-27,5,,2024-12-27
997,754,created,2023-08-05,,2,2023-08-05
998,754,canceled,2023-11-05,2,,2023-11-05
999,755,created,2024-06-22,,1,2024-06-22
1000,755,canceled,2024-11-22,1,,2024-11-22
1001,756,created,2024-05-17,,1,2024-05-17
1002,757,upgraded,2024-12-17,1,2,2024-12-17
1003,758,created,2023-11-14,,4,2023-11-14
1004,759,created,2023-03-26,,3,2023-03-26
1005,759,canceled,2024-03-26,3,,2024-03-26
1006,760,created,2024-06-01,,1,2024-06-01
1007,761,created,2024-03-12,,1,2024-03-12
1008,761,canceled,2024-06-12,1,,2024-06-12
1009,762,created,2024-08-29,,7,2024-08-29
1010,763,created,2024-03-14,,2,2024-03-17
1011,763,canceled,2024-08-14,2,,2024-08-14
1012,764,created,2024-09-24,,1,2024-09-24
1013,764,canceled,2024-10-24,1,,2024-10-24
1014,765,created,2024-03-13,,8,2024-03-13
1015,766,downgraded,2024-09-13,8,6,2024-09-13
1016,767,created,2024-03-03,,1,2024-03-03
1017,767,canceled,2024-07-03,1,,2024-07-03
1018,768,created,2024-10-21,,2,2024-10-21
1019,768,canceled,2024-12-21,2,,2024-12-21
1020,769,created,2023-12-13,,1,2023-12-13
1021,770,upgraded,2024-04-13,1,2,2024-04-13
1022,770,canceled,2024-08-13,2,,2024-08-13
1023,771,created,2023-04-01,,1,2023-04-01
1024,771,canceled,2023-07-01,1,,2023-07-01
1025,772,created,2022-05-24,,4,2022-05-24
1026,773,downgraded,2022-10-24,4,2,2022-10-24
1027,774,upgraded,2023-06-24,2,5,2023-06-24
1028,775,upgraded,2023-10-24,5,6,2023-10-24
1029,776,created,2024-07-08,,2,2024-07-08
1030,776,canceled,2024-10-08,2,,2024-10-08
1031,777,created,2024-05-29,,3,2024-05-29
1032,777,canceled,2024-07-29,3,,2024-07-29
1033,778,created,2024-06-14,,2,2024-06-14
1034,778,canceled,2024-07-14,2,,2024-07-14
1035,779,created,2023-07-08,,2,2023-07-08
1036,780,upgraded,2024-11-08,2,4,2024-11-08
1037,781,created,2023-04-20,,3,2023-04-20
1038,782,upgraded,2023-06-20,3,4,2023-06-20
1039,783,downgraded,2023-09-20,4,2,2023-09-30
1040,783,canceled,2023-11-20,2,,2023-11-20
1041,784,created,2022-03-02,,3,2022-03-02
1042,784,canceled,2023-07-02,3,,2023-07-02
1043,785,created,2023-11-28,,1,2023-11-28
1044,785,canceled,2024-12-28,1,,2024-12-28
1045,786,created,2024-04-08,,1,2024-04-08
1046,786,canceled,2024-08-08,1,,2024-08-08
1047,787,created,2023-12-20,,2,2023-12-20
1048,787,canceled,2024-06-20,2,,2024-06-20
1049,788,created,2024-01-29,,1,2024-01-29
1050,789,created,2024-10-10,,1,2024-10-10
1051,790,created,2023-11-24,,4,2023-11-24
1052,791,created,2024-02-16,,1,2024-02-16
1053,792,created,2024-08-13,,2,2024-08-13
1054,793,upgraded,2024-09-13,2,4,2024-09-13
1055,794,created,2023-12-05,,6,2023-12-05
1056,794,canceled,2024-04-05,6,,2024-04-05
1057,795,reactivated,2024-08-05,,6,2024-08-05
1058,796,created,2024-05-08,,1,2024-05-08
1059,797,created,2024-09-26,,1,2024-09-26
1060,797,canceled,2024-12-26,1,,2024-12-26
1061,798,created,2024-11-14,,1,2024-11-24
1062,799,created,2023-05-07,,1,2023-05-07
1063,799,canceled,2023-06-07,1,,2023-06-07
1064,800,created,2024-11-12,,3,2024-11-12
1065,801,created,2024-02-09,,5,2024-02-09
1066,802,created,2023-09-03,,6,2023-09-03
1067,802,canceled,2024-03-03,6,,2024-03-03
1068,803,created,2024-01-18,,1,2024-01-18
1069,804,created,2024-12-10,,2,2024-12-10
1070,805,created,2024-02-24,,2,2024-02-24
1071,806,upgraded,2024-06-24,2,4,2024-06-24
1072,807,created,2023-10-08,,6,2023-10-08
1073,18614,created,2024-05-08,,2,2024-05-08
1074,809,created,2023-08-18,,2,2023-08-18
1075,809,canceled,2024-04-18,2,,2024-04-18
1076,810,created,2022-12-29,,1,2022-12-29
1077,810,canceled,2023-07-28,1,,2023-07-28
1078,811,created,2023-04-16,,3,2023-04-16
1079,812,created,2023-04-11,,2,2023-04-11
1080,812,canceled,2024-08-11,2,,2024-08-11
1081,813,created,2023-05-05,,1,2023-05-05
1082,813,canceled,2024-04-05,1,,2024-04-05
1083,814,created,2023-04-24,,6,2023-04-24
1084,815,upgraded,2023-07-24,6,8,2023-07-24
1085,816,downgraded,2024-06-24,8,6,2024-07-02
1086,816,canceled,2024-07-24,6,,2024-07-24
1087,817,created,2024-05-13,,1,2024-05-13
1088,818,created,2023-06-22,,3,2023-06-22
1089,819,downgraded,2023-09-22,3,1,2023-09-22
1090,819,canceled,2024-03-22,1,,2024-03-22
1091,820,created,2023-11-24,,1,2023-11-24
1092,820,canceled,2024-06-24,1,,2024-06-24
1093,821,created,2024-10-26,,4,2024-10-26
1094,822,created,2024-02-06,,2,2024-02-06
1095,822,canceled,2024-07-06,2,,2024-07-06
1096,823,created,2024-06-02,,1,2024-06-02
1097,824,upgraded,2024-08-02,1,3,2024-08-02
1098,825,created,2023-06-27,,1,2023-06-27
1099,825,canceled,2024-01-27,1,,2024-01-27
1100,826,created,2023-06-27,,2,2023-06-27
1101,826,canceled,2023-09-27,2,,2023-09-27
1102,827,reactivated,2024-03-27,,4,2024-03-27
1103,828,created,2022-07-07,,8,2022-07-07
1104,829,created,2023-05-22,,2,2023-05-22
1105,829,canceled,2023-07-22,2,,2023-07-22
1106,830,created,2023-09-01,,4,2023-09-01
1107,831,upgraded,2024-06-01,4,6,2024-06-01
1108,832,downgraded,2024-09-01,6,4,2024-09-01
1109,833,created,2023-06-17,,1,2023-06-17
1110,834,upgraded,2023-08-17,1,3,2023-08-17
1111,834,canceled,2024-06-17,3,,2024-06-17
1112,835,created,2023-01-17,,1,2023-01-17
1113,835,canceled,2023-02-17,1,,2023-02-17
1114,836,created,2023-03-30,,1,2023-03-30
1115,837,upgraded,2023-04-30,1,2,2023-04-30
1116,837,canceled,2024-03-29,2,,2024-03-29
1117,838,reactivated,2024-09-29,,4,2024-09-29
1118,839,created,2024-01-08,,2,2024-01-08
1119,840,created,2023-07-09,,1,2023-07-09
1120,840,canceled,2024-01-09,1,,2024-01-09
1121,841,created,2023-11-15,,1,2023-11-15
1122,841,canceled,2024-05-15,1,,2024-05-15
1123,842,reactivated,2024-10-15,,1,2024-10-15
1124,842,canceled,2024-11-15,1,,2024-11-15
1125,843,created,2024-02-22,,4,2024-02-22
1126,843,canceled,2024-05-22,4,,2024-05-22
1127,844,created,2024-06-21,,6,2024-06-21
1128,845,created,2022-07-18,,4,2022-07-18
1129,846,upgraded,2023-01-18,4,6,2023-01-18
1130,847,created,2024-08-03,,3,2024-08-03
1131,848,upgraded,2024-12-03,3,4,2024-12-03
1132,849,created,2024-05-19,,1,2024-05-19
1133,850,created,2023-01-30,,1,2023-01-30
1134,850,canceled,2023-04-28,1,,2023-04-28
1135,851,created,2024-10-29,,8,2024-10-29
1136,852,created,2024-11-22,,3,2024-11-22
1137,18337,created,2022-10-02,,2,2022-10-02
1138,853,canceled,2024-02-02,2,,2024-02-06
1139,854,created,2023-09-07,,1,2023-09-07
1140,854,canceled,2024-12-07,1,,2024-12-07
1141,855,created,2024-09-13,,1,2024-09-13
1142,856,upgraded,2024-10-13,1,2,2024-10-13
1143,856,canceled,2024-11-13,2,,2024-11-13
1144,857,created,2024-07-19,,1,2024-07-19
1145,857,canceled,2024-11-19,1,,2024-11-19
1146,858,created,2023-06-11,,6,2023-06-11
1147,859,upgraded,2023-12-11,6,8,2023-12-11
1148,860,downgraded,2024-01-11,8,7,2024-01-11
1149,861,upgraded,2024-08-11,7,8,2024-08-11
1150,862,created,2023-07-23,,4,2023-07-23
1151,863,created,2023-11-02,,6,2023-11-02
1152,864,created,2024-02-20,,2,2024-02-20
1153,865,created,2024-05-25,,6,2024-05-25
1154,866,created,2023-11-15,,2,2023-11-15
1155,866,canceled,2024-01-15,2,,2024-01-15
1156,867,reactivated,2024-06-15,,1,2024-06-15
1157,868,created,2024-01-14,,5,2024-01-14
1158,869,created,2024-07-25,,4,2024-07-25
1159,870,created,2022-06-03,,2,2022-06-03
1160,870,canceled,2023-01-03,2,,2023-01-03
1161,871,reactivated,2024-12-03,,1,2024-12-03
1162,872,created,2023-09-05,,3,2023-09-05
1163,873,upgraded,2023-10-05,3,4,2023-10-05
1164,874,created,2024-06-01,,2,2024-06-01
1165,874,canceled,2024-07-01,2,,2024-07-01
1166,875,created,2024-10-04,,1,2024-10-04
1167,876,created,2024-02-18,,2,2024-02-18
1168,877,upgraded,2024-04-18,2,4,2024-04-18
1169,878,created,2024-03-18,,5,2024-03-18
1170,878,canceled,2024-12-18,5,,2024-12-18
1171,879,created,2023-02-13,,1,2023-02-13
1172,879,canceled,2023-05-13,1,,2023-05-13
1173,880,reactivated,2023-09-13,,4,2023-09-13
1174,881,created,2024-01-24,,7,2024-01-24
1175,882,created,2024-03-19,,3,2024-03-19
1176,883,created,2023-08-09,,2,2023-08-09
1177,883,canceled,2024-02-09,2,,2024-02-09
1178,884,created,2023-09-14,,1,2023-09-14
1179,884,canceled,2024-05-14,1,,2024-05-14
1180,885,created,2023-11-12,,1,2023-11-12
1181,885,canceled,2023-12-12,1,,2023-12-12
1182,886,created,2022-04-20,,2,2022-04-20
1183,886,canceled,2023-07-20,2,,2023-07-20
1184,887,created,2023-10-01,,2,2023-10-01
1185,887,canceled,2024-03-01,2,,2024-03-01
1186,888,created,2023-07-26,,2,2023-07-26
1187,888,canceled,2024-02-26,2,,2024-02-26
1188,889,created,2023-10-27,,4,2023-10-27
1189,890,created,2023-03-11,,2,2023-03-11
1190,890,canceled,2024-07-11,2,,2024-07-11
1191,891,created,2024-10-06,,1,2024-10-06
1192,891,canceled,2024-12-06,1,,2024-12-06
1193,892,created,2024-04-23,,2,2024-04-23
1194,893,created,2024-06-11,,8,2024-06-11
1195,894,downgraded,2024-11-11,8,7,2024-11-11
1196,895,created,2024-08-04,,2,2024-08-04
1197,895,canceled,2024-12-04,2,,2024-12-04
1198,896,created,2024-02-06,,3,2024-02-06
1199,896,canceled,2024-05-06,3,,2024-05-06
1200,897,created,2023-01-15,,3,2023-01-15
1201,897,canceled,2023-07-15,3,,2023-07-15
1202,898,created,2024-03-27,,1,2024-03-27
1203,899,created,2024-04-14,,2,2024-04-14
1204,899,canceled,2024-07-14,2,,2024-07-14
1205,900,created,2024-07-09,,1,2024-07-09
1206,900,canceled,2024-08-09,1,,2024-08-09
1207,901,created,2024-01-03,,4,2024-01-03
1208,902,created,2023-04-18,,4,2023-04-18
1209,902,canceled,2023-06-18,4,,2023-06-18
1210,903,created,2023-09-18,,7,2023-09-18
1211,904,upgraded,2024-09-18,7,8,2024-09-18
1212,905,created,2023-11-26,,2,2023-11-26
1213,906,upgraded,2024-01-26,2,4,2024-01-26
1214,907,created,2024-05-25,,1,2024-05-25
1215,907,canceled,2024-11-25,1,,2024-11-25
1216,908,created,2024-04-20,,1,2024-04-20
1217,908,canceled,2024-10-20,1,,2024-10-20
1218,909,created,2023-11-13,,5,2023-11-13
1219,909,canceled,2023-12-13,5,,2023-12-13
1220,910,created,2024-12-04,,1,2024-12-04
1221,911,created,2024-04-17,,1,2024-04-17
1222,911,canceled,2024-06-17,1,,2024-06-17
1223,912,created,2023-08-12,,8,2023-08-12
1224,913,created,2023-02-17,,3,2023-02-17
1225,913,canceled,2023-08-17,3,,2023-08-17
1226,914,created,2023-05-10,,4,2023-05-10
1227,914,canceled,2024-07-10,4,,2024-07-10
1228,17610,created,2023-08-31,,1,2023-08-31
1229,916,upgraded,2023-11-30,1,3,2023-11-30
1230,917,upgraded,2024-04-29,3,5,2024-04-29
1231,917,canceled,2024-05-29,5,,2024-05-29
1232,918,reactivated,2024-12-29,,2,2024-12-29
1233,919,created,2023-05-26,,1,2023-05-26
1234,919,canceled,2024-01-26,1,,2024-01-26
1235,920,created,2023-06-15,,2,2023-06-15
1236,920,canceled,2024-01-15,2,,2024-01-15
1237,921,created,2023-09-02,,2,2023-09-02
1238,922,upgraded,2024-09-02,2,4,2024-09-02
1239,923,created,2023-06-21,,6,2023-06-21
1240,924,created,2024-10-24,,2,2024-10-24
1241,13937,created,2022-12-18,,5,2022-12-18
1242,925,canceled,2023-05-18,5,,2023-05-18
1243,926,reactivated,2023-09-18,,1,2023-09-18
1244,927,upgraded,2023-11-18,1,2,2023-11-18
1245,927,canceled,2024-12-18,2,,2024-12-18
1246,928,created,2024-03-21,,2,2024-03-21
1247,929,created,2024-01-01,,2,2024-01-01
1248,929,canceled,2024-03-01,2,,2024-03-01
1249,930,created,2024-12-14,,1,2024-12-14
1250,931,created,2023-03-25,,1,2023-03-25
1251,931,canceled,2023-09-25,1,,2023-09-25
1252,932,reactivated,2024-04-25,,3,2024-04-25
1253,932,canceled,2024-07-25,3,,2024-07-25
1254,933,created,2023-12-26,,2,2023-12-26
1255,934,created,2024-11-15,,2,2024-11-19
1256,935,created,2024-10-31,,1,2024-10-31
1257,936,created,2024-09-19,,1,2024-09-19
1258,937,upgraded,2024-11-19,1,3,2024-11-19
1259,938,created,2023-09-06,,2,2023-09-06
1260,938,canceled,2024-01-06,2,,2024-01-06
1261,939,created,2023-06-20,,3,2023-06-20
1262,939,canceled,2024-06-20,3,,2024-06-20
1263,940,created,2024-06-08,,4,2024-06-08
1264,940,canceled,2024-12-08,4,,2024-12-08
1265,941,created,2024-11-17,,2,2024-11-17
1266,942,created,2024-03-14,,2,2024-03-14
1267,943,created,2024-04-21,,1,2024-04-21
1268,943,canceled,2024-05-21,1,,2024-05-21
1269,944,reactivated,2024-09-21,,1,2024-09-21
1270,945,created,2023-09-10,,8,2023-09-10
1271,946,created,2024-08-02,,1,2024-08-02
1272,947,created,2023-06-07,,4,2023-06-07
1273,948,created,2023-10-16,,1,2023-10-16
1274,948,canceled,2024-03-16,1,,2024-03-16
1275,949,created,2024-01-15,,3,2024-01-20
1276,949,canceled,2024-04-15,3,,2024-04-15
1277,950,created,2024-02-25,,7,2024-02-25
1278,951,downgraded,2024-08-25,7,4,2024-08-25
1279,952,created,2023-08-10,,1,2023-08-10
1280,952,canceled,2023-10-10,1,,2023-10-10
1281,953,created,2023-03-25,,1,2023-03-25
1282,954,upgraded,2023-04-25,1,2,2023-04-25
1283,955,created,2024-04-09,,1,2024-04-12
1284,956,created,2023-09-27,,1,2023-09-27
1285,956,canceled,2023-10-27,1,,2023-10-27
1286,957,created,2024-04-07,,8,2024-04-07
1287,958,created,2023-05-25,,4,2023-05-25
1288,959,downgraded,2023-12-25,4,2,2023-12-25
1289,959,canceled,2024-04-25,2,,2024-04-25
1290,960,created,2024-02-09,,3,2024-02-09
1291,960,canceled,2024-04-09,3,,2024-04-09
1292,961,created,2024-03-04,,4,2024-03-04
1293,962,created,2022-09-19,,1,2022-09-19
1294,962,canceled,2023-09-19,1,,2023-09-19
1295,963,reactivated,2023-12-19,,5,2023-12-19
1296,963,canceled,2024-09-19,5,,2024-09-19
1297,964,reactivated,2024-10-19,,1,2024-10-19
1298,965,created,2023-10-14,,1,2023-10-14
1299,965,canceled,2024-05-14,1,,2024-05-14
1300,966,created,2023-04-07,,6,2023-04-07
1301,967,upgraded,2023-06-07,6,8,2023-06-07
1302,968,downgraded,2023-10-07,8,7,2023-10-07
1303,969,upgraded,2024-01-07,7,8,2024-01-07
1304,970,created,2022-10-20,,4,2022-10-20
1305,970,canceled,2022-11-20,4,,2022-11-20
1306,971,reactivated,2023-09-20,,1,2023-09-20
1307,971,canceled,2023-12-20,1,,2023-12-20
1308,972,reactivated,2024-03-20,,1,2024-03-20
1309,972,canceled,2024-08-20,1,,2024-08-20
1310,973,created,2024-12-10,,6,2024-12-10
1311,974,created,2023-10-29,,4,2023-10-29
1312,975,created,2024-09-26,,1,2024-09-26
1313,975,canceled,2024-10-26,1,,2024-10-26
1314,976,reactivated,2024-12-26,,5,2024-12-26
1315,977,created,2023-09-21,,5,2023-09-21
1316,978,downgraded,2023-10-21,5,2,2023-10-21
1317,979,created,2024-06-23,,7,2024-06-23
1318,979,canceled,2024-10-23,7,,2024-10-23
1319,980,created,2024-08-13,,3,2024-08-13
1320,981,upgraded,2024-11-13,3,5,2024-11-13
1321,982,created,2024-04-14,,1,2024-04-14
1322,983,created,2024-02-25,,1,2024-02-25
1323,984,created,2024-01-30,,2,2024-01-30
1324,985,created,2023-11-19,,2,2023-11-19
1325,18491,created,2024-11-24,,4,2024-11-24
1326,987,created,2024-09-28,,2,2024-09-28
1327,988,upgraded,2024-12-28,2,4,2024-12-28
1328,989,created,2024-11-14,,2,2024-11-14
1329,990,created,2023-03-10,,2,2023-03-10
1330,990,canceled,2023-12-10,2,,2023-12-10
1331,991,created,2024-07-16,,1,2024-07-16
1332,991,canceled,2024-08-16,1,,2024-08-16
1333,992,created,2024-11-02,,2,2024-11-02
1334,992,canceled,2024-12-02,2,,2024-12-02
1335,993,created,2023-06-04,,1,2023-06-04
1336,993,canceled,2023-08-04,1,,2023-08-04
1337,994,reactivated,2024-03-04,,2,2024-03-04
1338,995,created,2022-10-31,,6,2022-10-31
1339,996,upgraded,2024-10-28,6,8,2024-10-28
1340,997,created,2024-07-29,,5,2024-07-29
1341,998,downgraded,2024-10-29,5,2,2024-10-29
1342,999,created,2024-04-09,,4,2024-04-09
1343,1000,upgraded,2024-06-09,4,7,2024-06-09
1344,1001,created,2024-09-22,,1,2024-09-22
1345,1002,created,2023-04-10,,1,2023-04-10
1346,1002,canceled,2023-05-10,1,,2023-05-10
1347,1003,created,2024-08-03,,1,2024-08-03
1348,1004,created,2023-07-05,,7,2023-07-05
1349,1005,downgraded,2024-12-05,7,4,2024-12-05
1350,1006,created,2023-05-01,,2,2023-05-01
1351,1007,created,2023-05-14,,3,2023-05-14
1352,1008,upgraded,2023-09-14,3,4,2023-09-14
1353,1009,downgraded,2024-09-14,4,2,2024-09-14
1354,1010,created,2024-09-03,,5,2024-09-03
1355,1011,downgraded,2024-11-03,5,2,2024-11-03
1356,1011,canceled,2024-12-03,2,,2024-12-03
1357,1012,created,2024-05-29,,7,2024-05-29
1358,1013,created,2024-03-28,,1,2024-03-28
1359,1014,upgraded,2024-08-28,1,3,2024-08-28
1360,1014,canceled,2024-09-28,3,,2024-09-28
1361,1015,created,2023-11-17,,2,2023-11-17
1362,1015,canceled,2024-11-17,2,,2024-11-17
1363,1016,created,2024-10-12,,2,2024-10-12
1364,1017,created,2023-12-14,,1,2023-12-14
1365,1018,created,2024-09-29,,1,2024-09-29
1366,1019,created,2024-01-13,,5,2024-01-13
1367,1019,canceled,2024-11-13,5,,2024-11-13
1368,1020,created,2023-11-08,,3,2023-11-08
1369,1021,downgraded,2024-12-08,3,1,2024-12-08
1370,1022,created,2024-01-20,,4,2024-01-20
1371,1023,created,2023-10-01,,7,2023-10-01
1372,1024,downgraded,2024-06-01,7,4,2024-06-01
1373,1025,created,2024-07-17,,2,2024-07-17
1374,1025,canceled,2024-11-17,2,,2024-11-17
1375,1026,created,2024-02-21,,6,2024-02-21
1376,1026,canceled,2024-09-21,6,,2024-09-21
1377,1027,created,2023-08-16,,1,2023-08-16
1378,14348,canceled,2024-06-16,1,,2024-06-16
1379,1028,created,2024-10-03,,4,2024-10-03
1380,1029,created,2023-12-30,,3,2023-12-30
1381,1029,canceled,2024-01-30,3,,2024-01-30
1382,1030,created,2024-03-14,,8,2024-03-17
1383,1031,downgraded,2024-05-14,8,6,2024-05-14
1384,1032,downgraded,2024-10-14,6,4,2024-10-14
1385,1033,created,2024-10-31,,1,2024-10-31
1386,1034,created,2024-05-01,,2,2024-05-01
1387,1034,canceled,2024-07-01,2,,2024-07-01
1388,1035,created,2023-03-26,,2,2023-03-26
1389,1035,canceled,2024-09-26,2,,2024-09-26
1390,1036,created,2024-11-25,,1,2024-11-25
1391,1037,created,2024-05-18,,1,2024-05-18
1392,1037,canceled,2024-10-18,1,,2024-10-18
1393,1038,created,2023-10-03,,1,2023-10-03
1394,1038,canceled,2024-09-03,1,,2024-09-03
1395,1039,created,2023-04-18,,1,2023-04-18
1396,1039,canceled,2024-03-18,1,,2024-03-18
1397,1040,created,2024-08-21,,4,2024-08-21
1398,1041,created,2024-05-24,,3,2024-05-24
1399,1041,canceled,2024-09-24,3,,2024-09-24
1400,1042,created,2024-03-30,,2,2024-03-30
1401,1043,upgraded,2024-06-30,2,5,2024-06-30
1402,1044,downgraded,2024-08-30,5,3,2024-08-30
1403,1045,created,2024-10-10,,3,2024-10-10
1404,1046,created,2024-08-01,,1,2024-08-01
1405,1047,upgraded,2024-12-01,1,2,2024-12-01
1406,1048,created,2023-05-31,,1,2023-05-31
1407,1048,canceled,2024-01-30,1,,2024-01-30
1408,1049,reactivated,2024-07-29,,1,2024-07-29
1409,1050,created,2023-10-09,,2,2023-10-09
1410,1050,canceled,2024-03-09,2,,2024-03-09
1411,1051,created,2023-08-09,,4,2023-08-09
1412,1052,created,2024-07-11,,1,2024-07-11
1413,1052,canceled,2024-09-11,1,,2024-09-11
1414,1053,created,2022-06-23,,2,2022-06-23
1415,1054,downgraded,2022-11-23,2,1,2022-11-23
1416,1054,canceled,2024-02-23,1,,2024-02-23
1417,1055,created,2024-04-17,,1,2024-04-17
1418,1056,created,2024-08-12,,4,2024-08-12
1419,1057,upgraded,2024-09-12,4,6,2024-09-12
1420,1058,created,2024-10-22,,5,2024-10-30
1421,1058,canceled,2024-11-22,5,,2024-11-22
1422,1059,created,2023-11-02,,2,2023-11-02
1423,1059,canceled,2024-03-02,2,,2024-03-02
1424,1060,created,2024-09-12,,5,2024-09-12
1425,1061,upgraded,2024-11-12,5,6,2024-11-12
1426,1062,created,2023-03-28,,2,2023-03-28
1427,1063,upgraded,2024-03-28,2,4,2024-03-28
1428,1064,downgraded,2024-10-28,4,2,2024-10-28
1429,1065,created,2024-09-21,,1,2024-09-21
1430,1066,created,2023-04-24,,1,2023-05-04
1431,1066,canceled,2023-05-24,1,,2023-05-24
1432,1067,created,2023-12-04,,1,2023-12-04
1433,1067,canceled,2024-03-04,1,,2024-03-04
1434,1068,created,2024-08-26,,2,2024-08-26
1435,1069,downgraded,2024-09-26,2,1,2024-09-26
1436,1069,canceled,2024-10-26,1,,2024-10-26
1437,1070,created,2023-05-29,,2,2023-05-29
1438,1070,canceled,2023-06-29,2,,2023-06-29
1439,1071,created,2023-08-11,,1,2023-08-11
1440,1072,upgraded,2024-02-11,1,2,2024-02-11
1441,1072,canceled,2024-03-11,2,,2024-03-11
1442,1073,created,2024-07-10,,2,2024-07-10
1443,1073,canceled,2024-12-10,2,,2024-12-10
1444,1074,created,2024-07-15,,4,2024-07-15
1445,1075,created,2024-05-25,,1,2024-05-25
1446,1075,canceled,2024-09-25,1,,2024-09-25
1447,1076,created,2024-06-08,,8,2024-06-08
1448,1077,downgraded,2024-08-08,8,6,2024-08-08
1449,1078,created,2024-03-18,,1,2024-03-18
1450,1079,upgraded,2024-04-18,1,2,2024-04-18
1451,1080,created,2023-09-11,,1,2023-09-11
1452,1080,canceled,2023-11-11,1,,2023-11-11
1453,1081,reactivated,2024-05-11,,1,2024-05-11
1454,1081,canceled,2024-11-11,1,,2024-11-11
1455,1082,created,2023-11-24,,2,2023-11-24
1456,1083,upgraded,2024-04-24,2,5,2024-04-24
1457,1083,canceled,2024-08-24,5,,2024-08-24
1458,1084,created,2023-06-14,,2,2023-06-14
1459,1084,canceled,2023-12-14,2,,2023-12-14
1460,1085,created,2024-10-23,,4,2024-10-23
1461,1086,created,2024-04-28,,3,2024-04-28
1462,1087,created,2023-12-24,,2,2023-12-24
1463,1088,upgraded,2024-01-24,2,5,2024-01-24
1464,1089,created,2024-01-27,,4,2024-01-27
1465,1090,created,2024-11-22,,2,2024-11-22
1466,1091,created,2023-05-11,,2,2023-05-11
1467,1092,created,2024-04-11,,3,2024-04-11
1468,1092,canceled,2024-07-11,3,,2024-07-11
1469,1093,created,2024-02-07,,1,2024-02-07
1470,1093,canceled,2024-03-07,1,,2024-03-07
1471,1094,created,2024-04-04,,1,2024-04-04
1472,1095,upgraded,2024-05-04,1,3,2024-05-04
1473,1095,canceled,2024-12-04,3,,2024-12-04
1474,1096,created,2022-03-18,,4,2022-03-18
1475,1097,upgraded,2022-09-18,4,6,2022-09-18
1476,1098,upgraded,2022-11-18,6,8,2022-11-18
1477,1098,canceled,2022-12-18,8,,2022-12-18
1478,1099,created,2024-10-15,,1,2024-10-15
1479,1100,created,2024-11-22,,3,2024-11-22
1480,1101,created,2024-03-07,,1,2024-03-07
1481,1102,upgraded,2024-07-07,1,2,2024-07-07
1482,1103,upgraded,2024-08-07,2,4,2024-08-07
1483,1103,canceled,2024-12-07,4,,2024-12-07
1484,14825,created,2024-06-08,,3,2024-06-08
1485,1105,created,2024-11-10,,1,2024-11-10
1486,1105,canceled,2024-12-10,1,,2024-12-10
1487,1106,created,2024-06-13,,2,2024-06-13
1488,1107,created,2023-05-04,,6,2023-05-04
1489,1108,upgraded,2023-11-04,6,8,2023-11-04
1490,1109,downgraded,2024-12-04,8,6,2024-12-04
1491,1110,created,2024-04-01,,1,2024-04-01
1492,1111,created,2024-04-07,,1,2024-04-07
1493,1111,canceled,2024-07-07,1,,2024-07-07
1494,1112,created,2024-01-21,,8,2024-01-21
1495,1113,downgraded,2024-05-21,8,6,2024-05-21
1496,1114,created,2024-07-03,,3,2024-07-03
1497,1115,created,2024-11-15,,1,2024-11-15
1498,1115,canceled,2024-12-15,1,,2024-12-15
1499,1116,created,2024-11-26,,5,2024-11-26
1500,1117,created,2024-01-06,,6,2024-01-06
1501,1118,created,2023-03-16,,5,2023-03-16
1502,1119,created,2024-12-07,,1,2024-12-07
1503,1120,created,2024-09-05,,7,2024-09-05
1504,1121,created,2023-03-10,,1,2023-03-10
1505,1121,canceled,2023-05-10,1,,2023-05-10
1506,1122,reactivated,2024-10-10,,1,2024-10-10
1507,1122,canceled,2024-12-10,1,,2024-12-10
1508,1123,created,2024-11-03,,2,2024-11-03
1509,1124,created,2024-10-29,,2,2024-10-29
1510,1125,created,2024-03-18,,2,2024-03-18
1511,1125,canceled,2024-12-18,2,,2024-12-18
1512,1126,created,2024-04-12,,1,2024-04-12
1513,1127,created,2023-12-19,,6,2023-12-19
1514,1128,created,2022-09-11,,1,2022-09-11
1515,1128,canceled,2023-07-11,1,,2023-07-11
1516,1129,created,2023-10-09,,5,2023-10-09
1517,1129,canceled,2024-01-09,5,,2024-01-09
1518,1130,reactivated,2024-04-09,,1,2024-04-09
1519,1131,created,2024-09-25,,3,2024-09-25
1520,1132,upgraded,2024-11-25,3,4,2024-11-25
1521,1132,canceled,2024-12-25,4,,2024-12-25
1522,1133,created,2022-01-08,,6,2022-01-08
1523,1133,canceled,2022-09-08,6,,2022-09-08
1524,1134,reactivated,2024-03-08,,2,2024-03-08
1525,1134,canceled,2024-11-08,2,,2024-11-08
1526,1135,created,2023-10-30,,1,2023-10-30
1527,1135,canceled,2024-03-29,1,,2024-03-29
1528,1136,reactivated,2024-06-29,,6,2024-06-29
1529,1137,created,2023-12-19,,3,2023-12-19
1530,1137,canceled,2024-05-19,3,,2024-05-19
1531,1138,created,2024-03-27,,2,2024-03-27
1532,1139,created,2024-11-11,,4,2024-11-11
1533,1140,created,2023-11-01,,3,2023-11-01
1534,1140,canceled,2024-03-01,3,,2024-03-01
1535,1141,created,2023-11-05,,1,2023-11-05
1536,1141,canceled,2024-05-05,1,,2024-05-05
1537,1142,reactivated,2024-10-05,,1,2024-10-09
1538,1143,created,2024-07-29,,2,2024-07-29
1539,1144,created,2024-01-02,,3,2024-01-02
1540,1145,created,2023-08-17,,2,2023-08-17
1541,1146,created,2024-01-26,,2,2024-01-26
1542,1146,canceled,2024-05-26,2,,2024-05-26
1543,1147,created,2023-04-28,,5,2023-04-28
1544,1148,upgraded,2023-06-28,5,7,2023-06-28
1545,1149,created,2023-06-23,,1,2023-06-23
1546,1149,canceled,2024-01-23,1,,2024-01-23
1547,1150,created,2024-02-28,,8,2024-02-28
1548,1151,created,2024-01-22,,4,2024-01-22
1549,1152,created,2024-10-05,,3,2024-10-14
1550,1153,created,2023-11-21,,8,2023-11-21
1551,1154,created,2024-04-18,,1,2024-04-18
1552,1154,canceled,2024-07-18,1,,2024-07-18
1553,1155,created,2024-05-08,,1,2024-05-08
1554,1155,canceled,2024-11-08,1,,2024-11-08
1555,1156,created,2022-02-24,,1,2022-02-24
1556,1156,canceled,2022-07-24,1,,2022-07-24
1557,1157,created,2024-05-31,,1,2024-05-31
1558,1157,canceled,2024-10-30,1,,2024-10-30
1559,1158,created,2023-06-25,,2,2023-06-25
1560,1158,canceled,2024-12-25,2,,2024-12-25
1561,1159,created,2024-11-30,,1,2024-11-30
1562,1159,canceled,2024-12-30,1,,2024-12-30
1563,1160,created,2023-05-04,,2,2023-05-04
1564,1161,downgraded,2023-09-04,2,1,2023-09-04
1565,1161,canceled,2023-10-04,1,,2023-10-04
1566,1162,reactivated,2024-02-04,,2,2024-02-04
1567,1163,created,2024-01-08,,1,2024-01-08
1568,1164,created,2023-01-31,,3,2023-01-31
1569,1165,upgraded,2023-02-28,3,4,2023-02-28
1570,1166,downgraded,2023-11-28,4,3,2023-11-28
1571,1167,downgraded,2024-09-28,3,1,2024-09-28
1572,1168,upgraded,2024-11-28,1,2,2024-11-28
1573,1169,created,2024-12-29,,2,2024-12-29
1574,1170,created,2024-02-23,,5,2024-02-23
1575,1171,upgraded,2024-05-23,5,7,2024-05-23
1576,1172,created,2024-04-01,,1,2024-04-01
1577,1173,created,2022-11-06,,1,2022-11-06
1578,1173,canceled,2022-12-06,1,,2022-12-06
1579,1174,reactivated,2023-01-06,,1,2023-01-06
1580,1174,canceled,2023-06-06,1,,2023-06-06
1581,1175,reactivated,2024-11-06,,1,2024-11-06
1582,1176,created,2024-07-18,,5,2024-07-18
1583,1177,created,2023-07-19,,2,2023-07-19
1584,1178,downgraded,2024-12-19,2,1,2024-12-19
1585,1179,created,2024-10-03,,2,2024-10-03
1586,1180,created,2023-07-09,,8,2023-07-09
1587,1181,created,2023-06-13,,5,2023-06-13
1588,1182,downgraded,2024-04-13,5,3,2024-04-13
1589,1183,created,2022-06-03,,3,2022-06-03
1590,1183,canceled,2022-10-03,3,,2022-10-03
1591,1184,created,2024-02-23,,6,2024-02-23
1592,1185,created,2024-03-29,,6,2024-04-05
1593,1185,canceled,2024-04-29,6,,2024-04-29
1594,1186,created,2022-10-07,,6,2022-10-07
1595,1187,created,2024-08-18,,2,2024-08-18
1596,1188,created,2024-01-02,,1,2024-01-02
1597,1188,canceled,2024-11-02,1,,2024-11-02
1598,1189,created,2024-03-02,,1,2024-03-02
1599,1189,canceled,2024-11-02,1,,2024-11-11
1600,1190,created,2024-01-22,,6,2024-01-22
1601,1191,upgraded,2024-10-22,6,8,2024-10-22
1602,1192,created,2023-12-07,,1,2023-12-07
1603,1192,canceled,2024-04-07,1,,2024-04-07
1604,1193,created,2024-03-28,,2,2024-03-28
1605,1194,created,2023-05-29,,1,2023-05-29
1606,1194,canceled,2024-01-29,1,,2024-01-29
1607,1195,reactivated,2024-11-29,,1,2024-11-29
1608,1196,created,2023-06-06,,2,2023-06-06
1609,1197,upgraded,2024-04-06,2,4,2024-04-06
1610,1198,created,2024-09-02,,1,2024-09-02
1611,1198,canceled,2024-12-02,1,,2024-12-02
1612,1199,created,2024-11-09,,6,2024-11-09
1613,1200,created,2023-11-04,,2,2023-11-04
1614,1201,downgraded,2023-12-04,2,1,2023-12-04
1615,1201,canceled,2024-04-04,1,,2024-04-04
1616,1202,created,2023-09-25,,1,2023-09-25
1617,1202,canceled,2023-12-25,1,,2023-12-25
1618,1203,created,2024-05-27,,1,2024-05-27
1619,1204,created,2023-12-30,,3,2023-12-30
1620,1204,canceled,2024-01-30,3,,2024-01-30
1621,1205,created,2022-04-03,,1,2022-04-03
1622,1205,canceled,2022-06-03,1,,2022-06-03
1623,1206,created,2023-05-19,,3,2023-05-19
1624,1206,canceled,2024-05-19,3,,2024-05-19
1625,1207,created,2024-07-20,,2,2024-07-20
1626,1208,upgraded,2024-11-20,2,4,2024-11-20
1627,1209,created,2024-05-31,,3,2024-05-31
1628,1209,canceled,2024-12-30,3,,2024-12-30
1629,1210,created,2022-05-05,,4,2022-05-05
1630,1211,downgraded,2023-02-05,4,3,2023-02-05
1631,1211,canceled,2023-05-05,3,,2023-05-05
1632,1212,reactivated,2024-05-05,,1,2024-05-05
1633,1212,canceled,2024-11-05,1,,2024-11-05
1634,1213,created,2023-08-07,,1,2023-08-07
1635,1213,canceled,2023-12-07,1,,2023-12-07
1636,1214,reactivated,2024-04-07,,4,2024-04-07
1637,1215,created,2023-08-09,,3,2023-08-09
1638,1216,upgraded,2024-03-09,3,4,2024-03-09
1639,1216,canceled,2024-08-09,4,,2024-08-09
1640,1217,created,2024-06-03,,1,2024-06-03
1641,1218,created,2022-04-09,,1,2022-04-09
1642,1218,canceled,2022-05-09,1,,2022-05-09
1643,1219,created,2023-02-23,,1,2023-02-23
1644,1219,canceled,2023-05-23,1,,2023-05-23
1645,1220,reactivated,2023-06-23,,2,2023-06-23
1646,1221,upgraded,2024-02-23,2,4,2024-02-23
1647,1222,created,2024-08-14,,1,2024-08-14
1648,1222,canceled,2024-10-14,1,,2024-10-14
1649,1223,created,2023-06-04,,2,2023-06-04
1650,1223,canceled,2023-08-04,2,,2023-08-04
1651,1224,reactivated,2024-12-04,,6,2024-12-04
1652,1225,created,2024-05-10,,1,2024-05-10
1653,1225,canceled,2024-08-10,1,,2024-08-10
1654,1226,reactivated,2024-09-10,,2,2024-09-10
1655,1227,created,2023-08-09,,2,2023-08-09
1656,1227,canceled,2024-11-09,2,,2024-11-09
1657,1228,created,2023-02-02,,4,2023-02-02
1658,1229,downgraded,2023-06-02,4,2,2023-06-02
1659,1229,canceled,2024-09-02,2,,2024-09-02
1660,1230,created,2023-08-22,,2,2023-08-22
1661,1230,canceled,2024-01-22,2,,2024-01-22
1662,1231,reactivated,2024-04-22,,4,2024-04-22
1663,1232,upgraded,2024-08-22,4,6,2024-08-22
1664,1233,created,2024-07-11,,1,2024-07-11
1665,1234,created,2024-09-09,,6,2024-09-09
1666,1235,created,2024-09-10,,1,2024-09-10
1667,1236,created,2023-12-22,,1,2023-12-22
1668,1236,canceled,2024-02-22,1,,2024-02-22
1669,1237,created,2024-06-24,,1,2024-06-24
1670,1238,created,2023-07-14,,5,2023-07-14
1671,1239,downgraded,2024-07-14,5,2,2024-07-14
1672,1240,created,2023-09-30,,1,2023-09-30
1673,1240,canceled,2023-10-30,1,,2023-10-30
1674,1241,created,2024-10-28,,1,2024-11-04
1675,1242,created,2022-02-03,,1,2022-02-03
1676,1242,canceled,2022-03-03,1,,2022-03-03
1677,1243,created,2023-01-28,,4,2023-01-28
1678,1244,upgraded,2023-04-28,4,6,2023-04-28
1679,1245,created,2023-07-29,,1,2023-07-29
1680,1246,upgraded,2024-01-29,1,2,2024-01-29
1681,1247,downgraded,2024-03-29,2,1,2024-03-29
1682,1247,canceled,2024-04-29,1,,2024-04-29
1683,1248,created,2022-05-15,,3,2022-05-15
1684,1249,upgraded,2023-02-15,3,4,2023-02-15
1685,14606,canceled,2023-05-15,4,,2023-05-15
1686,1250,reactivated,2023-12-15,,8,2023-12-15
1687,1251,created,2023-06-12,,1,2023-06-12
1688,1251,canceled,2023-07-12,1,,2023-07-12
1689,1252,reactivated,2023-08-12,,1,2023-08-12
1690,1252,canceled,2023-10-12,1,,2023-10-12
1691,1253,created,2024-04-04,,2,2024-04-04
1692,1253,canceled,2024-09-04,2,,2024-09-04
1693,1254,created,2024-01-15,,2,2024-01-15
1694,1255,created,2024-10-12,,3,2024-10-12
1695,1255,canceled,2024-11-12,3,,2024-11-12
1696,1256,created,2024-09-27,,1,2024-09-27
1697,1257,created,2023-11-06,,1,2023-11-06
1698,1257,canceled,2023-12-06,1,,2023-12-06
1699,1258,created,2023-09-08,,1,2023-09-08
1700,1258,canceled,2024-06-08,1,,2024-06-08
1701,1259,created,2023-11-14,,2,2023-11-14
1702,1260,created,2024-04-22,,1,2024-04-22
1703,1261,created,2023-09-20,,2,2023-09-20
1704,1262,upgraded,2023-12-20,2,4,2023-12-20
1705,1263,downgraded,2024-01-20,4,2,2024-01-20
1706,1264,upgraded,2024-08-20,2,4,2024-08-20
1707,1265,created,2024-05-31,,6,2024-05-31
1708,1266,upgraded,2024-06-30,6,8,2024-06-30
1709,1267,created,2024-01-14,,1,2024-01-14
1710,1268,upgraded,2024-05-14,1,3,2024-05-14
1711,1269,created,2024-03-07,,1,2024-03-07
1712,1269,canceled,2024-04-07,1,,2024-04-07
1713,1270,created,2024-01-13,,1,2024-01-16
1714,1271,upgraded,2024-04-13,1,2,2024-04-13
1715,1271,canceled,2024-05-13,2,,2024-05-13
1716,1272,created,2023-09-27,,3,2023-09-27
1717,1272,canceled,2024-05-27,3,,2024-05-27
1718,1273,created,2024-11-10,,1,2024-11-10
1719,1273,canceled,2024-12-10,1,,2024-12-10
1720,1274,created,2024-08-09,,3,2024-08-09
1721,1275,created,2023-04-23,,4,2023-04-23
1722,1276,upgraded,2023-05-23,4,6,2023-05-23
1723,1277,upgraded,2024-02-23,6,8,2024-02-23
1724,1278,created,2024-10-17,,4,2024-10-17
1725,1279,created,2024-02-26,,4,2024-02-26
1726,1280,downgraded,2024-04-26,4,3,2024-04-26
1727,1280,canceled,2024-11-26,3,,2024-11-26
1728,14123,created,2024-10-05,,2,2024-10-05
1729,1282,created,2024-08-09,,1,2024-08-09
1730,1283,created,2024-01-19,,6,2024-01-19
1731,1284,upgraded,2024-10-19,6,8,2024-10-19
1732,1285,downgraded,2024-11-19,8,6,2024-11-19
1733,1286,created,2022-04-24,,1,2022-04-24
1734,1286,canceled,2022-10-24,1,,2022-10-24
1735,1287,created,2023-09-16,,2,2023-09-16
1736,1287,canceled,2024-05-16,2,,2024-05-16
1737,1288,reactivated,2024-10-16,,2,2024-10-16
1738,1288,canceled,2024-12-16,2,,2024-12-16
1739,1289,created,2024-03-28,,1,2024-03-28
1740,1289,canceled,2024-09-28,1,,2024-09-28
1741,1290,created,2024-05-10,,2,2024-05-10
1742,1291,created,2023-09-26,,1,2023-09-26
1743,1291,canceled,2024-04-26,1,,2024-04-26
1744,1292,created,2023-04-29,,1,2023-04-29
1745,1292,canceled,2023-07-29,1,,2023-07-29
1746,1293,created,2024-09-24,,1,2024-09-24
1747,1294,created,2024-12-12,,2,2024-12-12
1748,1295,created,2024-03-16,,1,2024-03-16
1749,1295,canceled,2024-09-16,1,,2024-09-16
1750,1296,created,2023-06-20,,1,2023-06-20
1751,1296,canceled,2023-08-20,1,,2023-08-20
1752,1297,created,2023-09-28,,8,2023-09-28
1753,1298,created,2022-03-28,,4,2022-03-28
1754,1299,created,2024-10-14,,7,2024-10-14
1755,1300,created,2023-03-05,,3,2023-03-05
1756,1300,canceled,2024-09-05,3,,2024-09-05
1757,1301,created,2024-04-16,,2,2024-04-16
1758,1302,created,2023-09-02,,2,2023-09-02
1759,1302,canceled,2024-01-02,2,,2024-01-02
1760,1303,created,2024-03-06,,5,2024-03-06
1761,1304,created,2024-05-25,,2,2024-05-25
1762,1304,canceled,2024-06-25,2,,2024-06-25
1763,1305,created,2024-09-13,,3,2024-09-13
1764,1305,canceled,2024-10-13,3,,2024-10-13
1765,1306,created,2023-07-18,,1,2023-07-18
1766,1306,canceled,2023-09-18,1,,2023-09-18
1767,1307,created,2022-02-11,,1,2022-02-11
1768,1307,canceled,2022-09-11,1,,2022-09-11
1769,1308,created,2023-04-01,,1,2023-04-01
1770,1308,canceled,2024-08-01,1,,2024-08-01
1771,1309,created,2024-10-12,,6,2024-10-12
1772,1310,created,2024-10-10,,1,2024-10-10
1773,1311,created,2024-04-10,,2,2024-04-10
1774,1312,upgraded,2024-07-10,2,4,2024-07-10
1775,1312,canceled,2024-11-10,4,,2024-11-10
1776,1313,created,2024-04-14,,2,2024-04-14
1777,1314,created,2024-05-29,,3,2024-05-29
1778,1314,canceled,2024-06-29,3,,2024-06-29
1779,1315,created,2023-06-30,,1,2023-06-30
1780,1315,canceled,2023-07-30,1,,2023-07-30
1781,1316,created,2024-10-24,,5,2024-10-24
1782,1317,created,2024-01-17,,1,2024-01-17
1783,1317,canceled,2024-08-17,1,,2024-08-17
1784,1318,created,2023-12-02,,2,2023-12-02
1785,1318,canceled,2024-04-02,2,,2024-04-02
1786,1319,created,2024-03-20,,1,2024-03-20
1787,1319,canceled,2024-05-20,1,,2024-05-20
1788,1320,created,2022-08-21,,4,2022-08-21
1789,1321,upgraded,2022-11-21,4,6,2022-11-21
1790,1321,canceled,2023-04-21,6,,2023-04-21
1791,1322,created,2023-05-15,,1,2023-05-15
1792,1322,canceled,2023-06-15,1,,2023-06-15
1793,1323,reactivated,2024-01-15,,4,2024-01-15
1794,1323,canceled,2024-07-15,4,,2024-07-15
1795,1324,created,2024-07-05,,2,2024-07-05
1796,1324,canceled,2024-08-05,2,,2024-08-05
1797,1325,created,2023-01-14,,3,2023-01-14
1798,1325,canceled,2023-06-14,3,,2023-06-14
1799,1326,created,2024-04-20,,6,2024-04-20
1800,1326,canceled,2024-05-20,6,,2024-05-20
1801,1327,created,2023-08-17,,5,2023-08-17
1802,1328,upgraded,2023-10-17,5,7,2023-10-17
1803,1328,canceled,2024-10-17,7,,2024-10-17
1804,1329,created,2023-12-04,,4,2023-12-04
1805,1330,upgraded,2024-10-04,4,6,2024-10-04
1806,1331,created,2023-09-27,,1,2023-09-27
1807,1331,canceled,2024-03-27,1,,2024-03-27
1808,1332,created,2023-11-10,,2,2023-11-10
1809,1333,created,2024-07-23,,2,2024-07-23
1810,1334,created,2023-10-22,,2,2023-10-22
1811,1335,upgraded,2024-07-22,2,4,2024-07-22
1812,1336,created,2024-03-16,,1,2024-03-16
1813,1336,canceled,2024-05-16,1,,2024-05-16
1814,1337,created,2024-02-24,,2,2024-02-24
1815,1338,upgraded,2024-06-24,2,5,2024-06-30
1816,1339,created,2024-05-15,,7,2024-05-15
1817,1340,created,2024-11-04,,1,2024-11-04
1818,1341,created,2024-07-12,,5,2024-07-21
1819,1342,created,2023-07-04,,3,2023-07-04
1820,1342,canceled,2023-09-04,3,,2023-09-04
1821,1343,reactivated,2023-11-04,,2,2023-11-04
1822,1344,upgraded,2024-03-04,2,4,2024-03-04
1823,1345,created,2022-05-05,,4,2022-05-09
1824,1346,upgraded,2024-02-05,4,6,2024-02-05
1825,1347,created,2023-09-15,,1,2023-09-15
1826,1347,canceled,2024-01-15,1,,2024-01-15
1827,1348,reactivated,2024-04-15,,6,2024-04-15
1828,1349,created,2024-04-12,,4,2024-04-12
1829,1350,created,2022-09-15,,2,2022-09-15
1830,1351,downgraded,2024-04-15,2,1,2024-04-15
1831,1352,created,2024-02-26,,8,2024-02-26
1832,1353,downgraded,2024-07-26,8,7,2024-07-26
1833,1353,canceled,2024-10-26,7,,2024-10-26
1834,1354,created,2024-04-05,,1,2024-04-05
1835,1355,created,2023-10-06,,1,2023-10-06
1836,1356,created,2024-08-19,,3,2024-08-19
1837,1357,created,2023-02-12,,1,2023-02-12
1838,1357,canceled,2023-05-12,1,,2023-05-12
1839,1358,created,2022-11-24,,4,2022-11-24
1840,1358,canceled,2024-01-24,4,,2024-01-24
1841,1359,created,2024-07-04,,1,2024-07-04
1842,1360,created,2024-02-21,,3,2024-02-21
1843,1360,canceled,2024-04-21,3,,2024-04-21
1844,1361,reactivated,2024-07-21,,6,2024-07-21
1845,1362,upgraded,2024-08-21,6,8,2024-08-24
1846,1363,created,2024-06-25,,4,2024-06-25
1847,1364,created,2024-01-31,,8,2024-01-31
1848,1365,created,2023-08-23,,2,2023-08-23
1849,1366,upgraded,2023-09-23,2,5,2023-09-23
1850,1367,created,2024-09-16,,1,2024-09-16
1851,1368,created,2024-08-27,,1,2024-08-27
1852,1369,created,2024-06-01,,1,2024-06-01
1853,1370,created,2023-09-28,,2,2023-09-28
1854,1371,upgraded,2024-01-28,2,5,2024-01-28
1855,1372,created,2024-04-11,,1,2024-04-11
1856,1373,created,2023-11-08,,4,2023-11-08
1857,1374,created,2023-01-03,,2,2023-01-03
1858,1375,upgraded,2023-03-03,2,4,2023-03-03
1859,1376,upgraded,2023-10-03,4,6,2023-10-03
1860,1377,upgraded,2024-08-03,6,8,2024-08-03
1861,1378,downgraded,2024-11-03,8,7,2024-11-03
1862,1379,created,2024-10-28,,2,2024-10-28
1863,1380,downgraded,2024-12-28,2,1,2024-12-28
1864,1381,created,2023-04-24,,1,2023-04-24
1865,1381,canceled,2024-05-24,1,,2024-05-24
1866,1382,created,2024-11-18,,1,2024-11-18
1867,1383,created,2024-01-31,,1,2024-01-31
1868,1383,canceled,2024-03-29,1,,2024-03-29
1869,1384,created,2023-06-07,,2,2023-06-07
1870,1385,upgraded,2024-07-07,2,4,2024-07-10
1871,1386,created,2024-03-27,,5,2024-03-27
1872,1387,created,2024-10-18,,3,2024-10-18
1873,1387,canceled,2024-11-18,3,,2024-11-23
1874,1388,created,2024-07-12,,1,2024-07-12
1875,1388,canceled,2024-11-12,1,,2024-11-12
1876,1389,created,2024-09-08,,2,2024-09-08
1877,1390,created,2024-05-26,,1,2024-05-26
1878,1390,canceled,2024-07-26,1,,2024-07-26
1879,1391,created,2024-06-02,,2,2024-06-02
1880,1392,downgraded,2024-11-02,2,1,2024-11-02
1881,1392,canceled,2024-12-02,1,,2024-12-02
1882,1393,created,2024-09-24,,1,2024-09-24
1883,1393,canceled,2024-11-24,1,,2024-11-24
1884,1394,created,2023-08-07,,1,2023-08-07
1885,1394,canceled,2023-10-07,1,,2023-10-07
1886,1395,created,2024-02-27,,1,2024-02-27
1887,1395,canceled,2024-11-27,1,,2024-11-27
1888,1396,created,2023-08-14,,5,2023-08-17
1889,1397,upgraded,2023-11-14,5,7,2023-11-14
1890,1398,created,2024-12-04,,1,2024-12-04
1891,1399,created,2024-11-17,,4,2024-11-17
1892,1400,created,2022-07-02,,1,2022-07-02
1893,1401,upgraded,2023-09-02,1,2,2023-09-02
1894,1401,canceled,2024-10-02,2,,2024-10-02
1895,1402,created,2024-06-30,,2,2024-06-30
1896,1402,canceled,2024-09-30,2,,2024-09-30
1897,1403,created,2024-11-19,,7,2024-11-19
1898,1404,created,2023-06-22,,2,2023-06-22
1899,1405,upgraded,2024-04-22,2,5,2024-04-22
1900,1406,upgraded,2024-09-22,5,6,2024-09-22
1901,1407,created,2024-03-13,,1,2024-03-13
1902,1407,canceled,2024-09-13,1,,2024-09-20
1903,1408,created,2024-10-08,,2,2024-10-08
1904,1409,created,2022-06-15,,4,2022-06-15
1905,1410,upgraded,2023-05-15,4,6,2023-05-15
1906,1411,downgraded,2024-01-15,6,4,2024-01-15
1907,1412,downgraded,2024-02-15,4,2,2024-02-15
1908,1413,created,2024-06-29,,6,2024-06-29
1909,1414,upgraded,2024-07-29,6,8,2024-07-29
1910,1415,created,2023-10-28,,2,2023-10-28
1911,1416,created,2024-11-07,,3,2024-11-07
1912,1417,created,2024-12-12,,5,2024-12-12
1913,1418,created,2024-11-06,,1,2024-11-06
1914,1419,created,2024-02-04,,3,2024-02-04
1915,1420,upgraded,2024-08-04,3,4,2024-08-04
1916,1421,created,2024-09-22,,1,2024-09-22
1917,1422,created,2024-09-18,,1,2024-09-18
1918,1422,canceled,2024-10-18,1,,2024-10-18
1919,1423,created,2023-10-17,,1,2023-10-17
1920,1423,canceled,2024-01-17,1,,2024-01-17
1921,1424,created,2024-09-02,,2,2024-09-10
1922,1424,canceled,2024-12-02,2,,2024-12-02
1923,1425,created,2022-06-10,,1,2022-06-10
1924,1425,canceled,2023-01-10,1,,2023-01-10
1925,1426,reactivated,2023-05-10,,1,2023-05-10
1926,1426,canceled,2023-09-10,1,,2023-09-10
1927,1427,reactivated,2024-02-10,,1,2024-02-10
1928,1427,canceled,2024-04-10,1,,2024-04-10
1929,1428,created,2024-04-26,,1,2024-04-26
1930,1428,canceled,2024-11-26,1,,2024-11-26
1931,1429,created,2023-08-27,,7,2023-08-27
1932,1429,canceled,2024-04-27,7,,2024-04-27
1933,1430,created,2023-03-18,,6,2023-03-18
1934,1431,upgraded,2023-07-18,6,8,2023-07-18
1935,1432,created,2022-12-08,,8,2022-12-08
1936,1433,created,2024-06-23,,3,2024-06-23
1937,1434,upgraded,2024-09-23,3,5,2024-09-23
1938,1434,canceled,2024-12-23,5,,2024-12-23
1939,1435,created,2023-11-26,,1,2023-11-26
1940,1435,canceled,2024-02-26,1,,2024-02-26
1941,1436,created,2024-07-01,,8,2024-07-01
1942,1437,downgraded,2024-08-01,8,6,2024-08-01
1943,1438,created,2022-10-28,,1,2022-10-28
1944,1438,canceled,2023-01-28,1,,2023-01-28
1945,1439,created,2023-10-23,,5,2023-10-23
1946,1440,created,2024-03-24,,2,2024-03-24
1947,1441,upgraded,2024-12-24,2,4,2024-12-24
1948,1442,created,2024-08-10,,1,2024-08-10
1949,1443,created,2023-10-31,,2,2023-10-31
1950,1443,canceled,2024-03-29,2,,2024-03-29
1951,1444,created,2024-05-14,,1,2024-05-14
1952,1444,canceled,2024-07-14,1,,2024-07-14
1953,1445,created,2024-10-28,,1,2024-10-28
1954,1446,created,2024-04-05,,4,2024-04-05
1955,1447,created,2023-08-25,,4,2023-08-25
1956,1448,upgraded,2023-10-25,4,6,2023-10-30
1957,1449,upgraded,2024-08-25,6,8,2024-08-25
1958,1450,created,2022-04-16,,2,2022-04-16
1959,1451,upgraded,2022-08-16,2,4,2022-08-16
1960,1452,downgraded,2023-05-16,4,2,2023-05-16
1961,1453,downgraded,2023-06-16,2,1,2023-06-16
1962,1453,canceled,2024-02-16,1,,2024-02-16
1963,1454,created,2024-10-23,,1,2024-10-23
1964,1454,canceled,2024-12-23,1,,2024-12-23
1965,1455,created,2022-04-03,,4,2022-04-03
1966,1456,downgraded,2023-02-03,4,2,2023-02-03
1967,1457,downgraded,2023-03-03,2,1,2023-03-03
1968,1457,canceled,2024-10-03,1,,2024-10-03
1969,1458,created,2024-10-13,,1,2024-10-13
1970,1459,created,2024-03-11,,2,2024-03-11
1971,1460,created,2024-11-20,,5,2024-11-20
1972,1461,created,2024-08-21,,5,2024-08-21
1973,1462,created,2024-12-29,,6,2024-12-29
1974,1463,created,2023-11-02,,7,2023-11-02
1975,1464,created,2024-08-31,,2,2024-08-31
1976,1465,created,2023-12-01,,1,2023-12-01
1977,1466,upgraded,2024-05-01,1,2,2024-05-01
1978,1466,canceled,2024-08-01,2,,2024-08-01
1979,1467,created,2024-02-26,,2,2024-02-26
1980,1467,canceled,2024-04-26,2,,2024-04-26
1981,1468,created,2024-05-21,,1,2024-05-21
1982,1468,canceled,2024-10-21,1,,2024-10-21
1983,1469,created,2024-10-06,,2,2024-10-06
1984,1470,created,2024-12-21,,5,2024-12-21
1985,1471,created,2024-08-28,,6,2024-08-28
1986,1472,created,2024-01-27,,7,2024-01-27
1987,1472,canceled,2024-03-27,7,,2024-03-27
1988,1473,created,2024-01-21,,4,2024-01-21
1989,1474,created,2024-07-01,,1,2024-07-01
1990,1474,canceled,2024-08-01,1,,2024-08-01
1991,1475,reactivated,2024-12-01,,6,2024-12-01
1992,1476,created,2023-08-02,,1,2023-08-02
1993,1476,canceled,2024-04-02,1,,2024-04-02
1994,1477,created,2023-03-27,,5,2023-03-27
1995,1478,upgraded,2024-08-27,5,6,2024-08-27
1996,1479,created,2023-11-21,,1,2023-11-21
1997,1479,canceled,2024-03-21,1,,2024-03-21
1998,1480,created,2023-09-04,,8,2023-09-13
1999,1481,downgraded,2024-01-04,8,6,2024-01-04
2000,1482,upgraded,2024-03-04,6,8,2024-03-04
2001,1483,created,2023-10-25,,1,2023-10-25
2002,1483,canceled,2024-02-25,1,,2024-02-25
2003,1484,created,2023-08-12,,5,2023-08-12
2004,1484,canceled,2024-12-12,5,,2024-12-12
2005,1485,created,2022-07-10,,6,2022-07-10
2006,1485,canceled,2022-11-10,6,,2022-11-10
2007,1486,created,2022-03-13,,3,2022-03-13
2008,1486,canceled,2022-05-13,3,,2022-05-13
2009,1487,reactivated,2024-11-13,,5,2024-11-13
2010,1488,created,2024-12-18,,1,2024-12-18
2011,1489,created,2024-01-28,,5,2024-01-28
2012,1490,created,2023-12-22,,1,2023-12-25
2013,1490,canceled,2024-07-22,1,,2024-07-22
2014,1491,reactivated,2024-11-22,,2,2024-11-22
2015,1492,created,2024-06-21,,3,2024-06-29
2016,1492,canceled,2024-09-21,3,,2024-09-21
2017,1493,created,2023-07-18,,1,2023-07-18
2018,1493,canceled,2023-10-18,1,,2023-10-18
2019,1494,created,2024-11-13,,4,2024-11-13
2020,1495,created,2024-08-24,,5,2024-08-24
2021,1495,canceled,2024-09-24,5,,2024-09-24
2022,1496,created,2023-01-29,,4,2023-01-29
2023,1496,canceled,2023-10-28,4,,2023-10-28
2024,1497,created,2024-01-08,,2,2024-01-08
2025,1498,upgraded,2024-08-08,2,4,2024-08-08
2026,1499,created,2024-10-22,,6,2024-10-22
2027,1500,created,2024-11-30,,1,2024-11-30
2028,1501,created,2024-02-03,,1,2024-02-03
2029,1502,created,2024-04-24,,6,2024-04-24
2030,1503,upgraded,2024-09-24,6,8,2024-09-24
2031,1504,created,2023-05-22,,2,2023-05-22
2032,1504,canceled,2024-04-22,2,,2024-04-22
2033,1505,created,2024-12-29,,1,2024-12-29
2034,1506,created,2023-08-22,,1,2023-08-22
2035,1507,created,2024-11-12,,1,2024-11-12
2036,1508,created,2024-05-11,,2,2024-05-11
2037,1509,upgraded,2024-08-11,2,4,2024-08-11
2038,1510,created,2024-04-14,,2,2024-04-14
2039,1511,upgraded,2024-08-14,2,4,2024-08-14
2040,1512,created,2024-02-11,,2,2024-02-11
2041,1512,canceled,2024-05-11,2,,2024-05-13
2042,1513,reactivated,2024-12-11,,1,2024-12-11
2043,1514,created,2023-08-10,,4,2023-08-10
2044,1515,created,2023-06-03,,1,2023-06-03
2045,1515,canceled,2023-12-03,1,,2023-12-03
2046,1516,created,2023-08-18,,4,2023-08-18
2047,1517,downgraded,2023-10-18,4,3,2023-10-18
2048,1518,created,2023-06-24,,2,2023-06-24
2049,1518,canceled,2023-09-24,2,,2023-09-24
2050,1519,created,2024-08-01,,5,2024-08-01
2051,1520,created,2023-11-07,,3,2023-11-07
2052,1521,upgraded,2024-03-07,3,5,2024-03-07
2053,1522,upgraded,2024-12-07,5,6,2024-12-07
2054,1523,created,2022-09-18,,1,2022-09-18
2055,1524,upgraded,2023-01-18,1,3,2023-01-18
2056,1524,canceled,2024-03-18,3,,2024-03-18
2057,1525,created,2024-11-08,,8,2024-11-08
2058,1526,created,2024-10-05,,4,2024-10-05
2059,1527,created,2024-11-17,,1,2024-11-17
2060,1528,created,2024-12-20,,2,2024-12-20
2061,1529,created,2023-06-06,,3,2023-06-06
2062,1529,canceled,2024-01-06,3,,2024-01-06
2063,1530,created,2023-12-31,,1,2024-01-10
2064,1530,canceled,2024-01-31,1,,2024-01-31
2065,1531,created,2024-08-02,,8,2024-08-02
2066,1532,created,2024-06-12,,1,2024-06-17
2067,1532,canceled,2024-12-12,1,,2024-12-12
2068,1533,created,2023-05-26,,4,2023-05-26
2069,1534,upgraded,2023-07-26,4,6,2023-07-26
2070,1535,downgraded,2024-06-26,6,4,2024-06-26
2071,1536,created,2024-09-02,,1,2024-09-02
2072,1537,created,2023-08-31,,6,2023-08-31
2073,1538,upgraded,2023-09-30,6,8,2023-09-30
2074,1539,downgraded,2024-11-29,8,6,2024-11-29
2075,1540,created,2023-08-09,,1,2023-08-09
2076,1540,canceled,2024-04-09,1,,2024-04-09
2077,1541,created,2024-03-13,,1,2024-03-13
2078,1542,created,2024-04-17,,2,2024-04-17
2079,1543,downgraded,2024-12-17,2,1,2024-12-17
2080,1544,created,2024-04-13,,1,2024-04-13
2081,1544,canceled,2024-10-13,1,,2024-10-13
2082,1545,created,2023-01-16,,1,2023-01-16
2083,1545,canceled,2023-11-16,1,,2023-11-16
2084,1546,created,2024-10-15,,1,2024-10-15
2085,1547,created,2023-09-07,,8,2023-09-07
2086,1548,downgraded,2024-01-07,8,7,2024-01-07
2087,1549,created,2023-04-27,,2,2023-04-27
2088,1549,canceled,2024-01-27,2,,2024-01-27
2089,1550,created,2024-10-24,,2,2024-10-24
2090,1551,created,2024-11-19,,5,2024-11-19
2091,1552,created,2024-09-02,,2,2024-09-02
2092,1553,upgraded,2024-12-02,2,4,2024-12-05
2093,1554,created,2024-09-17,,3,2024-09-17
2094,1555,created,2024-05-09,,2,2024-05-09
2095,1556,created,2024-03-19,,1,2024-03-19
2096,1557,created,2023-01-27,,5,2023-01-27
2097,1558,upgraded,2023-09-27,5,6,2023-09-27
2098,1559,upgraded,2023-10-27,6,8,2023-10-27
2099,1560,downgraded,2024-07-27,8,6,2024-07-27
2100,1561,created,2023-12-16,,3,2023-12-16
2101,1562,created,2023-11-20,,1,2023-11-20
2102,1562,canceled,2024-01-20,1,,2024-01-20
2103,1563,created,2023-09-20,,1,2023-09-20
2104,1563,canceled,2024-04-20,1,,2024-04-20
2105,1564,created,2024-07-11,,4,2024-07-11
2106,1565,created,2024-02-13,,1,2024-02-13
2107,1565,canceled,2024-05-13,1,,2024-05-13
2108,1566,reactivated,2024-08-13,,1,2024-08-13
2109,1567,created,2022-12-28,,1,2022-12-28
2110,1567,canceled,2023-06-28,1,,2023-06-28
2111,1568,created,2023-08-20,,1,2023-08-20
2112,1569,upgraded,2023-12-20,1,3,2023-12-20
2113,1570,created,2024-06-02,,1,2024-06-02
2114,1570,canceled,2024-08-02,1,,2024-08-02
2115,1571,created,2022-12-03,,6,2022-12-03
2116,1572,upgraded,2023-11-03,6,8,2023-11-03
2117,1573,created,2024-09-27,,1,2024-09-27
2118,1574,upgraded,2024-10-27,1,2,2024-10-27
2119,1575,upgraded,2024-12-27,2,4,2024-12-27
2120,1576,created,2024-02-14,,8,2024-02-14
2121,1577,created,2024-02-17,,1,2024-02-17
2122,1577,canceled,2024-09-17,1,,2024-09-17
2123,1578,created,2024-04-25,,4,2024-04-25
2124,1578,canceled,2024-06-25,4,,2024-06-25
2125,1579,created,2024-09-25,,6,2024-09-25
2126,1580,created,2023-11-09,,1,2023-11-09
2127,1580,canceled,2023-12-09,1,,2023-12-09
2128,1581,created,2024-06-10,,1,2024-06-10
2129,1581,canceled,2024-09-10,1,,2024-09-10
2130,1582,created,2024-03-01,,7,2024-03-01
2131,1583,created,2023-09-04,,2,2023-09-04
2132,1584,created,2024-10-26,,2,2024-10-26
2133,1585,created,2024-08-21,,4,2024-08-21
2134,1586,created,2024-05-19,,5,2024-05-19
2135,1587,upgraded,2024-12-19,5,6,2024-12-19
2136,1588,created,2024-09-25,,1,2024-09-25
2137,1589,created,2024-10-06,,5,2024-10-06
2138,1590,created,2024-06-10,,2,2024-06-10
2139,1591,upgraded,2024-09-10,2,5,2024-09-10
2140,1592,created,2024-09-05,,3,2024-09-05
2141,17096,created,2024-06-15,,2,2024-06-15
2142,1593,canceled,2024-11-15,2,,2024-11-20
2143,1594,created,2024-06-17,,8,2024-06-17
2144,1595,created,2024-05-23,,1,2024-05-23
2145,1595,canceled,2024-06-23,1,,2024-06-23
2146,1596,created,2024-07-21,,7,2024-07-21
2147,1597,created,2023-05-30,,2,2023-05-30
2148,1598,downgraded,2023-09-30,2,1,2023-09-30
2149,1599,upgraded,2024-03-29,1,2,2024-03-29
2150,1599,canceled,2024-08-29,2,,2024-08-29
2151,1600,reactivated,2024-11-29,,2,2024-11-29
2152,1601,created,2024-10-12,,6,2024-10-12
2153,1602,created,2024-10-13,,3,2024-10-13
2154,1603,created,2022-05-20,,1,2022-05-20
2155,1603,canceled,2023-04-20,1,,2023-04-20
2156,1604,created,2024-09-16,,1,2024-09-16
2157,1605,created,2023-04-26,,4,2023-04-26
2158,1606,upgraded,2023-11-26,4,6,2023-11-26
2159,1606,canceled,2024-06-26,6,,2024-06-26
2160,1607,created,2023-10-17,,2,2023-10-17
2161,1607,canceled,2024-10-17,2,,2024-10-17
2162,1608,created,2024-07-02,,1,2024-07-02
2163,1608,canceled,2024-09-02,1,,2024-09-02
2164,1609,created,2023-05-03,,3,2023-05-03
2165,1610,upgraded,2023-09-03,3,4,2023-09-03
2166,1610,canceled,2024-01-03,4,,2024-01-03
2167,1611,created,2024-09-13,,1,2024-09-13
2168,1612,created,2024-09-23,,4,2024-09-23
2169,1613,created,2024-02-27,,2,2024-02-27
2170,1614,upgraded,2024-05-27,2,5,2024-05-27
2171,1615,created,2022-01-27,,6,2022-02-04
2172,1616,downgraded,2022-08-27,6,4,2022-08-27
2173,1617,upgraded,2022-09-27,4,6,2022-09-27
2174,1618,upgraded,2023-06-27,6,8,2023-06-27
2175,1619,created,2023-09-30,,1,2023-09-30
2176,1619,canceled,2024-04-29,1,,2024-04-29
2177,1620,created,2024-04-17,,4,2024-04-17
2178,1620,canceled,2024-12-17,4,,2024-12-17
2179,1621,created,2024-12-31,,2,2024-12-31
2180,1622,created,2024-05-18,,5,2024-05-18
2181,1623,created,2023-09-13,,5,2023-09-13
2182,1623,canceled,2024-08-13,5,,2024-08-13
2183,1624,created,2024-05-31,,8,2024-05-31
2184,1625,created,2024-03-28,,3,2024-03-28
2185,1626,created,2024-08-21,,1,2024-08-21
2186,1627,created,2023-02-26,,4,2023-03-04
2187,1628,upgraded,2023-12-26,4,6,2023-12-26
2188,1629,upgraded,2024-12-26,6,8,2024-12-26
2189,1630,created,2024-08-01,,2,2024-08-01
2190,1631,created,2024-03-13,,4,2024-03-13
2191,1632,created,2024-11-30,,3,2024-11-30
2192,1633,created,2023-11-19,,8,2023-11-19
2193,1634,created,2024-05-30,,2,2024-05-30
2194,1635,downgraded,2024-09-30,2,1,2024-09-30
2195,1635,canceled,2024-10-30,1,,2024-10-30
2196,1636,created,2024-11-08,,1,2024-11-08
2197,1637,created,2023-02-08,,5,2023-02-08
2198,1638,upgraded,2023-03-08,5,6,2023-03-08
2199,1639,created,2024-11-04,,1,2024-11-04
2200,1640,created,2024-06-20,,1,2024-06-20
2201,1640,canceled,2024-09-20,1,,2024-09-20
2202,1641,created,2022-11-28,,5,2022-11-28
2203,1642,upgraded,2023-05-28,5,6,2023-05-28
2204,1643,downgraded,2023-11-28,6,4,2023-11-28
2205,1644,downgraded,2024-08-28,4,3,2024-08-28
2206,1645,created,2023-10-29,,2,2023-10-29
2207,1646,upgraded,2024-01-29,2,4,2024-01-29
2208,1647,created,2024-06-25,,1,2024-06-25
2209,1648,created,2022-11-19,,2,2022-11-26
2210,1649,upgraded,2024-08-19,2,4,2024-08-19
2211,1649,canceled,2024-11-19,4,,2024-11-19
2212,1650,created,2024-04-18,,1,2024-04-18
2213,1651,upgraded,2024-07-18,1,3,2024-07-18
2214,1652,created,2023-11-25,,6,2023-11-25
2215,1653,created,2024-05-15,,2,2024-05-15
2216,1654,upgraded,2024-07-15,2,4,2024-07-15
2217,1654,canceled,2024-09-15,4,,2024-09-15
2218,1655,created,2022-08-13,,1,2022-08-13
2219,1655,canceled,2023-04-13,1,,2023-04-13
2220,1656,reactivated,2023-11-13,,1,2023-11-13
2221,1656,canceled,2024-08-13,1,,2024-08-13
2222,1657,created,2024-10-09,,1,2024-10-09
2223,1658,created,2024-12-31,,6,2024-12-31
2224,1659,created,2024-11-07,,1,2024-11-07
2225,1660,created,2024-07-13,,1,2024-07-13
2226,1660,canceled,2024-10-13,1,,2024-10-13
2227,1661,created,2023-04-19,,2,2023-04-19
2228,1662,upgraded,2023-07-19,2,4,2023-07-19
2229,1663,created,2024-08-26,,7,2024-08-26
2230,1664,created,2022-04-05,,2,2022-04-05
2231,16306,canceled,2022-07-05,2,,2022-07-05
2232,1665,reactivated,2024-10-05,,4,2024-10-05
2233,1666,created,2022-04-01,,4,2022-04-01
2234,1667,downgraded,2022-05-01,4,2,2022-05-01
2235,1668,created,2023-10-28,,2,2023-10-28
2236,1668,canceled,2023-11-28,2,,2023-11-28
2237,1669,created,2024-02-16,,1,2024-02-16
2238,1669,canceled,2024-11-16,1,,2024-11-16
2239,1670,created,2024-08-13,,1,2024-08-13
2240,1671,created,2024-06-09,,2,2024-06-09
2241,1672,created,2024-01-11,,1,2024-01-11
2242,1673,upgraded,2024-04-11,1,2,2024-04-11
2243,1673,canceled,2024-11-11,2,,2024-11-11
2244,1674,created,2023-09-26,,2,2023-09-26
2245,1675,created,2024-12-28,,2,2024-12-28
2246,1676,created,2024-01-21,,1,2024-01-21
2247,1676,canceled,2024-12-21,1,,2024-12-21
2248,1677,created,2024-01-12,,2,2024-01-12
2249,1678,created,2023-05-15,,3,2023-05-15
2250,1678,canceled,2024-01-15,3,,2024-01-15
2251,1679,created,2024-08-21,,1,2024-08-21
2252,1679,canceled,2024-11-21,1,,2024-11-21
2253,1680,created,2024-06-30,,1,2024-06-30
2254,1680,canceled,2024-08-30,1,,2024-08-30
2255,1681,created,2023-08-28,,1,2023-08-28
2256,1682,upgraded,2023-11-28,1,3,2023-11-28
2257,1682,canceled,2024-02-28,3,,2024-02-28
2258,1683,created,2023-01-11,,8,2023-01-11
2259,1684,created,2024-06-21,,3,2024-06-21
2260,1684,canceled,2024-08-21,3,,2024-08-21
2261,1685,created,2024-05-31,,4,2024-05-31
2262,1685,canceled,2024-08-30,4,,2024-08-30
2263,1686,created,2023-09-14,,1,2023-09-14
2264,1687,created,2024-11-08,,1,2024-11-08
2265,1688,created,2023-05-03,,1,2023-05-03
2266,1688,canceled,2023-06-03,1,,2023-06-03
2267,1689,reactivated,2024-09-03,,3,2024-09-03
2268,1690,created,2024-01-30,,3,2024-01-30
2269,1691,upgraded,2024-03-29,3,4,2024-03-29
2270,1691,canceled,2024-08-29,4,,2024-08-29
2271,1692,created,2024-11-13,,5,2024-11-13
2272,1693,created,2024-01-20,,2,2024-01-20
2273,1694,upgraded,2024-07-20,2,4,2024-07-20
2274,1695,created,2024-05-10,,1,2024-05-10
2275,1695,canceled,2024-11-10,1,,2024-11-10
2276,1696,created,2023-12-05,,1,2023-12-05
2277,1696,canceled,2024-02-05,1,,2024-02-05
2278,1697,created,2023-09-22,,1,2023-09-22
2279,1698,upgraded,2024-07-22,1,3,2024-07-22
2280,1699,created,2024-12-15,,2,2024-12-15
2281,1700,created,2024-01-15,,2,2024-01-15
2282,1700,canceled,2024-05-15,2,,2024-05-15
2283,1701,created,2024-10-19,,1,2024-10-19
2284,1702,created,2023-08-19,,7,2023-08-19
2285,1703,created,2023-07-30,,5,2023-07-30
2286,1704,upgraded,2023-10-30,5,6,2023-10-30
2287,1705,created,2022-05-15,,2,2022-05-15
2288,1705,canceled,2022-09-15,2,,2022-09-15
2289,1706,reactivated,2023-06-15,,1,2023-06-15
2290,1706,canceled,2023-09-15,1,,2023-09-15
2291,1707,created,2024-05-01,,1,2024-05-01
2292,1707,canceled,2024-06-01,1,,2024-06-01
2293,1708,created,2023-11-12,,1,2023-11-12
2294,1708,canceled,2024-04-12,1,,2024-04-12
2295,1709,created,2024-10-16,,2,2024-10-16
2296,1710,created,2024-02-14,,1,2024-02-14
2297,1711,upgraded,2024-10-14,1,2,2024-10-14
2298,1712,created,2024-11-18,,1,2024-11-26
2299,1713,created,2023-06-13,,4,2023-06-13
2300,1713,canceled,2023-08-13,4,,2023-08-13
2301,1714,created,2024-10-27,,6,2024-10-27
2302,1715,downgraded,2024-12-27,6,4,2024-12-27
2303,1716,created,2024-08-08,,4,2024-08-08
2304,1717,downgraded,2024-09-08,4,3,2024-09-08
2305,1717,canceled,2024-10-08,3,,2024-10-08
2306,1718,created,2024-08-23,,1,2024-08-23
2307,1719,created,2024-09-26,,1,2024-09-26
2308,1719,canceled,2024-11-26,1,,2024-12-04
2309,1720,created,2024-08-05,,1,2024-08-05
2310,1720,canceled,2024-12-05,1,,2024-12-05
2311,1721,created,2024-05-09,,1,2024-05-09
2312,1722,created,2023-04-05,,1,2023-04-05
2313,1722,canceled,2023-05-05,1,,2023-05-05
2314,1723,created,2022-06-04,,4,2022-06-04
2315,1724,upgraded,2022-11-04,4,6,2022-11-04
2316,1725,downgraded,2023-01-04,6,4,2023-01-12
2317,1725,canceled,2024-04-04,4,,2024-04-04
2318,1726,reactivated,2024-09-04,,2,2024-09-04
2319,1727,upgraded,2024-12-04,2,4,2024-12-04
2320,1728,created,2024-11-01,,7,2024-11-01
2321,1729,created,2024-04-11,,3,2024-04-11
2322,1730,upgraded,2024-06-11,3,4,2024-06-11
2323,1731,created,2024-08-12,,6,2024-08-12
2324,1731,canceled,2024-10-12,6,,2024-10-12
2325,1732,created,2024-02-27,,4,2024-02-27
2326,1733,created,2023-03-13,,1,2023-03-13
2327,1733,canceled,2023-04-13,1,,2023-04-13
2328,1734,created,2023-03-27,,1,2023-03-27
2329,1734,canceled,2023-04-27,1,,2023-04-27
2330,1735,reactivated,2023-09-27,,1,2023-09-27
2331,1735,canceled,2023-10-27,1,,2023-10-27
2332,1736,created,2024-06-25,,4,2024-06-25
2333,1737,created,2024-01-08,,2,2024-01-08
2334,1738,created,2023-07-25,,1,2023-07-25
2335,1738,canceled,2023-12-25,1,,2023-12-25
2336,1739,created,2024-02-13,,4,2024-02-13
2337,1740,created,2022-10-21,,4,2022-10-21
2338,1741,upgraded,2023-10-21,4,6,2023-10-21
2339,1742,upgraded,2024-03-21,6,8,2024-03-21
2340,1743,created,2024-04-04,,1,2024-04-04
2341,1743,canceled,2024-05-04,1,,2024-05-04
2342,1744,created,2023-09-29,,8,2023-09-29
2343,1745,downgraded,2024-02-29,8,6,2024-02-29
2344,1746,created,2024-08-08,,2,2024-08-08
2345,1747,upgraded,2024-11-08,2,4,2024-11-08
2346,1748,created,2023-10-09,,1,2023-10-09
2347,1748,canceled,2024-12-09,1,,2024-12-09
2348,1749,created,2024-01-02,,1,2024-01-02
2349,1749,canceled,2024-05-02,1,,2024-05-02
2350,1750,created,2022-02-05,,2,2022-02-12
2351,1750,canceled,2022-06-05,2,,2022-06-05
2352,1751,created,2022-11-03,,1,2022-11-03
2353,1751,canceled,2023-05-03,1,,2023-05-03
2354,1752,created,2023-12-25,,4,2023-12-25
2355,1752,canceled,2024-01-25,4,,2024-01-25
2356,1753,created,2024-02-23,,1,2024-02-23
2357,1753,canceled,2024-05-23,1,,2024-05-23
2358,1754,created,2024-04-11,,2,2024-04-11
2359,1755,downgraded,2024-05-11,2,1,2024-05-11
2360,1756,created,2023-09-26,,1,2023-09-26
2361,1757,created,2024-06-13,,2,2024-06-13
2362,1758,created,2024-09-16,,1,2024-09-16
2363,1759,created,2024-08-16,,2,2024-08-16
2364,1760,created,2022-07-24,,3,2022-07-24
2365,1761,downgraded,2022-10-24,3,1,2022-10-24
2366,1762,upgraded,2022-12-24,1,2,2022-12-24
2367,1762,canceled,2023-03-24,2,,2023-03-24
2368,1763,created,2024-02-28,,2,2024-02-28
2369,1763,canceled,2024-05-28,2,,2024-05-28
2370,1764,created,2023-02-10,,1,2023-02-10
2371,1765,upgraded,2023-06-10,1,3,2023-06-10
2372,1766,downgraded,2024-04-10,3,1,2024-04-10
2373,1766,canceled,2024-11-10,1,,2024-11-10
2374,1767,reactivated,2024-12-10,,1,2024-12-10
2375,1768,created,2023-08-25,,4,2023-08-25
2376,1769,upgraded,2024-03-25,4,6,2024-03-25
2377,1770,downgraded,2024-12-25,6,4,2024-12-25
2378,1771,created,2024-12-01,,6,2024-12-01
2379,1772,created,2023-04-11,,8,2023-04-11
2380,1773,created,2024-02-13,,2,2024-02-13
2381,1773,canceled,2024-05-13,2,,2024-05-13
2382,1774,created,2024-05-05,,3,2024-05-05
2383,1774,canceled,2024-09-05,3,,2024-09-13
2384,1775,created,2024-06-04,,1,2024-06-04
2385,1775,canceled,2024-10-04,1,,2024-10-04
2386,1776,created,2024-03-31,,1,2024-03-31
2387,1776,canceled,2024-11-30,1,,2024-11-30
2388,1777,created,2022-02-16,,1,2022-02-16
2389,1777,canceled,2022-08-16,1,,2022-08-16
2390,1778,reactivated,2023-11-16,,4,2023-11-16
2391,1779,downgraded,2024-10-16,4,2,2024-10-16
2392,1780,created,2023-10-13,,1,2023-10-13
2393,1780,canceled,2024-01-13,1,,2024-01-19
2394,1781,created,2024-03-09,,3,2024-03-09
2395,1782,upgraded,2024-04-09,3,4,2024-04-09
2396,1783,upgraded,2024-11-09,4,6,2024-11-09
2397,1784,created,2023-01-01,,8,2023-01-01
2398,1784,canceled,2023-06-01,8,,2023-06-01
2399,1785,reactivated,2024-01-01,,6,2024-01-01
2400,1786,downgraded,2024-02-01,6,5,2024-02-01
2401,1786,canceled,2024-10-01,5,,2024-10-01
2402,1787,created,2023-11-29,,2,2023-11-29
2403,1788,created,2022-06-12,,2,2022-06-12
2404,1788,canceled,2022-07-12,2,,2022-07-12
2405,1789,reactivated,2024-09-12,,2,2024-09-12
2406,1790,upgraded,2024-11-12,2,4,2024-11-12
2407,1791,created,2022-12-12,,2,2022-12-12
2408,1791,canceled,2023-11-12,2,,2023-11-12
2409,1792,created,2023-12-17,,2,2023-12-17
2410,1793,upgraded,2024-05-17,2,4,2024-05-17
2411,1794,created,2023-04-07,,5,2023-04-07
2412,1795,downgraded,2024-07-07,5,2,2024-07-07
2413,1796,created,2024-03-18,,1,2024-03-18
2414,1797,upgraded,2024-04-18,1,3,2024-04-18
2415,1798,downgraded,2024-11-18,3,1,2024-11-18
2416,1799,created,2024-06-19,,3,2024-06-19
2417,1800,created,2024-08-14,,5,2024-08-14
2418,1801,created,2023-07-22,,6,2023-07-22
2419,1802,upgraded,2024-08-22,6,8,2024-08-22
2420,1803,created,2023-05-06,,3,2023-05-13
2421,1803,canceled,2023-08-06,3,,2023-08-06
2422,1804,created,2023-02-22,,3,2023-02-22
2423,1805,downgraded,2023-10-22,3,1,2023-10-22
2424,1805,canceled,2024-03-22,1,,2024-03-22
2425,1806,created,2024-05-12,,6,2024-05-12
2426,1807,created,2024-06-28,,1,2024-06-28
2427,1808,created,2022-06-24,,4,2022-06-24
2428,1809,upgraded,2022-10-24,4,6,2022-10-24
2429,1810,created,2024-11-13,,7,2024-11-13
2430,1811,created,2022-09-15,,4,2022-09-15
2431,1812,downgraded,2023-12-15,4,2,2023-12-15
2432,1813,downgraded,2024-03-15,2,1,2024-03-15
2433,1813,canceled,2024-04-15,1,,2024-04-15
2434,1814,created,2024-03-10,,3,2024-03-10
2435,1815,created,2024-06-10,,3,2024-06-10
2436,1816,created,2024-10-11,,4,2024-10-18
2437,1816,canceled,2024-12-11,4,,2024-12-11
2438,1817,created,2024-06-09,,4,2024-06-09
2439,1818,created,2024-08-19,,1,2024-08-19
2440,1818,canceled,2024-10-19,1,,2024-10-19
2441,1819,created,2023-11-05,,5,2023-11-05
2442,1820,upgraded,2024-01-05,5,7,2024-01-05
2443,1821,upgraded,2024-03-05,7,8,2024-03-05
2444,1822,created,2024-09-09,,6,2024-09-09
2445,1823,created,2022-12-30,,4,2022-12-30
2446,1824,upgraded,2023-04-28,4,6,2023-04-28
2447,1824,canceled,2024-03-28,6,,2024-03-28
2448,1825,created,2024-10-16,,2,2024-10-16
2449,1825,canceled,2024-11-16,2,,2024-11-16
2450,1826,created,2024-03-19,,2,2024-03-19
2451,1826,canceled,2024-07-19,2,,2024-07-19
2452,1827,created,2024-09-02,,2,2024-09-02
2453,1828,created,2024-01-02,,1,2024-01-02
2454,1828,canceled,2024-02-02,1,,2024-02-02
2455,1829,created,2024-05-14,,4,2024-05-14
2456,1830,created,2024-03-08,,4,2024-03-08
2457,1831,upgraded,2024-06-08,4,6,2024-06-08
2458,1832,created,2024-07-21,,2,2024-07-21
2459,1833,created,2023-01-02,,5,2023-01-02
2460,1833,canceled,2023-10-02,5,,2023-10-02
2461,1834,created,2022-10-23,,1,2022-10-23
2462,1834,canceled,2023-01-23,1,,2023-01-23
2463,1835,reactivated,2024-06-23,,1,2024-06-23
2464,1836,upgraded,2024-12-23,1,2,2024-12-23
2465,1837,created,2023-08-13,,7,2023-08-13
2466,1837,canceled,2024-02-13,7,,2024-02-13
2467,1838,created,2023-05-03,,1,2023-05-03
2468,1838,canceled,2023-08-03,1,,2023-08-08
2469,1839,reactivated,2023-09-03,,1,2023-09-03
2470,1839,canceled,2023-12-03,1,,2023-12-03
2471,1840,created,2024-10-05,,1,2024-10-05
2472,1841,created,2023-07-18,,3,2023-07-18
2473,1841,canceled,2023-11-18,3,,2023-11-18
2474,1842,reactivated,2024-09-18,,1,2024-09-20
2475,1843,created,2024-12-25,,1,2024-12-25
2476,1844,created,2023-10-07,,5,2023-10-07
2477,1845,created,2023-06-20,,1,2023-06-27
2478,1845,canceled,2024-03-20,1,,2024-03-20
2479,1846,created,2024-08-09,,1,2024-08-09
2480,1846,canceled,2024-12-09,1,,2024-12-09
2481,1847,created,2024-05-03,,8,2024-05-03
2482,1848,created,2024-02-07,,6,2024-02-07
2483,1849,created,2024-03-10,,1,2024-03-10
2484,1849,canceled,2024-04-10,1,,2024-04-10
2485,1850,created,2024-07-26,,5,2024-07-26
2486,1851,created,2023-08-27,,2,2023-08-27
2487,1851,canceled,2023-10-27,2,,2023-10-27
2488,1852,created,2024-12-24,,3,2024-12-24
2489,1853,created,2024-12-31,,1,2024-12-31
2490,1854,created,2024-05-10,,1,2024-05-10
2491,1855,created,2023-07-15,,1,2023-07-15
2492,1855,canceled,2023-09-15,1,,2023-09-15
2493,1856,created,2024-06-07,,2,2024-06-07
2494,1857,upgraded,2024-12-07,2,4,2024-12-07
2495,1858,created,2022-11-16,,5,2022-11-16
2496,1859,upgraded,2024-09-16,5,6,2024-09-16
2497,1860,created,2022-05-22,,2,2022-05-22
2498,1861,upgraded,2023-04-22,2,5,2023-04-22
2499,1862,upgraded,2023-07-22,5,6,2023-07-22
2500,1862,canceled,2024-05-22,6,,2024-05-22
2501,1863,created,2023-09-02,,1,2023-09-02
2502,1863,canceled,2024-02-02,1,,2024-02-02
2503,1864,created,2024-01-23,,1,2024-01-23
2504,1865,upgraded,2024-02-23,1,2,2024-02-23
2505,1866,created,2024-10-01,,2,2024-10-01
2506,1867,created,2024-07-30,,7,2024-07-30
2507,1868,created,2024-07-28,,3,2024-07-28
2508,1869,created,2024-01-17,,3,2024-01-17
2509,1870,created,2023-11-28,,2,2023-11-28
2510,1871,upgraded,2024-04-28,2,5,2024-04-28
2511,1872,created,2023-11-15,,1,2023-11-15
2512,1872,canceled,2024-03-15,1,,2024-03-15
2513,1873,created,2024-12-30,,8,2024-12-30
2514,1874,created,2022-07-06,,2,2022-07-06
2515,1875,upgraded,2023-02-06,2,4,2023-02-06
2516,1875,canceled,2023-05-06,4,,2023-05-06
2517,1876,created,2024-10-10,,1,2024-10-20
2518,1877,created,2024-04-26,,1,2024-04-26
2519,1877,canceled,2024-05-26,1,,2024-05-26
2520,1878,created,2024-01-27,,1,2024-01-27
2521,1878,canceled,2024-09-27,1,,2024-09-27
2522,1879,created,2024-07-08,,1,2024-07-08
2523,1880,created,2024-02-03,,1,2024-02-12
2524,1880,canceled,2024-09-03,1,,2024-09-03
2525,1881,created,2024-10-28,,4,2024-10-28
2526,1882,created,2024-10-05,,2,2024-10-05
2527,1883,created,2024-01-15,,1,2024-01-15
2528,1884,created,2023-09-18,,1,2023-09-18
2529,1884,canceled,2024-08-18,1,,2024-08-18
2530,1885,created,2024-04-23,,4,2024-04-23
2531,1885,canceled,2024-10-23,4,,2024-10-23
2532,1886,created,2024-10-30,,1,2024-10-30
2533,1886,canceled,2024-12-30,1,,2025-01-04
2534,1887,created,2023-07-30,,2,2023-07-30
2535,1888,created,2024-05-24,,1,2024-05-24
2536,1889,created,2024-05-24,,1,2024-05-24
2537,1890,created,2024-07-31,,2,2024-07-31
2538,22262,upgraded,2024-09-30,2,4,2024-09-30
2539,1892,created,2023-04-29,,1,2023-04-29
2540,19327,canceled,2023-10-29,1,,2023-10-29
2541,1893,created,2024-07-07,,1,2024-07-07
2542,1894,created,2024-10-20,,1,2024-10-20
2543,1895,created,2023-06-20,,2,2023-06-20
2544,1895,canceled,2023-07-20,2,,2023-07-20
2545,1896,created,2023-08-23,,1,2023-08-23
2546,1896,canceled,2024-05-23,1,,2024-05-23
2547,1897,created,2024-12-16,,5,2024-12-16
2548,1898,created,2023-06-16,,2,2023-06-16
2549,1898,canceled,2023-12-16,2,,2023-12-22
2550,1899,created,2024-09-14,,3,2024-09-14
2551,1900,upgraded,2024-11-14,3,5,2024-11-14
2552,1901,created,2024-02-14,,1,2024-02-14
2553,1902,created,2023-08-07,,2,2023-08-07
2554,1902,canceled,2024-01-07,2,,2024-01-07
2555,1903,created,2024-10-28,,6,2024-10-28
2556,1904,created,2024-01-29,,1,2024-01-29
2557,1904,canceled,2024-02-29,1,,2024-02-29
2558,1905,created,2024-02-24,,3,2024-02-26
2559,1906,created,2023-11-24,,5,2023-11-24
2560,1907,downgraded,2024-03-24,5,2,2024-03-27
2561,1907,canceled,2024-05-24,2,,2024-05-24
2562,1908,created,2024-04-23,,6,2024-04-23
2563,1909,created,2023-05-27,,8,2023-05-27
2564,1910,downgraded,2023-06-27,8,6,2023-06-27
2565,1911,downgraded,2024-03-27,6,5,2024-03-27
2566,1912,created,2023-12-18,,7,2023-12-18
2567,1913,created,2024-11-17,,1,2024-11-17
2568,1914,created,2023-09-15,,1,2023-09-15
2569,1914,canceled,2024-02-15,1,,2024-02-15
2570,1915,reactivated,2024-09-15,,2,2024-09-15
2571,1916,created,2024-05-15,,1,2024-05-15
2572,1917,created,2023-10-23,,1,2023-10-23
2573,1917,canceled,2024-07-23,1,,2024-07-23
2574,1918,created,2024-08-15,,5,2024-08-15
2575,1918,canceled,2024-10-15,5,,2024-10-15
2576,1919,created,2023-04-19,,3,2023-04-19
2577,1919,canceled,2023-05-19,3,,2023-05-19
2578,1920,created,2024-12-14,,1,2024-12-14
2579,1921,created,2024-01-29,,6,2024-01-29
2580,1922,created,2023-08-09,,2,2023-08-09
2581,1922,canceled,2024-01-09,2,,2024-01-09
2582,1923,created,2022-11-06,,4,2022-11-06
2583,1923,canceled,2023-04-06,4,,2023-04-06
2584,1924,created,2023-06-15,,2,2023-06-15
2585,1925,upgraded,2023-11-15,2,5,2023-11-15
2586,1925,canceled,2024-02-15,5,,2024-02-15
2587,1926,created,2024-03-24,,5,2024-03-24
2588,1927,created,2023-10-13,,1,2023-10-13
2589,1927,canceled,2024-07-13,1,,2024-07-23
2590,1928,created,2024-09-11,,1,2024-09-11
2591,1928,canceled,2024-12-11,1,,2024-12-11
2592,1929,created,2024-01-28,,4,2024-01-28
2593,1929,canceled,2024-07-28,4,,2024-07-28
2594,1930,created,2023-08-10,,2,2023-08-10
2595,1930,canceled,2023-11-10,2,,2023-11-10
2596,1931,created,2024-04-21,,4,2024-04-21
2597,1932,downgraded,2024-08-21,4,2,2024-08-21
2598,1933,upgraded,2024-09-21,2,4,2024-09-29
2599,1934,created,2024-06-01,,1,2024-06-01
2600,1934,canceled,2024-07-01,1,,2024-07-01
2601,1935,created,2023-05-28,,3,2023-05-28
2602,1935,canceled,2023-06-28,3,,2023-06-28
2603,1936,created,2023-05-16,,3,2023-05-16
2604,1937,upgraded,2023-06-16,3,5,2023-06-16
2605,1937,canceled,2024-10-16,5,,2024-10-16
2606,1938,created,2022-06-14,,1,2022-06-14
2607,1938,canceled,2022-12-14,1,,2022-12-14
2608,1939,reactivated,2023-08-14,,4,2023-08-14
2609,1940,created,2024-07-29,,4,2024-07-29
2610,1941,upgraded,2024-12-29,4,6,2024-12-29
2611,1942,created,2024-05-27,,1,2024-05-31
2612,1943,created,2024-02-12,,1,2024-02-12
2613,1943,canceled,2024-06-12,1,,2024-06-17
2614,1944,reactivated,2024-09-12,,2,2024-09-12
2615,1944,canceled,2024-10-12,2,,2024-10-12
2616,1945,created,2024-09-27,,2,2024-09-27
2617,1945,canceled,2024-11-27,2,,2024-11-27
2618,1946,created,2024-09-04,,1,2024-09-04
2619,1947,created,2024-04-20,,4,2024-04-20
2620,1947,canceled,2024-06-20,4,,2024-06-20
2621,1948,created,2024-10-18,,2,2024-10-18
2622,1949,created,2023-07-30,,3,2023-07-30
2623,1950,upgraded,2023-08-30,3,5,2023-08-30
2624,1950,canceled,2024-11-29,5,,2024-11-29
2625,1951,created,2023-03-29,,3,2023-03-29
2626,1951,canceled,2023-05-29,3,,2023-05-29
2627,1952,created,2023-09-18,,7,2023-09-18
2628,1953,upgraded,2023-10-18,7,8,2023-10-18
2629,1954,downgraded,2024-06-18,8,7,2024-06-18
2630,1955,created,2022-09-28,,8,2022-09-28
2631,1956,created,2024-03-23,,3,2024-03-23
2632,1957,created,2024-11-21,,2,2024-11-21
2633,1958,created,2022-07-20,,2,2022-07-20
2634,1958,canceled,2023-02-20,2,,2023-02-20
2635,1959,created,2023-03-20,,1,2023-03-20
2636,1960,created,2024-01-20,,1,2024-01-20
2637,1960,canceled,2024-06-20,1,,2024-06-20
2638,1961,created,2024-11-17,,2,2024-11-17
2639,1962,downgraded,2024-12-17,2,1,2024-12-17
2640,1963,created,2023-10-29,,1,2023-10-29
2641,1963,canceled,2023-12-29,1,,2023-12-29
2642,1964,created,2024-02-01,,1,2024-02-01
2643,1964,canceled,2024-09-01,1,,2024-09-01
2644,1965,created,2022-07-24,,2,2022-07-24
2645,1966,upgraded,2023-11-24,2,4,2023-11-24
2646,1966,canceled,2024-01-24,4,,2024-01-24
2647,1967,created,2023-05-14,,2,2023-05-14
2648,1967,canceled,2023-06-14,2,,2023-06-14
2649,1968,created,2024-12-07,,1,2024-12-07
2650,1969,created,2024-11-26,,2,2024-11-26
2651,1970,created,2022-01-25,,1,2022-01-25
2652,1970,canceled,2022-03-25,1,,2022-03-25
2653,1971,created,2024-11-24,,1,2024-11-24
2654,1972,created,2024-05-07,,1,2024-05-07
2655,1973,created,2024-10-30,,5,2024-10-30
2656,1974,created,2024-01-05,,3,2024-01-05
2657,1975,created,2024-02-11,,2,2024-02-11
2658,1975,canceled,2024-05-11,2,,2024-05-11
2659,1976,created,2024-02-02,,1,2024-02-02
2660,1977,created,2024-05-11,,4,2024-05-11
2661,1978,created,2023-04-11,,1,2023-04-11
2662,1978,canceled,2024-07-11,1,,2024-07-11
2663,1979,created,2022-05-05,,1,2022-05-05
2664,1979,canceled,2022-07-05,1,,2022-07-14
2665,1980,reactivated,2024-05-05,,2,2024-05-05
2666,1981,created,2023-10-21,,1,2023-10-21
2667,1982,upgraded,2024-02-21,1,2,2024-02-21
2668,1982,canceled,2024-10-21,2,,2024-10-21
2669,1983,created,2024-06-06,,1,2024-06-06
2670,1983,canceled,2024-10-06,1,,2024-10-06
2671,1984,created,2023-07-23,,7,2023-07-23
2672,1984,canceled,2024-04-23,7,,2024-04-23
2673,1985,reactivated,2024-06-23,,2,2024-06-23
2674,1986,created,2024-06-03,,1,2024-06-03
2675,1987,created,2024-12-31,,1,2024-12-31
2676,1988,created,2023-01-12,,3,2023-01-12
2677,1988,canceled,2023-04-12,3,,2023-04-12
2678,1989,created,2024-06-15,,1,2024-06-15
2679,1990,upgraded,2024-07-15,1,3,2024-07-15
2680,1991,created,2024-01-05,,1,2024-01-13
2681,1991,canceled,2024-03-05,1,,2024-03-05
2682,1992,created,2024-10-17,,1,2024-10-17
2683,1993,created,2023-06-04,,1,2023-06-04
2684,1993,canceled,2024-06-04,1,,2024-06-04
2685,1994,created,2024-06-05,,2,2024-06-05
2686,1995,downgraded,2024-12-05,2,1,2024-12-05
2687,1996,created,2024-09-28,,5,2024-09-28
2688,1996,canceled,2024-10-28,5,,2024-10-28
2689,1997,created,2024-11-22,,2,2024-11-22
2690,1998,created,2024-06-29,,8,2024-06-29
2691,1999,created,2024-02-10,,1,2024-02-10
2692,1999,canceled,2024-08-10,1,,2024-08-10
2693,2000,created,2024-05-07,,1,2024-05-07
2694,2000,canceled,2024-12-07,1,,2024-12-07
2695,2001,created,2024-10-11,,2,2024-10-11
2696,2002,upgraded,2024-11-11,2,5,2024-11-11
2697,2003,created,2024-04-06,,3,2024-04-06
2698,2004,created,2022-05-17,,1,2022-05-17
2699,2004,canceled,2023-11-17,1,,2023-11-17
2700,2005,created,2024-11-09,,4,2024-11-09
2701,2006,created,2024-06-08,,3,2024-06-08
2702,2006,canceled,2024-11-08,3,,2024-11-08
2703,2007,created,2024-06-18,,1,2024-06-18
2704,2008,upgraded,2024-11-18,1,3,2024-11-18
2705,2009,created,2023-07-22,,1,2023-07-22
2706,2010,created,2024-05-13,,3,2024-05-13
2707,2010,canceled,2024-06-13,3,,2024-06-13
2708,2011,created,2023-12-27,,2,2023-12-27
2709,2011,canceled,2024-08-27,2,,2024-08-27
2710,2012,created,2024-05-11,,3,2024-05-11
2711,2013,downgraded,2024-06-11,3,1,2024-06-11
2712,2013,canceled,2024-07-11,1,,2024-07-11
2713,2014,created,2023-02-18,,1,2023-02-18
2714,2014,canceled,2023-04-18,1,,2023-04-18
2715,2015,created,2024-05-19,,1,2024-05-25
2716,2016,created,2024-12-15,,1,2024-12-15
2717,2017,created,2022-08-25,,1,2022-08-25
2718,2017,canceled,2023-12-25,1,,2023-12-25
2719,16396,reactivated,2024-06-25,,3,2024-06-25
2720,2019,created,2024-12-28,,1,2024-12-28
2721,2020,created,2023-12-06,,1,2023-12-06
2722,2020,canceled,2024-05-06,1,,2024-05-06
2723,2021,created,2024-10-29,,2,2024-10-29
2724,2022,created,2024-08-04,,4,2024-08-04
2725,2022,canceled,2024-09-04,4,,2024-09-04
2726,2023,created,2024-03-25,,1,2024-03-25
2727,2024,upgraded,2024-10-25,1,2,2024-10-25
2728,2025,created,2024-07-13,,5,2024-07-13
2729,2026,created,2024-10-21,,2,2024-10-21
2730,2027,downgraded,2024-12-21,2,1,2024-12-23
2731,2028,created,2023-12-19,,1,2023-12-19
2732,2028,canceled,2024-04-19,1,,2024-04-19
2733,2029,created,2023-10-16,,1,2023-10-16
2734,2029,canceled,2024-03-16,1,,2024-03-16
2735,2030,created,2024-06-19,,6,2024-06-19
2736,2031,created,2024-09-11,,4,2024-09-11
2737,2031,canceled,2024-11-11,4,,2024-11-11
2738,2032,created,2024-08-03,,4,2024-08-03
2739,2033,upgraded,2024-10-03,4,6,2024-10-03
2740,2034,created,2024-08-04,,4,2024-08-04
2741,2035,created,2024-01-27,,6,2024-01-27
2742,2035,canceled,2024-02-27,6,,2024-02-27
2743,2036,created,2024-09-20,,1,2024-09-20
2744,2037,created,2023-03-13,,2,2023-03-13
2745,2038,upgraded,2023-07-13,2,5,2023-07-13
2746,2039,downgraded,2023-12-13,5,2,2023-12-13
2747,2040,upgraded,2024-02-13,2,4,2024-02-13
2748,2041,created,2024-03-07,,2,2024-03-07
2749,2041,canceled,2024-10-07,2,,2024-10-07
2750,2042,created,2022-01-21,,6,2022-01-21
2751,2043,upgraded,2022-08-21,6,8,2022-08-21
2752,2044,downgraded,2023-04-21,8,6,2023-04-21
2753,2045,downgraded,2024-05-21,6,4,2024-05-21
2754,2046,created,2023-10-15,,4,2023-10-15
2755,2046,canceled,2024-10-15,4,,2024-10-15
2756,2047,created,2023-11-07,,1,2023-11-07
2757,20175,canceled,2024-03-07,1,,2024-03-07
2758,2048,reactivated,2024-07-07,,4,2024-07-07
2759,2049,created,2023-12-26,,3,2023-12-26
2760,17236,downgraded,2024-01-26,3,1,2024-01-26
2761,2051,created,2024-06-14,,1,2024-06-14
2762,2052,created,2023-12-19,,1,2023-12-19
2763,2052,canceled,2024-04-19,1,,2024-04-19
2764,2053,created,2024-01-05,,4,2024-01-05
2765,2054,downgraded,2024-03-05,4,2,2024-03-05
2766,2055,downgraded,2024-07-05,2,1,2024-07-05
2767,2056,created,2023-08-31,,1,2023-08-31
2768,2056,canceled,2023-09-30,1,,2023-09-30
2769,2057,created,2023-11-12,,2,2023-11-12
2770,2057,canceled,2024-02-12,2,,2024-02-12
2771,2058,created,2023-08-14,,2,2023-08-14
2772,2059,created,2022-11-13,,1,2022-11-13
2773,2059,canceled,2023-03-13,1,,2023-03-13
2774,2060,created,2024-04-06,,1,2024-04-06
2775,2060,canceled,2024-08-06,1,,2024-08-06
2776,2061,created,2024-06-30,,3,2024-06-30
2777,2062,created,2024-05-28,,1,2024-05-28
2778,2062,canceled,2024-10-28,1,,2024-10-28
2779,2063,created,2024-01-01,,1,2024-01-01
2780,2063,canceled,2024-03-01,1,,2024-03-01
2781,2064,created,2023-11-05,,2,2023-11-05
2782,2064,canceled,2024-04-05,2,,2024-04-05
2783,2065,created,2024-10-15,,1,2024-10-15
2784,2066,created,2024-03-20,,2,2024-03-20
2785,2067,upgraded,2024-11-20,2,4,2024-11-20
2786,15329,created,2024-02-15,,1,2024-02-15
2787,2068,canceled,2024-06-15,1,,2024-06-15
2788,2069,created,2022-05-01,,2,2022-05-01
2789,2070,upgraded,2023-06-01,2,5,2023-06-01
2790,2071,created,2023-11-17,,4,2023-11-17
2791,2071,canceled,2024-02-17,4,,2024-02-17
2792,2072,created,2023-11-02,,4,2023-11-02
2793,2072,canceled,2024-02-02,4,,2024-02-02
2794,2073,created,2023-12-04,,1,2023-12-04
2795,2073,canceled,2024-01-04,1,,2024-01-04
2796,2074,created,2024-04-24,,1,2024-04-24
2797,2075,created,2024-03-25,,1,2024-03-25
2798,2075,canceled,2024-06-25,1,,2024-06-25
2799,2076,created,2024-04-20,,2,2024-04-20
2800,2077,created,2024-08-31,,2,2024-08-31
2801,2078,created,2024-09-19,,1,2024-09-19
2802,2079,created,2024-07-25,,2,2024-07-25
2803,2079,canceled,2024-08-25,2,,2024-08-25
2804,2080,created,2024-11-19,,8,2024-11-19
2805,2081,created,2022-03-26,,4,2022-03-26
2806,2082,created,2023-07-20,,4,2023-07-22
2807,2082,canceled,2024-04-20,4,,2024-04-20
2808,2083,created,2022-02-02,,1,2022-02-02
2809,2083,canceled,2022-04-02,1,,2022-04-02
2810,2084,created,2024-05-22,,4,2024-05-22
2811,2085,created,2024-10-10,,1,2024-10-10
2812,2086,created,2023-08-26,,5,2023-08-26
2813,2087,created,2024-11-28,,4,2024-11-28
2814,2088,created,2022-10-30,,2,2022-10-30
2815,2088,canceled,2022-12-30,2,,2022-12-30
2816,2089,created,2024-11-26,,4,2024-11-26
2817,2090,created,2023-11-06,,5,2023-11-06
2818,2090,canceled,2024-10-06,5,,2024-10-06
2819,2091,created,2023-02-03,,2,2023-02-03
2820,2091,canceled,2023-06-03,2,,2023-06-03
2821,2092,created,2024-02-27,,1,2024-02-27
2822,2092,canceled,2024-05-27,1,,2024-05-27
2823,2093,created,2023-09-08,,1,2023-09-08
2824,2094,created,2023-09-19,,1,2023-09-19
2825,2094,canceled,2023-12-19,1,,2023-12-19
2826,2095,created,2023-10-25,,5,2023-10-25
2827,2096,created,2024-09-16,,2,2024-09-16
2828,2096,canceled,2024-11-16,2,,2024-11-16
2829,2097,created,2024-03-18,,4,2024-03-18
2830,2098,created,2023-10-09,,1,2023-10-09
2831,2098,canceled,2023-11-09,1,,2023-11-09
2832,2099,created,2024-04-30,,1,2024-04-30
2833,2099,canceled,2024-08-30,1,,2024-08-30
2834,2100,reactivated,2024-11-30,,1,2024-11-30
2835,2100,canceled,2024-12-30,1,,2024-12-30
2836,2101,created,2024-07-17,,1,2024-07-17
2837,2102,created,2023-09-21,,3,2023-09-21
2838,2102,canceled,2024-02-21,3,,2024-02-21
2839,2103,created,2024-01-21,,4,2024-01-21
2840,2104,created,2023-03-04,,1,2023-03-04
2841,2104,canceled,2023-12-04,1,,2023-12-04
2842,2105,created,2023-06-22,,1,2023-06-22
2843,2105,canceled,2024-05-22,1,,2024-05-22
2844,2106,created,2024-06-07,,4,2024-06-07
2845,2107,created,2023-06-11,,1,2023-06-11
2846,2107,canceled,2024-01-11,1,,2024-01-11
2847,2108,reactivated,2024-11-11,,1,2024-11-11
2848,2109,created,2024-03-01,,1,2024-03-01
2849,2109,canceled,2024-05-01,1,,2024-05-01
2850,2110,created,2024-06-12,,1,2024-06-12
2851,2111,created,2023-02-01,,6,2023-02-01
2852,2111,canceled,2023-03-01,6,,2023-03-01
2853,2112,created,2024-03-29,,8,2024-03-29
2854,2113,downgraded,2024-05-29,8,6,2024-05-29
2855,19588,canceled,2024-06-29,6,,2024-07-09
2856,2114,created,2023-09-23,,2,2023-09-23
2857,2114,canceled,2024-06-23,2,,2024-06-23
2858,2115,created,2024-11-13,,2,2024-11-13
2859,2116,created,2024-02-06,,1,2024-02-06
2860,2116,canceled,2024-06-06,1,,2024-06-06
2861,2117,created,2024-09-15,,8,2024-09-15
2862,2118,created,2024-03-09,,1,2024-03-09
2863,2119,created,2022-08-25,,6,2022-08-25
2864,2119,canceled,2022-10-25,6,,2022-10-25
2865,2120,created,2024-05-25,,4,2024-05-25
2866,2121,created,2024-11-09,,4,2024-11-09
2867,2122,created,2024-04-16,,2,2024-04-16
2868,2122,canceled,2024-05-16,2,,2024-05-16
2869,2123,created,2024-09-21,,6,2024-09-21
2870,2123,canceled,2024-10-21,6,,2024-10-21
2871,2124,created,2024-10-07,,3,2024-10-07
2872,2125,created,2023-08-09,,2,2023-08-09
2873,2126,created,2023-07-09,,1,2023-07-09
2874,2126,canceled,2024-04-09,1,,2024-04-09
2875,2127,created,2024-04-21,,4,2024-04-21
2876,2127,canceled,2024-09-21,4,,2024-09-21
2877,2128,reactivated,2024-10-21,,1,2024-10-21
2878,2129,created,2024-01-09,,3,2024-01-09
2879,2130,upgraded,2024-04-09,3,5,2024-04-09
2880,2131,created,2024-09-01,,3,2024-09-01
2881,2131,canceled,2024-12-01,3,,2024-12-01
2882,2132,created,2024-10-14,,1,2024-10-14
2883,2133,created,2023-11-03,,1,2023-11-03
2884,2133,canceled,2024-02-03,1,,2024-02-03
2885,19462,reactivated,2024-08-03,,1,2024-08-03
2886,2134,canceled,2024-10-03,1,,2024-10-03
2887,2135,created,2023-08-27,,1,2023-08-27
2888,2135,canceled,2024-05-27,1,,2024-05-27
2889,2136,created,2024-08-12,,1,2024-08-12
2890,2136,canceled,2024-11-12,1,,2024-11-20
2891,2137,created,2023-09-21,,1,2023-09-21
2892,2137,canceled,2023-10-21,1,,2023-10-21
2893,2138,created,2024-09-03,,3,2024-09-03
2894,2139,created,2024-01-07,,2,2024-01-17
2895,2140,created,2024-06-07,,4,2024-06-07
2896,2141,created,2023-01-23,,1,2023-01-23
2897,2141,canceled,2023-02-23,1,,2023-02-23
2898,2142,reactivated,2024-05-23,,2,2024-05-23
2899,2143,created,2024-05-24,,1,2024-05-24
2900,2143,canceled,2024-11-24,1,,2024-11-24
2901,2144,created,2024-01-19,,1,2024-01-19
2902,2145,upgraded,2024-08-19,1,2,2024-08-19
2903,2145,canceled,2024-10-19,2,,2024-10-19
2904,2146,created,2024-04-21,,4,2024-04-21
2905,2146,canceled,2024-05-21,4,,2024-05-21
2906,2147,created,2023-05-15,,5,2023-05-15
2907,2148,downgraded,2024-07-15,5,2,2024-07-15
2908,2149,created,2024-07-11,,6,2024-07-11
2909,2150,created,2024-09-26,,1,2024-09-26
2910,2151,created,2023-07-28,,2,2023-07-28
2911,2151,canceled,2023-08-28,2,,2023-08-28
2912,2152,created,2023-01-30,,2,2023-01-30
2913,2153,upgraded,2023-06-28,2,4,2023-06-28
2914,2153,canceled,2024-02-28,4,,2024-02-28
2915,2154,created,2022-04-01,,1,2022-04-01
2916,2154,canceled,2022-11-01,1,,2022-11-01
2917,2155,reactivated,2024-03-01,,2,2024-03-01
2918,2156,downgraded,2024-10-01,2,1,2024-10-01
2919,2156,canceled,2024-12-01,1,,2024-12-01
2920,2157,created,2024-05-23,,4,2024-05-23
2921,2158,created,2024-04-29,,2,2024-04-29
2922,2158,canceled,2024-08-29,2,,2024-08-29
2923,2159,created,2024-03-06,,4,2024-03-06
2924,2159,canceled,2024-09-06,4,,2024-09-06
2925,2160,created,2023-08-04,,5,2023-08-04
2926,2161,upgraded,2024-08-04,5,7,2024-08-04
2927,2162,created,2023-12-26,,1,2023-12-26
2928,2162,canceled,2024-02-26,1,,2024-03-01
2929,2163,created,2024-04-24,,2,2024-04-24
2930,2164,upgraded,2024-08-24,2,4,2024-08-24
2931,2165,created,2024-02-19,,2,2024-02-19
2932,2166,upgraded,2024-06-19,2,4,2024-06-19
2933,2166,canceled,2024-12-19,4,,2024-12-19
2934,2167,created,2024-12-07,,1,2024-12-07
2935,2168,created,2023-04-04,,1,2023-04-04
2936,2168,canceled,2023-05-04,1,,2023-05-04
2937,2169,created,2024-06-12,,2,2024-06-12
2938,2170,created,2023-12-02,,1,2023-12-02
2939,2170,canceled,2024-05-02,1,,2024-05-02
2940,2171,created,2024-01-13,,2,2024-01-13
2941,2171,canceled,2024-09-13,2,,2024-09-13
2942,2172,created,2024-07-01,,1,2024-07-01
2943,2173,created,2024-06-19,,6,2024-06-19
2944,2174,created,2024-12-25,,1,2024-12-25
2945,2175,created,2023-04-09,,2,2023-04-09
2946,2176,upgraded,2024-09-09,2,4,2024-09-09
2947,2177,upgraded,2024-12-09,4,6,2024-12-09
2948,19253,created,2023-02-20,,6,2023-02-20
2949,2179,upgraded,2024-04-20,6,8,2024-04-20
2950,2180,downgraded,2024-06-20,8,6,2024-06-20
2951,20817,upgraded,2024-11-20,6,8,2024-11-20
2952,2182,created,2024-07-20,,2,2024-07-20
2953,2183,upgraded,2024-11-20,2,4,2024-11-20
2954,2184,created,2024-04-12,,1,2024-04-12
2955,2185,upgraded,2024-12-12,1,2,2024-12-12
2956,2186,created,2023-09-17,,1,2023-09-17
2957,2186,canceled,2023-10-17,1,,2023-10-17
2958,2187,created,2022-12-18,,1,2022-12-18
2959,2187,canceled,2023-01-18,1,,2023-01-18
2960,2188,reactivated,2023-09-18,,2,2023-09-18
2961,2188,canceled,2023-10-18,2,,2023-10-18
2962,2189,created,2023-01-07,,6,2023-01-07
2963,2190,upgraded,2024-05-07,6,8,2024-05-07
2964,2191,created,2024-10-22,,2,2024-10-22
2965,2192,downgraded,2024-12-22,2,1,2024-12-22
2966,2193,created,2023-06-06,,2,2023-06-06
2967,2194,upgraded,2023-09-06,2,5,2023-09-06
2968,2195,created,2023-10-10,,1,2023-10-10
2969,2195,canceled,2024-08-10,1,,2024-08-10
2970,2196,created,2023-08-29,,1,2023-08-29
2971,2196,canceled,2023-10-29,1,,2023-10-29
2972,2197,created,2023-11-30,,1,2023-11-30
2973,2197,canceled,2024-04-29,1,,2024-04-29
2974,2198,created,2022-11-17,,5,2022-11-17
2975,2198,canceled,2023-03-17,5,,2023-03-17
2976,2199,created,2024-03-19,,2,2024-03-19
2977,2200,created,2022-11-29,,4,2022-11-29
2978,2201,upgraded,2023-06-28,4,6,2023-06-28
2979,2202,upgraded,2024-03-28,6,8,2024-03-28
2980,16669,downgraded,2024-09-28,8,6,2024-09-28
2981,2204,created,2024-08-04,,1,2024-08-04
2982,2205,created,2023-08-29,,2,2023-08-29
2983,2206,created,2024-03-29,,2,2024-03-29
2984,2207,created,2024-10-06,,2,2024-10-06
2985,2208,created,2024-05-21,,1,2024-05-21
2986,2208,canceled,2024-09-21,1,,2024-09-21
2987,2209,created,2024-03-02,,1,2024-03-02
2988,2210,created,2023-10-28,,1,2023-10-28
2989,2210,canceled,2023-11-28,1,,2023-11-28
2990,2211,created,2023-10-08,,4,2023-10-08
2991,2212,created,2024-06-21,,2,2024-06-21
2992,2213,upgraded,2024-12-21,2,4,2024-12-21
2993,2214,created,2024-12-18,,1,2024-12-18
2994,2215,created,2024-05-16,,7,2024-05-16
2995,2216,upgraded,2024-10-16,7,8,2024-10-16
2996,2217,created,2024-03-15,,2,2024-03-15
2997,2218,upgraded,2024-04-15,2,5,2024-04-15
2998,2219,downgraded,2024-05-15,5,2,2024-05-15
2999,2219,canceled,2024-12-15,2,,2024-12-15
3000,2220,created,2024-07-08,,1,2024-07-08
3001,2221,created,2024-01-30,,2,2024-02-05
3002,2222,created,2022-10-01,,4,2022-10-01
3003,2223,upgraded,2024-01-01,4,6,2024-01-01
3004,2223,canceled,2024-11-01,6,,2024-11-01
3005,2224,created,2024-03-24,,2,2024-03-24
3006,2225,created,2024-11-16,,1,2024-11-16
3007,2226,created,2023-06-16,,1,2023-06-16
3008,2226,canceled,2023-10-16,1,,2023-10-16
3009,2227,created,2024-06-24,,2,2024-06-24
3010,2227,canceled,2024-10-24,2,,2024-10-24
3011,2228,created,2023-07-08,,1,2023-07-08
3012,2228,canceled,2024-07-08,1,,2024-07-08
3013,2229,created,2024-03-10,,2,2024-03-10
3014,2229,canceled,2024-04-10,2,,2024-04-10
3015,2230,created,2023-02-19,,1,2023-02-19
3016,2230,canceled,2024-10-19,1,,2024-10-19
3017,2231,created,2024-01-28,,1,2024-01-28
3018,2232,upgraded,2024-06-28,1,2,2024-06-28
3019,2233,created,2024-07-21,,7,2024-07-21
3020,2234,created,2023-11-03,,7,2023-11-03
3021,2234,canceled,2024-12-03,7,,2024-12-03
3022,2235,created,2024-05-10,,4,2024-05-10
3023,2236,created,2024-08-18,,1,2024-08-18
3024,2237,created,2024-11-20,,1,2024-11-20
3025,2238,created,2023-08-31,,7,2023-08-31
3026,2239,upgraded,2023-11-30,7,8,2023-11-30
3027,2240,downgraded,2024-05-29,8,6,2024-05-29
3028,2241,created,2023-12-13,,1,2023-12-13
3029,2242,created,2023-05-06,,1,2023-05-06
3030,2242,canceled,2024-04-06,1,,2024-04-06
3031,2243,created,2024-12-25,,1,2024-12-25
3032,2244,created,2024-11-04,,1,2024-11-04
3033,2245,created,2024-03-28,,2,2024-03-28
3034,2246,downgraded,2024-11-28,2,1,2024-11-28
3035,2247,created,2024-09-08,,1,2024-09-08
3036,2248,created,2024-03-14,,2,2024-03-14
3037,2249,created,2024-05-16,,5,2024-05-16
3038,2250,upgraded,2024-09-16,5,6,2024-09-16
3039,2251,created,2023-01-18,,1,2023-01-18
3040,2251,canceled,2023-05-18,1,,2023-05-18
3041,2252,created,2024-07-20,,1,2024-07-20
3042,2252,canceled,2024-11-20,1,,2024-11-20
3043,2253,created,2023-04-29,,1,2023-04-29
3044,2254,created,2024-09-03,,4,2024-09-03
3045,2255,created,2024-08-03,,3,2024-08-03
3046,2256,created,2024-06-16,,2,2024-06-16
3047,2257,upgraded,2024-11-16,2,4,2024-11-16
3048,2258,created,2022-06-01,,6,2022-06-01
3049,2259,downgraded,2024-01-01,6,4,2024-01-01
3050,2260,created,2023-10-05,,2,2023-10-05
3051,2261,upgraded,2024-12-05,2,4,2024-12-05
3052,2262,created,2023-09-01,,2,2023-09-01
3053,2262,canceled,2024-07-01,2,,2024-07-01
3054,2263,created,2023-11-08,,1,2023-11-08
3055,2264,created,2023-01-19,,2,2023-01-19
3056,2265,upgraded,2023-07-19,2,5,2023-07-19
3057,2266,downgraded,2024-01-19,5,2,2024-01-19
3058,2266,canceled,2024-11-19,2,,2024-11-19
3059,2267,created,2024-11-19,,2,2024-11-19
3060,2268,created,2024-03-15,,4,2024-03-15
3061,2268,canceled,2024-07-15,4,,2024-07-15
3062,2269,created,2023-10-06,,4,2023-10-06
3063,2270,created,2023-12-10,,1,2023-12-10
3064,2270,canceled,2024-06-10,1,,2024-06-10
3065,2271,created,2024-01-15,,4,2024-01-15
3066,2272,created,2024-04-18,,4,2024-04-18
3067,2273,upgraded,2024-07-18,4,6,2024-07-18
3068,14261,created,2024-02-23,,1,2024-02-23
3069,2274,canceled,2024-07-23,1,,2024-07-23
3070,2275,created,2024-11-04,,2,2024-11-04
3071,2276,created,2024-02-09,,2,2024-02-09
3072,2276,canceled,2024-04-09,2,,2024-04-09
3073,2277,created,2024-12-22,,3,2024-12-22
3074,2278,created,2024-09-18,,1,2024-09-18
3075,2279,created,2023-07-01,,1,2023-07-01
3076,2280,upgraded,2024-04-01,1,2,2024-04-01
3077,2281,created,2024-11-15,,2,2024-11-15
3078,2282,created,2023-03-18,,1,2023-03-18
3079,2282,canceled,2023-06-18,1,,2023-06-18
3080,2283,created,2024-09-16,,2,2024-09-16
3081,2284,upgraded,2024-12-16,2,4,2024-12-16
3082,2285,created,2023-11-19,,5,2023-11-19
3083,2285,canceled,2024-01-19,5,,2024-01-19
3084,2286,created,2024-10-30,,8,2024-10-30
3085,2287,created,2024-10-29,,8,2024-10-29
3086,2288,created,2024-09-01,,1,2024-09-01
3087,2289,created,2024-08-03,,6,2024-08-03
3088,2290,created,2023-10-17,,4,2023-10-17
3089,2291,created,2022-12-01,,1,2022-12-01
3090,2291,canceled,2023-08-01,1,,2023-08-01
3091,2292,created,2023-12-31,,1,2023-12-31
3092,2292,canceled,2024-12-29,1,,2024-12-29
3093,2293,created,2023-06-11,,6,2023-06-11
3094,2294,created,2024-06-22,,2,2024-06-24
3095,2294,canceled,2024-07-22,2,,2024-07-22
3096,2295,created,2023-11-12,,1,2023-11-12
3097,2295,canceled,2023-12-12,1,,2023-12-12
3098,2296,created,2024-12-10,,1,2024-12-10
3099,2297,created,2024-05-24,,1,2024-05-24
3100,2298,created,2024-09-15,,1,2024-09-15
3101,2299,created,2023-04-14,,3,2023-04-14
3102,2299,canceled,2023-09-14,3,,2023-09-14
3103,2300,created,2024-09-20,,3,2024-09-20
3104,2301,upgraded,2024-10-20,3,4,2024-10-20
3105,2302,created,2024-11-28,,2,2024-11-28
3106,2303,created,2024-02-19,,3,2024-02-19
3107,2304,created,2024-04-30,,3,2024-04-30
3108,2305,downgraded,2024-06-30,3,1,2024-06-30
3109,16307,created,2024-08-19,,1,2024-08-19
3110,2306,canceled,2024-11-19,1,,2024-11-19
3111,2307,created,2023-06-13,,4,2023-06-22
3112,2308,created,2024-02-10,,2,2024-02-10
3113,2308,canceled,2024-03-10,2,,2024-03-10
3114,2309,reactivated,2024-11-10,,4,2024-11-10
3115,2310,created,2023-12-15,,1,2023-12-15
3116,2310,canceled,2024-06-15,1,,2024-06-15
3117,2311,created,2023-04-10,,1,2023-04-10
3118,2312,upgraded,2023-06-10,1,2,2023-06-10
3119,2313,upgraded,2024-05-10,2,4,2024-05-10
3120,2313,canceled,2024-07-10,4,,2024-07-10
3121,2314,created,2023-11-21,,1,2023-11-21
3122,2315,upgraded,2024-01-21,1,2,2024-01-21
3123,2316,upgraded,2024-02-21,2,5,2024-02-21
3124,2316,canceled,2024-04-21,5,,2024-04-21
3125,2317,created,2022-11-30,,3,2022-11-30
3126,2317,canceled,2023-05-28,3,,2023-05-28
3127,2318,created,2022-05-09,,1,2022-05-09
3128,2318,canceled,2022-06-09,1,,2022-06-09
3129,2319,reactivated,2022-09-09,,1,2022-09-09
3130,2319,canceled,2022-11-09,1,,2022-11-09
3131,2320,reactivated,2023-03-09,,2,2023-03-09
3132,2321,upgraded,2023-05-09,2,5,2023-05-09
3133,2322,upgraded,2023-09-09,5,6,2023-09-09
3134,2322,canceled,2024-09-09,6,,2024-09-14
3135,2323,created,2023-04-12,,6,2023-04-12
3136,2324,created,2024-11-21,,6,2024-11-21
3137,2325,created,2024-03-12,,4,2024-03-12
3138,2325,canceled,2024-05-12,4,,2024-05-12
3139,2326,created,2024-11-06,,4,2024-11-06
3140,2327,upgraded,2024-12-06,4,7,2024-12-06
3141,2328,created,2024-01-23,,2,2024-01-23
3142,2329,created,2023-10-14,,2,2023-10-14
3143,2330,downgraded,2023-12-14,2,1,2023-12-14
3144,2331,upgraded,2024-10-14,1,2,2024-10-14
3145,2332,created,2024-02-10,,4,2024-02-10
3146,2333,created,2024-01-25,,3,2024-01-25
3147,2334,created,2023-02-06,,1,2023-02-06
3148,2334,canceled,2023-11-06,1,,2023-11-06
3149,2335,reactivated,2024-09-06,,2,2024-09-06
3150,18887,created,2024-05-22,,5,2024-05-22
3151,2337,created,2023-07-12,,2,2023-07-12
3152,2338,created,2024-05-01,,1,2024-05-01
3153,2338,canceled,2024-06-01,1,,2024-06-01
3154,2339,created,2024-05-14,,3,2024-05-14
3155,2339,canceled,2024-11-14,3,,2024-11-14
3156,2340,created,2023-05-05,,4,2023-05-05
3157,2341,created,2022-10-18,,2,2022-10-18
3158,2341,canceled,2023-10-18,2,,2023-10-18
3159,2342,created,2024-08-18,,2,2024-08-18
3160,2343,created,2024-01-14,,8,2024-01-14
3161,2344,downgraded,2024-12-14,8,6,2024-12-14
3162,2345,created,2022-10-30,,2,2022-10-30
3163,2345,canceled,2022-12-30,2,,2022-12-30
3164,2346,reactivated,2023-06-28,,1,2023-06-28
3165,2346,canceled,2023-07-28,1,,2023-07-28
3166,2347,created,2024-12-05,,2,2024-12-05
3167,2348,created,2022-09-25,,1,2022-09-25
3168,2348,canceled,2023-10-25,1,,2023-11-03
3169,2349,reactivated,2024-09-25,,1,2024-09-25
3170,2349,canceled,2024-12-25,1,,2024-12-25
3171,2350,created,2024-06-24,,6,2024-06-24
3172,2351,created,2024-12-05,,1,2024-12-05
3173,2352,created,2023-08-03,,7,2023-08-03
3174,2352,canceled,2024-01-03,7,,2024-01-03
3175,2353,reactivated,2024-04-03,,2,2024-04-03
3176,2354,created,2023-04-01,,2,2023-04-01
3177,2355,upgraded,2024-04-01,2,4,2024-04-01
3178,2356,upgraded,2024-11-01,4,7,2024-11-06
3179,2357,upgraded,2024-12-01,7,8,2024-12-01
3180,2358,created,2023-03-04,,1,2023-03-04
3181,2358,canceled,2023-04-04,1,,2023-04-04
3182,2359,reactivated,2023-10-04,,1,2023-10-04
3183,2360,upgraded,2023-12-04,1,2,2023-12-04
3184,2361,created,2023-10-16,,2,2023-10-16
3185,2362,upgraded,2024-06-16,2,5,2024-06-16
3186,2363,created,2023-02-22,,8,2023-02-22
3187,2364,downgraded,2024-03-22,8,7,2024-03-22
3188,2365,downgraded,2024-04-22,7,4,2024-04-22
3189,2366,created,2024-06-20,,6,2024-06-20
3190,2367,created,2022-10-12,,4,2022-10-12
3191,2368,upgraded,2024-08-12,4,7,2024-08-12
3192,2369,created,2024-02-09,,1,2024-02-09
3193,2370,upgraded,2024-09-09,1,3,2024-09-09
3194,2371,created,2024-12-17,,4,2024-12-17
3195,2372,created,2024-09-03,,3,2024-09-03
3196,2373,upgraded,2024-12-03,3,5,2024-12-03
3197,2374,created,2024-04-07,,4,2024-04-07
3198,2375,created,2023-10-25,,2,2023-10-25
3199,2376,upgraded,2023-11-25,2,5,2023-11-25
3200,2377,downgraded,2023-12-25,5,3,2023-12-25
3201,2378,downgraded,2024-02-25,3,1,2024-02-25
3202,2379,created,2024-05-07,,2,2024-05-07
3203,2380,created,2024-03-23,,1,2024-03-23
3204,2380,canceled,2024-06-23,1,,2024-06-23
3205,2381,created,2024-01-06,,6,2024-01-06
3206,2381,canceled,2024-02-06,6,,2024-02-06
3207,2382,created,2023-04-17,,2,2023-04-17
3208,2382,canceled,2023-10-17,2,,2023-10-17
3209,2383,created,2024-10-04,,2,2024-10-04
3210,2384,upgraded,2024-11-04,2,4,2024-11-04
3211,2385,created,2024-01-12,,1,2024-01-12
3212,2385,canceled,2024-10-12,1,,2024-10-12
3213,2386,created,2023-07-11,,1,2023-07-11
3214,2386,canceled,2023-10-11,1,,2023-10-11
3215,2387,created,2023-11-24,,2,2023-11-24
3216,2387,canceled,2023-12-24,2,,2023-12-24
3217,2388,created,2024-01-18,,3,2024-01-18
3218,2388,canceled,2024-03-18,3,,2024-03-18
3219,2389,created,2024-09-28,,1,2024-09-28
3220,2390,created,2024-07-22,,5,2024-07-22
3221,2390,canceled,2024-11-22,5,,2024-11-22
3222,2391,created,2024-08-22,,2,2024-08-22
3223,2392,created,2022-02-03,,2,2022-02-03
3224,2393,upgraded,2022-05-03,2,4,2022-05-03
3225,2394,upgraded,2023-02-03,4,7,2023-02-03
3226,2395,upgraded,2023-06-03,7,8,2023-06-03
3227,2396,downgraded,2024-05-03,8,7,2024-05-03
3228,2397,created,2024-01-04,,2,2024-01-04
3229,2398,upgraded,2024-07-04,2,4,2024-07-04
3230,2399,created,2024-02-12,,2,2024-02-12
3231,2400,created,2022-03-13,,2,2022-03-13
3232,2400,canceled,2023-11-13,2,,2023-11-23
3233,2401,created,2023-09-09,,1,2023-09-09
3234,2401,canceled,2024-11-09,1,,2024-11-09
3235,2402,created,2024-08-25,,6,2024-08-25
3236,2403,created,2023-04-16,,3,2023-04-16
3237,2404,upgraded,2024-02-16,3,4,2024-02-16
3238,2405,created,2024-03-17,,2,2024-03-17
3239,2406,created,2023-07-09,,1,2023-07-09
3240,2406,canceled,2023-10-09,1,,2023-10-09
3241,2407,created,2022-02-01,,1,2022-02-01
3242,2407,canceled,2022-07-01,1,,2022-07-01
3243,2408,created,2023-08-22,,1,2023-08-22
3244,2408,canceled,2023-09-22,1,,2023-09-22
3245,2409,created,2024-12-11,,7,2024-12-11
3246,2410,created,2024-08-03,,6,2024-08-03
3247,2411,created,2024-11-15,,7,2024-11-21
3248,2412,upgraded,2024-12-15,7,8,2024-12-15
3249,2413,created,2024-02-09,,8,2024-02-09
3250,2413,canceled,2024-07-09,8,,2024-07-09
3251,2414,created,2023-02-01,,1,2023-02-01
3252,2415,created,2024-03-30,,2,2024-03-30
3253,2416,created,2024-01-15,,3,2024-01-15
3254,2417,upgraded,2024-12-15,3,4,2024-12-15
3255,2418,created,2024-09-28,,1,2024-09-28
3256,2419,created,2023-02-14,,4,2023-02-14
3257,2419,canceled,2023-07-14,4,,2023-07-14
3258,2420,created,2024-02-04,,6,2024-02-04
3259,13967,created,2023-05-18,,2,2023-05-18
3260,2422,created,2023-10-17,,4,2023-10-17
3261,2423,downgraded,2024-05-17,4,2,2024-05-17
3262,2424,upgraded,2024-08-17,2,5,2024-08-17
3263,2424,canceled,2024-11-17,5,,2024-11-17
3264,2425,created,2024-07-13,,6,2024-07-13
3265,2426,created,2024-02-11,,4,2024-02-11
3266,2427,upgraded,2024-07-11,4,6,2024-07-11
3267,2428,created,2023-11-12,,2,2023-11-12
3268,2429,upgraded,2024-05-12,2,4,2024-05-12
3269,2430,created,2023-12-29,,1,2023-12-29
3270,2431,created,2024-01-12,,1,2024-01-12
3271,2431,canceled,2024-03-12,1,,2024-03-12
3272,2432,created,2024-08-08,,4,2024-08-08
3273,2433,created,2024-10-03,,1,2024-10-03
3274,2434,created,2024-11-18,,2,2024-11-18
3275,2435,created,2024-08-19,,1,2024-08-19
3276,2435,canceled,2024-09-19,1,,2024-09-19
3277,2436,created,2023-10-16,,1,2023-10-16
3278,2436,canceled,2024-07-16,1,,2024-07-16
3279,2437,created,2024-06-13,,1,2024-06-13
3280,2437,canceled,2024-11-13,1,,2024-11-13
3281,2438,created,2024-01-23,,1,2024-01-23
3282,2438,canceled,2024-06-23,1,,2024-06-23
3283,2439,created,2023-09-25,,1,2023-09-25
3284,2439,canceled,2024-04-25,1,,2024-04-25
3285,2440,created,2024-09-14,,1,2024-09-14
3286,2441,created,2022-07-03,,1,2022-07-03
3287,2441,canceled,2022-09-03,1,,2022-09-03
3288,2442,created,2024-10-02,,1,2024-10-02
3289,2443,created,2024-01-20,,1,2024-01-20
3290,2443,canceled,2024-08-20,1,,2024-08-20
3291,2444,created,2024-05-04,,2,2024-05-04
3292,2445,created,2024-05-17,,6,2024-05-17
3293,2446,upgraded,2024-06-17,6,8,2024-06-17
3294,2447,downgraded,2024-09-17,8,7,2024-09-17
3295,2448,upgraded,2024-12-17,7,8,2024-12-17
3296,2449,created,2024-10-21,,2,2024-10-21
3297,2450,created,2024-05-22,,2,2024-05-22
3298,2451,upgraded,2024-12-22,2,4,2024-12-22
3299,2452,created,2024-04-20,,5,2024-04-20
3300,2453,created,2022-10-29,,2,2022-10-29
3301,2453,canceled,2023-12-28,2,,2023-12-28
3302,2454,reactivated,2024-06-28,,3,2024-06-28
3303,2455,created,2024-03-19,,1,2024-03-19
3304,2455,canceled,2024-08-19,1,,2024-08-19
3305,2456,created,2023-05-31,,2,2023-05-31
3306,2457,upgraded,2024-01-30,2,4,2024-01-30
3307,2458,downgraded,2024-12-29,4,2,2024-12-29
3308,2459,created,2024-07-20,,4,2024-07-20
3309,2460,upgraded,2024-08-20,4,7,2024-08-20
3310,2460,canceled,2024-10-20,7,,2024-10-20
3311,2461,reactivated,2024-11-20,,8,2024-11-20
3312,2462,created,2024-02-24,,2,2024-02-24
3313,2463,created,2024-06-05,,3,2024-06-05
3314,2464,downgraded,2024-12-05,3,1,2024-12-05
3315,2465,created,2022-07-28,,2,2022-07-28
3316,2465,canceled,2022-10-28,2,,2022-10-28
3317,2466,created,2023-01-03,,4,2023-01-03
3318,2466,canceled,2024-11-03,4,,2024-11-03
3319,2467,created,2024-07-10,,2,2024-07-10
3320,2468,created,2022-11-13,,4,2022-11-13
3321,2468,canceled,2023-01-13,4,,2023-01-13
3322,2469,created,2022-11-26,,1,2022-12-04
3323,2469,canceled,2023-01-26,1,,2023-01-26
3324,2470,reactivated,2023-12-26,,5,2023-12-26
3325,2471,upgraded,2024-07-26,5,6,2024-07-26
3326,2472,upgraded,2024-08-26,6,8,2024-08-26
3327,2473,created,2022-02-14,,5,2022-02-14
3328,2473,canceled,2022-04-14,5,,2022-04-14
3329,2474,reactivated,2022-09-14,,1,2022-09-14
3330,2474,canceled,2024-05-14,1,,2024-05-14
3331,2475,reactivated,2024-09-14,,6,2024-09-14
3332,2476,created,2024-11-09,,5,2024-11-09
3333,2477,created,2024-07-22,,2,2024-07-22
3334,2478,created,2023-11-24,,1,2023-11-24
3335,2479,upgraded,2023-12-24,1,2,2023-12-24
3336,2480,created,2023-10-03,,2,2023-10-03
3337,2480,canceled,2024-02-03,2,,2024-02-03
3338,2481,created,2023-11-14,,1,2023-11-14
3339,2481,canceled,2024-04-14,1,,2024-04-14
3340,2482,created,2024-08-13,,2,2024-08-13
3341,2483,created,2024-05-04,,1,2024-05-04
3342,2483,canceled,2024-08-04,1,,2024-08-04
3343,2484,reactivated,2024-10-04,,2,2024-10-04
3344,2485,created,2023-06-22,,1,2023-06-22
3345,2485,canceled,2023-07-22,1,,2023-07-22
3346,2486,reactivated,2024-10-22,,3,2024-10-22
3347,2487,created,2023-06-09,,1,2023-06-09
3348,2488,upgraded,2023-08-09,1,3,2023-08-09
3349,2489,upgraded,2024-05-09,3,4,2024-05-09
3350,2489,canceled,2024-12-09,4,,2024-12-16
3351,2490,created,2023-02-25,,3,2023-02-25
3352,2490,canceled,2024-03-25,3,,2024-03-25
3353,2491,created,2024-05-13,,1,2024-05-13
3354,2492,created,2024-08-07,,6,2024-08-07
3355,2493,created,2023-09-15,,3,2023-09-15
3356,2493,canceled,2024-01-15,3,,2024-01-15
3357,2494,reactivated,2024-08-15,,4,2024-08-15
3358,2495,created,2022-04-18,,1,2022-04-18
3359,2495,canceled,2022-08-18,1,,2022-08-18
3360,2496,reactivated,2023-05-18,,3,2023-05-18
3361,2496,canceled,2023-12-18,3,,2023-12-18
3362,2497,reactivated,2024-10-18,,1,2024-10-18
3363,2498,upgraded,2024-11-18,1,2,2024-11-18
3364,2499,created,2023-01-14,,2,2023-01-14
3365,2500,downgraded,2023-03-14,2,1,2023-03-14
3366,2500,canceled,2023-07-14,1,,2023-07-14
3367,2501,created,2024-11-26,,1,2024-11-26
3368,2502,created,2023-10-27,,1,2023-10-27
3369,2503,created,2024-08-02,,1,2024-08-02
3370,2504,created,2024-05-23,,2,2024-05-23
3371,2504,canceled,2024-12-23,2,,2024-12-23
3372,2505,created,2023-11-13,,1,2023-11-13
3373,2505,canceled,2024-04-13,1,,2024-04-13
3374,2506,created,2023-07-26,,4,2023-07-26
3375,2507,upgraded,2024-01-26,4,6,2024-01-26
3376,2508,downgraded,2024-04-26,6,5,2024-04-26
3377,2509,created,2023-03-15,,2,2023-03-15
3378,2509,canceled,2023-12-15,2,,2023-12-15
3379,2510,reactivated,2024-09-15,,3,2024-09-15
3380,2511,upgraded,2024-11-15,3,5,2024-11-15
3381,2512,created,2024-04-30,,1,2024-04-30
3382,2512,canceled,2024-09-30,1,,2024-09-30
3383,2513,created,2024-08-08,,1,2024-08-08
3384,2514,created,2024-05-15,,3,2024-05-15
3385,2514,canceled,2024-08-15,3,,2024-08-15
3386,2515,created,2024-03-14,,2,2024-03-14
3387,2516,upgraded,2024-06-14,2,4,2024-06-14
3388,2516,canceled,2024-09-14,4,,2024-09-14
3389,2517,created,2022-07-25,,1,2022-07-25
3390,2517,canceled,2023-06-25,1,,2023-06-25
3391,2518,created,2024-11-27,,3,2024-11-27
3392,2519,created,2024-08-04,,4,2024-08-04
3393,2520,created,2023-09-12,,3,2023-09-12
3394,2520,canceled,2024-09-12,3,,2024-09-12
3395,17929,created,2024-12-11,,6,2024-12-11
3396,2522,created,2024-04-21,,3,2024-04-21
3397,2523,upgraded,2024-09-21,3,4,2024-09-21
3398,2524,created,2024-04-01,,1,2024-04-01
3399,2524,canceled,2024-05-01,1,,2024-05-01
3400,2525,created,2024-07-03,,6,2024-07-07
3401,2526,created,2024-09-25,,1,2024-09-25
3402,2526,canceled,2024-11-25,1,,2024-11-28
3403,2527,created,2024-05-22,,3,2024-05-22
3404,2528,downgraded,2024-07-22,3,1,2024-07-22
3405,2529,created,2023-04-28,,1,2023-04-28
3406,2529,canceled,2023-11-28,1,,2023-11-28
3407,2530,created,2023-10-27,,4,2023-10-27
3408,2530,canceled,2024-04-27,4,,2024-04-27
3409,2531,created,2024-11-12,,4,2024-11-12
3410,2532,created,2023-08-29,,5,2023-08-29
3411,2533,created,2023-11-18,,1,2023-11-18
3412,2533,canceled,2024-05-18,1,,2024-05-18
3413,2534,reactivated,2024-10-18,,1,2024-10-18
3414,2534,canceled,2024-11-18,1,,2024-11-18
3415,2535,created,2024-01-15,,4,2024-01-15
3416,2535,canceled,2024-06-15,4,,2024-06-15
3417,2536,created,2024-01-13,,6,2024-01-13
3418,2537,downgraded,2024-03-13,6,4,2024-03-13
3419,2538,created,2024-04-12,,1,2024-04-12
3420,2539,upgraded,2024-06-12,1,2,2024-06-12
3421,2539,canceled,2024-12-12,2,,2024-12-12
3422,2540,created,2024-11-17,,4,2024-11-17
3423,2541,created,2023-08-22,,1,2023-08-22
3424,2541,canceled,2023-12-22,1,,2023-12-22
3425,2542,created,2023-03-31,,1,2023-03-31
3426,2542,canceled,2024-08-29,1,,2024-08-29
3427,2543,created,2023-07-16,,1,2023-07-16
3428,2543,canceled,2023-09-16,1,,2023-09-16
3429,2544,created,2024-10-07,,1,2024-10-07
3430,2545,created,2024-05-14,,1,2024-05-14
3431,2545,canceled,2024-12-14,1,,2024-12-14
3432,2546,created,2023-09-09,,4,2023-09-09
3433,2547,upgraded,2024-10-09,4,6,2024-10-14
3434,2548,created,2024-09-19,,3,2024-09-19
3435,2549,upgraded,2024-12-19,3,4,2024-12-19
3436,2550,created,2024-09-05,,1,2024-09-05
3437,2551,created,2024-09-07,,1,2024-09-07
3438,2551,canceled,2024-12-07,1,,2024-12-07
3439,2552,created,2024-11-09,,4,2024-11-09
3440,2553,created,2023-09-30,,6,2023-09-30
3441,2554,created,2024-07-31,,1,2024-07-31
3442,2554,canceled,2024-08-31,1,,2024-08-31
3443,2555,created,2024-01-26,,5,2024-01-26
3444,2556,upgraded,2024-10-26,5,6,2024-10-26
3445,2557,created,2024-09-10,,1,2024-09-10
3446,2558,created,2024-07-29,,1,2024-07-29
3447,2558,canceled,2024-11-29,1,,2024-11-29
3448,2559,created,2024-08-17,,1,2024-08-17
3449,2560,upgraded,2024-10-17,1,3,2024-10-17
3450,2560,canceled,2024-12-17,3,,2024-12-17
3451,2561,created,2024-05-03,,4,2024-05-03
3452,21278,canceled,2024-10-03,4,,2024-10-03
3453,2562,created,2023-06-04,,5,2023-06-04
3454,2562,canceled,2024-09-04,5,,2024-09-04
3455,2563,created,2024-03-27,,2,2024-03-27
3456,2564,created,2024-12-29,,4,2024-12-29
3457,2565,created,2024-11-09,,1,2024-11-09
3458,2566,created,2022-08-24,,2,2022-08-24
3459,2567,downgraded,2022-10-24,2,1,2022-10-24
3460,2568,upgraded,2023-04-24,1,3,2023-04-24
3461,2569,upgraded,2024-07-24,3,4,2024-07-24
3462,2570,created,2023-05-28,,4,2023-05-28
3463,2571,created,2023-04-07,,5,2023-04-07
3464,2572,created,2024-07-09,,6,2024-07-09
3465,2573,created,2024-09-29,,5,2024-09-29
3466,2574,downgraded,2024-12-29,5,2,2024-12-29
3467,2575,created,2023-07-23,,4,2023-07-23
3468,2576,upgraded,2023-08-23,4,7,2023-08-23
3469,2577,downgraded,2024-05-23,7,4,2024-05-23
3470,2577,canceled,2024-09-23,4,,2024-09-23
3471,2578,created,2024-02-24,,1,2024-02-24
3472,2578,canceled,2024-03-24,1,,2024-03-24
3473,2579,created,2024-09-28,,7,2024-09-28
3474,2580,upgraded,2024-12-28,7,8,2024-12-31
3475,2581,created,2024-07-27,,7,2024-07-27
3476,2582,upgraded,2024-08-27,7,8,2024-08-27
3477,2583,downgraded,2024-10-27,8,6,2024-10-27
3478,2584,upgraded,2024-11-27,6,8,2024-12-01
3479,2585,created,2024-03-19,,1,2024-03-21
3480,2586,upgraded,2024-04-19,1,2,2024-04-19
3481,2587,downgraded,2024-11-19,2,1,2024-11-19
3482,2588,created,2024-04-06,,2,2024-04-06
3483,2588,canceled,2024-07-06,2,,2024-07-06
3484,2589,created,2024-02-22,,2,2024-02-22
3485,2590,downgraded,2024-08-22,2,1,2024-08-22
3486,2590,canceled,2024-11-22,1,,2024-11-22
3487,2591,created,2023-10-22,,6,2023-10-22
3488,2592,created,2024-03-04,,2,2024-03-04
3489,2592,canceled,2024-04-04,2,,2024-04-04
3490,2593,reactivated,2024-06-04,,1,2024-06-04
3491,2593,canceled,2024-09-04,1,,2024-09-04
3492,2594,created,2024-06-27,,1,2024-06-27
3493,2594,canceled,2024-07-27,1,,2024-07-27
3494,2595,created,2024-10-09,,2,2024-10-09
3495,2596,created,2024-05-21,,3,2024-05-21
3496,2597,created,2024-08-24,,1,2024-08-24
3497,2598,upgraded,2024-09-24,1,2,2024-09-24
3498,2599,created,2023-05-28,,1,2023-05-28
3499,2600,upgraded,2023-08-28,1,2,2023-08-28
3500,2600,canceled,2024-08-28,2,,2024-08-28
3501,2601,created,2024-01-02,,4,2024-01-08
3502,2601,canceled,2024-02-02,4,,2024-02-02
3503,2602,created,2022-02-03,,2,2022-02-03
3504,2603,downgraded,2022-05-03,2,1,2022-05-03
3505,2603,canceled,2022-07-03,1,,2022-07-03
3506,2604,created,2023-08-28,,7,2023-08-28
3507,2605,upgraded,2024-02-28,7,8,2024-02-28
3508,2605,canceled,2024-04-28,8,,2024-04-28
3509,2606,created,2024-07-13,,1,2024-07-13
3510,2607,created,2024-12-21,,2,2024-12-21
3511,2608,created,2023-02-24,,2,2023-02-24
3512,2608,canceled,2024-08-24,2,,2024-08-24
3513,2609,created,2023-12-05,,8,2023-12-05
3514,2609,canceled,2024-12-05,8,,2024-12-05
3515,2610,created,2024-08-07,,1,2024-08-07
3516,2610,canceled,2024-11-07,1,,2024-11-07
3517,2611,created,2023-07-19,,2,2023-07-19
3518,2611,canceled,2024-06-19,2,,2024-06-19
3519,2612,created,2024-03-12,,1,2024-03-12
3520,2612,canceled,2024-11-12,1,,2024-11-12
3521,2613,created,2024-07-02,,2,2024-07-02
3522,2613,canceled,2024-08-02,2,,2024-08-02
3523,2614,created,2024-04-21,,1,2024-04-21
3524,2614,canceled,2024-05-21,1,,2024-05-24
3525,2615,created,2023-06-21,,1,2023-06-21
3526,2615,canceled,2023-09-21,1,,2023-09-21
3527,2616,created,2023-11-03,,6,2023-11-03
3528,2617,upgraded,2024-11-03,6,8,2024-11-03
3529,2618,created,2024-08-05,,4,2024-08-05
3530,2619,created,2024-03-14,,1,2024-03-14
3531,2620,upgraded,2024-06-14,1,2,2024-06-14
3532,2621,downgraded,2024-10-14,2,1,2024-10-14
3533,2622,created,2022-01-02,,1,2022-01-02
3534,2622,canceled,2022-04-02,1,,2022-04-02
3535,2623,created,2024-08-15,,1,2024-08-15
3536,2623,canceled,2024-11-15,1,,2024-11-15
3537,2624,created,2022-06-09,,1,2022-06-09
3538,2624,canceled,2022-07-09,1,,2022-07-09
3539,2625,reactivated,2023-01-09,,1,2023-01-09
3540,2625,canceled,2023-06-09,1,,2023-06-09
3541,2626,created,2024-07-24,,1,2024-07-24
3542,2626,canceled,2024-10-24,1,,2024-11-03
3543,2627,created,2023-07-13,,2,2023-07-13
3544,2627,canceled,2023-09-13,2,,2023-09-13
3545,2628,reactivated,2024-05-13,,2,2024-05-13
3546,2629,created,2024-11-11,,1,2024-11-11
3547,2630,created,2023-11-20,,1,2023-11-20
3548,2631,upgraded,2024-11-20,1,2,2024-11-20
3549,2632,created,2023-10-26,,8,2023-10-26
3550,2633,downgraded,2024-11-26,8,6,2024-11-26
3551,2634,created,2023-05-20,,1,2023-05-20
3552,2634,canceled,2024-01-20,1,,2024-01-20
3553,2635,created,2023-10-01,,1,2023-10-01
3554,2635,canceled,2024-05-01,1,,2024-05-01
3555,2636,created,2024-10-16,,1,2024-10-16
3556,2636,canceled,2024-11-16,1,,2024-11-16
3557,2637,created,2024-12-24,,4,2024-12-24
3558,2638,created,2023-11-20,,1,2023-11-20
3559,2638,canceled,2023-12-20,1,,2023-12-20
3560,2639,created,2024-01-13,,2,2024-01-13
3561,2640,created,2024-07-07,,1,2024-07-07
3562,2640,canceled,2024-09-07,1,,2024-09-07
3563,2641,created,2024-10-28,,4,2024-10-28
3564,2642,created,2024-04-08,,2,2024-04-08
3565,2643,upgraded,2024-06-08,2,4,2024-06-08
3566,2644,created,2023-12-07,,6,2023-12-07
3567,2644,canceled,2024-09-07,6,,2024-09-07
3568,2645,created,2024-01-14,,4,2024-01-14
3569,2645,canceled,2024-05-14,4,,2024-05-14
3570,2646,created,2024-06-23,,2,2024-06-23
3571,2647,created,2022-01-15,,2,2022-01-15
3572,2647,canceled,2023-04-15,2,,2023-04-15
3573,2648,created,2024-05-27,,1,2024-05-27
3574,2648,canceled,2024-09-27,1,,2024-09-27
3575,2649,created,2023-11-28,,6,2023-11-28
3576,2649,canceled,2024-07-28,6,,2024-07-28
3577,2650,created,2024-08-24,,2,2024-08-24
3578,2651,created,2023-01-02,,1,2023-01-02
3579,2651,canceled,2023-03-02,1,,2023-03-02
3580,2652,created,2024-04-20,,1,2024-04-20
3581,2653,upgraded,2024-05-20,1,2,2024-05-20
3582,2653,canceled,2024-09-20,2,,2024-09-20
3583,2654,created,2024-02-08,,4,2024-02-08
3584,2655,created,2024-05-11,,4,2024-05-11
3585,2656,downgraded,2024-07-11,4,2,2024-07-11
3586,2657,created,2022-10-29,,1,2022-10-29
3587,2657,canceled,2023-04-28,1,,2023-04-28
3588,2658,created,2024-04-12,,6,2024-04-12
3589,2658,canceled,2024-12-12,6,,2024-12-12
3590,2659,created,2024-03-24,,2,2024-03-24
3591,2659,canceled,2024-05-24,2,,2024-05-24
3592,2660,created,2024-03-08,,1,2024-03-08
3593,2660,canceled,2024-08-08,1,,2024-08-08
3594,2661,created,2024-04-28,,2,2024-04-28
3595,2662,upgraded,2024-11-28,2,5,2024-11-28
3596,2663,created,2024-06-10,,1,2024-06-10
3597,2663,canceled,2024-09-10,1,,2024-09-10
3598,2664,created,2024-09-22,,1,2024-09-22
3599,2665,created,2023-09-28,,2,2023-09-28
3600,2666,created,2024-09-03,,1,2024-09-03
3601,2666,canceled,2024-10-03,1,,2024-10-03
3602,2667,created,2024-02-20,,4,2024-02-20
3603,2668,created,2022-12-16,,1,2022-12-16
3604,2668,canceled,2023-07-16,1,,2023-07-16
3605,2669,reactivated,2024-07-16,,1,2024-07-16
3606,2670,upgraded,2024-12-16,1,2,2024-12-16
3607,2671,created,2022-10-01,,4,2022-10-01
3608,2671,canceled,2023-02-01,4,,2023-02-01
3609,2672,created,2023-10-06,,1,2023-10-06
3610,2672,canceled,2024-01-06,1,,2024-01-06
3611,2673,created,2024-08-03,,4,2024-08-10
3612,2674,created,2024-06-18,,1,2024-06-18
3613,2675,created,2024-08-12,,1,2024-08-12
3614,2676,created,2024-02-29,,1,2024-02-29
3615,2677,upgraded,2024-12-29,1,2,2024-12-29
3616,2678,created,2024-01-22,,1,2024-01-22
3617,2678,canceled,2024-03-22,1,,2024-03-22
3618,2679,created,2023-05-26,,1,2023-05-26
3619,2680,upgraded,2023-09-26,1,2,2023-09-26
3620,2680,canceled,2024-08-26,2,,2024-08-26
3621,2681,created,2023-10-04,,3,2023-10-04
3622,2682,created,2024-01-04,,4,2024-01-04
3623,2682,canceled,2024-05-04,4,,2024-05-04
3624,2683,created,2023-01-21,,4,2023-01-21
3625,2684,downgraded,2023-04-21,4,2,2023-04-21
3626,2684,canceled,2024-07-21,2,,2024-07-21
3627,2685,created,2023-08-24,,1,2023-08-24
3628,2685,canceled,2023-11-24,1,,2023-11-24
3629,2686,created,2024-04-24,,7,2024-04-24
3630,2687,created,2024-07-27,,1,2024-07-27
3631,2687,canceled,2024-08-27,1,,2024-08-27
3632,2688,reactivated,2024-10-27,,1,2024-10-27
3633,2689,created,2024-12-14,,6,2024-12-14
3634,2690,created,2024-11-16,,1,2024-11-16
3635,2691,created,2024-05-12,,1,2024-05-12
3636,2692,upgraded,2024-07-12,1,3,2024-07-12
3637,2693,created,2024-01-08,,1,2024-01-08
3638,2693,canceled,2024-02-08,1,,2024-02-08
3639,2694,created,2024-05-08,,6,2024-05-08
3640,2695,created,2024-08-29,,1,2024-08-29
3641,2696,created,2023-03-12,,1,2023-03-12
3642,2696,canceled,2023-04-12,1,,2023-04-12
3643,2697,reactivated,2024-06-12,,1,2024-06-12
3644,2697,canceled,2024-10-12,1,,2024-10-12
3645,2698,created,2024-01-23,,3,2024-01-23
3646,2699,created,2024-09-11,,2,2024-09-11
3647,2699,canceled,2024-10-11,2,,2024-10-11
3648,2700,created,2023-12-13,,2,2023-12-13
3649,2701,downgraded,2024-05-13,2,1,2024-05-13
3650,2702,upgraded,2024-10-13,1,2,2024-10-13
3651,2703,created,2024-04-29,,1,2024-04-29
3652,2703,canceled,2024-05-29,1,,2024-05-29
3653,2704,created,2024-04-26,,1,2024-04-26
3654,2705,upgraded,2024-12-26,1,2,2024-12-26
3655,2706,created,2023-06-13,,1,2023-06-13
3656,2706,canceled,2023-10-13,1,,2023-10-13
3657,2707,reactivated,2024-11-13,,1,2024-11-13
3658,2708,created,2023-11-24,,1,2023-11-24
3659,2708,canceled,2024-03-24,1,,2024-03-24
3660,2709,created,2023-10-09,,4,2023-10-09
3661,2710,upgraded,2024-03-09,4,6,2024-03-09
3662,2711,created,2022-05-13,,2,2022-05-13
3663,2711,canceled,2023-02-13,2,,2023-02-13
3664,2712,reactivated,2024-01-13,,6,2024-01-13
3665,2713,created,2022-04-26,,1,2022-04-26
3666,2714,upgraded,2022-08-26,1,2,2022-08-26
3667,2715,upgraded,2023-08-26,2,4,2023-08-26
3668,2716,upgraded,2024-01-26,4,7,2024-01-26
3669,2717,upgraded,2024-12-26,7,8,2024-12-26
3670,2718,created,2024-09-26,,2,2024-09-26
3671,2719,created,2023-09-10,,2,2023-09-10
3672,2719,canceled,2023-10-10,2,,2023-10-10
3673,2720,reactivated,2024-05-10,,3,2024-05-10
3674,2720,canceled,2024-07-10,3,,2024-07-10
3675,2721,created,2024-03-24,,2,2024-03-24
3676,2721,canceled,2024-10-24,2,,2024-10-24
3677,2722,created,2023-10-10,,1,2023-10-10
3678,2723,upgraded,2024-09-10,1,3,2024-09-10
3679,2724,created,2024-11-11,,1,2024-11-11
3680,2725,created,2023-09-26,,1,2023-09-26
3681,2726,upgraded,2023-12-26,1,2,2023-12-26
3682,2726,canceled,2024-01-26,2,,2024-01-26
3683,2727,reactivated,2024-11-26,,1,2024-11-26
3684,2728,created,2024-01-10,,2,2024-01-10
3685,2729,upgraded,2024-06-10,2,4,2024-06-10
3686,2730,created,2024-10-02,,2,2024-10-02
3687,2731,created,2024-09-04,,2,2024-09-04
3688,2732,created,2023-06-10,,3,2023-06-10
3689,2732,canceled,2024-02-10,3,,2024-02-20
3690,2733,created,2024-09-08,,1,2024-09-08
3691,2733,canceled,2024-11-08,1,,2024-11-08
3692,2734,created,2024-01-29,,2,2024-01-29
3693,2735,downgraded,2024-05-29,2,1,2024-05-29
3694,2736,created,2024-02-08,,6,2024-02-08
3695,2737,created,2023-04-23,,4,2023-04-23
3696,17987,upgraded,2023-07-23,4,6,2023-07-23
3697,2739,upgraded,2024-11-23,6,8,2024-11-23
3698,2740,created,2022-12-24,,5,2022-12-24
3699,2741,downgraded,2023-08-24,5,2,2023-08-24
3700,2742,upgraded,2024-01-24,2,5,2024-01-24
3701,2742,canceled,2024-08-24,5,,2024-08-24
3702,2743,created,2024-07-27,,1,2024-07-27
3703,2743,canceled,2024-09-27,1,,2024-10-02
3704,2744,created,2024-02-14,,1,2024-02-14
3705,2744,canceled,2024-05-14,1,,2024-05-14
3706,2745,created,2024-01-29,,1,2024-01-29
3707,2745,canceled,2024-09-29,1,,2024-09-29
3708,2746,created,2024-07-22,,1,2024-07-22
3709,2746,canceled,2024-08-22,1,,2024-08-22
3710,2747,created,2024-08-13,,1,2024-08-13
3711,2747,canceled,2024-10-13,1,,2024-10-13
3712,2748,created,2023-05-15,,1,2023-05-15
3713,2748,canceled,2023-10-15,1,,2023-10-15
3714,2749,created,2024-04-14,,1,2024-04-14
3715,2749,canceled,2024-05-14,1,,2024-05-14
3716,2750,created,2023-04-23,,1,2023-04-23
3717,2751,upgraded,2023-05-23,1,2,2023-05-23
3718,2752,upgraded,2023-07-23,2,4,2023-07-23
3719,2753,created,2024-07-17,,1,2024-07-17
3720,2753,canceled,2024-08-17,1,,2024-08-17
3721,2754,created,2024-05-24,,1,2024-05-24
3722,2755,created,2024-11-04,,2,2024-11-04
3723,2756,created,2022-11-19,,2,2022-11-19
3724,2756,canceled,2022-12-19,2,,2022-12-19
3725,2757,created,2022-09-10,,3,2022-09-10
3726,16084,upgraded,2023-07-10,3,4,2023-07-10
3727,2759,created,2023-09-26,,4,2023-09-26
3728,2760,upgraded,2023-10-26,4,6,2023-10-26
3729,2761,upgraded,2024-08-26,6,8,2024-08-26
3730,2762,created,2023-09-30,,4,2023-09-30
3731,2762,canceled,2024-08-29,4,,2024-08-29
3732,2763,created,2023-08-27,,2,2023-08-27
3733,2763,canceled,2024-05-27,2,,2024-05-27
3734,2764,created,2024-10-03,,1,2024-10-03
3735,2764,canceled,2024-11-03,1,,2024-11-03
3736,2765,created,2023-08-19,,6,2023-08-19
3737,2765,canceled,2024-05-19,6,,2024-05-19
3738,2766,created,2023-09-27,,4,2023-09-27
3739,2767,upgraded,2024-03-27,4,6,2024-03-27
3740,2768,downgraded,2024-09-27,6,4,2024-09-27
3741,2769,created,2024-08-17,,2,2024-08-17
3742,2770,downgraded,2024-09-17,2,1,2024-09-17
3743,2770,canceled,2024-10-17,1,,2024-10-17
3744,2771,created,2024-01-05,,3,2024-01-05
3745,2772,created,2024-08-22,,1,2024-08-22
3746,2772,canceled,2024-10-22,1,,2024-10-22
3747,2773,created,2022-10-11,,7,2022-10-11
3748,2774,upgraded,2023-10-11,7,8,2023-10-11
3749,2775,created,2024-02-24,,1,2024-02-24
3750,2775,canceled,2024-10-24,1,,2024-10-24
3751,2776,created,2022-06-01,,2,2022-06-01
3752,2776,canceled,2023-02-01,2,,2023-02-01
3753,2777,created,2022-10-18,,3,2022-10-18
3754,2778,upgraded,2022-12-18,3,5,2022-12-18
3755,2779,upgraded,2023-09-18,5,6,2023-09-18
3756,2779,canceled,2024-01-18,6,,2024-01-18
3757,2780,created,2024-10-31,,1,2024-10-31
3758,2781,created,2023-04-19,,5,2023-04-19
3759,2782,created,2024-03-01,,1,2024-03-01
3760,2782,canceled,2024-11-01,1,,2024-11-01
3761,2783,created,2024-01-01,,1,2024-01-01
3762,2784,created,2023-11-27,,2,2023-11-27
3763,2785,created,2024-10-20,,2,2024-10-20
3764,2786,created,2022-04-30,,3,2022-04-30
3765,2786,canceled,2023-01-30,3,,2023-01-30
3766,2787,created,2024-05-28,,5,2024-05-28
3767,2788,created,2024-11-04,,1,2024-11-04
3768,2789,created,2024-03-25,,7,2024-03-25
3769,2790,downgraded,2024-04-25,7,5,2024-04-25
3770,2790,canceled,2024-05-25,5,,2024-05-25
3771,2791,created,2024-11-06,,1,2024-11-06
3772,2792,created,2022-09-23,,2,2022-09-23
3773,2793,upgraded,2024-02-23,2,5,2024-02-23
3774,2793,canceled,2024-06-23,5,,2024-06-23
3775,2794,created,2024-01-14,,1,2024-01-14
3776,2794,canceled,2024-10-14,1,,2024-10-14
3777,2795,created,2023-09-29,,1,2023-09-29
3778,2795,canceled,2023-12-29,1,,2023-12-29
3779,2796,reactivated,2024-03-29,,2,2024-03-29
3780,2797,upgraded,2024-09-29,2,4,2024-09-29
3781,2798,created,2024-07-19,,1,2024-07-19
3782,2798,canceled,2024-08-19,1,,2024-08-19
3783,2799,created,2024-12-31,,2,2024-12-31
3784,2800,created,2023-09-14,,1,2023-09-14
3785,2800,canceled,2024-10-14,1,,2024-10-14
3786,2801,created,2024-05-30,,1,2024-05-30
3787,2802,created,2023-07-22,,1,2023-07-22
3788,2802,canceled,2023-09-22,1,,2023-09-22
3789,2803,created,2024-03-05,,5,2024-03-05
3790,2803,canceled,2024-04-05,5,,2024-04-05
3791,2804,created,2024-01-21,,4,2024-01-21
3792,2805,created,2024-12-18,,2,2024-12-18
3793,2806,created,2024-04-14,,5,2024-04-14
3794,2806,canceled,2024-08-14,5,,2024-08-14
3795,2807,created,2023-11-27,,1,2023-11-27
3796,2808,created,2023-03-06,,2,2023-03-06
3797,2808,canceled,2023-12-06,2,,2023-12-06
3798,2809,created,2023-05-20,,5,2023-05-20
3799,2809,canceled,2023-12-20,5,,2023-12-20
3800,2810,created,2023-08-27,,2,2023-08-27
3801,2810,canceled,2024-08-27,2,,2024-08-27
3802,2811,created,2023-09-02,,4,2023-09-02
3803,2811,canceled,2024-10-02,4,,2024-10-02
3804,2812,created,2024-09-03,,2,2024-09-03
3805,2813,upgraded,2024-10-03,2,5,2024-10-03
3806,2814,created,2024-03-18,,2,2024-03-18
3807,2815,downgraded,2024-12-18,2,1,2024-12-18
3808,2816,created,2024-03-17,,1,2024-03-17
3809,2816,canceled,2024-04-17,1,,2024-04-17
3810,2817,created,2023-03-11,,3,2023-03-20
3811,2817,canceled,2023-07-11,3,,2023-07-11
3812,2818,reactivated,2023-08-11,,7,2023-08-11
3813,2819,created,2024-09-09,,1,2024-09-09
3814,20081,created,2024-07-15,,1,2024-07-15
3815,2821,created,2022-11-05,,4,2022-11-05
3816,2821,canceled,2022-12-05,4,,2022-12-05
3817,2822,reactivated,2024-09-05,,3,2024-09-05
3818,2823,created,2024-06-29,,1,2024-06-29
3819,2824,upgraded,2024-07-29,1,2,2024-07-29
3820,2824,canceled,2024-08-29,2,,2024-08-29
3821,2825,created,2024-03-23,,2,2024-03-23
3822,2825,canceled,2024-06-23,2,,2024-06-23
3823,2826,created,2023-01-26,,7,2023-01-26
3824,2827,upgraded,2023-04-26,7,8,2023-04-26
3825,2828,created,2024-01-29,,1,2024-01-29
3826,2828,canceled,2024-10-29,1,,2024-10-29
3827,2829,created,2024-02-12,,8,2024-02-12
3828,2830,created,2023-05-13,,3,2023-05-13
3829,2830,canceled,2024-02-13,3,,2024-02-13
3830,2831,reactivated,2024-05-13,,1,2024-05-13
3831,2832,created,2024-11-01,,1,2024-11-01
3832,2833,created,2024-09-01,,1,2024-09-06
3833,2834,created,2024-06-30,,2,2024-06-30
3834,2835,upgraded,2024-11-30,2,4,2024-11-30
3835,2836,created,2024-01-21,,3,2024-01-21
3836,2836,canceled,2024-05-21,3,,2024-05-21
3837,2837,created,2024-01-16,,6,2024-01-16
3838,2837,canceled,2024-02-16,6,,2024-02-16
3839,2838,created,2024-05-23,,1,2024-05-23
3840,2838,canceled,2024-08-23,1,,2024-08-23
3841,18637,created,2024-03-27,,8,2024-03-27
3842,2840,created,2022-10-17,,1,2022-10-17
3843,2840,canceled,2023-11-17,1,,2023-11-17
3844,2841,created,2024-02-19,,5,2024-02-21
3845,2841,canceled,2024-05-19,5,,2024-05-19
3846,2842,created,2024-09-19,,2,2024-09-19
3847,2843,created,2024-01-19,,1,2024-01-19
3848,2844,upgraded,2024-10-19,1,2,2024-10-19
3849,2845,created,2022-09-09,,2,2022-09-09
3850,2846,downgraded,2022-12-09,2,1,2022-12-09
3851,2846,canceled,2023-08-09,1,,2023-08-09
3852,2847,created,2024-08-23,,2,2024-08-23
3853,2848,created,2023-07-29,,3,2023-07-29
3854,2849,upgraded,2024-03-29,3,4,2024-03-29
3855,2850,created,2023-09-21,,4,2023-09-21
3856,2851,upgraded,2023-12-21,4,6,2023-12-21
3857,2852,created,2023-05-14,,1,2023-05-14
3858,2853,upgraded,2023-12-14,1,3,2023-12-14
3859,2853,canceled,2024-06-14,3,,2024-06-14
3860,2854,created,2023-10-12,,6,2023-10-12
3861,2855,downgraded,2024-03-12,6,4,2024-03-12
3862,2855,canceled,2024-10-12,4,,2024-10-12
3863,2856,created,2024-07-02,,2,2024-07-02
3864,2857,downgraded,2024-08-02,2,1,2024-08-02
3865,2858,created,2024-03-01,,2,2024-03-01
3866,2859,upgraded,2024-10-01,2,4,2024-10-10
3867,2860,created,2023-07-26,,3,2023-07-26
3868,2860,canceled,2024-03-26,3,,2024-03-26
3869,2861,reactivated,2024-11-26,,5,2024-11-26
3870,2862,created,2024-10-14,,7,2024-10-14
3871,2863,created,2024-10-11,,2,2024-10-11
3872,2864,created,2024-10-16,,6,2024-10-16
3873,2865,created,2023-08-30,,1,2023-08-30
3874,2865,canceled,2024-06-29,1,,2024-06-29
3875,2866,created,2024-01-08,,1,2024-01-08
3876,2866,canceled,2024-06-08,1,,2024-06-08
3877,2867,created,2024-12-17,,1,2024-12-17
3878,2868,created,2024-08-20,,1,2024-08-20
3879,2869,created,2022-05-04,,6,2022-05-04
3880,2870,upgraded,2024-04-04,6,8,2024-04-04
3881,2871,created,2022-10-11,,1,2022-10-11
3882,2872,upgraded,2023-01-11,1,2,2023-01-11
3883,2873,upgraded,2023-10-11,2,4,2023-10-11
3884,2874,upgraded,2023-11-11,4,7,2023-11-11
3885,2875,upgraded,2024-02-11,7,8,2024-02-11
3886,2876,created,2024-01-02,,6,2024-01-02
3887,2877,created,2024-10-21,,1,2024-10-21
3888,2878,created,2024-03-02,,4,2024-03-02
3889,2879,created,2024-02-25,,2,2024-02-25
3890,2879,canceled,2024-04-25,2,,2024-04-25
3891,2880,created,2023-02-20,,1,2023-02-20
3892,2880,canceled,2023-05-20,1,,2023-05-20
3893,2881,reactivated,2023-06-20,,1,2023-06-20
3894,2881,canceled,2024-05-20,1,,2024-05-20
3895,2882,created,2024-05-29,,4,2024-05-29
3896,2883,created,2024-09-22,,5,2024-09-22
3897,2884,created,2023-11-07,,2,2023-11-07
3898,2884,canceled,2024-08-07,2,,2024-08-07
3899,2885,created,2024-08-19,,1,2024-08-19
3900,2885,canceled,2024-12-19,1,,2024-12-19
3901,2886,created,2024-11-21,,1,2024-11-21
3902,2887,created,2023-07-20,,2,2023-07-20
3903,2887,canceled,2023-09-20,2,,2023-09-20
3904,2888,created,2024-03-02,,1,2024-03-07
3905,2888,canceled,2024-05-02,1,,2024-05-02
3906,2889,created,2023-09-21,,2,2023-09-21
3907,2890,downgraded,2024-11-21,2,1,2024-11-21
3908,2891,created,2024-08-25,,2,2024-08-25
3909,2892,downgraded,2024-10-25,2,1,2024-10-25
3910,2893,created,2024-04-10,,3,2024-04-10
3911,2894,downgraded,2024-05-10,3,1,2024-05-10
3912,2894,canceled,2024-12-10,1,,2024-12-10
3913,2895,created,2024-05-22,,1,2024-05-22
3914,2895,canceled,2024-06-22,1,,2024-06-22
3915,2896,created,2024-08-18,,3,2024-08-18
3916,2897,created,2023-12-07,,4,2023-12-07
3917,2897,canceled,2024-07-07,4,,2024-07-07
3918,2898,created,2024-10-07,,2,2024-10-07
3919,2899,created,2024-03-20,,2,2024-03-20
3920,2900,created,2023-05-11,,3,2023-05-11
3921,2900,canceled,2024-06-11,3,,2024-06-11
3922,2901,created,2024-06-15,,7,2024-06-15
3923,2902,created,2024-08-30,,1,2024-08-30
3924,2902,canceled,2024-11-30,1,,2024-11-30
3925,2903,created,2023-10-20,,7,2023-10-20
3926,2904,created,2024-09-27,,1,2024-09-27
3927,2905,created,2024-10-06,,1,2024-10-06
3928,2906,created,2023-09-12,,8,2023-09-12
3929,2907,downgraded,2024-05-12,8,6,2024-05-12
3930,2908,created,2024-12-07,,3,2024-12-07
3931,2909,created,2023-04-01,,1,2023-04-01
3932,2909,canceled,2023-12-01,1,,2023-12-01
3933,2910,created,2023-07-09,,1,2023-07-09
3934,2910,canceled,2024-08-09,1,,2024-08-09
3935,2911,created,2023-06-06,,8,2023-06-06
3936,2912,downgraded,2023-11-06,8,6,2023-11-06
3937,2912,canceled,2023-12-06,6,,2023-12-06
3938,2913,created,2024-10-04,,1,2024-10-04
3939,2914,created,2024-05-26,,3,2024-05-26
3940,2914,canceled,2024-11-26,3,,2024-12-06
3941,2915,created,2023-05-15,,2,2023-05-18
3942,2916,created,2024-01-31,,2,2024-01-31
3943,2916,canceled,2024-05-29,2,,2024-05-29
3944,2917,created,2024-04-14,,1,2024-04-14
3945,2918,created,2023-01-30,,2,2023-01-30
3946,2919,upgraded,2023-10-28,2,5,2023-10-28
3947,2920,downgraded,2024-08-28,5,2,2024-08-28
3948,2921,created,2024-10-23,,7,2024-10-23
3949,2922,created,2024-09-08,,2,2024-09-08
3950,2923,created,2024-02-28,,1,2024-02-28
3951,2924,upgraded,2024-05-28,1,2,2024-05-28
3952,2925,created,2024-11-02,,1,2024-11-02
3953,2926,created,2024-01-17,,2,2024-01-17
3954,2927,upgraded,2024-02-17,2,4,2024-02-17
3955,2927,canceled,2024-08-17,4,,2024-08-17
3956,2928,created,2024-12-03,,1,2024-12-03
3957,2929,created,2024-06-06,,1,2024-06-06
3958,2929,canceled,2024-12-06,1,,2024-12-06
3959,2930,created,2024-05-17,,1,2024-05-17
3960,2930,canceled,2024-10-17,1,,2024-10-17
3961,2931,created,2023-05-23,,2,2023-05-23
3962,2932,created,2024-10-16,,1,2024-10-16
3963,2932,canceled,2024-11-16,1,,2024-11-16
3964,2933,created,2024-01-26,,4,2024-01-28
3965,2933,canceled,2024-12-26,4,,2024-12-30
3966,2934,created,2023-05-07,,3,2023-05-07
3967,2934,canceled,2023-09-07,3,,2023-09-07
3968,2935,created,2022-02-14,,1,2022-02-14
3969,2935,canceled,2022-06-14,1,,2022-06-14
3970,2936,created,2024-03-12,,2,2024-03-12
3971,2936,canceled,2024-04-12,2,,2024-04-12
3972,2937,created,2024-03-10,,5,2024-03-10
3973,2938,upgraded,2024-10-10,5,6,2024-10-10
3974,2939,created,2024-07-15,,4,2024-07-15
3975,2940,created,2024-10-14,,2,2024-10-14
3976,2941,created,2022-12-13,,1,2022-12-13
3977,2941,canceled,2024-02-13,1,,2024-02-13
3978,2942,created,2024-07-03,,2,2024-07-03
3979,2942,canceled,2024-08-03,2,,2024-08-03
3980,2943,created,2023-06-17,,3,2023-06-17
3981,2944,created,2024-09-08,,1,2024-09-08
3982,2944,canceled,2024-11-08,1,,2024-11-08
3983,2945,created,2024-09-07,,1,2024-09-07
3984,2946,created,2024-03-24,,7,2024-03-24
3985,2947,created,2024-06-23,,1,2024-06-23
3986,2947,canceled,2024-09-23,1,,2024-09-23
3987,2948,created,2023-10-23,,1,2023-10-23
3988,2948,canceled,2024-11-23,1,,2024-11-23
3989,2949,created,2024-02-10,,4,2024-02-10
3990,2950,downgraded,2024-03-10,4,2,2024-03-10
3991,2951,upgraded,2024-05-10,2,4,2024-05-10
3992,2951,canceled,2024-07-10,4,,2024-07-10
3993,2952,created,2024-09-13,,3,2024-09-13
3994,2953,created,2024-01-21,,1,2024-01-21
3995,2953,canceled,2024-11-21,1,,2024-11-21
3996,2954,created,2023-11-13,,3,2023-11-13
3997,2955,downgraded,2024-08-13,3,1,2024-08-13
3998,2955,canceled,2024-12-13,1,,2024-12-13
3999,2956,created,2024-02-08,,6,2024-02-08
4000,2957,created,2024-09-24,,5,2024-09-24
4001,2958,created,2023-10-28,,5,2023-10-28
4002,2959,created,2023-06-07,,6,2023-06-07
4003,2960,downgraded,2024-01-07,6,4,2024-01-07
4004,2961,upgraded,2024-08-07,4,7,2024-08-07
4005,2962,created,2024-06-05,,1,2024-06-05
4006,2963,created,2024-09-01,,4,2024-09-01
4007,2964,created,2023-02-08,,4,2023-02-08
4008,2965,created,2023-08-25,,4,2023-08-25
4009,2965,canceled,2024-10-25,4,,2024-10-25
4010,2966,created,2023-04-19,,1,2023-04-19
4011,2966,canceled,2024-01-19,1,,2024-01-19
4012,2967,created,2023-11-11,,8,2023-11-11
4013,2968,downgraded,2023-12-11,8,6,2023-12-11
4014,2969,downgraded,2024-09-11,6,5,2024-09-11
4015,2970,created,2024-01-19,,1,2024-01-19
4016,2971,created,2024-07-13,,1,2024-07-13
4017,2972,created,2024-05-11,,3,2024-05-11
4018,2973,created,2024-05-03,,2,2024-05-03
4019,2974,created,2023-11-27,,3,2023-11-27
4020,2975,upgraded,2024-01-27,3,5,2024-01-27
4021,2976,upgraded,2024-12-27,5,6,2024-12-27
4022,2977,created,2024-09-03,,2,2024-09-03
4023,2977,canceled,2024-10-03,2,,2024-10-03
4024,2978,created,2024-02-10,,4,2024-02-10
4025,2979,upgraded,2024-05-10,4,7,2024-05-10
4026,2980,created,2024-12-17,,3,2024-12-17
4027,2981,created,2024-05-13,,1,2024-05-13
4028,2982,created,2023-03-16,,5,2023-03-16
4029,2983,upgraded,2023-06-16,5,6,2023-06-16
4030,2984,created,2024-06-07,,1,2024-06-07
4031,2985,created,2023-10-23,,1,2023-10-23
4032,2986,upgraded,2024-02-23,1,2,2024-02-23
4033,2987,created,2024-06-10,,1,2024-06-10
4034,2988,created,2022-11-09,,1,2022-11-09
4035,2988,canceled,2022-12-09,1,,2022-12-09
4036,2989,reactivated,2024-04-09,,3,2024-04-09
4037,2989,canceled,2024-06-09,3,,2024-06-09
4038,2990,created,2023-06-27,,1,2023-06-27
4039,2991,upgraded,2024-07-27,1,2,2024-07-27
4040,2992,created,2024-09-30,,1,2024-09-30
4041,2993,created,2023-08-02,,2,2023-08-02
4042,2993,canceled,2023-09-02,2,,2023-09-02
4043,2994,created,2024-09-15,,1,2024-09-15
4044,2995,created,2023-09-13,,3,2023-09-13
4045,2995,canceled,2024-04-13,3,,2024-04-13
4046,2996,reactivated,2024-11-13,,2,2024-11-13
4047,2997,created,2024-05-08,,8,2024-05-08
4048,2998,created,2024-06-13,,5,2024-06-13
4049,2998,canceled,2024-10-13,5,,2024-10-13
4050,2999,created,2024-02-13,,5,2024-02-13
4051,3000,upgraded,2024-04-13,5,7,2024-04-13
4052,3001,created,2023-10-06,,1,2023-10-06
4053,3001,canceled,2023-12-06,1,,2023-12-06
4054,3002,reactivated,2024-09-06,,2,2024-09-06
4055,19035,created,2023-07-30,,1,2023-07-30
4056,3003,canceled,2023-09-30,1,,2023-09-30
4057,3004,created,2022-06-30,,1,2022-06-30
4058,3004,canceled,2022-09-30,1,,2022-09-30
4059,3005,reactivated,2024-11-28,,1,2024-11-28
4060,3006,created,2023-10-12,,1,2023-10-16
4061,3006,canceled,2024-01-12,1,,2024-01-12
4062,3007,created,2024-05-11,,5,2024-05-13
4063,3008,created,2024-11-02,,2,2024-11-02
4064,3009,created,2024-10-24,,4,2024-10-24
4065,3009,canceled,2024-11-24,4,,2024-12-04
4066,3010,created,2024-08-07,,2,2024-08-07
4067,3011,created,2024-08-30,,5,2024-08-30
4068,3011,canceled,2024-12-30,5,,2024-12-30
4069,3012,created,2024-05-15,,2,2024-05-15
4070,3013,created,2023-09-15,,1,2023-09-18
4071,3013,canceled,2024-07-15,1,,2024-07-15
4072,3014,created,2024-10-06,,1,2024-10-06
4073,3015,created,2024-06-04,,4,2024-06-04
4074,3016,created,2024-03-25,,3,2024-03-25
4075,3016,canceled,2024-06-25,3,,2024-06-25
4076,3017,created,2023-03-06,,1,2023-03-06
4077,3017,canceled,2024-06-06,1,,2024-06-06
4078,3018,created,2024-01-07,,2,2024-01-07
4079,3018,canceled,2024-06-07,2,,2024-06-07
4080,3019,created,2024-01-17,,1,2024-01-17
4081,3019,canceled,2024-02-17,1,,2024-02-17
4082,3020,created,2024-10-13,,1,2024-10-13
4083,3021,created,2024-03-02,,1,2024-03-02
4084,3021,canceled,2024-06-02,1,,2024-06-02
4085,3022,created,2023-11-12,,1,2023-11-12
4086,3023,upgraded,2023-12-12,1,3,2023-12-12
4087,3023,canceled,2024-09-12,3,,2024-09-12
4088,3024,created,2024-12-01,,4,2024-12-01
4089,3025,created,2023-03-22,,1,2023-03-22
4090,3025,canceled,2024-06-22,1,,2024-06-22
4091,3026,created,2024-01-27,,3,2024-01-27
4092,3027,created,2022-07-14,,1,2022-07-14
4093,3027,canceled,2022-08-14,1,,2022-08-14
4094,3028,reactivated,2023-04-14,,5,2023-04-14
4095,3029,created,2024-07-21,,1,2024-07-21
4096,3030,created,2024-10-31,,5,2024-10-31
4097,3031,created,2023-09-11,,2,2023-09-11
4098,3032,upgraded,2024-02-11,2,5,2024-02-11
4099,3033,upgraded,2024-03-11,5,6,2024-03-11
4100,3034,created,2024-09-13,,1,2024-09-13
4101,3034,canceled,2024-10-13,1,,2024-10-13
4102,3035,created,2023-09-09,,2,2023-09-09
4103,3036,created,2024-10-07,,1,2024-10-07
4104,3036,canceled,2024-11-07,1,,2024-11-07
4105,3037,created,2024-07-04,,3,2024-07-07
4106,3037,canceled,2024-12-04,3,,2024-12-04
4107,3038,created,2024-09-19,,5,2024-09-19
4108,3039,created,2022-03-21,,1,2022-03-21
4109,3040,upgraded,2022-06-21,1,2,2022-06-21
4110,3040,canceled,2023-02-21,2,,2023-02-21
4111,3041,created,2024-11-23,,2,2024-11-23
4112,3042,created,2024-07-23,,3,2024-07-23
4113,3043,upgraded,2024-11-23,3,4,2024-11-23
4114,3044,created,2023-10-11,,3,2023-10-11
4115,3044,canceled,2024-06-11,3,,2024-06-11
4116,3045,created,2024-09-17,,3,2024-09-17
4117,3046,downgraded,2024-12-17,3,1,2024-12-17
4118,3047,created,2023-09-01,,3,2023-09-01
4119,3048,upgraded,2024-03-01,3,5,2024-03-01
4120,3048,canceled,2024-12-01,5,,2024-12-01
4121,3049,created,2024-10-10,,2,2024-10-13
4122,3050,created,2023-03-03,,1,2023-03-03
4123,3050,canceled,2023-06-03,1,,2023-06-13
4124,3051,created,2024-06-05,,2,2024-06-05
4125,3052,created,2024-03-24,,1,2024-03-24
4126,3052,canceled,2024-05-24,1,,2024-05-24
4127,3053,created,2023-02-11,,1,2023-02-11
4128,3053,canceled,2023-12-11,1,,2023-12-11
4129,3054,created,2023-08-02,,1,2023-08-02
4130,3054,canceled,2024-04-02,1,,2024-04-02
4131,3055,created,2022-02-10,,2,2022-02-10
4132,3055,canceled,2022-10-10,2,,2022-10-10
4133,3056,reactivated,2023-10-10,,1,2023-10-10
4134,3057,created,2024-02-11,,4,2024-02-11
4135,3058,created,2023-10-22,,1,2023-10-22
4136,3058,canceled,2024-10-22,1,,2024-10-22
4137,3059,created,2024-04-08,,1,2024-04-08
4138,3060,created,2023-10-15,,1,2023-10-15
4139,3060,canceled,2024-02-15,1,,2024-02-15
4140,3061,created,2023-10-31,,2,2023-10-31
4141,3061,canceled,2024-10-29,2,,2024-10-29
4142,3062,created,2024-07-07,,1,2024-07-07
4143,3063,created,2022-08-26,,1,2022-08-26
4144,3063,canceled,2023-05-26,1,,2023-05-26
4145,3064,created,2024-10-24,,2,2024-10-24
4146,3064,canceled,2024-12-24,2,,2024-12-24
4147,3065,created,2024-09-14,,2,2024-09-14
4148,3066,upgraded,2024-11-14,2,4,2024-11-14
4149,3067,created,2024-06-15,,1,2024-06-15
4150,3067,canceled,2024-08-15,1,,2024-08-15
4151,3068,created,2024-04-16,,4,2024-04-16
4152,3069,created,2024-10-06,,3,2024-10-06
4153,3070,created,2023-06-14,,4,2023-06-14
4154,3071,upgraded,2023-09-14,4,6,2023-09-14
4155,3072,created,2022-12-01,,1,2022-12-01
4156,3072,canceled,2023-02-01,1,,2023-02-01
4157,3073,created,2023-08-30,,1,2023-08-30
4158,3073,canceled,2024-05-29,1,,2024-05-29
4159,3074,created,2024-08-24,,2,2024-08-24
4160,3075,created,2022-06-10,,1,2022-06-10
4161,3075,canceled,2022-08-10,1,,2022-08-10
4162,3076,created,2024-04-05,,1,2024-04-05
4163,3076,canceled,2024-06-05,1,,2024-06-05
4164,3077,created,2024-12-01,,5,2024-12-01
4165,3078,created,2024-09-16,,6,2024-09-16
4166,3079,created,2024-03-24,,1,2024-03-24
4167,3079,canceled,2024-05-24,1,,2024-05-24
4168,3080,created,2022-10-19,,1,2022-10-19
4169,3080,canceled,2022-11-19,1,,2022-11-19
4170,3081,created,2024-09-04,,2,2024-09-04
4171,3082,created,2024-04-14,,2,2024-04-14
4172,3082,canceled,2024-09-14,2,,2024-09-14
4173,3083,created,2023-03-12,,1,2023-03-12
4174,3083,canceled,2024-05-12,1,,2024-05-12
4175,3084,created,2023-01-23,,2,2023-01-23
4176,3085,downgraded,2023-10-23,2,1,2023-10-23
4177,3085,canceled,2024-08-23,1,,2024-08-23
4178,3086,created,2024-10-08,,1,2024-10-08
4179,3086,canceled,2024-12-08,1,,2024-12-08
4180,3087,created,2024-06-21,,1,2024-06-21
4181,3088,created,2024-09-05,,2,2024-09-05
4182,3089,created,2024-10-09,,3,2024-10-09
4183,3090,created,2024-04-06,,2,2024-04-06
4184,3091,created,2024-03-30,,2,2024-03-30
4185,3092,created,2024-01-03,,1,2024-01-03
4186,3092,canceled,2024-05-03,1,,2024-05-03
4187,18192,created,2023-10-27,,1,2023-10-27
4188,3093,canceled,2023-12-27,1,,2023-12-27
4189,3094,created,2024-01-18,,2,2024-01-18
4190,3095,created,2024-08-14,,3,2024-08-14
4191,3096,created,2024-04-04,,1,2024-04-04
4192,3097,created,2024-10-05,,1,2024-10-05
4193,3098,created,2024-01-23,,2,2024-01-23
4194,3099,upgraded,2024-05-23,2,4,2024-05-23
4195,3100,created,2024-04-01,,1,2024-04-01
4196,3100,canceled,2024-05-01,1,,2024-05-01
4197,3101,created,2024-05-14,,4,2024-05-14
4198,3102,created,2024-04-12,,6,2024-04-12
4199,3103,upgraded,2024-07-12,6,8,2024-07-12
4200,3104,created,2024-06-17,,5,2024-06-17
4201,3105,created,2023-08-06,,1,2023-08-06
4202,3105,canceled,2023-10-06,1,,2023-10-06
4203,3106,reactivated,2024-06-06,,2,2024-06-06
4204,3107,upgraded,2024-10-06,2,4,2024-10-06
4205,3108,created,2024-02-07,,3,2024-02-07
4206,3109,created,2023-02-21,,2,2023-02-21
4207,3109,canceled,2023-11-21,2,,2023-11-21
4208,3110,reactivated,2024-12-21,,4,2024-12-21
4209,3111,created,2023-12-03,,1,2023-12-03
4210,3112,created,2024-02-11,,1,2024-02-11
4211,3113,upgraded,2024-06-11,1,2,2024-06-11
4212,3114,created,2024-05-25,,1,2024-05-25
4213,3114,canceled,2024-06-25,1,,2024-06-25
4214,3115,created,2024-11-01,,1,2024-11-01
4215,3116,created,2024-04-07,,3,2024-04-07
4216,3117,created,2024-07-31,,1,2024-07-31
4217,3118,created,2024-02-11,,4,2024-02-11
4218,3118,canceled,2024-10-11,4,,2024-10-11
4219,3119,created,2024-05-11,,2,2024-05-11
4220,3119,canceled,2024-08-11,2,,2024-08-11
4221,3120,created,2022-11-22,,1,2022-11-22
4222,3121,upgraded,2023-04-22,1,2,2023-04-22
4223,3121,canceled,2023-12-22,2,,2023-12-22
4224,3122,created,2023-09-28,,2,2023-09-28
4225,3123,upgraded,2023-10-28,2,4,2023-10-28
4226,3124,downgraded,2024-10-28,4,2,2024-10-28
4227,3125,created,2023-11-23,,5,2023-11-23
4228,3126,upgraded,2024-05-23,5,6,2024-05-23
4229,3127,created,2024-02-01,,1,2024-02-01
4230,3127,canceled,2024-10-01,1,,2024-10-01
4231,3128,created,2022-08-23,,1,2022-08-23
4232,3128,canceled,2023-01-23,1,,2023-01-23
4233,3129,created,2023-04-22,,2,2023-04-22
4234,3130,created,2023-09-07,,2,2023-09-07
4235,3131,created,2024-12-11,,3,2024-12-11
4236,3132,created,2023-10-26,,6,2023-10-26
4237,3133,upgraded,2024-09-26,6,8,2024-09-26
4238,3134,created,2024-02-16,,1,2024-02-16
4239,3135,upgraded,2024-08-16,1,3,2024-08-16
4240,3136,created,2023-07-14,,1,2023-07-14
4241,3137,upgraded,2023-10-14,1,3,2023-10-14
4242,3137,canceled,2024-04-14,3,,2024-04-14
4243,3138,created,2024-04-22,,5,2024-04-22
4244,3138,canceled,2024-08-22,5,,2024-08-22
4245,3139,created,2023-09-10,,7,2023-09-10
4246,3140,upgraded,2023-11-10,7,8,2023-11-10
4247,3141,created,2023-07-29,,3,2023-07-29
4248,3142,upgraded,2024-01-29,3,4,2024-01-29
4249,3143,created,2024-02-05,,2,2024-02-05
4250,3143,canceled,2024-04-05,2,,2024-04-05
4251,3144,created,2022-01-18,,1,2022-01-18
4252,3144,canceled,2022-10-18,1,,2022-10-18
4253,3145,reactivated,2023-11-18,,7,2023-11-18
4254,3146,created,2022-02-04,,1,2022-02-04
4255,3146,canceled,2023-05-04,1,,2023-05-04
4256,3147,created,2023-07-06,,7,2023-07-06
4257,3148,upgraded,2024-01-06,7,8,2024-01-06
4258,3149,created,2022-06-14,,1,2022-06-14
4259,3149,canceled,2023-07-14,1,,2023-07-14
4260,3150,created,2023-02-11,,1,2023-02-11
4261,3150,canceled,2023-04-11,1,,2023-04-11
4262,3151,created,2023-10-09,,2,2023-10-09
4263,3152,upgraded,2024-03-09,2,4,2024-03-09
4264,3152,canceled,2024-12-09,4,,2024-12-09
4265,3153,created,2024-09-22,,6,2024-09-22
4266,3154,created,2024-04-03,,1,2024-04-03
4267,3155,created,2024-02-19,,6,2024-02-19
4268,3155,canceled,2024-03-19,6,,2024-03-24
4269,3156,created,2023-09-13,,4,2023-09-13
4270,3157,created,2024-11-21,,3,2024-11-21
4271,3158,created,2023-12-26,,5,2023-12-26
4272,3159,created,2023-01-04,,2,2023-01-04
4273,3160,upgraded,2023-04-04,2,4,2023-04-04
4274,3160,canceled,2023-11-04,4,,2023-11-04
4275,3161,created,2024-04-24,,1,2024-04-24
4276,3161,canceled,2024-06-24,1,,2024-06-24
4277,3162,created,2023-03-11,,4,2023-03-11
4278,3163,created,2023-11-02,,5,2023-11-02
4279,3164,upgraded,2024-12-02,5,6,2024-12-02
4280,3165,created,2024-02-14,,1,2024-02-14
4281,3165,canceled,2024-07-14,1,,2024-07-14
4282,3166,created,2024-10-26,,1,2024-10-26
4283,3166,canceled,2024-11-26,1,,2024-11-26
4284,3167,created,2024-02-04,,8,2024-02-04
4285,3168,downgraded,2024-05-04,8,6,2024-05-04
4286,3169,upgraded,2024-09-04,6,8,2024-09-10
4287,3170,created,2024-06-05,,1,2024-06-05
4288,3171,created,2024-12-22,,1,2024-12-22
4289,3172,created,2023-04-22,,2,2023-04-22
4290,3173,upgraded,2024-01-22,2,4,2024-01-22
4291,3174,upgraded,2024-11-22,4,7,2024-11-22
4292,3175,created,2023-09-11,,4,2023-09-11
4293,3176,created,2023-12-28,,2,2023-12-28
4294,3176,canceled,2024-06-28,2,,2024-06-28
4295,3177,created,2024-01-16,,1,2024-01-16
4296,3177,canceled,2024-08-16,1,,2024-08-23
4297,3178,created,2024-01-26,,7,2024-01-26
4298,3179,created,2024-10-24,,3,2024-10-24
4299,3180,upgraded,2024-12-24,3,4,2024-12-24
4300,3181,created,2024-06-30,,1,2024-06-30
4301,3182,created,2024-04-13,,2,2024-04-13
4302,3183,created,2023-10-06,,1,2023-10-06
4303,3183,canceled,2024-12-06,1,,2024-12-06
4304,3184,created,2024-09-22,,2,2024-09-22
4305,3185,created,2024-11-03,,4,2024-11-03
4306,3186,created,2024-09-07,,1,2024-09-07
4307,3187,created,2022-01-11,,1,2022-01-11
4308,3187,canceled,2023-07-11,1,,2023-07-11
4309,3188,created,2024-05-28,,4,2024-06-03
4310,3189,created,2022-09-19,,1,2022-09-29
4311,3189,canceled,2024-11-19,1,,2024-11-19
4312,3190,reactivated,2024-12-19,,8,2024-12-19
4313,3191,created,2023-09-05,,3,2023-09-05
4314,3191,canceled,2024-04-05,3,,2024-04-05
4315,3192,created,2022-10-21,,1,2022-10-21
4316,3192,canceled,2023-05-21,1,,2023-05-21
4317,3193,reactivated,2024-01-21,,1,2024-01-21
4318,3193,canceled,2024-10-21,1,,2024-10-21
4319,3194,created,2024-04-22,,4,2024-04-22
4320,3195,created,2024-06-14,,6,2024-06-14
4321,3196,upgraded,2024-09-14,6,8,2024-09-14
4322,3197,created,2023-03-12,,2,2023-03-12
4323,3197,canceled,2024-05-12,2,,2024-05-12
4324,3198,created,2023-12-17,,1,2023-12-17
4325,3199,upgraded,2024-08-17,1,2,2024-08-17
4326,3199,canceled,2024-09-17,2,,2024-09-17
4327,3200,created,2024-01-21,,7,2024-01-21
4328,3201,downgraded,2024-05-21,7,5,2024-05-21
4329,3201,canceled,2024-11-21,5,,2024-11-21
4330,3202,created,2023-11-13,,1,2023-11-13
4331,3203,upgraded,2024-02-13,1,2,2024-02-13
4332,3204,created,2023-03-21,,1,2023-03-21
4333,3204,canceled,2023-05-21,1,,2023-05-21
4334,3205,created,2024-01-22,,1,2024-01-22
4335,3205,canceled,2024-03-22,1,,2024-03-22
4336,3206,created,2024-07-21,,2,2024-07-21
4337,3207,upgraded,2024-09-21,2,4,2024-09-21
4338,3208,created,2022-11-01,,1,2022-11-01
4339,3208,canceled,2022-12-01,1,,2022-12-01
4340,3209,created,2022-12-22,,1,2022-12-22
4341,3209,canceled,2023-01-22,1,,2023-01-22
4342,3210,created,2023-11-19,,7,2023-11-19
4343,3211,created,2024-11-19,,8,2024-11-19
4344,3212,created,2024-06-14,,5,2024-06-14
4345,3213,created,2024-06-23,,2,2024-06-23
4346,3214,upgraded,2024-07-23,2,4,2024-07-23
4347,3215,created,2023-11-27,,3,2023-11-27
4348,3216,upgraded,2024-03-27,3,4,2024-03-27
4349,3217,created,2024-04-26,,2,2024-04-26
4350,3218,upgraded,2024-07-26,2,4,2024-07-26
4351,3219,created,2022-02-19,,1,2022-02-19
4352,3219,canceled,2023-01-19,1,,2023-01-19
4353,3220,created,2024-05-25,,1,2024-05-25
4354,3221,upgraded,2024-06-25,1,3,2024-06-25
4355,3222,downgraded,2024-10-25,3,1,2024-10-25
4356,3223,created,2024-10-06,,4,2024-10-06
4357,3224,upgraded,2024-12-06,4,6,2024-12-06
4358,3225,created,2024-04-15,,4,2024-04-20
4359,3226,downgraded,2024-06-15,4,2,2024-06-15
4360,3227,upgraded,2024-07-15,2,4,2024-07-15
4361,3228,created,2024-10-07,,2,2024-10-07
4362,3229,created,2024-07-25,,2,2024-07-25
4363,3230,created,2023-03-12,,4,2023-03-12
4364,3231,downgraded,2024-03-12,4,2,2024-03-12
4365,3232,upgraded,2024-05-12,2,4,2024-05-12
4366,3232,canceled,2024-09-12,4,,2024-09-12
4367,3233,created,2024-10-22,,1,2024-10-22
4368,3234,upgraded,2024-11-22,1,3,2024-11-22
4369,3235,created,2022-10-17,,2,2022-10-17
4370,3236,created,2024-03-05,,4,2024-03-05
4371,3237,created,2023-04-12,,2,2023-04-12
4372,3238,created,2022-02-22,,3,2022-02-22
4373,3239,upgraded,2022-10-22,3,4,2022-10-22
4374,3240,created,2024-01-10,,8,2024-01-10
4375,3241,created,2023-10-18,,2,2023-10-18
4376,3242,created,2024-02-20,,2,2024-02-20
4377,3242,canceled,2024-04-20,2,,2024-04-20
4378,3243,created,2024-04-21,,8,2024-04-27
4379,3244,created,2022-08-09,,1,2022-08-09
4380,3245,upgraded,2023-05-09,1,2,2023-05-09
4381,3246,upgraded,2024-05-09,2,4,2024-05-09
4382,3247,created,2023-03-07,,1,2023-03-07
4383,3248,upgraded,2023-05-07,1,2,2023-05-07
4384,3248,canceled,2023-08-07,2,,2023-08-07
4385,3249,created,2024-03-23,,3,2024-03-23
4386,3250,downgraded,2024-06-23,3,1,2024-06-23
4387,3250,canceled,2024-08-23,1,,2024-08-23
4388,3251,created,2023-11-21,,2,2023-11-21
4389,3252,created,2024-07-05,,2,2024-07-05
4390,3253,created,2024-05-31,,6,2024-05-31
4391,3254,created,2024-09-04,,2,2024-09-04
4392,3254,canceled,2024-10-04,2,,2024-10-04
4393,3255,created,2024-06-03,,5,2024-06-03
4394,3256,upgraded,2024-10-03,5,6,2024-10-03
4395,3257,upgraded,2024-11-03,6,8,2024-11-03
4396,3258,created,2024-01-28,,4,2024-01-28
4397,3259,created,2024-06-08,,6,2024-06-08
4398,3260,downgraded,2024-08-08,6,4,2024-08-08
4399,3261,created,2023-09-06,,1,2023-09-06
4400,3261,canceled,2023-10-06,1,,2023-10-06
4401,3262,created,2023-10-26,,1,2023-10-26
4402,3262,canceled,2024-04-26,1,,2024-04-26
4403,3263,created,2024-08-28,,1,2024-08-28
4404,3264,created,2024-01-02,,2,2024-01-02
4405,3264,canceled,2024-02-02,2,,2024-02-02
4406,3265,reactivated,2024-10-02,,1,2024-10-02
4407,3266,created,2024-08-12,,3,2024-08-12
4408,3267,upgraded,2024-11-12,3,4,2024-11-12
4409,3268,created,2024-09-18,,1,2024-09-18
4410,3269,created,2024-09-05,,7,2024-09-05
4411,3270,created,2024-10-22,,3,2024-10-22
4412,3271,created,2024-01-02,,1,2024-01-02
4413,3271,canceled,2024-06-02,1,,2024-06-02
4414,3272,reactivated,2024-11-02,,2,2024-11-02
4415,3273,created,2023-10-25,,8,2023-10-25
4416,3274,created,2024-04-06,,1,2024-04-06
4417,3275,upgraded,2024-05-06,1,2,2024-05-06
4418,3275,canceled,2024-07-06,2,,2024-07-06
4419,3276,created,2023-11-10,,3,2023-11-10
4420,3277,upgraded,2024-05-10,3,5,2024-05-10
4421,3278,upgraded,2024-10-10,5,6,2024-10-10
4422,3279,created,2024-04-29,,1,2024-04-29
4423,3280,created,2024-06-03,,2,2024-06-03
4424,3280,canceled,2024-12-03,2,,2024-12-03
4425,3281,created,2024-06-03,,1,2024-06-03
4426,3282,created,2023-11-03,,2,2023-11-03
4427,3282,canceled,2024-09-03,2,,2024-09-03
4428,3283,created,2023-05-18,,1,2023-05-26
4429,3283,canceled,2023-09-18,1,,2023-09-18
4430,3284,created,2024-01-31,,7,2024-01-31
4431,3285,downgraded,2024-05-29,7,4,2024-05-29
4432,3286,created,2023-04-16,,3,2023-04-16
4433,3287,upgraded,2023-07-16,3,4,2023-07-16
4434,3287,canceled,2023-09-16,4,,2023-09-16
4435,3288,created,2024-10-18,,6,2024-10-18
4436,3289,created,2023-11-30,,2,2023-11-30
4437,3290,created,2023-05-18,,1,2023-05-18
4438,3290,canceled,2023-06-18,1,,2023-06-18
4439,3291,created,2022-05-31,,6,2022-05-31
4440,3292,created,2024-05-22,,2,2024-05-22
4441,3293,created,2024-05-22,,1,2024-05-22
4442,3293,canceled,2024-11-22,1,,2024-11-22
4443,3294,created,2023-11-06,,6,2023-11-06
4444,3295,upgraded,2024-11-06,6,8,2024-11-06
4445,3296,created,2022-11-02,,1,2022-11-02
4446,3296,canceled,2023-09-02,1,,2023-09-02
4447,3297,created,2024-01-04,,1,2024-01-04
4448,3297,canceled,2024-09-04,1,,2024-09-04
4449,3298,created,2023-10-28,,8,2023-10-28
4450,3299,downgraded,2023-12-28,8,7,2023-12-28
4451,3299,canceled,2024-03-28,7,,2024-03-28
4452,3300,created,2024-06-10,,1,2024-06-10
4453,3300,canceled,2024-10-10,1,,2024-10-10
4454,3301,created,2024-04-13,,1,2024-04-13
4455,3302,upgraded,2024-12-13,1,3,2024-12-13
4456,3303,created,2023-11-21,,5,2023-11-21
4457,3304,upgraded,2024-11-21,5,6,2024-11-21
4458,19654,created,2023-07-29,,1,2023-07-29
4459,3305,canceled,2024-03-29,1,,2024-03-29
4460,3306,created,2024-12-20,,1,2024-12-20
4461,3307,created,2024-01-12,,1,2024-01-12
4462,3307,canceled,2024-03-12,1,,2024-03-12
4463,3308,created,2024-06-04,,2,2024-06-04
4464,3308,canceled,2024-09-04,2,,2024-09-04
4465,3309,created,2023-04-29,,2,2023-04-29
4466,3309,canceled,2023-09-29,2,,2023-09-29
4467,3310,reactivated,2024-09-29,,4,2024-09-29
4468,3310,canceled,2024-12-29,4,,2024-12-29
4469,3311,created,2024-02-05,,4,2024-02-05
4470,3312,created,2022-05-12,,1,2022-05-12
4471,3312,canceled,2022-10-12,1,,2022-10-12
4472,3313,created,2024-02-26,,2,2024-02-26
4473,3314,created,2024-11-15,,1,2024-11-15
4474,3315,created,2023-12-12,,2,2023-12-12
4475,3316,created,2022-07-10,,2,2022-07-10
4476,3316,canceled,2023-05-10,2,,2023-05-10
4477,3317,reactivated,2023-06-10,,1,2023-06-10
4478,3317,canceled,2023-12-10,1,,2023-12-10
4479,3318,created,2022-05-29,,8,2022-05-29
4480,3318,canceled,2022-07-29,8,,2022-07-29
4481,3319,created,2023-12-31,,6,2023-12-31
4482,3320,downgraded,2024-07-29,6,4,2024-07-29
4483,3321,created,2023-05-18,,2,2023-05-18
4484,3322,downgraded,2023-06-18,2,1,2023-06-18
4485,3323,upgraded,2024-12-18,1,2,2024-12-18
4486,3324,created,2022-04-25,,1,2022-04-25
4487,3324,canceled,2022-09-25,1,,2022-09-25
4488,3325,created,2024-07-30,,1,2024-07-30
4489,3326,created,2024-01-31,,1,2024-01-31
4490,3326,canceled,2024-03-29,1,,2024-03-29
4491,3327,created,2023-09-17,,2,2023-09-17
4492,3328,upgraded,2024-05-17,2,4,2024-05-17
4493,3329,created,2024-10-27,,1,2024-10-27
4494,3329,canceled,2024-12-27,1,,2024-12-27
4495,3330,created,2023-03-14,,1,2023-03-14
4496,3330,canceled,2024-02-14,1,,2024-02-14
4497,3331,reactivated,2024-06-14,,1,2024-06-14
4498,3332,created,2024-11-14,,1,2024-11-14
4499,3333,created,2023-10-08,,7,2023-10-08
4500,3334,downgraded,2024-07-08,7,4,2024-07-08
4501,3335,created,2024-10-23,,6,2024-10-23
4502,3336,created,2024-04-23,,1,2024-04-23
4503,3336,canceled,2024-06-23,1,,2024-06-23
4504,3337,created,2024-09-20,,7,2024-09-20
4505,3338,upgraded,2024-11-20,7,8,2024-11-20
4506,3339,created,2024-12-21,,4,2024-12-21
4507,3340,created,2023-09-09,,1,2023-09-09
4508,3341,created,2024-11-20,,2,2024-11-20
4509,3342,created,2023-12-17,,1,2023-12-17
4510,3343,created,2023-12-11,,5,2023-12-11
4511,3344,downgraded,2024-03-11,5,2,2024-03-11
4512,3345,created,2023-11-02,,1,2023-11-02
4513,3346,upgraded,2024-12-02,1,2,2024-12-02
4514,3347,created,2024-03-12,,4,2024-03-12
4515,3348,created,2023-05-06,,8,2023-05-06
4516,3349,downgraded,2023-12-06,8,6,2023-12-06
4517,3350,created,2024-03-07,,2,2024-03-07
4518,3350,canceled,2024-10-07,2,,2024-10-07
4519,3351,created,2024-03-14,,4,2024-03-14
4520,3352,created,2024-08-10,,4,2024-08-10
4521,19837,upgraded,2024-10-10,4,6,2024-10-10
4522,3354,created,2024-09-25,,1,2024-09-25
4523,3355,created,2024-01-12,,2,2024-01-12
4524,3355,canceled,2024-10-12,2,,2024-10-12
4525,3356,created,2023-10-08,,1,2023-10-08
4526,3356,canceled,2024-03-08,1,,2024-03-08
4527,3357,created,2023-09-29,,3,2023-09-29
4528,3358,created,2023-07-02,,3,2023-07-02
4529,3358,canceled,2024-04-02,3,,2024-04-02
4530,3359,created,2022-09-07,,2,2022-09-15
4531,3359,canceled,2023-06-07,2,,2023-06-07
4532,3360,created,2023-11-18,,5,2023-11-18
4533,3360,canceled,2024-08-18,5,,2024-08-18
4534,3361,created,2023-09-25,,1,2023-09-25
4535,3361,canceled,2023-11-25,1,,2023-11-25
4536,3362,created,2024-11-07,,3,2024-11-07
4537,3363,created,2024-03-25,,2,2024-03-25
4538,3363,canceled,2024-04-25,2,,2024-04-25
4539,3364,created,2023-11-29,,2,2023-11-29
4540,3365,upgraded,2024-04-29,2,4,2024-04-29
4541,3366,downgraded,2024-11-29,4,2,2024-11-29
4542,3367,created,2024-04-14,,2,2024-04-14
4543,3368,created,2023-04-17,,3,2023-04-17
4544,3368,canceled,2023-07-17,3,,2023-07-17
4545,3369,reactivated,2024-05-17,,1,2024-05-17
4546,3370,created,2024-01-31,,1,2024-01-31
4547,3370,canceled,2024-06-29,1,,2024-06-29
4548,3371,created,2024-05-26,,8,2024-05-26
4549,3372,downgraded,2024-09-26,8,7,2024-09-26
4550,3373,created,2024-02-16,,1,2024-02-16
4551,3373,canceled,2024-07-16,1,,2024-07-16
4552,3374,created,2023-12-06,,5,2023-12-06
4553,3375,created,2024-12-13,,1,2024-12-13
4554,3376,created,2024-10-06,,5,2024-10-06
4555,3377,created,2024-05-30,,1,2024-05-30
4556,3378,created,2024-04-17,,1,2024-04-17
4557,3379,created,2024-05-09,,3,2024-05-09
4558,3379,canceled,2024-06-09,3,,2024-06-09
4559,3380,reactivated,2024-11-09,,2,2024-11-09
4560,3381,created,2023-07-08,,1,2023-07-08
4561,3381,canceled,2024-01-08,1,,2024-01-08
4562,3382,created,2023-12-09,,5,2023-12-09
4563,3383,created,2022-07-21,,7,2022-07-21
4564,3384,upgraded,2022-11-21,7,8,2022-11-21
4565,3384,canceled,2023-05-21,8,,2023-05-21
4566,13593,created,2024-02-04,,3,2024-02-04
4567,3385,canceled,2024-08-04,3,,2024-08-04
4568,3386,created,2024-03-12,,3,2024-03-12
4569,3386,canceled,2024-05-12,3,,2024-05-12
4570,3387,created,2023-08-09,,4,2023-08-09
4571,3388,upgraded,2024-07-09,4,7,2024-07-09
4572,3388,canceled,2024-09-09,7,,2024-09-09
4573,3389,created,2024-11-11,,3,2024-11-11
4574,3390,created,2024-10-12,,2,2024-10-12
4575,3391,created,2024-07-01,,1,2024-07-01
4576,3392,created,2024-03-25,,1,2024-03-25
4577,3392,canceled,2024-08-25,1,,2024-08-25
4578,3393,created,2024-10-31,,1,2024-10-31
4579,3393,canceled,2024-11-30,1,,2024-11-30
4580,3394,created,2023-04-18,,5,2023-04-18
4581,3395,downgraded,2023-12-18,5,3,2023-12-18
4582,3396,created,2024-08-07,,7,2024-08-07
4583,13985,canceled,2024-09-07,7,,2024-09-07
4584,3397,created,2023-03-05,,3,2023-03-05
4585,13407,canceled,2024-08-05,3,,2024-08-05
4586,3398,created,2024-08-05,,1,2024-08-05
4587,3399,created,2023-09-06,,2,2023-09-06
4588,3400,created,2024-10-31,,4,2024-10-31
4589,3401,created,2024-11-06,,4,2024-11-06
4590,3402,created,2023-05-07,,2,2023-05-07
4591,3403,downgraded,2024-10-07,2,1,2024-10-07
4592,3404,created,2024-01-30,,4,2024-01-30
4593,3405,created,2024-12-05,,1,2024-12-05
4594,3406,created,2024-02-13,,1,2024-02-13
4595,3406,canceled,2024-04-13,1,,2024-04-13
4596,3407,created,2024-10-27,,2,2024-10-27
4597,3408,created,2024-04-03,,4,2024-04-03
4598,3409,created,2023-11-26,,1,2023-11-26
4599,3409,canceled,2024-03-26,1,,2024-03-26
4600,3410,created,2023-09-24,,1,2023-09-24
4601,3410,canceled,2024-01-24,1,,2024-01-24
4602,3411,created,2023-07-05,,1,2023-07-05
4603,3411,canceled,2023-11-05,1,,2023-11-05
4604,3412,reactivated,2023-12-05,,6,2023-12-05
4605,3413,created,2024-08-06,,2,2024-08-06
4606,3414,created,2023-12-18,,1,2023-12-18
4607,3414,canceled,2024-01-18,1,,2024-01-18
4608,3415,created,2024-02-27,,2,2024-02-27
4609,3416,created,2024-02-29,,2,2024-02-29
4610,3417,created,2024-04-01,,1,2024-04-01
4611,3417,canceled,2024-06-01,1,,2024-06-01
4612,3418,created,2024-10-10,,1,2024-10-10
4613,3418,canceled,2024-12-10,1,,2024-12-10
4614,3419,created,2024-12-29,,2,2024-12-29
4615,3420,created,2023-12-04,,5,2023-12-04
4616,3421,downgraded,2024-07-04,5,2,2024-07-04
4617,3422,created,2024-09-03,,2,2024-09-03
4618,3423,created,2024-08-30,,1,2024-08-30
4619,3423,canceled,2024-10-30,1,,2024-10-30
4620,3424,created,2024-04-14,,2,2024-04-14
4621,3425,created,2024-11-05,,2,2024-11-05
4622,3426,created,2023-07-10,,1,2023-07-10
4623,3426,canceled,2023-08-10,1,,2023-08-10
4624,3427,reactivated,2023-11-10,,1,2023-11-10
4625,3427,canceled,2024-04-10,1,,2024-04-10
4626,3428,created,2023-02-22,,1,2023-02-22
4627,3428,canceled,2024-01-22,1,,2024-01-22
4628,3429,created,2024-09-26,,5,2024-10-05
4629,3429,canceled,2024-12-26,5,,2024-12-26
4630,3430,created,2024-01-05,,2,2024-01-05
4631,3431,upgraded,2024-05-05,2,4,2024-05-05
4632,3432,created,2024-09-15,,1,2024-09-15
4633,3432,canceled,2024-12-15,1,,2024-12-15
4634,3433,created,2024-10-03,,3,2024-10-03
4635,3434,created,2022-10-05,,3,2022-10-05
4636,3434,canceled,2022-12-05,3,,2022-12-05
4637,3435,created,2024-10-13,,1,2024-10-13
4638,3436,created,2024-01-14,,1,2024-01-22
4639,3436,canceled,2024-04-14,1,,2024-04-14
4640,3437,created,2024-02-21,,2,2024-02-21
4641,3438,created,2024-05-18,,1,2024-05-18
4642,3438,canceled,2024-11-18,1,,2024-11-18
4643,3439,created,2024-11-13,,2,2024-11-13
4644,3440,created,2022-03-25,,1,2022-03-25
4645,3440,canceled,2022-07-25,1,,2022-07-25
4646,3441,reactivated,2024-04-25,,1,2024-04-25
4647,3441,canceled,2024-07-25,1,,2024-07-25
4648,3442,created,2024-02-08,,2,2024-02-08
4649,3443,created,2024-06-12,,2,2024-06-12
4650,3444,created,2024-07-02,,4,2024-07-02
4651,3445,created,2024-06-25,,1,2024-06-25
4652,3446,created,2023-04-28,,2,2023-04-28
4653,3446,canceled,2024-08-28,2,,2024-08-28
4654,3447,created,2023-10-07,,1,2023-10-07
4655,3447,canceled,2023-11-07,1,,2023-11-07
4656,3448,created,2023-11-23,,5,2023-11-23
4657,3449,created,2024-09-14,,6,2024-09-14
4658,3450,created,2023-09-03,,7,2023-09-03
4659,3451,downgraded,2023-11-03,7,4,2023-11-03
4660,3452,downgraded,2024-03-03,4,3,2024-03-11
4661,3452,canceled,2024-12-03,3,,2024-12-03
4662,3453,created,2023-07-05,,2,2023-07-05
4663,3453,canceled,2023-08-05,2,,2023-08-05
4664,3454,reactivated,2024-04-05,,1,2024-04-05
4665,3455,created,2024-11-19,,1,2024-11-19
4666,3456,created,2022-02-16,,5,2022-02-16
4667,3457,upgraded,2023-03-16,5,6,2023-03-16
4668,3458,downgraded,2023-05-16,6,4,2023-05-16
4669,3459,upgraded,2023-09-16,4,7,2023-09-16
4670,3459,canceled,2023-11-16,7,,2023-11-16
4671,3460,created,2024-12-10,,1,2024-12-10
4672,3461,created,2024-06-21,,1,2024-06-21
4673,3462,upgraded,2024-08-21,1,2,2024-08-21
4674,3463,created,2024-09-29,,1,2024-09-29
4675,3464,created,2023-09-06,,1,2023-09-06
4676,3464,canceled,2024-07-06,1,,2024-07-06
4677,3465,created,2022-03-29,,1,2022-03-29
4678,3465,canceled,2022-05-29,1,,2022-05-29
4679,3466,created,2024-07-19,,1,2024-07-19
4680,3466,canceled,2024-08-19,1,,2024-08-19
4681,3467,created,2024-09-06,,2,2024-09-06
4682,3468,created,2024-07-31,,1,2024-07-31
4683,3469,created,2023-04-08,,4,2023-04-08
4684,3469,canceled,2023-05-08,4,,2023-05-08
4685,3470,created,2024-07-20,,2,2024-07-20
4686,3471,created,2024-08-11,,2,2024-08-11
4687,3472,created,2024-05-02,,4,2024-05-02
4688,3473,created,2024-08-04,,4,2024-08-04
4689,3474,created,2024-09-11,,2,2024-09-11
4690,3474,canceled,2024-10-11,2,,2024-10-11
4691,3475,created,2024-04-03,,1,2024-04-03
4692,3476,upgraded,2024-07-03,1,2,2024-07-03
4693,3477,downgraded,2024-10-03,2,1,2024-10-03
4694,3478,created,2023-01-07,,2,2023-01-07
4695,3478,canceled,2024-10-07,2,,2024-10-07
4696,3479,created,2024-02-09,,4,2024-02-09
4697,3479,canceled,2024-04-09,4,,2024-04-09
4698,3480,created,2022-12-26,,1,2022-12-26
4699,3480,canceled,2023-03-26,1,,2023-03-26
4700,3481,reactivated,2023-05-26,,1,2023-05-26
4701,3482,upgraded,2024-06-26,1,2,2024-06-26
4702,3483,upgraded,2024-10-26,2,4,2024-10-26
4703,3484,created,2023-12-10,,6,2023-12-10
4704,3485,created,2023-12-13,,7,2023-12-13
4705,3486,created,2022-10-12,,1,2022-10-12
4706,3486,canceled,2022-11-12,1,,2022-11-12
4707,3487,created,2023-11-14,,1,2023-11-14
4708,3487,canceled,2024-01-14,1,,2024-01-14
4709,3488,created,2023-03-25,,1,2023-03-25
4710,3488,canceled,2023-05-25,1,,2023-05-25
4711,3489,created,2024-09-19,,1,2024-09-19
4712,3489,canceled,2024-10-19,1,,2024-10-19
4713,3490,created,2024-11-22,,3,2024-11-22
4714,3491,created,2022-11-23,,6,2022-11-23
4715,3492,upgraded,2023-02-23,6,8,2023-02-23
4716,3493,created,2024-11-05,,1,2024-11-05
4717,3494,created,2024-03-17,,2,2024-03-17
4718,3495,created,2023-10-25,,4,2023-10-25
4719,3496,upgraded,2024-09-25,4,6,2024-09-25
4720,3497,created,2022-12-12,,1,2022-12-12
4721,3498,upgraded,2023-05-12,1,2,2023-05-12
4722,3498,canceled,2023-07-12,2,,2023-07-12
4723,3499,created,2024-02-23,,6,2024-02-23
4724,3500,upgraded,2024-08-23,6,8,2024-08-23
4725,3501,created,2024-08-20,,1,2024-08-20
4726,3502,upgraded,2024-09-20,1,2,2024-09-20
4727,3503,created,2024-06-16,,1,2024-06-16
4728,3504,created,2022-09-10,,2,2022-09-10
4729,3504,canceled,2022-12-10,2,,2022-12-10
4730,3505,created,2022-11-03,,6,2022-11-03
4731,3505,canceled,2023-10-03,6,,2023-10-03
4732,3506,created,2023-12-10,,4,2023-12-10
4733,3507,upgraded,2024-12-10,4,7,2024-12-10
4734,3508,created,2023-10-03,,4,2023-10-03
4735,3508,canceled,2024-01-03,4,,2024-01-03
4736,3509,created,2023-08-16,,1,2023-08-16
4737,3509,canceled,2023-10-16,1,,2023-10-16
4738,3510,created,2023-09-30,,5,2023-09-30
4739,3511,created,2024-09-02,,4,2024-09-02
4740,3512,created,2024-11-20,,3,2024-11-20
4741,3513,created,2023-12-28,,2,2023-12-28
4742,3514,downgraded,2024-09-28,2,1,2024-09-28
4743,3515,upgraded,2024-11-28,1,2,2024-11-28
4744,3516,created,2024-10-14,,1,2024-10-14
4745,3517,created,2023-10-22,,3,2023-10-22
4746,3518,upgraded,2023-12-22,3,4,2023-12-22
4747,3519,downgraded,2024-03-22,4,2,2024-03-22
4748,3520,upgraded,2024-12-22,2,5,2024-12-22
4749,3521,created,2024-02-26,,2,2024-03-06
4750,3522,created,2023-08-28,,1,2023-08-28
4751,3522,canceled,2024-05-28,1,,2024-05-28
4752,3523,created,2024-05-28,,5,2024-05-28
4753,3523,canceled,2024-11-28,5,,2024-11-28
4754,3524,created,2024-12-03,,1,2024-12-03
4755,3525,created,2024-04-27,,2,2024-04-27
4756,3526,created,2023-11-30,,2,2023-11-30
4757,3526,canceled,2024-01-30,2,,2024-01-30
4758,3527,created,2024-05-13,,1,2024-05-13
4759,3527,canceled,2024-06-13,1,,2024-06-13
4760,3528,created,2023-03-16,,1,2023-03-16
4761,3529,upgraded,2024-01-16,1,2,2024-01-16
4762,3529,canceled,2024-03-16,2,,2024-03-16
4763,3530,created,2024-10-15,,2,2024-10-15
4764,3531,created,2024-02-21,,5,2024-02-21
4765,3532,created,2024-01-25,,6,2024-01-25
4766,3533,downgraded,2024-10-25,6,4,2024-10-25
4767,3534,created,2024-04-14,,4,2024-04-14
4768,3535,upgraded,2024-12-14,4,6,2024-12-14
4769,3536,created,2024-05-01,,2,2024-05-01
4770,3537,downgraded,2024-07-01,2,1,2024-07-01
4771,3537,canceled,2024-11-01,1,,2024-11-01
4772,3538,created,2022-11-21,,1,2022-11-21
4773,3538,canceled,2023-05-21,1,,2023-05-21
4774,3539,reactivated,2024-01-21,,2,2024-01-21
4775,3540,upgraded,2024-02-21,2,4,2024-02-21
4776,3541,downgraded,2024-11-21,4,2,2024-11-21
4777,3542,created,2024-06-03,,6,2024-06-03
4778,3543,created,2023-08-17,,1,2023-08-17
4779,3543,canceled,2023-10-17,1,,2023-10-17
4780,3544,created,2024-06-02,,5,2024-06-02
4781,3545,created,2024-09-25,,1,2024-09-25
4782,3546,created,2024-09-16,,2,2024-09-16
4783,3547,created,2024-03-23,,3,2024-03-23
4784,3548,created,2024-03-27,,2,2024-03-27
4785,3549,created,2023-04-03,,5,2023-04-03
4786,3549,canceled,2023-09-03,5,,2023-09-03
4787,3550,created,2024-08-22,,2,2024-08-22
4788,3550,canceled,2024-10-22,2,,2024-10-22
4789,3551,created,2023-09-24,,4,2023-09-24
4790,3551,canceled,2024-10-24,4,,2024-10-24
4791,3552,created,2024-02-05,,6,2024-02-05
4792,3553,created,2023-09-22,,1,2023-09-22
4793,3553,canceled,2024-07-22,1,,2024-07-22
4794,3554,created,2023-04-15,,4,2023-04-15
4795,3555,created,2024-05-21,,6,2024-05-21
4796,3556,created,2022-09-07,,6,2022-09-07
4797,3557,created,2024-07-13,,2,2024-07-13
4798,3558,upgraded,2024-10-13,2,5,2024-10-13
4799,3559,created,2023-10-22,,3,2023-10-22
4800,3559,canceled,2024-07-22,3,,2024-07-22
4801,3560,created,2022-01-01,,2,2022-01-01
4802,3560,canceled,2023-04-01,2,,2023-04-01
4803,3561,reactivated,2024-11-01,,7,2024-11-01
4804,3562,created,2024-02-04,,4,2024-02-04
4805,3562,canceled,2024-06-04,4,,2024-06-04
4806,3563,created,2022-08-14,,2,2022-08-14
4807,3564,downgraded,2024-01-14,2,1,2024-01-14
4808,3564,canceled,2024-08-14,1,,2024-08-14
4809,3565,created,2023-09-25,,1,2023-09-25
4810,3565,canceled,2023-12-25,1,,2023-12-25
4811,3566,reactivated,2024-12-25,,1,2024-12-25
4812,3567,created,2024-06-12,,4,2024-06-12
4813,3568,upgraded,2024-09-12,4,6,2024-09-12
4814,3569,created,2022-10-13,,1,2022-10-13
4815,3569,canceled,2023-12-13,1,,2023-12-13
4816,3570,created,2024-09-21,,1,2024-09-21
4817,3570,canceled,2024-11-21,1,,2024-11-21
4818,3571,created,2022-01-28,,1,2022-01-28
4819,3571,canceled,2022-06-28,1,,2022-06-28
4820,3572,created,2023-08-03,,1,2023-08-03
4821,3572,canceled,2023-11-03,1,,2023-11-03
4822,3573,reactivated,2024-11-03,,4,2024-11-03
4823,3574,created,2024-07-16,,1,2024-07-16
4824,3574,canceled,2024-08-16,1,,2024-08-16
4825,3575,created,2023-10-21,,2,2023-10-21
4826,3575,canceled,2023-12-21,2,,2023-12-21
4827,3576,created,2023-02-10,,2,2023-02-10
4828,3576,canceled,2023-04-10,2,,2023-04-10
4829,3577,created,2023-11-18,,5,2023-11-18
4830,3578,created,2023-09-04,,5,2023-09-04
4831,3578,canceled,2024-04-04,5,,2024-04-04
4832,3579,created,2024-09-30,,1,2024-09-30
4833,3580,created,2023-10-01,,1,2023-10-01
4834,3581,upgraded,2024-02-01,1,2,2024-02-01
4835,3581,canceled,2024-05-01,2,,2024-05-01
4836,3582,created,2024-08-09,,1,2024-08-09
4837,3582,canceled,2024-10-09,1,,2024-10-09
4838,3583,created,2024-10-26,,3,2024-10-26
4839,3584,upgraded,2024-12-26,3,5,2024-12-26
4840,3585,created,2024-01-30,,1,2024-01-30
4841,3585,canceled,2024-07-29,1,,2024-07-29
4842,3586,created,2024-10-12,,6,2024-10-12
4843,3587,created,2023-11-11,,6,2023-11-11
4844,3587,canceled,2024-10-11,6,,2024-10-11
4845,3588,created,2024-11-08,,4,2024-11-08
4846,3589,created,2023-01-13,,1,2023-01-13
4847,3589,canceled,2023-06-13,1,,2023-06-13
4848,3590,created,2024-06-05,,6,2024-06-05
4849,3591,upgraded,2024-07-05,6,8,2024-07-05
4850,3592,created,2024-02-13,,1,2024-02-13
4851,3593,upgraded,2024-09-13,1,2,2024-09-13
4852,3594,created,2023-12-04,,7,2023-12-04
4853,3595,created,2024-05-19,,2,2024-05-19
4854,3595,canceled,2024-12-19,2,,2024-12-19
4855,3596,created,2024-06-09,,1,2024-06-09
4856,3596,canceled,2024-12-09,1,,2024-12-09
4857,3597,created,2022-01-03,,1,2022-01-03
4858,3597,canceled,2022-07-03,1,,2022-07-03
4859,3598,created,2023-05-19,,1,2023-05-19
4860,3598,canceled,2023-06-19,1,,2023-06-29
4861,3599,created,2024-06-03,,1,2024-06-03
4862,3599,canceled,2024-08-03,1,,2024-08-03
4863,3600,created,2024-05-15,,1,2024-05-24
4864,3601,created,2024-11-21,,1,2024-11-21
4865,3602,created,2024-08-08,,2,2024-08-08
4866,3603,created,2024-11-09,,1,2024-11-09
4867,3604,created,2024-06-21,,2,2024-06-21
4868,3605,upgraded,2024-07-21,2,4,2024-07-21
4869,3606,created,2023-10-04,,1,2023-10-04
4870,3607,upgraded,2023-12-04,1,3,2023-12-04
4871,3607,canceled,2024-10-04,3,,2024-10-04
4872,3608,created,2023-02-10,,1,2023-02-10
4873,3608,canceled,2023-03-10,1,,2023-03-10
4874,3609,created,2024-08-28,,1,2024-08-28
4875,3609,canceled,2024-09-28,1,,2024-09-28
4876,3610,created,2024-05-16,,4,2024-05-16
4877,3611,created,2022-08-21,,4,2022-08-21
4878,3611,canceled,2023-11-21,4,,2023-11-21
4879,3612,created,2023-11-11,,2,2023-11-11
4880,3613,downgraded,2024-02-11,2,1,2024-02-11
4881,3613,canceled,2024-12-11,1,,2024-12-11
4882,3614,created,2024-11-10,,1,2024-11-10
4883,3614,canceled,2024-12-10,1,,2024-12-10
4884,3615,created,2024-02-20,,7,2024-02-20
4885,3616,created,2024-01-12,,2,2024-01-12
4886,3616,canceled,2024-05-12,2,,2024-05-12
4887,3617,created,2024-01-06,,8,2024-01-06
4888,3618,created,2023-07-20,,2,2023-07-20
4889,3619,upgraded,2024-03-20,2,4,2024-03-20
4890,3620,created,2023-11-05,,2,2023-11-05
4891,3621,downgraded,2024-02-05,2,1,2024-02-05
4892,3621,canceled,2024-03-05,1,,2024-03-05
4893,3622,created,2023-11-01,,2,2023-11-01
4894,3623,upgraded,2024-08-01,2,5,2024-08-01
4895,3624,created,2022-09-05,,7,2022-09-05
4896,3625,upgraded,2023-03-05,7,8,2023-03-05
4897,3626,downgraded,2023-06-05,8,6,2023-06-05
4898,3627,created,2024-08-12,,1,2024-08-12
4899,3627,canceled,2024-10-12,1,,2024-10-12
4900,3628,created,2024-01-26,,2,2024-01-26
4901,3629,upgraded,2024-11-26,2,4,2024-11-26
4902,3630,created,2024-09-07,,3,2024-09-07
4903,3631,created,2024-09-23,,3,2024-09-23
4904,3632,created,2023-07-25,,2,2023-07-25
4905,3633,upgraded,2024-11-25,2,5,2024-11-25
4906,3634,created,2024-05-24,,1,2024-05-24
4907,3634,canceled,2024-11-24,1,,2024-11-24
4908,3635,created,2024-02-24,,1,2024-02-24
4909,3636,upgraded,2024-07-24,1,2,2024-07-24
4910,3636,canceled,2024-10-24,2,,2024-10-24
4911,3637,created,2024-10-13,,4,2024-10-17
4912,3638,created,2023-07-21,,1,2023-07-21
4913,3638,canceled,2023-10-21,1,,2023-10-21
4914,3639,created,2024-06-17,,2,2024-06-17
4915,3640,created,2024-04-29,,1,2024-04-29
4916,3640,canceled,2024-10-29,1,,2024-10-29
4917,3641,created,2023-10-01,,5,2023-10-01
4918,3641,canceled,2024-03-01,5,,2024-03-01
4919,3642,created,2023-04-06,,6,2023-04-06
4920,3643,downgraded,2024-08-06,6,5,2024-08-06
4921,3644,created,2024-05-12,,3,2024-05-12
4922,3645,created,2024-07-23,,2,2024-07-23
4923,3646,upgraded,2024-12-23,2,5,2024-12-23
4924,3647,created,2023-10-26,,4,2023-10-26
4925,3647,canceled,2023-12-26,4,,2023-12-26
4926,3648,created,2024-05-10,,1,2024-05-10
4927,3648,canceled,2024-08-10,1,,2024-08-10
4928,3649,created,2023-12-09,,2,2023-12-09
4929,3650,created,2024-06-22,,2,2024-06-22
4930,3651,created,2023-07-25,,1,2023-07-25
4931,3652,upgraded,2024-04-25,1,2,2024-04-25
4932,3652,canceled,2024-05-25,2,,2024-05-25
4933,3653,created,2024-10-02,,4,2024-10-02
4934,3654,created,2023-09-14,,3,2023-09-14
4935,3655,upgraded,2024-11-14,3,5,2024-11-14
4936,3656,created,2023-11-19,,2,2023-11-19
4937,3656,canceled,2024-04-19,2,,2024-04-19
4938,3657,created,2022-10-21,,2,2022-10-21
4939,3657,canceled,2023-04-21,2,,2023-04-21
4940,3658,reactivated,2023-06-21,,3,2023-06-21
4941,3659,downgraded,2023-09-21,3,1,2023-09-21
4942,3660,upgraded,2024-10-21,1,2,2024-10-21
4943,3660,canceled,2024-11-21,2,,2024-11-21
4944,3661,created,2023-03-15,,7,2023-03-15
4945,3662,created,2024-02-29,,2,2024-02-29
4946,3662,canceled,2024-03-29,2,,2024-03-29
4947,3663,created,2023-09-01,,1,2023-09-01
4948,3664,created,2024-09-24,,1,2024-09-24
4949,3665,created,2022-03-03,,2,2022-03-03
4950,3666,upgraded,2022-08-03,2,4,2022-08-03
4951,3666,canceled,2023-09-03,4,,2023-09-03
4952,3667,reactivated,2023-10-03,,1,2023-10-03
4953,3667,canceled,2024-03-03,1,,2024-03-03
4954,3668,created,2023-11-13,,8,2023-11-13
4955,3669,created,2023-10-21,,6,2023-10-21
4956,3670,upgraded,2024-10-21,6,8,2024-10-21
4957,3671,created,2022-03-20,,1,2022-03-20
4958,3672,upgraded,2023-05-20,1,2,2023-05-20
4959,3672,canceled,2024-11-20,2,,2024-11-20
4960,3673,created,2023-03-05,,4,2023-03-05
4961,3674,upgraded,2023-08-05,4,6,2023-08-05
4962,3674,canceled,2024-01-05,6,,2024-01-05
4963,3675,reactivated,2024-10-05,,5,2024-10-05
4964,3676,created,2024-01-14,,1,2024-01-14
4965,3677,created,2024-02-26,,2,2024-02-26
4966,3678,created,2023-12-30,,4,2023-12-30
4967,3679,upgraded,2024-12-29,4,6,2024-12-29
4968,3680,created,2024-03-02,,3,2024-03-02
4969,3680,canceled,2024-05-02,3,,2024-05-02
4970,3681,created,2024-04-11,,1,2024-04-11
4971,3681,canceled,2024-05-11,1,,2024-05-11
4972,3682,created,2022-02-23,,2,2022-02-23
4973,3683,downgraded,2022-05-23,2,1,2022-05-23
4974,3684,upgraded,2022-09-23,1,2,2022-09-23
4975,3685,downgraded,2024-02-23,2,1,2024-02-23
4976,3685,canceled,2024-11-23,1,,2024-11-30
4977,3686,created,2024-01-05,,2,2024-01-05
4978,3687,upgraded,2024-10-05,2,4,2024-10-05
4979,3688,created,2024-11-28,,1,2024-11-28
4980,3689,created,2024-03-04,,1,2024-03-04
4981,3690,upgraded,2024-08-04,1,3,2024-08-04
4982,3690,canceled,2024-09-04,3,,2024-09-04
4983,3691,created,2024-06-16,,1,2024-06-16
4984,3692,created,2023-10-08,,3,2023-10-08
4985,3692,canceled,2024-07-08,3,,2024-07-15
4986,3693,created,2024-08-12,,1,2024-08-12
4987,3693,canceled,2024-10-12,1,,2024-10-12
4988,3694,created,2024-08-24,,1,2024-08-24
4989,3695,upgraded,2024-10-24,1,2,2024-10-24
4990,3696,created,2024-03-16,,5,2024-03-16
4991,3697,downgraded,2024-09-16,5,2,2024-09-16
4992,3698,created,2024-12-27,,1,2024-12-27
4993,3699,created,2023-03-27,,3,2023-03-27
4994,3700,upgraded,2023-09-27,3,5,2023-09-27
4995,3701,created,2022-03-25,,3,2022-03-25
4996,3701,canceled,2022-09-25,3,,2022-09-25
4997,3702,created,2024-08-28,,5,2024-08-28
4998,3703,created,2024-09-12,,2,2024-09-12
4999,3704,created,2023-03-07,,1,2023-03-07
5000,3704,canceled,2023-10-07,1,,2023-10-07
5001,3705,created,2023-09-06,,1,2023-09-06
5002,3705,canceled,2024-01-06,1,,2024-01-06
5003,18111,created,2022-03-04,,5,2022-03-04
5004,3706,canceled,2023-07-04,5,,2023-07-04
5005,3707,reactivated,2023-09-04,,2,2023-09-04
5006,3708,created,2023-09-08,,2,2023-09-08
5007,3708,canceled,2024-09-08,2,,2024-09-08
5008,3709,created,2024-08-16,,2,2024-08-16
5009,3710,created,2024-03-30,,2,2024-03-30
5010,3711,created,2023-11-13,,1,2023-11-13
5011,3711,canceled,2024-06-13,1,,2024-06-13
5012,3712,created,2023-11-09,,7,2023-11-15
5013,3713,upgraded,2024-04-09,7,8,2024-04-09
5014,3714,created,2022-01-30,,2,2022-01-30
5015,3715,upgraded,2022-05-28,2,4,2022-05-28
5016,3716,downgraded,2023-03-28,4,2,2023-03-28
5017,3717,upgraded,2023-08-28,2,4,2023-08-28
5018,3718,created,2023-10-20,,1,2023-10-20
5019,3718,canceled,2023-11-20,1,,2023-11-20
5020,3719,created,2024-05-04,,2,2024-05-04
5021,3720,created,2024-12-08,,2,2024-12-08
5022,3721,created,2024-09-08,,1,2024-09-08
5023,3722,created,2022-04-20,,2,2022-04-20
5024,3722,canceled,2022-07-20,2,,2022-07-20
5025,3723,reactivated,2023-12-20,,2,2023-12-20
5026,3724,created,2024-10-08,,3,2024-10-08
5027,3725,upgraded,2024-11-08,3,4,2024-11-08
5028,3726,created,2024-08-07,,1,2024-08-07
5029,3727,created,2024-08-23,,4,2024-08-23
5030,3728,created,2024-01-17,,3,2024-01-17
5031,3729,created,2023-12-28,,2,2023-12-28
5032,3730,upgraded,2024-04-28,2,4,2024-04-28
5033,3731,downgraded,2024-12-28,4,2,2024-12-28
5034,3732,created,2023-10-03,,1,2023-10-03
5035,3733,created,2022-10-31,,3,2022-10-31
5036,3733,canceled,2023-01-30,3,,2023-01-30
5037,3734,created,2023-08-06,,1,2023-08-06
5038,3735,upgraded,2023-09-06,1,2,2023-09-06
5039,3736,upgraded,2024-11-06,2,4,2024-11-06
5040,3737,created,2023-08-25,,2,2023-08-25
5041,3737,canceled,2023-11-25,2,,2023-11-25
5042,3738,reactivated,2024-09-25,,3,2024-09-28
5043,3739,created,2024-02-19,,5,2024-02-19
5044,3740,upgraded,2024-07-19,5,6,2024-07-19
5045,3741,upgraded,2024-10-19,6,8,2024-10-25
5046,3742,created,2024-07-02,,4,2024-07-02
5047,3743,created,2024-02-27,,1,2024-02-27
5048,3743,canceled,2024-05-27,1,,2024-05-27
5049,3744,created,2022-09-25,,1,2022-09-25
5050,3745,upgraded,2023-03-25,1,2,2023-03-25
5051,3746,downgraded,2023-10-25,2,1,2023-10-25
5052,3746,canceled,2024-01-25,1,,2024-01-25
5053,3747,reactivated,2024-09-25,,2,2024-09-25
5054,3748,created,2024-11-15,,1,2024-11-15
5055,3749,created,2024-11-22,,1,2024-11-22
5056,3749,canceled,2024-12-22,1,,2024-12-22
5057,3750,created,2024-08-12,,2,2024-08-12
5058,3751,upgraded,2024-11-12,2,4,2024-11-12
5059,3752,created,2024-12-22,,1,2024-12-22
5060,3753,created,2024-03-04,,4,2024-03-04
5061,3754,created,2024-11-05,,1,2024-11-05
5062,3755,created,2022-12-05,,1,2022-12-05
5063,3755,canceled,2023-05-05,1,,2023-05-05
5064,3756,created,2023-11-23,,8,2023-11-23
5065,3757,created,2023-08-07,,3,2023-08-17
5066,3757,canceled,2024-02-07,3,,2024-02-07
5067,3758,reactivated,2024-09-07,,1,2024-09-07
5068,3758,canceled,2024-11-07,1,,2024-11-07
5069,3759,created,2023-07-09,,2,2023-07-09
5070,3759,canceled,2023-08-09,2,,2023-08-09
5071,3760,created,2023-04-15,,1,2023-04-15
5072,3760,canceled,2023-05-15,1,,2023-05-15
5073,3761,created,2024-05-30,,6,2024-05-30
5074,3762,downgraded,2024-10-30,6,4,2024-10-30
5075,3763,created,2024-08-14,,6,2024-08-14
5076,3763,canceled,2024-09-14,6,,2024-09-14
5077,3764,created,2024-04-19,,1,2024-04-19
5078,3764,canceled,2024-06-19,1,,2024-06-29
5079,3765,reactivated,2024-07-19,,1,2024-07-19
5080,3766,created,2023-05-14,,3,2023-05-14
5081,3767,downgraded,2023-07-14,3,1,2023-07-14
5082,3767,canceled,2023-10-14,1,,2023-10-14
5083,3768,created,2024-09-12,,1,2024-09-12
5084,3769,created,2024-05-22,,3,2024-05-22
5085,3770,downgraded,2024-06-22,3,1,2024-06-22
5086,3770,canceled,2024-08-22,1,,2024-08-22
5087,3771,created,2023-12-10,,1,2023-12-10
5088,3772,upgraded,2024-08-10,1,2,2024-08-10
5089,3772,canceled,2024-12-10,2,,2024-12-10
5090,3773,created,2024-06-10,,1,2024-06-10
5091,3773,canceled,2024-07-10,1,,2024-07-10
5092,3774,created,2023-09-07,,1,2023-09-07
5093,3774,canceled,2024-01-07,1,,2024-01-07
5094,3775,reactivated,2024-03-07,,4,2024-03-07
5095,3776,upgraded,2024-08-07,4,6,2024-08-07
5096,3776,canceled,2024-12-07,6,,2024-12-07
5097,3777,created,2023-11-10,,1,2023-11-10
5098,3777,canceled,2024-05-10,1,,2024-05-10
5099,3778,created,2024-10-02,,4,2024-10-02
5100,3779,created,2023-09-28,,7,2023-09-28
5101,3780,upgraded,2024-07-28,7,8,2024-07-28
5102,3781,downgraded,2024-08-28,8,6,2024-08-28
5103,3782,downgraded,2024-12-28,6,5,2024-12-28
5104,3783,created,2024-02-03,,1,2024-02-03
5105,3784,upgraded,2024-05-03,1,2,2024-05-03
5106,3784,canceled,2024-11-03,2,,2024-11-03
5107,3785,created,2024-10-14,,2,2024-10-14
5108,3785,canceled,2024-12-14,2,,2024-12-14
5109,3786,created,2024-06-16,,1,2024-06-16
5110,3786,canceled,2024-08-16,1,,2024-08-16
5111,3787,created,2022-10-13,,3,2022-10-13
5112,3787,canceled,2023-03-13,3,,2023-03-13
5113,3788,created,2023-05-09,,6,2023-05-09
5114,3789,created,2022-02-14,,2,2022-02-14
5115,3789,canceled,2022-12-14,2,,2022-12-14
5116,3790,created,2024-05-22,,4,2024-05-22
5117,3791,created,2024-01-07,,1,2024-01-09
5118,3791,canceled,2024-06-07,1,,2024-06-07
5119,3792,created,2023-04-21,,1,2023-04-21
5120,3792,canceled,2023-08-21,1,,2023-08-21
5121,3793,created,2024-11-27,,3,2024-11-27
5122,13532,canceled,2024-12-27,3,,2024-12-27
5123,3794,created,2024-03-11,,1,2024-03-11
5124,3794,canceled,2024-09-11,1,,2024-09-11
5125,3795,created,2023-08-12,,5,2023-08-12
5126,3795,canceled,2024-05-12,5,,2024-05-12
5127,3796,reactivated,2024-10-12,,1,2024-10-12
5128,3797,created,2024-02-01,,2,2024-02-07
5129,3797,canceled,2024-03-01,2,,2024-03-07
5130,3798,created,2024-06-03,,6,2024-06-03
5131,3799,created,2022-12-08,,6,2022-12-08
5132,3800,upgraded,2023-10-08,6,8,2023-10-08
5133,3801,downgraded,2024-04-08,8,6,2024-04-08
5134,3802,created,2023-09-29,,6,2023-09-29
5135,3803,upgraded,2023-11-29,6,8,2023-11-29
5136,3804,created,2024-09-13,,1,2024-09-13
5137,3805,created,2024-01-25,,4,2024-02-01
5138,3806,upgraded,2024-03-25,4,6,2024-03-25
5139,3807,upgraded,2024-06-25,6,8,2024-06-25
5140,3808,created,2024-03-02,,3,2024-03-02
5141,3809,created,2024-01-20,,1,2024-01-20
5142,3809,canceled,2024-09-20,1,,2024-09-20
5143,3810,created,2022-08-11,,3,2022-08-11
5144,3810,canceled,2023-01-11,3,,2023-01-11
5145,3811,reactivated,2023-11-11,,3,2023-11-11
5146,3812,upgraded,2024-09-11,3,4,2024-09-11
5147,3813,created,2023-05-17,,3,2023-05-17
5148,3813,canceled,2024-04-17,3,,2024-04-17
5149,3814,reactivated,2024-06-17,,1,2024-06-17
5150,3815,created,2024-01-05,,2,2024-01-05
5151,3815,canceled,2024-05-05,2,,2024-05-05
5152,3816,created,2023-07-29,,1,2023-07-29
5153,3816,canceled,2023-08-29,1,,2023-08-29
5154,3817,created,2022-09-10,,1,2022-09-10
5155,3817,canceled,2022-11-10,1,,2022-11-10
5156,3818,created,2024-09-20,,2,2024-09-20
5157,3819,upgraded,2024-11-20,2,4,2024-11-20
5158,15629,created,2024-12-20,,4,2024-12-20
5159,3821,created,2024-08-04,,2,2024-08-04
5160,3821,canceled,2024-12-04,2,,2024-12-04
5161,3822,created,2024-09-02,,8,2024-09-02
5162,3823,created,2023-08-06,,1,2023-08-06
5163,3823,canceled,2023-10-06,1,,2023-10-06
5164,3824,reactivated,2024-04-06,,3,2024-04-06
5165,3824,canceled,2024-10-06,3,,2024-10-11
5166,3825,created,2024-11-27,,1,2024-11-27
5167,3825,canceled,2024-12-27,1,,2024-12-27
5168,3826,created,2023-07-04,,1,2023-07-04
5169,3826,canceled,2023-10-04,1,,2023-10-04
5170,3827,created,2024-11-27,,5,2024-11-27
5171,3828,created,2024-12-23,,1,2024-12-23
5172,3829,created,2024-06-22,,3,2024-06-22
5173,3830,created,2024-12-09,,1,2024-12-09
5174,3831,created,2024-04-14,,1,2024-04-14
5175,3832,created,2023-09-04,,4,2023-09-04
5176,3833,downgraded,2023-10-04,4,2,2023-10-04
5177,3834,upgraded,2024-07-04,2,4,2024-07-04
5178,3834,canceled,2024-12-04,4,,2024-12-10
5179,3835,created,2024-01-21,,4,2024-01-21
5180,3835,canceled,2024-05-21,4,,2024-05-21
5181,3836,created,2024-04-30,,1,2024-04-30
5182,3837,created,2022-11-24,,1,2022-11-24
5183,3837,canceled,2023-09-24,1,,2023-09-24
5184,3838,created,2024-05-17,,1,2024-05-17
5185,3839,created,2024-12-23,,4,2024-12-23
5186,3840,created,2023-06-05,,2,2023-06-05
5187,3841,upgraded,2024-02-05,2,5,2024-02-05
5188,3842,downgraded,2024-08-05,5,3,2024-08-05
5189,3843,created,2024-08-23,,1,2024-08-23
5190,3844,created,2024-10-22,,6,2024-10-22
5191,3845,created,2024-11-21,,3,2024-11-21
5192,3846,created,2024-11-06,,1,2024-11-06
5193,3847,created,2024-03-17,,3,2024-03-17
5194,3847,canceled,2024-12-17,3,,2024-12-17
5195,3848,created,2024-12-19,,1,2024-12-19
5196,3849,created,2024-08-02,,2,2024-08-02
5197,3850,created,2023-05-22,,3,2023-05-22
5198,3850,canceled,2024-02-22,3,,2024-02-22
5199,14910,created,2024-02-25,,6,2024-02-25
5200,3852,upgraded,2024-03-25,6,8,2024-03-25
5201,3853,downgraded,2024-09-25,8,6,2024-09-25
5202,3854,created,2024-07-26,,4,2024-07-26
5203,3855,created,2023-08-29,,2,2023-08-29
5204,3856,downgraded,2023-09-29,2,1,2023-09-29
5205,3856,canceled,2024-11-29,1,,2024-11-29
5206,3857,created,2024-05-02,,2,2024-05-02
5207,3858,upgraded,2024-12-02,2,5,2024-12-02
5208,3859,created,2024-05-03,,1,2024-05-03
5209,3860,created,2023-05-01,,1,2023-05-01
5210,3860,canceled,2023-07-01,1,,2023-07-01
5211,3861,created,2024-03-13,,1,2024-03-13
5212,3861,canceled,2024-04-13,1,,2024-04-13
5213,3862,created,2024-08-07,,1,2024-08-07
5214,3863,created,2024-02-07,,4,2024-02-12
5215,3863,canceled,2024-11-07,4,,2024-11-07
5216,3864,created,2022-02-26,,1,2022-02-26
5217,3864,canceled,2023-05-26,1,,2023-05-26
5218,3865,created,2022-02-22,,4,2022-02-22
5219,3866,downgraded,2023-07-22,4,2,2023-07-22
5220,3867,upgraded,2024-03-22,2,4,2024-03-22
5221,3868,upgraded,2024-10-22,4,6,2024-10-22
5222,3869,created,2023-11-01,,1,2023-11-01
5223,3869,canceled,2023-12-01,1,,2023-12-01
5224,3870,reactivated,2024-12-01,,2,2024-12-01
5225,3871,created,2024-11-03,,2,2024-11-03
5226,3872,created,2023-08-24,,2,2023-08-24
5227,3872,canceled,2024-02-24,2,,2024-02-24
5228,3873,created,2024-05-19,,4,2024-05-19
5229,3874,created,2023-08-29,,1,2023-08-29
5230,3874,canceled,2023-11-29,1,,2023-11-29
5231,3875,created,2023-10-14,,4,2023-10-14
5232,3876,upgraded,2023-11-14,4,6,2023-11-14
5233,3877,upgraded,2024-05-14,6,8,2024-05-14
5234,3878,created,2024-09-05,,3,2024-09-05
5235,3879,created,2024-07-08,,3,2024-07-08
5236,3880,created,2023-01-27,,6,2023-01-27
5237,3880,canceled,2024-02-27,6,,2024-02-27
5238,3881,created,2024-01-23,,1,2024-01-23
5239,3881,canceled,2024-04-23,1,,2024-04-23
5240,3882,reactivated,2024-06-23,,6,2024-06-23
5241,3883,created,2022-05-10,,2,2022-05-10
5242,3883,canceled,2022-07-10,2,,2022-07-10
5243,3884,reactivated,2023-11-10,,1,2023-11-10
5244,3884,canceled,2024-12-10,1,,2024-12-10
5245,3885,created,2024-02-20,,4,2024-02-20
5246,3886,created,2024-05-23,,4,2024-05-23
5247,3887,downgraded,2024-07-23,4,2,2024-07-23
5248,3888,upgraded,2024-08-23,2,4,2024-08-23
5249,3889,created,2023-03-09,,4,2023-03-09
5250,3889,canceled,2023-10-09,4,,2023-10-09
5251,3890,reactivated,2024-08-09,,2,2024-08-09
5252,3891,created,2023-09-07,,1,2023-09-07
5253,3891,canceled,2024-03-07,1,,2024-03-07
5254,3892,created,2023-12-18,,1,2023-12-18
5255,3892,canceled,2024-06-18,1,,2024-06-18
5256,3893,created,2024-11-30,,1,2024-11-30
5257,3894,created,2024-12-31,,1,2024-12-31
5258,3895,created,2022-08-26,,7,2022-08-26
5259,3896,upgraded,2023-05-26,7,8,2023-05-26
5260,3897,created,2024-08-20,,2,2024-08-20
5261,3897,canceled,2024-09-20,2,,2024-09-20
5262,3898,created,2023-11-16,,1,2023-11-16
5263,3898,canceled,2024-03-16,1,,2024-03-16
5264,3899,reactivated,2024-10-16,,4,2024-10-16
5265,3900,created,2023-12-02,,1,2023-12-02
5266,3900,canceled,2024-03-02,1,,2024-03-02
5267,3901,created,2024-07-16,,6,2024-07-16
5268,3902,upgraded,2024-09-16,6,8,2024-09-16
5269,3903,created,2024-10-01,,4,2024-10-01
5270,3904,created,2024-11-07,,5,2024-11-07
5271,3905,created,2024-04-24,,2,2024-04-24
5272,3906,downgraded,2024-09-24,2,1,2024-09-24
5273,3907,created,2023-11-13,,1,2023-11-13
5274,3908,upgraded,2024-02-13,1,2,2024-02-13
5275,3909,upgraded,2024-08-13,2,4,2024-08-13
5276,3910,created,2024-08-05,,7,2024-08-05
5277,3911,upgraded,2024-10-05,7,8,2024-10-05
5278,3912,downgraded,2024-11-05,8,6,2024-11-05
5279,3913,created,2023-09-29,,2,2023-09-29
5280,3914,upgraded,2024-04-29,2,4,2024-04-29
5281,3915,created,2024-03-02,,2,2024-03-02
5282,3916,created,2023-11-14,,2,2023-11-14
5283,3916,canceled,2024-06-14,2,,2024-06-14
5284,3917,created,2024-05-19,,7,2024-05-19
5285,3918,created,2023-08-08,,2,2023-08-08
5286,3918,canceled,2023-11-08,2,,2023-11-08
5287,3919,reactivated,2024-07-08,,1,2024-07-17
5288,3919,canceled,2024-11-08,1,,2024-11-08
5289,3920,created,2023-06-06,,1,2023-06-06
5290,3920,canceled,2024-03-06,1,,2024-03-06
5291,3921,created,2024-10-29,,1,2024-10-29
5292,3921,canceled,2024-12-29,1,,2024-12-29
5293,3922,created,2023-02-16,,3,2023-02-16
5294,3923,upgraded,2024-09-16,3,5,2024-09-16
5295,3924,created,2024-02-18,,1,2024-02-18
5296,3924,canceled,2024-05-18,1,,2024-05-18
5297,3925,created,2023-08-29,,2,2023-09-03
5298,3926,created,2022-07-31,,1,2022-07-31
5299,3926,canceled,2024-05-28,1,,2024-05-28
5300,3927,created,2022-06-08,,1,2022-06-08
5301,3927,canceled,2022-09-08,1,,2022-09-08
5302,3928,created,2023-06-17,,7,2023-06-17
5303,3929,upgraded,2024-05-17,7,8,2024-05-17
5304,3930,created,2024-10-31,,2,2024-10-31
5305,3931,created,2023-09-05,,4,2023-09-05
5306,3932,created,2024-11-18,,1,2024-11-18
5307,3933,created,2024-04-05,,4,2024-04-05
5308,3934,upgraded,2024-06-05,4,6,2024-06-05
5309,3935,upgraded,2024-11-05,6,8,2024-11-07
5310,3936,created,2024-01-25,,3,2024-01-25
5311,3937,upgraded,2024-07-25,3,5,2024-07-25
5312,3938,created,2024-04-02,,2,2024-04-02
5313,3938,canceled,2024-05-02,2,,2024-05-02
5314,3939,created,2024-02-03,,1,2024-02-03
5315,3940,upgraded,2024-06-03,1,3,2024-06-03
5316,3941,created,2024-08-01,,1,2024-08-01
5317,3942,created,2023-09-07,,1,2023-09-12
5318,3942,canceled,2024-01-07,1,,2024-01-07
5319,3943,reactivated,2024-05-07,,1,2024-05-07
5320,3943,canceled,2024-07-07,1,,2024-07-07
5321,3944,reactivated,2024-09-07,,1,2024-09-07
5322,3945,created,2023-11-22,,2,2023-11-22
5323,3946,downgraded,2024-04-22,2,1,2024-04-22
5324,3946,canceled,2024-10-22,1,,2024-10-22
5325,3947,created,2024-10-01,,1,2024-10-01
5326,3948,created,2024-11-27,,3,2024-11-27
5327,3949,created,2024-10-25,,5,2024-10-25
5328,3950,created,2024-01-28,,5,2024-01-28
5329,3950,canceled,2024-11-28,5,,2024-11-28
5330,20727,created,2024-08-02,,4,2024-08-02
5331,3952,created,2024-02-22,,4,2024-02-22
5332,3953,downgraded,2024-12-22,4,3,2024-12-22
5333,3954,created,2024-02-14,,1,2024-02-14
5334,3955,created,2023-07-06,,2,2023-07-06
5335,3955,canceled,2023-10-06,2,,2023-10-06
5336,17583,created,2024-04-08,,8,2024-04-14
5337,3957,downgraded,2024-05-08,8,6,2024-05-08
5338,3958,downgraded,2024-08-08,6,4,2024-08-08
5339,3959,created,2023-06-09,,2,2023-06-09
5340,3959,canceled,2023-07-09,2,,2023-07-09
5341,3960,created,2023-10-11,,5,2023-10-11
5342,3961,created,2024-09-09,,2,2024-09-09
5343,3962,created,2023-07-20,,2,2023-07-20
5344,3963,downgraded,2024-01-20,2,1,2024-01-20
5345,3964,created,2022-11-27,,2,2022-11-27
5346,3965,downgraded,2023-06-27,2,1,2023-06-27
5347,3965,canceled,2024-10-27,1,,2024-10-27
5348,3966,created,2022-11-15,,2,2022-11-15
5349,3966,canceled,2023-11-15,2,,2023-11-15
5350,3967,created,2024-11-21,,1,2024-11-21
5351,3967,canceled,2024-12-21,1,,2024-12-21
5352,3968,created,2024-02-03,,1,2024-02-03
5353,3969,created,2024-01-03,,7,2024-01-03
5354,3970,created,2024-09-09,,1,2024-09-09
5355,3970,canceled,2024-10-09,1,,2024-10-09
5356,3971,reactivated,2024-12-09,,1,2024-12-09
5357,3972,created,2024-09-05,,5,2024-09-05
5358,3973,created,2023-10-21,,3,2023-10-21
5359,3973,canceled,2024-06-21,3,,2024-06-21
5360,3974,created,2024-06-19,,1,2024-06-19
5361,3974,canceled,2024-08-19,1,,2024-08-19
5362,3975,created,2024-08-31,,2,2024-08-31
5363,3976,created,2024-05-22,,2,2024-05-22
5364,3977,created,2023-05-02,,8,2023-05-02
5365,3978,created,2024-10-15,,1,2024-10-15
5366,3978,canceled,2024-12-15,1,,2024-12-15
5367,3979,created,2024-03-19,,8,2024-03-23
5368,3980,downgraded,2024-04-19,8,6,2024-04-19
5369,3981,created,2023-09-21,,1,2023-09-21
5370,3982,upgraded,2024-12-21,1,2,2024-12-21
5371,3983,created,2024-01-20,,2,2024-01-20
5372,3984,created,2022-07-21,,1,2022-07-21
5373,18700,canceled,2022-12-21,1,,2022-12-21
5374,3985,reactivated,2024-03-21,,4,2024-03-21
5375,3986,upgraded,2024-06-21,4,6,2024-06-21
5376,3987,created,2023-04-01,,1,2023-04-01
5377,3988,created,2024-08-30,,1,2024-08-30
5378,3989,created,2022-01-11,,7,2022-01-11
5379,3990,upgraded,2024-05-11,7,8,2024-05-11
5380,3991,created,2024-01-19,,2,2024-01-19
5381,3992,created,2024-03-19,,1,2024-03-25
5382,3993,created,2022-09-21,,2,2022-09-21
5383,3994,upgraded,2023-08-21,2,4,2023-08-21
5384,3995,downgraded,2023-12-21,4,2,2023-12-21
5385,3995,canceled,2024-03-21,2,,2024-03-21
5386,3996,created,2024-12-08,,3,2024-12-08
5387,3997,created,2023-08-24,,1,2023-08-24
5388,3997,canceled,2023-09-24,1,,2023-09-24
5389,3998,created,2023-10-17,,3,2023-10-17
5390,3999,created,2023-10-17,,1,2023-10-17
5391,3999,canceled,2024-03-17,1,,2024-03-17
5392,4000,reactivated,2024-12-17,,2,2024-12-17
5393,4001,created,2023-08-10,,2,2023-08-16
5394,4002,upgraded,2024-05-10,2,4,2024-05-10
5395,4003,created,2022-01-12,,2,2022-01-12
5396,4004,upgraded,2023-02-12,2,4,2023-02-12
5397,4005,downgraded,2024-07-12,4,2,2024-07-12
5398,4006,created,2024-07-23,,3,2024-07-23
5399,4007,created,2024-11-12,,3,2024-11-12
5400,4008,created,2023-08-12,,2,2023-08-12
5401,4008,canceled,2024-12-12,2,,2024-12-12
5402,4009,created,2024-05-14,,6,2024-05-14
5403,4010,created,2024-07-30,,1,2024-07-30
5404,4010,canceled,2024-08-30,1,,2024-08-30
5405,4011,created,2024-09-19,,3,2024-09-19
5406,4012,created,2024-01-11,,2,2024-01-11
5407,4013,upgraded,2024-04-11,2,4,2024-04-11
5408,4014,upgraded,2024-05-11,4,6,2024-05-11
5409,4015,created,2023-10-05,,5,2023-10-05
5410,4016,created,2023-10-29,,1,2023-10-29
5411,4017,upgraded,2024-06-29,1,2,2024-06-29
5412,4018,created,2024-06-14,,5,2024-06-14
5413,4019,created,2024-09-24,,6,2024-09-24
5414,4020,created,2023-06-01,,1,2023-06-01
5415,4020,canceled,2023-09-01,1,,2023-09-01
5416,4021,reactivated,2024-11-01,,6,2024-11-01
5417,4022,created,2023-11-28,,2,2023-11-28
5418,4023,created,2024-10-05,,2,2024-10-05
5419,4024,created,2024-09-04,,2,2024-09-04
5420,4025,created,2024-12-20,,1,2024-12-20
5421,4026,created,2024-07-24,,1,2024-07-24
5422,4027,created,2023-12-21,,1,2023-12-21
5423,4028,upgraded,2024-05-21,1,3,2024-05-21
5424,4028,canceled,2024-07-21,3,,2024-07-21
5425,4029,created,2024-04-16,,1,2024-04-16
5426,4029,canceled,2024-11-16,1,,2024-11-16
5427,4030,created,2024-05-19,,6,2024-05-19
5428,4031,created,2022-12-29,,4,2022-12-29
5429,4032,downgraded,2024-02-28,4,2,2024-02-28
5430,4033,created,2024-03-15,,3,2024-03-15
5431,4034,upgraded,2024-04-15,3,4,2024-04-15
5432,4034,canceled,2024-05-15,4,,2024-05-15
5433,4035,created,2024-06-19,,6,2024-06-19
5434,4036,created,2023-05-16,,1,2023-05-16
5435,4036,canceled,2024-08-16,1,,2024-08-16
5436,4037,created,2024-08-19,,2,2024-08-19
5437,4038,created,2024-04-13,,4,2024-04-13
5438,4038,canceled,2024-07-13,4,,2024-07-13
5439,4039,created,2024-11-27,,1,2024-11-27
5440,4040,created,2022-07-14,,1,2022-07-14
5441,4040,canceled,2022-09-14,1,,2022-09-14
5442,4041,reactivated,2023-06-14,,2,2023-06-14
5443,4042,upgraded,2023-12-14,2,4,2023-12-14
5444,4042,canceled,2024-11-14,4,,2024-11-14
5445,4043,created,2023-09-04,,1,2023-09-04
5446,4043,canceled,2024-01-04,1,,2024-01-04
5447,4044,created,2024-04-16,,2,2024-04-16
5448,4044,canceled,2024-05-16,2,,2024-05-16
5449,4045,created,2023-10-30,,3,2023-10-30
5450,4045,canceled,2024-06-29,3,,2024-06-29
5451,4046,created,2024-06-08,,5,2024-06-08
5452,4047,created,2024-08-27,,1,2024-08-27
5453,4048,created,2023-02-02,,2,2023-02-02
5454,4048,canceled,2024-07-02,2,,2024-07-02
5455,4049,created,2024-02-01,,8,2024-02-01
5456,4050,created,2024-02-10,,5,2024-02-10
5457,4051,upgraded,2024-06-10,5,6,2024-06-10
5458,4052,created,2023-11-17,,1,2023-11-17
5459,4052,canceled,2024-02-17,1,,2024-02-17
5460,4053,created,2024-11-23,,2,2024-11-23
5461,4054,created,2024-09-14,,1,2024-09-14
5462,4055,created,2024-06-09,,1,2024-06-09
5463,4056,created,2024-06-03,,1,2024-06-03
5464,4056,canceled,2024-07-03,1,,2024-07-03
5465,4057,reactivated,2024-11-03,,1,2024-11-03
5466,4058,created,2024-01-06,,2,2024-01-06
5467,4059,created,2024-11-17,,1,2024-11-25
5468,4060,created,2024-06-29,,2,2024-06-29
5469,4061,downgraded,2024-07-29,2,1,2024-07-29
5470,4061,canceled,2024-12-29,1,,2024-12-29
5471,20201,created,2024-07-26,,4,2024-07-26
5472,4062,canceled,2024-09-26,4,,2024-09-26
5473,4063,reactivated,2024-10-26,,1,2024-10-26
5474,4064,created,2024-09-27,,2,2024-09-27
5475,4065,created,2023-09-01,,1,2023-09-01
5476,4066,upgraded,2024-01-01,1,2,2024-01-01
5477,4067,created,2024-09-08,,4,2024-09-08
5478,4067,canceled,2024-12-08,4,,2024-12-12
5479,4068,created,2023-07-27,,2,2023-07-27
5480,4069,created,2023-11-21,,1,2023-11-21
5481,4069,canceled,2023-12-21,1,,2023-12-21
5482,4070,created,2023-10-24,,1,2023-10-24
5483,4070,canceled,2024-03-24,1,,2024-03-24
5484,4071,reactivated,2024-04-24,,2,2024-05-03
5485,4072,upgraded,2024-07-24,2,5,2024-07-24
5486,4072,canceled,2024-11-24,5,,2024-11-24
5487,4073,created,2024-12-20,,1,2024-12-20
5488,4074,created,2024-09-09,,1,2024-09-09
5489,4075,created,2024-06-12,,3,2024-06-12
5490,4076,upgraded,2024-08-12,3,4,2024-08-12
5491,4077,downgraded,2024-10-12,4,2,2024-10-12
5492,4078,created,2024-07-10,,4,2024-07-10
5493,4078,canceled,2024-11-10,4,,2024-11-10
5494,4079,created,2024-03-16,,4,2024-03-16
5495,4080,created,2024-11-16,,1,2024-11-16
5496,4080,canceled,2024-12-16,1,,2024-12-16
5497,4081,created,2024-02-29,,4,2024-02-29
5498,4081,canceled,2024-11-29,4,,2024-11-29
5499,4082,created,2023-11-11,,3,2023-11-11
5500,4083,created,2023-05-31,,1,2023-05-31
5501,4083,canceled,2024-01-30,1,,2024-01-30
5502,4084,created,2024-08-23,,2,2024-08-23
5503,4085,created,2024-07-28,,2,2024-07-28
5504,4086,created,2023-12-10,,8,2023-12-10
5505,4087,created,2022-04-14,,6,2022-04-20
5506,4088,created,2024-09-11,,1,2024-09-11
5507,4089,upgraded,2024-10-11,1,2,2024-10-11
5508,4090,created,2022-02-09,,3,2022-02-09
5509,4090,canceled,2023-11-09,3,,2023-11-09
5510,4091,created,2024-06-11,,1,2024-06-11
5511,4092,created,2024-12-08,,2,2024-12-08
5512,4093,created,2024-01-21,,1,2024-01-21
5513,4094,created,2023-08-05,,1,2023-08-05
5514,4095,upgraded,2024-08-05,1,2,2024-08-05
5515,4096,created,2024-06-26,,1,2024-06-26
5516,4096,canceled,2024-10-26,1,,2024-10-26
5517,4097,created,2024-09-12,,1,2024-09-12
5518,4097,canceled,2024-10-12,1,,2024-10-12
5519,4098,created,2024-03-17,,1,2024-03-17
5520,4099,created,2024-11-27,,5,2024-11-27
5521,4100,upgraded,2024-12-27,5,6,2024-12-27
5522,4101,created,2022-09-26,,1,2022-09-26
5523,4101,canceled,2023-01-26,1,,2023-01-26
5524,4102,created,2024-02-18,,4,2024-02-18
5525,4103,upgraded,2024-07-18,4,6,2024-07-18
5526,4104,created,2024-07-01,,3,2024-07-01
5527,4105,created,2024-09-26,,1,2024-09-26
5528,4106,upgraded,2024-11-26,1,3,2024-11-26
5529,4107,created,2023-06-08,,5,2023-06-08
5530,4108,downgraded,2023-09-08,5,2,2023-09-08
5531,4108,canceled,2023-10-08,2,,2023-10-15
5532,4109,reactivated,2024-01-08,,3,2024-01-08
5533,4110,upgraded,2024-08-08,3,4,2024-08-08
5534,4111,created,2024-08-24,,1,2024-08-24
5535,4111,canceled,2024-10-24,1,,2024-10-24
5536,4112,created,2024-03-05,,4,2024-03-05
5537,4113,downgraded,2024-08-05,4,2,2024-08-05
5538,4114,created,2023-12-03,,2,2023-12-03
5539,4115,created,2023-04-14,,3,2023-04-14
5540,4116,downgraded,2023-08-14,3,1,2023-08-14
5541,4117,created,2024-10-30,,5,2024-10-30
5542,4118,created,2023-05-07,,1,2023-05-07
5543,4119,upgraded,2024-07-07,1,2,2024-07-07
5544,4120,upgraded,2024-08-07,2,4,2024-08-07
5545,4121,created,2023-10-14,,1,2023-10-14
5546,4121,canceled,2024-01-14,1,,2024-01-14
5547,4122,created,2023-09-07,,4,2023-09-07
5548,4123,created,2024-10-13,,1,2024-10-13
5549,4124,created,2024-06-18,,3,2024-06-18
5550,4125,created,2024-08-17,,1,2024-08-17
5551,4126,created,2023-09-13,,1,2023-09-13
5552,4126,canceled,2023-10-13,1,,2023-10-13
5553,4127,created,2024-05-15,,4,2024-05-15
5554,4127,canceled,2024-08-15,4,,2024-08-15
5555,4128,reactivated,2024-11-15,,2,2024-11-15
5556,4129,created,2024-04-08,,6,2024-04-08
5557,4129,canceled,2024-12-08,6,,2024-12-08
5558,4130,created,2024-09-10,,1,2024-09-10
5559,4131,created,2024-10-04,,1,2024-10-04
5560,4132,created,2022-02-19,,2,2022-02-19
5561,4132,canceled,2022-04-19,2,,2022-04-19
5562,4133,created,2024-06-16,,1,2024-06-16
5563,4134,upgraded,2024-09-16,1,3,2024-09-16
5564,4134,canceled,2024-12-16,3,,2024-12-16
5565,4135,created,2022-09-02,,2,2022-09-02
5566,4135,canceled,2024-12-02,2,,2024-12-02
5567,4136,created,2024-03-11,,3,2024-03-11
5568,4136,canceled,2024-11-11,3,,2024-11-11
5569,4137,created,2023-09-20,,2,2023-09-20
5570,4138,upgraded,2024-03-20,2,4,2024-03-20
5571,4138,canceled,2024-08-20,4,,2024-08-20
5572,4139,created,2023-10-25,,1,2023-10-25
5573,4139,canceled,2024-02-25,1,,2024-02-25
5574,4140,created,2023-11-21,,7,2023-11-21
5575,4141,downgraded,2024-04-21,7,5,2024-04-21
5576,4142,created,2024-05-18,,2,2024-05-18
5577,4143,downgraded,2024-09-18,2,1,2024-09-18
5578,4143,canceled,2024-11-18,1,,2024-11-18
5579,4144,created,2023-10-04,,5,2023-10-04
5580,4144,canceled,2024-06-04,5,,2024-06-04
5581,4145,reactivated,2024-11-04,,6,2024-11-04
5582,4146,created,2024-07-01,,1,2024-07-01
5583,4147,created,2023-12-15,,6,2023-12-15
5584,4148,upgraded,2024-07-15,6,8,2024-07-15
5585,4149,created,2022-11-16,,1,2022-11-16
5586,4149,canceled,2022-12-16,1,,2022-12-16
5587,4150,created,2024-08-24,,1,2024-08-24
5588,4151,created,2023-09-04,,1,2023-09-12
5589,4151,canceled,2023-12-04,1,,2023-12-04
5590,4152,created,2024-01-22,,4,2024-01-22
5591,4152,canceled,2024-04-22,4,,2024-04-22
5592,4153,created,2024-06-19,,1,2024-06-19
5593,4153,canceled,2024-07-19,1,,2024-07-19
5594,4154,created,2023-10-07,,2,2023-10-07
5595,4155,created,2022-09-20,,1,2022-09-20
5596,4155,canceled,2023-04-20,1,,2023-04-20
5597,4156,reactivated,2023-10-20,,2,2023-10-20
5598,4157,created,2023-11-30,,1,2023-11-30
5599,4157,canceled,2024-02-29,1,,2024-02-29
5600,4158,created,2024-11-06,,8,2024-11-06
5601,4159,created,2024-05-14,,5,2024-05-14
5602,4160,created,2024-06-01,,4,2024-06-01
5603,4161,upgraded,2024-07-01,4,6,2024-07-01
5604,4162,created,2024-05-18,,1,2024-05-18
5605,4162,canceled,2024-08-18,1,,2024-08-18
5606,4163,created,2023-07-20,,1,2023-07-20
5607,4163,canceled,2023-12-20,1,,2023-12-20
5608,4164,reactivated,2024-01-20,,1,2024-01-20
5609,4164,canceled,2024-11-20,1,,2024-11-20
5610,4165,created,2024-01-08,,1,2024-01-08
5611,4166,created,2024-07-10,,7,2024-07-10
5612,4167,created,2023-02-10,,6,2023-02-10
5613,4167,canceled,2023-12-10,6,,2023-12-10
5614,4168,reactivated,2024-01-10,,1,2024-01-10
5615,4169,upgraded,2024-09-10,1,3,2024-09-10
5616,4170,upgraded,2024-10-10,3,4,2024-10-10
5617,4171,created,2023-09-18,,1,2023-09-18
5618,4171,canceled,2024-10-18,1,,2024-10-18
5619,4172,created,2023-09-05,,1,2023-09-05
5620,4173,upgraded,2024-07-05,1,2,2024-07-05
5621,4174,created,2024-01-19,,1,2024-01-19
5622,4174,canceled,2024-03-19,1,,2024-03-19
5623,4175,reactivated,2024-09-19,,3,2024-09-19
5624,4176,created,2024-12-25,,1,2024-12-25
5625,4177,created,2022-11-20,,3,2022-11-20
5626,4178,upgraded,2022-12-20,3,4,2022-12-20
5627,4179,upgraded,2023-04-20,4,6,2023-04-20
5628,4180,upgraded,2024-12-20,6,8,2024-12-20
5629,4181,created,2024-03-22,,4,2024-03-22
5630,4182,created,2023-06-08,,2,2023-06-08
5631,4183,upgraded,2024-05-08,2,4,2024-05-08
5632,4184,created,2024-12-05,,1,2024-12-05
5633,4185,created,2023-03-03,,2,2023-03-03
5634,4185,canceled,2023-08-03,2,,2023-08-03
5635,4186,created,2023-12-15,,4,2023-12-15
5636,4187,created,2024-07-25,,1,2024-07-25
5637,4187,canceled,2024-11-25,1,,2024-11-25
5638,4188,created,2024-06-13,,1,2024-06-13
5639,4189,created,2024-01-11,,1,2024-01-11
5640,4189,canceled,2024-02-11,1,,2024-02-11
5641,4190,created,2023-11-06,,5,2023-11-06
5642,4190,canceled,2024-03-06,5,,2024-03-06
5643,4191,created,2023-12-27,,4,2023-12-27
5644,4192,created,2023-09-09,,1,2023-09-09
5645,4193,created,2023-07-12,,2,2023-07-12
5646,4194,upgraded,2024-12-12,2,5,2024-12-12
5647,4195,created,2024-02-25,,4,2024-02-25
5648,4196,created,2023-09-18,,3,2023-09-18
5649,4196,canceled,2024-04-18,3,,2024-04-18
5650,15002,created,2023-09-12,,7,2023-09-12
5651,4198,downgraded,2024-02-12,7,4,2024-02-12
5652,4199,created,2024-05-15,,2,2024-05-15
5653,4200,downgraded,2024-06-15,2,1,2024-06-15
5654,4200,canceled,2024-10-15,1,,2024-10-15
5655,4201,created,2024-11-11,,1,2024-11-11
5656,4202,created,2024-04-30,,3,2024-04-30
5657,4202,canceled,2024-11-30,3,,2024-11-30
5658,4203,created,2022-12-21,,1,2022-12-21
5659,4203,canceled,2023-05-21,1,,2023-05-21
5660,4204,created,2022-12-09,,1,2022-12-09
5661,4204,canceled,2023-05-09,1,,2023-05-09
5662,4205,reactivated,2024-03-09,,1,2024-03-09
5663,4205,canceled,2024-05-09,1,,2024-05-09
5664,4206,created,2024-11-01,,1,2024-11-01
5665,4206,canceled,2024-12-01,1,,2024-12-01
5666,4207,created,2023-10-21,,1,2023-10-21
5667,4207,canceled,2024-11-21,1,,2024-11-21
5668,4208,created,2023-01-21,,1,2023-01-21
5669,4208,canceled,2024-02-21,1,,2024-02-21
5670,4209,reactivated,2024-08-21,,1,2024-08-21
5671,4210,created,2024-04-01,,3,2024-04-01
5672,4210,canceled,2024-08-01,3,,2024-08-01
5673,4211,created,2024-05-06,,5,2024-05-06
5674,4212,upgraded,2024-06-06,5,6,2024-06-06
5675,4213,created,2024-05-28,,4,2024-05-28
5676,4214,created,2023-09-11,,2,2023-09-11
5677,4214,canceled,2024-11-11,2,,2024-11-11
5678,4215,created,2022-03-07,,2,2022-03-07
5679,4215,canceled,2022-08-07,2,,2022-08-07
5680,4216,created,2024-11-22,,2,2024-11-22
5681,4216,canceled,2024-12-22,2,,2024-12-22
5682,4217,created,2023-09-29,,1,2023-09-29
5683,4217,canceled,2024-05-29,1,,2024-05-29
5684,4218,created,2024-06-01,,2,2024-06-01
5685,4218,canceled,2024-10-01,2,,2024-10-01
5686,4219,created,2024-06-22,,2,2024-06-22
5687,4219,canceled,2024-09-22,2,,2024-09-22
5688,4220,created,2024-04-05,,2,2024-04-05
5689,4221,downgraded,2024-06-05,2,1,2024-06-05
5690,4222,created,2023-10-09,,2,2023-10-09
5691,4223,downgraded,2023-12-09,2,1,2023-12-09
5692,4223,canceled,2024-01-09,1,,2024-01-09
5693,4224,created,2023-09-21,,1,2023-09-21
5694,4225,upgraded,2023-11-21,1,2,2023-11-21
5695,4225,canceled,2024-04-21,2,,2024-04-21
5696,4226,created,2024-04-09,,6,2024-04-09
5697,4227,created,2024-10-27,,2,2024-10-27
5698,4228,created,2024-11-04,,1,2024-11-04
5699,4229,created,2023-02-11,,5,2023-02-11
5700,4229,canceled,2024-12-11,5,,2024-12-11
5701,4230,created,2023-05-26,,1,2023-05-26
5702,4230,canceled,2023-06-26,1,,2023-06-26
5703,4231,created,2024-11-29,,2,2024-11-29
5704,4232,created,2024-07-21,,2,2024-07-21
5705,4232,canceled,2024-12-21,2,,2024-12-21
5706,4233,created,2024-10-24,,4,2024-10-24
5707,4233,canceled,2024-11-24,4,,2024-11-24
5708,4234,created,2023-07-06,,7,2023-07-06
5709,4235,created,2024-04-27,,2,2024-04-27
5710,4236,created,2024-06-10,,4,2024-06-10
5711,4236,canceled,2024-10-10,4,,2024-10-10
5712,4237,created,2024-06-12,,1,2024-06-12
5713,4238,upgraded,2024-07-12,1,2,2024-07-12
5714,4239,created,2023-12-15,,2,2023-12-15
5715,4239,canceled,2024-02-15,2,,2024-02-15
5716,4240,created,2022-03-31,,1,2022-03-31
5717,4240,canceled,2022-04-30,1,,2022-04-30
5718,4241,reactivated,2023-07-28,,2,2023-07-28
5719,4242,upgraded,2023-09-28,2,4,2023-09-28
5720,4243,downgraded,2023-11-28,4,3,2023-11-28
5721,4243,canceled,2024-07-28,3,,2024-07-28
5722,4244,reactivated,2024-12-28,,6,2024-12-28
5723,4245,created,2024-04-07,,3,2024-04-07
5724,4246,created,2023-09-22,,1,2023-09-22
5725,4246,canceled,2024-01-22,1,,2024-01-29
5726,4247,created,2024-01-17,,3,2024-01-17
5727,4247,canceled,2024-11-17,3,,2024-11-17
5728,4248,created,2024-11-17,,4,2024-11-17
5729,4249,created,2023-12-02,,7,2023-12-02
5730,21954,created,2024-09-16,,2,2024-09-16
5731,4251,created,2023-06-13,,4,2023-06-13
5732,4252,created,2024-06-04,,2,2024-06-04
5733,4253,created,2024-12-14,,3,2024-12-14
5734,4254,created,2023-02-06,,4,2023-02-06
5735,4255,downgraded,2023-06-06,4,2,2023-06-06
5736,4256,created,2022-02-06,,1,2022-02-06
5737,4256,canceled,2022-03-06,1,,2022-03-11
5738,4257,reactivated,2023-02-06,,1,2023-02-06
5739,4257,canceled,2023-06-06,1,,2023-06-06
5740,4258,reactivated,2024-12-06,,2,2024-12-06
5741,4259,created,2024-01-19,,2,2024-01-19
5742,4260,created,2023-01-27,,1,2023-01-27
5743,4260,canceled,2023-08-27,1,,2023-08-27
5744,4261,reactivated,2024-11-27,,3,2024-11-27
5745,4262,created,2024-07-16,,5,2024-07-16
5746,4263,created,2024-10-29,,5,2024-10-29
5747,4264,upgraded,2024-12-29,5,7,2024-12-29
5748,4265,created,2024-01-04,,4,2024-01-04
5749,4266,upgraded,2024-07-04,4,6,2024-07-04
5750,4267,created,2023-09-13,,1,2023-09-13
5751,4267,canceled,2024-09-13,1,,2024-09-13
5752,4268,created,2024-01-10,,2,2024-01-10
5753,4269,created,2024-07-07,,1,2024-07-07
5754,4270,upgraded,2024-08-07,1,2,2024-08-07
5755,4271,created,2022-02-22,,4,2022-02-22
5756,4272,upgraded,2023-10-22,4,6,2023-10-22
5757,4273,created,2024-04-10,,2,2024-04-10
5758,4273,canceled,2024-06-10,2,,2024-06-10
5759,4274,created,2024-04-13,,1,2024-04-13
5760,4274,canceled,2024-12-13,1,,2024-12-13
5761,4275,created,2024-05-29,,7,2024-05-29
5762,4276,created,2023-08-28,,3,2023-08-28
5763,4276,canceled,2024-03-28,3,,2024-03-28
5764,4277,created,2024-06-22,,2,2024-06-22
5765,4277,canceled,2024-12-22,2,,2024-12-22
5766,4278,created,2023-01-06,,1,2023-01-06
5767,4278,canceled,2023-03-06,1,,2023-03-06
5768,4279,created,2023-07-23,,1,2023-07-23
5769,4280,upgraded,2024-02-23,1,2,2024-02-23
5770,4280,canceled,2024-04-23,2,,2024-04-23
5771,4281,created,2024-10-15,,6,2024-10-15
5772,4282,created,2024-07-05,,1,2024-07-05
5773,4283,created,2022-03-11,,1,2022-03-11
5774,4283,canceled,2022-11-11,1,,2022-11-11
5775,4284,created,2023-08-14,,7,2023-08-14
5776,4284,canceled,2024-01-14,7,,2024-01-14
5777,4285,created,2023-07-22,,1,2023-07-22
5778,4285,canceled,2024-03-22,1,,2024-03-22
5779,4286,created,2023-09-20,,2,2023-09-20
5780,4286,canceled,2024-12-20,2,,2024-12-20
5781,4287,created,2023-08-17,,1,2023-08-17
5782,4288,created,2022-10-30,,1,2022-10-30
5783,4288,canceled,2023-10-28,1,,2023-10-28
5784,4289,created,2024-01-02,,4,2024-01-02
5785,4290,upgraded,2024-02-02,4,6,2024-02-02
5786,4291,created,2024-07-21,,7,2024-07-21
5787,4291,canceled,2024-10-21,7,,2024-10-21
5788,4292,created,2024-04-22,,7,2024-04-22
5789,4293,created,2024-06-14,,4,2024-06-14
5790,4294,created,2022-12-04,,1,2022-12-04
5791,4294,canceled,2023-08-04,1,,2023-08-04
5792,4295,reactivated,2024-06-04,,1,2024-06-04
5793,4296,created,2024-11-04,,2,2024-11-04
5794,20674,created,2024-09-06,,1,2024-09-06
5795,4298,created,2024-09-15,,2,2024-09-15
5796,4299,created,2024-09-14,,5,2024-09-14
5797,4300,created,2024-11-21,,3,2024-11-21
5798,4301,created,2024-03-17,,1,2024-03-17
5799,4302,upgraded,2024-06-17,1,3,2024-06-17
5800,4303,created,2023-07-18,,3,2023-07-18
5801,4303,canceled,2023-10-18,3,,2023-10-18
5802,4304,reactivated,2024-02-18,,1,2024-02-18
5803,4304,canceled,2024-10-18,1,,2024-10-18
5804,4305,created,2024-04-14,,7,2024-04-14
5805,4306,upgraded,2024-09-14,7,8,2024-09-14
5806,4307,created,2024-07-05,,2,2024-07-05
5807,4308,created,2024-07-09,,1,2024-07-09
5808,4309,created,2024-03-15,,3,2024-03-15
5809,4310,created,2022-11-28,,1,2022-11-28
5810,4310,canceled,2023-04-28,1,,2023-04-28
5811,4311,created,2023-11-22,,4,2023-11-22
5812,4312,upgraded,2024-05-22,4,6,2024-05-22
5813,4313,created,2024-11-25,,1,2024-11-25
5814,4313,canceled,2024-12-25,1,,2024-12-25
5815,4314,created,2024-04-12,,4,2024-04-12
5816,4315,created,2024-03-02,,2,2024-03-02
5817,4315,canceled,2024-05-02,2,,2024-05-02
5818,4316,created,2023-09-24,,3,2023-09-24
5819,4317,upgraded,2024-06-24,3,4,2024-06-24
5820,4318,created,2023-11-05,,2,2023-11-05
5821,4318,canceled,2024-07-05,2,,2024-07-05
5822,4319,created,2024-10-09,,3,2024-10-09
5823,4320,created,2024-05-30,,1,2024-05-30
5824,4320,canceled,2024-07-30,1,,2024-07-30
5825,4321,created,2024-08-17,,2,2024-08-17
5826,4322,upgraded,2024-12-17,2,4,2024-12-27
5827,4323,created,2024-01-02,,4,2024-01-02
5828,4323,canceled,2024-03-02,4,,2024-03-02
5829,4324,created,2024-05-29,,6,2024-05-29
5830,4325,created,2023-08-11,,2,2023-08-11
5831,4326,created,2024-06-01,,1,2024-06-01
5832,4326,canceled,2024-10-01,1,,2024-10-01
5833,4327,created,2024-01-24,,8,2024-01-24
5834,4328,downgraded,2024-08-24,8,7,2024-08-24
5835,4329,created,2024-01-04,,2,2024-01-04
5836,4330,created,2024-05-20,,1,2024-05-20
5837,4331,created,2024-11-26,,1,2024-11-26
5838,4332,created,2022-10-30,,1,2022-10-30
5839,4333,upgraded,2022-11-30,1,2,2022-11-30
5840,4333,canceled,2023-04-28,2,,2023-04-28
5841,4334,created,2024-09-09,,1,2024-09-09
5842,4335,created,2023-09-06,,1,2023-09-06
5843,4335,canceled,2024-03-06,1,,2024-03-06
5844,4336,created,2024-01-01,,3,2024-01-01
5845,4336,canceled,2024-03-01,3,,2024-03-01
5846,4337,created,2022-04-15,,1,2022-04-15
5847,4337,canceled,2022-05-15,1,,2022-05-15
5848,4338,reactivated,2024-04-15,,5,2024-04-15
5849,4339,created,2023-10-08,,1,2023-10-08
5850,4340,created,2024-02-20,,1,2024-02-20
5851,4340,canceled,2024-06-20,1,,2024-06-20
5852,4341,created,2022-09-19,,4,2022-09-19
5853,4341,canceled,2023-05-19,4,,2023-05-19
5854,19003,reactivated,2024-12-19,,1,2024-12-19
5855,4343,created,2024-02-16,,2,2024-02-16
5856,4343,canceled,2024-05-16,2,,2024-05-16
5857,4344,created,2024-11-12,,1,2024-11-12
5858,4345,created,2023-02-16,,2,2023-02-16
5859,4346,upgraded,2024-10-16,2,5,2024-10-16
5860,4347,created,2024-08-09,,3,2024-08-09
5861,4348,created,2024-01-03,,1,2024-01-13
5862,4349,upgraded,2024-02-03,1,3,2024-02-03
5863,4350,upgraded,2024-11-03,3,4,2024-11-03
5864,4351,created,2024-05-07,,2,2024-05-07
5865,4352,downgraded,2024-12-07,2,1,2024-12-07
5866,4353,created,2023-09-25,,4,2023-09-25
5867,4353,canceled,2024-01-25,4,,2024-01-25
5868,4354,created,2023-05-20,,6,2023-05-20
5869,4355,created,2023-05-14,,1,2023-05-14
5870,4356,upgraded,2023-09-14,1,2,2023-09-14
5871,4357,upgraded,2023-11-14,2,5,2023-11-14
5872,4358,upgraded,2023-12-14,5,7,2023-12-14
5873,4359,created,2022-11-18,,1,2022-11-18
5874,4359,canceled,2024-06-18,1,,2024-06-18
5875,4360,created,2023-06-18,,2,2023-06-18
5876,4360,canceled,2024-06-18,2,,2024-06-18
5877,4361,created,2024-05-04,,4,2024-05-04
5878,4362,created,2024-10-10,,1,2024-10-10
5879,4363,upgraded,2024-11-10,1,2,2024-11-10
5880,4364,created,2024-09-24,,3,2024-09-24
5881,19724,created,2024-06-07,,2,2024-06-07
5882,4365,canceled,2024-11-07,2,,2024-11-07
5883,4366,created,2023-03-12,,1,2023-03-12
5884,4366,canceled,2023-10-12,1,,2023-10-12
5885,4367,created,2023-09-21,,2,2023-09-21
5886,4367,canceled,2024-10-21,2,,2024-10-21
5887,4368,created,2023-10-13,,3,2023-10-13
5888,4368,canceled,2024-03-13,3,,2024-03-13
5889,4369,created,2023-08-10,,2,2023-08-10
5890,4370,upgraded,2024-04-10,2,4,2024-04-10
5891,4371,created,2024-02-06,,1,2024-02-06
5892,4372,created,2024-03-25,,5,2024-03-25
5893,4373,created,2023-11-13,,1,2023-11-13
5894,4373,canceled,2024-04-13,1,,2024-04-13
5895,4374,created,2023-11-07,,3,2023-11-07
5896,4375,upgraded,2024-09-07,3,5,2024-09-07
5897,4376,upgraded,2024-12-07,5,6,2024-12-07
5898,4377,created,2024-09-20,,1,2024-09-20
5899,4377,canceled,2024-10-20,1,,2024-10-20
5900,4378,created,2024-08-14,,2,2024-08-14
5901,4379,created,2023-10-19,,1,2023-10-19
5902,4380,created,2024-10-01,,1,2024-10-06
5903,4380,canceled,2024-11-01,1,,2024-11-01
5904,4381,created,2024-11-18,,1,2024-11-18
5905,4382,upgraded,2024-12-18,1,3,2024-12-18
5906,4383,created,2023-10-15,,1,2023-10-15
5907,4384,created,2023-11-30,,2,2023-11-30
5908,4384,canceled,2024-11-29,2,,2024-11-29
5909,4385,created,2024-02-03,,3,2024-02-03
5910,4386,upgraded,2024-06-03,3,4,2024-06-03
5911,4387,created,2024-11-08,,3,2024-11-08
5912,4388,created,2024-10-06,,2,2024-10-06
5913,4389,created,2023-02-20,,3,2023-02-20
5914,4390,upgraded,2024-01-20,3,5,2024-01-20
5915,4390,canceled,2024-04-20,5,,2024-04-20
5916,4391,created,2023-12-08,,5,2023-12-08
5917,4392,upgraded,2024-12-08,5,6,2024-12-08
5918,4393,created,2024-03-02,,4,2024-03-02
5919,4393,canceled,2024-09-02,4,,2024-09-02
5920,4394,created,2024-02-16,,2,2024-02-16
5921,4395,upgraded,2024-12-16,2,5,2024-12-16
5922,4396,created,2023-06-09,,1,2023-06-09
5923,4396,canceled,2023-09-09,1,,2023-09-09
5924,4397,created,2024-09-20,,1,2024-09-20
5925,4398,upgraded,2024-11-20,1,2,2024-11-20
5926,4398,canceled,2024-12-20,2,,2024-12-20
5927,4399,created,2024-06-16,,2,2024-06-16
5928,4400,created,2024-09-27,,1,2024-09-27
5929,4401,upgraded,2024-10-27,1,2,2024-10-27
5930,4402,created,2024-09-23,,1,2024-09-23
5931,4402,canceled,2024-12-23,1,,2024-12-23
5932,4403,created,2024-07-26,,2,2024-07-31
5933,4404,created,2024-01-27,,6,2024-01-27
5934,4405,created,2024-04-12,,5,2024-04-12
5935,4406,created,2023-05-26,,2,2023-05-26
5936,4407,upgraded,2024-01-26,2,4,2024-01-26
5937,4408,upgraded,2024-05-26,4,6,2024-05-26
5938,4409,created,2024-06-23,,5,2024-06-23
5939,4410,upgraded,2024-07-23,5,6,2024-07-23
5940,4411,downgraded,2024-10-23,6,5,2024-10-23
5941,4412,created,2023-06-08,,1,2023-06-08
5942,4412,canceled,2023-12-08,1,,2023-12-08
5943,4413,created,2024-06-11,,3,2024-06-11
5944,4414,created,2023-08-20,,1,2023-08-20
5945,21796,canceled,2023-10-20,1,,2023-10-20
5946,4415,created,2023-03-01,,1,2023-03-01
5947,4415,canceled,2024-02-01,1,,2024-02-01
5948,4416,created,2023-05-10,,1,2023-05-10
5949,4416,canceled,2023-07-10,1,,2023-07-10
5950,4417,reactivated,2023-11-10,,1,2023-11-10
5951,4417,canceled,2024-02-10,1,,2024-02-10
5952,4418,reactivated,2024-09-10,,4,2024-09-10
5953,4419,upgraded,2024-10-10,4,6,2024-10-10
5954,4420,created,2022-01-10,,1,2022-01-10
5955,4420,canceled,2022-09-10,1,,2022-09-10
5956,4421,reactivated,2024-10-10,,1,2024-10-10
5957,4422,upgraded,2024-12-10,1,2,2024-12-10
5958,4423,created,2024-07-24,,4,2024-07-24
5959,4424,created,2024-07-28,,1,2024-07-28
5960,4425,created,2024-02-07,,5,2024-02-07
5961,4426,created,2023-05-12,,1,2023-05-12
5962,4426,canceled,2023-07-12,1,,2023-07-12
5963,4427,reactivated,2023-11-12,,4,2023-11-12
5964,4428,created,2023-01-13,,1,2023-01-13
5965,4428,canceled,2023-05-13,1,,2023-05-13
5966,4429,reactivated,2023-06-13,,1,2023-06-13
5967,4429,canceled,2023-10-13,1,,2023-10-13
5968,4430,created,2022-03-21,,6,2022-03-31
5969,4431,downgraded,2022-04-21,6,4,2022-04-21
5970,4432,upgraded,2023-09-21,4,6,2023-09-21
5971,4432,canceled,2024-10-21,6,,2024-10-21
5972,20561,created,2023-05-12,,1,2023-05-12
5973,4433,canceled,2023-07-12,1,,2023-07-12
5974,4434,reactivated,2024-07-12,,1,2024-07-12
5975,4435,created,2024-10-28,,2,2024-10-28
5976,4436,created,2023-08-01,,6,2023-08-01
5977,4437,created,2023-11-07,,2,2023-11-07
5978,4437,canceled,2024-08-07,2,,2024-08-07
5979,4438,created,2023-02-26,,2,2023-02-26
5980,4438,canceled,2023-06-26,2,,2023-06-26
5981,4439,reactivated,2024-01-26,,2,2024-01-26
5982,4439,canceled,2024-12-26,2,,2024-12-26
5983,4440,created,2023-08-19,,1,2023-08-19
5984,4440,canceled,2023-12-19,1,,2023-12-19
5985,4441,created,2024-03-28,,1,2024-03-28
5986,4441,canceled,2024-06-28,1,,2024-06-28
5987,4442,reactivated,2024-08-28,,8,2024-08-28
5988,4443,downgraded,2024-11-28,8,6,2024-11-28
5989,4444,created,2024-04-24,,1,2024-05-01
5990,4444,canceled,2024-09-24,1,,2024-09-24
5991,4445,created,2023-08-04,,1,2023-08-04
5992,4446,upgraded,2023-11-04,1,3,2023-11-04
5993,4446,canceled,2024-01-04,3,,2024-01-04
5994,4447,created,2022-09-18,,3,2022-09-18
5995,4448,downgraded,2023-05-18,3,1,2023-05-18
5996,4448,canceled,2023-11-18,1,,2023-11-18
5997,4449,reactivated,2024-03-18,,6,2024-03-18
5998,4450,created,2023-12-26,,5,2023-12-26
5999,4451,upgraded,2024-11-26,5,6,2024-11-26
6000,4452,created,2023-08-09,,2,2023-08-09
6001,4452,canceled,2023-09-09,2,,2023-09-09
6002,4453,created,2023-07-28,,7,2023-07-28
6003,4454,upgraded,2023-11-28,7,8,2023-11-28
6004,4455,downgraded,2024-07-28,8,7,2024-07-28
6005,4456,created,2024-11-02,,1,2024-11-02
6006,4457,created,2024-04-24,,2,2024-04-24
6007,4458,upgraded,2024-06-24,2,5,2024-06-24
6008,4459,created,2024-03-29,,1,2024-03-29
6009,4460,upgraded,2024-10-29,1,3,2024-10-29
6010,4460,canceled,2024-12-29,3,,2024-12-29
6011,4461,created,2024-01-08,,3,2024-01-08
6012,4461,canceled,2024-04-08,3,,2024-04-08
6013,4462,created,2024-01-18,,2,2024-01-18
6014,4462,canceled,2024-02-18,2,,2024-02-27
6015,4463,reactivated,2024-09-18,,7,2024-09-18
6016,4464,created,2024-03-03,,4,2024-03-03
6017,4465,downgraded,2024-06-03,4,2,2024-06-03
6018,4466,created,2024-06-07,,2,2024-06-07
6019,4467,created,2024-06-10,,1,2024-06-10
6020,4467,canceled,2024-07-10,1,,2024-07-12
6021,4468,created,2023-06-04,,2,2023-06-04
6022,4468,canceled,2023-12-04,2,,2023-12-04
6023,4469,created,2024-02-19,,6,2024-02-19
6024,4470,created,2024-01-01,,1,2024-01-01
6025,4470,canceled,2024-04-01,1,,2024-04-01
6026,4471,created,2024-10-21,,2,2024-10-21
6027,4472,created,2024-05-31,,1,2024-05-31
6028,4472,canceled,2024-12-30,1,,2024-12-30
6029,4473,created,2024-03-11,,8,2024-03-11
6030,4474,downgraded,2024-10-11,8,6,2024-10-11
6031,4475,created,2023-03-15,,2,2023-03-15
6032,4476,upgraded,2023-08-15,2,4,2023-08-15
6033,4476,canceled,2024-01-15,4,,2024-01-15
6034,4477,created,2024-04-01,,3,2024-04-01
6035,4478,downgraded,2024-08-01,3,1,2024-08-01
6036,4479,created,2023-03-06,,2,2023-03-06
6037,4479,canceled,2024-07-06,2,,2024-07-06
6038,4480,created,2023-10-04,,1,2023-10-04
6039,4480,canceled,2024-03-04,1,,2024-03-04
6040,4481,reactivated,2024-06-04,,6,2024-06-04
6041,4482,created,2023-04-18,,1,2023-04-18
6042,4483,created,2024-06-08,,4,2024-06-12
6043,4484,upgraded,2024-12-08,4,6,2024-12-08
6044,4485,created,2023-07-17,,1,2023-07-17
6045,4485,canceled,2024-04-17,1,,2024-04-17
6046,4486,created,2023-12-07,,1,2023-12-07
6047,4486,canceled,2024-09-07,1,,2024-09-07
6048,4487,created,2024-10-25,,3,2024-10-25
6049,4488,created,2023-07-22,,1,2023-07-22
6050,4488,canceled,2024-03-22,1,,2024-03-22
6051,4489,created,2024-02-21,,1,2024-02-21
6052,4489,canceled,2024-10-21,1,,2024-10-21
6053,4490,created,2024-01-08,,3,2024-01-08
6054,4490,canceled,2024-03-08,3,,2024-03-08
6055,4491,created,2022-03-10,,6,2022-03-10
6056,4492,upgraded,2023-01-10,6,8,2023-01-10
6057,4493,created,2024-08-27,,1,2024-08-27
6058,4493,canceled,2024-10-27,1,,2024-10-27
6059,4494,created,2022-11-13,,2,2022-11-13
6060,4495,upgraded,2023-06-13,2,5,2023-06-13
6061,4496,created,2024-02-02,,1,2024-02-02
6062,4496,canceled,2024-07-02,1,,2024-07-02
6063,4497,created,2024-03-15,,1,2024-03-18
6064,4497,canceled,2024-05-15,1,,2024-05-15
6065,4498,created,2024-05-07,,1,2024-05-07
6066,4498,canceled,2024-08-07,1,,2024-08-07
6067,4499,reactivated,2024-10-07,,2,2024-10-07
6068,4500,created,2024-06-01,,1,2024-06-01
6069,4501,created,2023-09-18,,4,2023-09-18
6070,4502,created,2022-02-15,,2,2022-02-15
6071,4502,canceled,2023-06-15,2,,2023-06-15
6072,4503,reactivated,2023-11-15,,6,2023-11-15
6073,4504,created,2024-07-11,,8,2024-07-11
6074,4505,downgraded,2024-11-11,8,7,2024-11-11
6075,4506,created,2024-03-31,,2,2024-03-31
6076,4506,canceled,2024-05-30,2,,2024-05-30
6077,4507,created,2024-09-23,,2,2024-09-23
6078,4508,created,2024-09-20,,4,2024-09-20
6079,4508,canceled,2024-11-20,4,,2024-11-20
6080,4509,reactivated,2024-12-20,,1,2024-12-20
6081,4510,created,2024-09-11,,1,2024-09-11
6082,4511,created,2024-02-04,,2,2024-02-04
6083,4511,canceled,2024-12-04,2,,2024-12-04
6084,4512,created,2023-10-25,,1,2023-10-25
6085,4512,canceled,2024-02-25,1,,2024-02-25
6086,4513,created,2024-08-19,,6,2024-08-19
6087,4514,created,2024-01-08,,1,2024-01-08
6088,20063,canceled,2024-06-08,1,,2024-06-08
6089,4515,created,2023-06-18,,1,2023-06-18
6090,4515,canceled,2023-11-18,1,,2023-11-18
6091,4516,created,2024-09-25,,8,2024-09-25
6092,4517,created,2024-10-24,,1,2024-10-24
6093,4518,created,2024-01-15,,4,2024-01-15
6094,4519,upgraded,2024-02-15,4,6,2024-02-15
6095,4520,created,2022-12-08,,6,2022-12-08
6096,4520,canceled,2023-06-08,6,,2023-06-08
6097,4521,reactivated,2024-11-08,,6,2024-11-08
6098,4522,created,2023-12-23,,4,2023-12-23
6099,4523,upgraded,2024-01-23,4,7,2024-01-23
6100,4524,created,2024-09-05,,2,2024-09-05
6101,4525,created,2024-10-16,,4,2024-10-16
6102,4526,downgraded,2024-12-16,4,2,2024-12-16
6103,4527,created,2023-07-17,,1,2023-07-17
6104,4528,upgraded,2024-03-17,1,2,2024-03-17
6105,4529,created,2022-11-17,,1,2022-11-17
6106,4529,canceled,2023-02-17,1,,2023-02-17
6107,4530,created,2024-10-10,,1,2024-10-10
6108,4531,created,2023-12-19,,1,2023-12-19
6109,4532,created,2024-03-06,,1,2024-03-06
6110,4533,created,2024-11-30,,1,2024-11-30
6111,4534,created,2022-10-03,,2,2022-10-03
6112,4534,canceled,2024-10-03,2,,2024-10-03
6113,4535,created,2024-05-15,,1,2024-05-15
6114,4535,canceled,2024-08-15,1,,2024-08-15
6115,4536,created,2022-11-11,,4,2022-11-11
6116,4537,downgraded,2023-02-11,4,2,2023-02-11
6117,4538,downgraded,2023-09-11,2,1,2023-09-11
6118,4538,canceled,2023-11-11,1,,2023-11-11
6119,4539,reactivated,2023-12-11,,1,2023-12-11
6120,4539,canceled,2024-02-11,1,,2024-02-11
6121,4540,reactivated,2024-11-11,,1,2024-11-11
6122,4541,created,2023-11-17,,4,2023-11-17
6123,4542,downgraded,2024-06-17,4,2,2024-06-17
6124,4543,created,2024-09-29,,6,2024-09-29
6125,4544,created,2024-01-27,,4,2024-01-27
6126,4545,created,2024-12-05,,4,2024-12-05
6127,4546,created,2024-03-11,,2,2024-03-11
6128,4547,downgraded,2024-11-11,2,1,2024-11-11
6129,4548,created,2023-10-27,,5,2023-10-27
6130,4549,created,2023-08-28,,2,2023-08-28
6131,4549,canceled,2023-09-28,2,,2023-09-28
6132,4550,reactivated,2024-03-28,,1,2024-03-28
6133,4551,created,2023-11-10,,4,2023-11-10
6134,4551,canceled,2024-09-10,4,,2024-09-10
6135,4552,created,2023-11-28,,1,2023-11-28
6136,4552,canceled,2024-02-28,1,,2024-02-28
6137,4553,reactivated,2024-04-28,,2,2024-05-08
6138,4553,canceled,2024-05-28,2,,2024-05-28
6139,4554,created,2022-11-03,,1,2022-11-03
6140,4555,upgraded,2023-01-03,1,2,2023-01-03
6141,22029,canceled,2023-09-03,2,,2023-09-03
6142,4556,created,2023-11-07,,1,2023-11-07
6143,4556,canceled,2023-12-07,1,,2023-12-07
6144,4557,created,2024-01-08,,5,2024-01-08
6145,4558,created,2024-07-05,,5,2024-07-05
6146,4559,created,2024-05-31,,2,2024-05-31
6147,4560,created,2024-06-24,,8,2024-06-24
6148,4561,downgraded,2024-09-24,8,7,2024-09-24
6149,4562,created,2022-02-07,,1,2022-02-07
6150,4563,upgraded,2022-11-07,1,3,2022-11-07
6151,4564,upgraded,2023-11-07,3,5,2023-11-07
6152,4565,created,2023-07-03,,1,2023-07-03
6153,4565,canceled,2024-01-03,1,,2024-01-03
6154,4566,created,2024-05-17,,1,2024-05-17
6155,4567,created,2024-02-16,,1,2024-02-16
6156,4567,canceled,2024-03-16,1,,2024-03-16
6157,4568,created,2022-01-14,,2,2022-01-14
6158,4569,upgraded,2022-10-14,2,4,2022-10-14
6159,4570,upgraded,2023-05-14,4,7,2023-05-14
6160,4571,created,2024-09-12,,5,2024-09-12
6161,4572,created,2024-08-01,,1,2024-08-01
6162,4572,canceled,2024-11-01,1,,2024-11-07
6163,4573,created,2024-03-28,,1,2024-03-28
6164,4574,upgraded,2024-08-28,1,3,2024-08-28
6165,4575,created,2022-10-03,,6,2022-10-03
6166,4576,created,2024-08-23,,8,2024-08-23
6167,4577,created,2024-04-16,,4,2024-04-16
6168,4577,canceled,2024-11-16,4,,2024-11-16
6169,4578,created,2024-08-29,,1,2024-08-29
6170,4578,canceled,2024-11-29,1,,2024-11-29
6171,4579,created,2024-07-19,,4,2024-07-19
6172,4580,upgraded,2024-09-19,4,6,2024-09-19
6173,4581,created,2024-09-16,,1,2024-09-16
6174,4582,created,2024-03-28,,2,2024-03-28
6175,4582,canceled,2024-09-28,2,,2024-09-28
6176,4583,created,2023-04-27,,6,2023-04-27
6177,4583,canceled,2023-05-27,6,,2023-05-27
6178,4584,created,2024-06-05,,1,2024-06-05
6179,4585,created,2024-05-29,,2,2024-05-29
6180,4586,upgraded,2024-09-29,2,4,2024-09-29
6181,4587,upgraded,2024-12-29,4,6,2025-01-04
6182,4588,created,2024-07-07,,2,2024-07-07
6183,4589,created,2023-06-09,,3,2023-06-09
6184,4589,canceled,2023-09-09,3,,2023-09-09
6185,4590,created,2023-07-01,,2,2023-07-01
6186,4591,upgraded,2024-09-01,2,4,2024-09-01
6187,4592,created,2024-10-30,,3,2024-10-30
6188,4593,created,2024-07-24,,6,2024-07-24
6189,4594,created,2024-10-29,,2,2024-10-29
6190,4595,upgraded,2024-12-29,2,4,2024-12-29
6191,4596,created,2024-08-31,,4,2024-08-31
6192,4597,downgraded,2024-09-30,4,2,2024-09-30
6193,4598,created,2024-04-18,,1,2024-04-18
6194,4599,upgraded,2024-10-18,1,2,2024-10-18
6195,4600,created,2024-05-01,,1,2024-05-01
6196,4600,canceled,2024-06-01,1,,2024-06-01
6197,4601,created,2024-10-05,,7,2024-10-05
6198,4602,created,2024-04-22,,1,2024-04-22
6199,4602,canceled,2024-09-22,1,,2024-09-22
6200,4603,created,2024-05-28,,1,2024-05-28
6201,4604,upgraded,2024-09-28,1,2,2024-09-28
6202,4605,downgraded,2024-12-28,2,1,2024-12-28
6203,4606,created,2023-05-26,,4,2023-05-26
6204,4606,canceled,2023-07-26,4,,2023-07-26
6205,4607,reactivated,2023-10-26,,2,2023-10-26
6206,4607,canceled,2024-12-26,2,,2024-12-26
6207,4608,created,2024-02-04,,3,2024-02-04
6208,4609,downgraded,2024-10-04,3,1,2024-10-04
6209,4609,canceled,2024-11-04,1,,2024-11-04
6210,4610,created,2024-07-08,,1,2024-07-08
6211,4610,canceled,2024-10-08,1,,2024-10-08
6212,4611,created,2023-09-11,,4,2023-09-11
6213,4612,created,2023-07-17,,1,2023-07-17
6214,4612,canceled,2024-05-17,1,,2024-05-17
6215,4613,created,2023-10-05,,1,2023-10-05
6216,4614,upgraded,2023-11-05,1,2,2023-11-05
6217,4615,created,2023-08-24,,6,2023-08-24
6218,4616,upgraded,2024-06-24,6,8,2024-06-24
6219,4617,downgraded,2024-12-24,8,6,2024-12-24
6220,4618,created,2023-07-13,,3,2023-07-23
6221,4619,created,2024-01-01,,2,2024-01-01
6222,4620,created,2024-10-06,,8,2024-10-06
6223,4621,created,2024-02-28,,3,2024-02-28
6224,4622,created,2023-06-19,,6,2023-06-19
6225,4623,created,2022-12-09,,1,2022-12-09
6226,4623,canceled,2023-10-09,1,,2023-10-09
6227,4624,created,2024-06-25,,1,2024-06-27
6228,4625,created,2023-12-06,,3,2023-12-06
6229,4626,upgraded,2024-02-06,3,4,2024-02-06
6230,4627,created,2024-09-18,,1,2024-09-18
6231,4628,created,2024-05-25,,5,2024-06-03
6232,4628,canceled,2024-06-25,5,,2024-06-25
6233,4629,created,2024-08-21,,7,2024-08-21
6234,4630,created,2023-09-15,,1,2023-09-15
6235,4631,upgraded,2024-03-15,1,3,2024-03-15
6236,4632,upgraded,2024-04-15,3,4,2024-04-15
6237,4633,upgraded,2024-11-15,4,6,2024-11-15
6238,4634,created,2024-06-05,,7,2024-06-05
6239,4635,created,2023-09-03,,4,2023-09-03
6240,4636,created,2024-11-27,,2,2024-11-27
6241,4637,created,2024-05-27,,6,2024-05-27
6242,4638,created,2023-10-24,,2,2023-10-24
6243,4638,canceled,2023-11-24,2,,2023-11-24
6244,4639,reactivated,2024-03-24,,1,2024-03-24
6245,4639,canceled,2024-09-24,1,,2024-09-24
6246,4640,created,2023-09-28,,6,2023-09-28
6247,4641,created,2023-06-18,,2,2023-06-18
6248,4641,canceled,2024-07-18,2,,2024-07-18
6249,4642,reactivated,2024-09-18,,1,2024-09-18
6250,4643,created,2024-06-12,,1,2024-06-12
6251,4643,canceled,2024-07-12,1,,2024-07-12
6252,4644,created,2023-07-28,,8,2023-07-28
6253,13460,downgraded,2023-08-28,8,6,2023-08-28
6254,4645,canceled,2023-12-28,6,,2023-12-28
6255,4646,created,2024-04-05,,1,2024-04-05
6256,4646,canceled,2024-09-05,1,,2024-09-05
6257,4647,created,2023-09-07,,1,2023-09-07
6258,4647,canceled,2023-12-07,1,,2023-12-07
6259,4648,created,2024-05-10,,1,2024-05-10
6260,4648,canceled,2024-07-10,1,,2024-07-10
6261,4649,created,2024-09-16,,1,2024-09-16
6262,4649,canceled,2024-11-16,1,,2024-11-16
6263,4650,created,2024-08-01,,1,2024-08-01
6264,4650,canceled,2024-09-01,1,,2024-09-01
6265,4651,created,2024-08-07,,2,2024-08-07
6266,4652,created,2023-06-02,,1,2023-06-02
6267,4652,canceled,2023-07-02,1,,2023-07-02
6268,4653,created,2023-01-06,,1,2023-01-06
6269,4653,canceled,2024-02-06,1,,2024-02-06
6270,4654,created,2024-06-08,,2,2024-06-08
6271,4654,canceled,2024-09-08,2,,2024-09-08
6272,4655,created,2023-11-19,,6,2023-11-19
6273,4655,canceled,2024-06-19,6,,2024-06-19
6274,4656,created,2024-01-31,,1,2024-01-31
6275,4656,canceled,2024-06-29,1,,2024-06-29
6276,4657,created,2022-05-24,,6,2022-05-24
6277,4658,upgraded,2023-08-24,6,8,2023-08-24
6278,4659,created,2023-09-15,,3,2023-09-15
6279,4659,canceled,2023-10-15,3,,2023-10-15
6280,4660,created,2022-06-21,,1,2022-06-21
6281,4660,canceled,2022-07-21,1,,2022-07-21
6282,4661,created,2024-10-21,,1,2024-10-21
6283,4661,canceled,2024-11-21,1,,2024-11-21
6284,4662,reactivated,2024-12-21,,2,2024-12-21
6285,4663,created,2023-08-27,,1,2023-08-27
6286,4663,canceled,2023-12-27,1,,2023-12-27
6287,4664,created,2024-03-03,,2,2024-03-03
6288,4664,canceled,2024-08-03,2,,2024-08-03
6289,4665,created,2022-07-29,,5,2022-07-29
6290,4666,downgraded,2023-07-28,5,3,2023-07-28
6291,4666,canceled,2023-10-28,3,,2023-10-28
6292,4667,created,2024-05-29,,1,2024-05-29
6293,4667,canceled,2024-06-29,1,,2024-06-29
6294,4668,created,2023-10-06,,3,2023-10-06
6295,4669,downgraded,2024-01-06,3,1,2024-01-06
6296,4670,created,2024-10-25,,3,2024-10-25
6297,4670,canceled,2024-12-25,3,,2024-12-25
6298,4671,created,2024-10-24,,1,2024-10-24
6299,4672,created,2023-10-28,,1,2023-10-28
6300,4673,upgraded,2024-04-28,1,2,2024-04-28
6301,4674,created,2024-10-14,,1,2024-10-14
6302,4675,created,2024-12-09,,1,2024-12-09
6303,4676,created,2024-09-21,,1,2024-09-21
6304,4677,created,2024-09-12,,3,2024-09-12
6305,4677,canceled,2024-12-12,3,,2024-12-12
6306,4678,created,2023-08-08,,1,2023-08-08
6307,4678,canceled,2023-10-08,1,,2023-10-08
6308,4679,created,2024-04-09,,5,2024-04-09
6309,4680,created,2022-11-18,,7,2022-11-18
6310,4681,upgraded,2024-03-18,7,8,2024-03-18
6311,4682,created,2023-01-28,,2,2023-01-28
6312,4683,downgraded,2023-04-28,2,1,2023-04-28
6313,4683,canceled,2024-02-28,1,,2024-02-28
6314,4684,created,2024-12-19,,6,2024-12-19
6315,4685,created,2023-10-04,,4,2023-10-04
6316,4686,created,2024-07-22,,2,2024-07-22
6317,4687,downgraded,2024-11-22,2,1,2024-11-22
6318,4688,created,2024-09-23,,6,2024-09-23
6319,4689,created,2024-09-28,,2,2024-09-28
6320,18461,created,2024-12-13,,1,2024-12-13
6321,4691,created,2023-08-22,,2,2023-08-22
6322,4691,canceled,2024-05-22,2,,2024-05-22
6323,4692,created,2022-07-21,,2,2022-07-21
6324,4692,canceled,2022-08-21,2,,2022-08-21
6325,4693,created,2024-01-26,,2,2024-01-26
6326,4694,created,2023-04-12,,1,2023-04-12
6327,4694,canceled,2023-12-12,1,,2023-12-12
6328,4695,created,2022-04-08,,2,2022-04-08
6329,4696,upgraded,2023-04-08,2,4,2023-04-08
6330,4696,canceled,2023-11-08,4,,2023-11-08
6331,4697,created,2023-11-23,,7,2023-11-23
6332,4698,created,2024-08-07,,8,2024-08-07
6333,4699,created,2024-03-24,,4,2024-03-24
6334,4699,canceled,2024-12-24,4,,2024-12-24
6335,4700,created,2023-10-28,,1,2023-10-28
6336,4700,canceled,2024-07-28,1,,2024-07-28
6337,4701,created,2024-05-18,,2,2024-05-18
6338,4702,created,2023-08-27,,2,2023-08-27
6339,4703,upgraded,2024-03-27,2,5,2024-03-27
6340,4704,created,2022-03-13,,7,2022-03-13
6341,4705,upgraded,2023-01-13,7,8,2023-01-13
6342,4705,canceled,2023-08-13,8,,2023-08-13
6343,4706,reactivated,2024-04-13,,2,2024-04-13
6344,4707,created,2024-08-13,,5,2024-08-13
6345,4708,created,2024-05-11,,3,2024-05-11
6346,4708,canceled,2024-09-11,3,,2024-09-11
6347,4709,created,2024-08-31,,1,2024-08-31
6348,4710,created,2022-07-10,,1,2022-07-10
6349,4710,canceled,2023-03-10,1,,2023-03-10
6350,4711,reactivated,2024-12-10,,3,2024-12-10
6351,4712,created,2024-09-25,,1,2024-09-25
6352,4713,created,2024-05-03,,2,2024-05-03
6353,4714,downgraded,2024-07-03,2,1,2024-07-03
6354,4715,upgraded,2024-08-03,1,2,2024-08-03
6355,4716,created,2024-03-29,,7,2024-03-29
6356,4717,downgraded,2024-07-29,7,4,2024-07-29
6357,4718,upgraded,2024-08-29,4,7,2024-08-29
6358,4719,created,2024-05-11,,8,2024-05-11
6359,4720,created,2024-10-04,,5,2024-10-04
6360,4721,created,2024-04-26,,2,2024-05-02
6361,4721,canceled,2024-08-26,2,,2024-08-26
6362,4722,created,2024-04-08,,1,2024-04-08
6363,4722,canceled,2024-05-08,1,,2024-05-08
6364,4723,reactivated,2024-07-08,,1,2024-07-08
6365,4724,created,2024-12-22,,3,2024-12-22
6366,4725,created,2024-07-23,,1,2024-07-23
6367,19250,canceled,2024-10-23,1,,2024-10-23
6368,4726,created,2024-01-21,,1,2024-01-21
6369,4726,canceled,2024-05-21,1,,2024-05-21
6370,4727,created,2024-06-01,,6,2024-06-01
6371,4728,created,2023-12-18,,5,2023-12-18
6372,4729,upgraded,2024-12-18,5,6,2024-12-18
6373,4730,created,2023-08-28,,4,2023-09-02
6374,4731,upgraded,2024-02-28,4,6,2024-02-28
6375,4732,created,2024-04-29,,2,2024-04-29
6376,4732,canceled,2024-09-29,2,,2024-09-29
6377,4733,created,2024-11-12,,2,2024-11-12
6378,4734,created,2024-11-29,,1,2024-11-29
6379,4735,created,2023-11-03,,2,2023-11-03
6380,4736,created,2024-03-23,,7,2024-03-23
6381,4737,created,2023-07-30,,1,2023-07-30
6382,4737,canceled,2023-08-30,1,,2023-08-30
6383,4738,created,2024-12-11,,2,2024-12-11
6384,4739,created,2024-12-12,,2,2024-12-12
6385,4740,created,2024-05-08,,1,2024-05-08
6386,4740,canceled,2024-07-08,1,,2024-07-08
6387,4741,created,2024-09-20,,1,2024-09-20
6388,4742,created,2024-07-06,,2,2024-07-06
6389,4743,created,2024-04-29,,1,2024-04-29
6390,4743,canceled,2024-09-29,1,,2024-10-04
6391,4744,created,2022-09-22,,4,2022-09-22
6392,4744,canceled,2022-10-22,4,,2022-10-22
6393,4745,created,2024-01-09,,1,2024-01-09
6394,4745,canceled,2024-02-09,1,,2024-02-09
6395,4746,created,2024-06-16,,1,2024-06-16
6396,4746,canceled,2024-09-16,1,,2024-09-16
6397,4747,created,2024-06-13,,1,2024-06-13
6398,4748,created,2023-11-22,,1,2023-11-22
6399,4748,canceled,2024-11-22,1,,2024-11-22
6400,4749,reactivated,2024-12-22,,4,2024-12-22
6401,4750,created,2024-11-17,,2,2024-11-17
6402,4751,created,2023-05-22,,1,2023-05-22
6403,4751,canceled,2023-10-22,1,,2023-10-22
6404,4752,created,2024-02-02,,1,2024-02-02
6405,4753,upgraded,2024-04-02,1,3,2024-04-02
6406,4754,created,2024-06-03,,8,2024-06-03
6407,4755,created,2024-06-24,,2,2024-06-24
6408,4756,created,2024-05-06,,6,2024-05-06
6409,4757,created,2023-09-24,,4,2023-09-24
6410,4758,upgraded,2024-05-24,4,6,2024-05-24
6411,4759,created,2023-05-19,,5,2023-05-19
6412,4760,upgraded,2023-06-19,5,6,2023-06-19
6413,4761,downgraded,2024-03-19,6,4,2024-03-19
6414,4762,created,2024-05-13,,1,2024-05-13
6415,4762,canceled,2024-10-13,1,,2024-10-13
6416,4763,created,2024-04-04,,4,2024-04-04
6417,4764,created,2023-06-09,,2,2023-06-09
6418,4765,created,2024-06-08,,2,2024-06-08
6419,4766,created,2024-01-15,,7,2024-01-15
6420,4767,created,2024-06-20,,3,2024-06-20
6421,4768,created,2024-09-04,,2,2024-09-04
6422,4769,created,2023-06-01,,1,2023-06-01
6423,4769,canceled,2024-02-01,1,,2024-02-01
6424,4770,created,2022-03-19,,1,2022-03-28
6425,4770,canceled,2022-04-19,1,,2022-04-19
6426,4771,created,2024-08-07,,8,2024-08-07
6427,4772,created,2024-04-12,,3,2024-04-12
6428,4772,canceled,2024-11-12,3,,2024-11-12
6429,4773,created,2024-06-12,,1,2024-06-12
6430,4774,created,2024-09-29,,3,2024-09-29
6431,4774,canceled,2024-11-29,3,,2024-11-29
6432,4775,created,2024-09-15,,4,2024-09-15
6433,4776,created,2024-11-26,,1,2024-11-26
6434,4777,created,2024-03-10,,1,2024-03-10
6435,4777,canceled,2024-05-10,1,,2024-05-10
6436,4778,created,2024-02-06,,1,2024-02-06
6437,4778,canceled,2024-08-06,1,,2024-08-06
6438,4779,created,2023-12-20,,2,2023-12-20
6439,4780,downgraded,2024-10-20,2,1,2024-10-20
6440,4781,created,2023-05-18,,1,2023-05-18
6441,4781,canceled,2024-02-18,1,,2024-02-18
6442,4782,reactivated,2024-11-18,,6,2024-11-18
6443,19558,created,2024-04-22,,1,2024-04-22
6444,4783,canceled,2024-07-22,1,,2024-07-22
6445,4784,created,2023-09-08,,1,2023-09-08
6446,4784,canceled,2024-06-08,1,,2024-06-08
6447,4785,reactivated,2024-07-08,,3,2024-07-08
6448,4786,created,2024-11-02,,1,2024-11-02
6449,4787,created,2024-04-26,,2,2024-04-26
6450,4787,canceled,2024-08-26,2,,2024-08-26
6451,4788,created,2024-04-19,,2,2024-04-28
6452,4788,canceled,2024-06-19,2,,2024-06-28
6453,4789,created,2023-11-11,,1,2023-11-11
6454,4789,canceled,2024-01-11,1,,2024-01-11
6455,4790,created,2022-09-17,,8,2022-09-17
6456,4791,downgraded,2022-11-17,8,6,2022-11-17
6457,4792,downgraded,2023-08-17,6,4,2023-08-17
6458,4793,upgraded,2023-10-17,4,6,2023-10-17
6459,4794,created,2022-06-11,,1,2022-06-11
6460,4795,upgraded,2023-02-11,1,2,2023-02-11
6461,4795,canceled,2023-04-11,2,,2023-04-11
6462,4796,created,2024-01-21,,4,2024-01-21
6463,4797,created,2023-01-01,,2,2023-01-01
6464,4797,canceled,2024-01-01,2,,2024-01-01
6465,18666,created,2024-04-13,,6,2024-04-13
6466,4799,created,2024-10-25,,5,2024-10-25
6467,4800,created,2024-10-07,,1,2024-10-07
6468,4801,created,2024-05-29,,7,2024-05-29
6469,4801,canceled,2024-07-29,7,,2024-07-29
6470,4802,created,2023-07-02,,5,2023-07-02
6471,4803,created,2024-09-07,,1,2024-09-07
6472,4804,created,2024-10-22,,1,2024-10-22
6473,4805,created,2023-07-06,,1,2023-07-06
6474,4805,canceled,2024-06-06,1,,2024-06-06
6475,4806,created,2024-07-07,,1,2024-07-07
6476,4806,canceled,2024-09-07,1,,2024-09-07
6477,4807,created,2023-09-23,,5,2023-09-23
6478,4808,downgraded,2024-11-23,5,2,2024-11-23
6479,4809,created,2024-09-19,,1,2024-09-19
6480,4810,upgraded,2024-10-19,1,2,2024-10-19
6481,4811,created,2024-12-07,,4,2024-12-07
6482,4812,created,2022-05-29,,2,2022-05-29
6483,4813,downgraded,2023-11-28,2,1,2023-11-28
6484,4814,upgraded,2024-05-28,1,2,2024-05-28
6485,4815,downgraded,2024-06-28,2,1,2024-06-28
6486,4815,canceled,2024-07-28,1,,2024-07-28
6487,4816,created,2024-10-06,,4,2024-10-06
6488,4817,created,2024-05-27,,2,2024-05-27
6489,4818,upgraded,2024-11-27,2,4,2024-11-27
6490,4819,created,2024-12-20,,1,2024-12-20
6491,4820,created,2024-01-19,,2,2024-01-19
6492,4820,canceled,2024-09-19,2,,2024-09-19
6493,4821,created,2024-09-29,,8,2024-09-29
6494,4822,created,2022-10-01,,3,2022-10-01
6495,4822,canceled,2022-12-01,3,,2022-12-01
6496,4823,reactivated,2024-03-01,,1,2024-03-01
6497,4824,upgraded,2024-05-01,1,3,2024-05-01
6498,4825,created,2023-10-29,,6,2023-10-31
6499,4826,created,2022-11-01,,6,2022-11-01
6500,4827,upgraded,2023-05-01,6,8,2023-05-01
6501,4828,downgraded,2023-10-01,8,6,2023-10-01
6502,4829,created,2024-12-15,,2,2024-12-15
6503,4830,created,2024-09-04,,1,2024-09-04
6504,4831,created,2024-09-06,,1,2024-09-06
6505,4832,created,2024-11-22,,1,2024-11-22
6506,4833,created,2023-01-10,,1,2023-01-10
6507,4833,canceled,2024-02-10,1,,2024-02-10
6508,4834,reactivated,2024-11-10,,1,2024-11-10
6509,4835,created,2023-12-04,,1,2023-12-04
6510,4836,created,2022-11-03,,4,2022-11-03
6511,4836,canceled,2024-04-03,4,,2024-04-03
6512,4837,created,2023-07-02,,4,2023-07-02
6513,4838,upgraded,2023-08-02,4,6,2023-08-02
6514,4839,downgraded,2023-10-02,6,5,2023-10-02
6515,4840,created,2023-08-27,,2,2023-08-27
6516,4841,upgraded,2024-08-27,2,4,2024-08-27
6517,4842,downgraded,2024-10-27,4,2,2024-10-27
6518,4843,created,2024-02-03,,2,2024-02-03
6519,4844,upgraded,2024-06-03,2,4,2024-06-03
6520,4844,canceled,2024-08-03,4,,2024-08-03
6521,4845,created,2023-09-05,,2,2023-09-05
6522,4845,canceled,2024-08-05,2,,2024-08-05
6523,4846,created,2023-02-17,,1,2023-02-17
6524,4846,canceled,2024-12-17,1,,2024-12-17
6525,4847,created,2023-05-11,,4,2023-05-14
6526,4848,created,2023-05-28,,4,2023-05-28
6527,4849,created,2024-12-07,,1,2024-12-07
6528,4850,created,2024-08-31,,1,2024-09-06
6529,4851,created,2024-11-07,,3,2024-11-07
6530,4852,created,2024-01-15,,1,2024-01-15
6531,4852,canceled,2024-02-15,1,,2024-02-15
6532,4853,created,2023-09-18,,6,2023-09-18
6533,4853,canceled,2023-11-18,6,,2023-11-18
6534,4854,created,2024-08-04,,1,2024-08-04
6535,4855,upgraded,2024-11-04,1,2,2024-11-04
6536,4856,created,2023-10-20,,1,2023-10-20
6537,4856,canceled,2024-10-20,1,,2024-10-20
6538,4857,created,2023-10-02,,2,2023-10-02
6539,4858,created,2023-08-13,,3,2023-08-13
6540,19642,canceled,2024-11-13,3,,2024-11-13
6541,4859,created,2023-04-19,,1,2023-04-19
6542,4859,canceled,2023-09-19,1,,2023-09-21
6543,4860,created,2023-09-19,,1,2023-09-19
6544,4860,canceled,2024-01-19,1,,2024-01-19
6545,4861,created,2023-11-16,,4,2023-11-16
6546,4861,canceled,2024-02-16,4,,2024-02-16
6547,4862,created,2024-06-20,,8,2024-06-26
6548,4863,created,2022-10-16,,5,2022-10-16
6549,4864,upgraded,2023-05-16,5,7,2023-05-16
6550,4864,canceled,2024-09-16,7,,2024-09-16
6551,4865,created,2023-07-15,,1,2023-07-15
6552,4865,canceled,2024-08-15,1,,2024-08-15
6553,4866,created,2024-09-29,,5,2024-09-29
6554,4867,upgraded,2024-10-29,5,6,2024-10-29
6555,4868,created,2023-05-06,,2,2023-05-06
6556,4869,upgraded,2023-10-06,2,4,2023-10-06
6557,4869,canceled,2024-03-06,4,,2024-03-06
6558,4870,reactivated,2024-12-06,,1,2024-12-09
6559,4871,created,2023-11-06,,4,2023-11-10
6560,4872,created,2024-10-05,,1,2024-10-05
6561,4873,created,2023-05-28,,8,2023-05-28
6562,4874,created,2023-01-12,,1,2023-01-12
6563,4874,canceled,2023-04-12,1,,2023-04-12
6564,4875,created,2024-02-15,,3,2024-02-15
6565,4876,created,2023-10-12,,1,2023-10-12
6566,4877,created,2024-03-17,,6,2024-03-17
6567,4877,canceled,2024-05-17,6,,2024-05-17
6568,4878,created,2024-09-07,,1,2024-09-07
6569,4879,created,2023-04-12,,3,2023-04-12
6570,4880,upgraded,2024-06-12,3,4,2024-06-18
6571,4881,created,2024-04-14,,6,2024-04-14
6572,4882,created,2024-02-16,,2,2024-02-16
6573,4882,canceled,2024-07-16,2,,2024-07-16
6574,4883,created,2023-04-27,,4,2023-04-27
6575,4883,canceled,2023-08-27,4,,2023-08-27
6576,4884,created,2024-05-07,,2,2024-05-07
6577,4885,created,2023-09-13,,8,2023-09-13
6578,4886,created,2024-02-01,,4,2024-02-01
6579,4887,created,2023-01-09,,4,2023-01-09
6580,4888,created,2024-01-21,,4,2024-01-21
6581,4889,created,2023-10-14,,1,2023-10-14
6582,4889,canceled,2023-12-14,1,,2023-12-14
6583,4890,reactivated,2024-04-14,,1,2024-04-14
6584,4890,canceled,2024-07-14,1,,2024-07-14
6585,4891,reactivated,2024-09-14,,2,2024-09-14
6586,4891,canceled,2024-10-14,2,,2024-10-14
6587,4892,created,2024-09-25,,2,2024-09-25
6588,4893,created,2022-09-20,,2,2022-09-20
6589,4894,downgraded,2023-08-20,2,1,2023-08-20
6590,4894,canceled,2023-09-20,1,,2023-09-20
6591,4895,created,2024-01-04,,5,2024-01-04
6592,4896,created,2024-01-28,,1,2024-01-28
6593,4896,canceled,2024-02-28,1,,2024-02-28
6594,4897,created,2024-07-30,,6,2024-07-30
6595,4898,created,2024-04-07,,5,2024-04-07
6596,4898,canceled,2024-11-07,5,,2024-11-07
6597,4899,created,2024-06-11,,1,2024-06-11
6598,4900,created,2024-08-23,,1,2024-08-23
6599,4901,created,2024-09-06,,1,2024-09-06
6600,4902,created,2023-10-18,,2,2023-10-18
6601,4903,upgraded,2024-04-18,2,5,2024-04-18
6602,4904,created,2024-03-21,,3,2024-03-21
6603,4905,created,2024-09-29,,1,2024-09-29
6604,4906,created,2024-12-30,,1,2024-12-30
6605,4907,created,2024-10-13,,5,2024-10-13
6606,4907,canceled,2024-12-13,5,,2024-12-13
6607,4908,created,2023-11-19,,3,2023-11-19
6608,4909,upgraded,2023-12-19,3,4,2023-12-19
6609,4910,created,2023-07-19,,2,2023-07-19
6610,4911,downgraded,2024-07-19,2,1,2024-07-19
6611,4912,created,2024-02-16,,3,2024-02-16
6612,4912,canceled,2024-12-16,3,,2024-12-16
6613,15659,created,2024-07-03,,2,2024-07-03
6614,4913,canceled,2024-08-03,2,,2024-08-07
6615,4914,created,2024-02-10,,1,2024-02-10
6616,4914,canceled,2024-03-10,1,,2024-03-10
6617,4915,created,2024-02-26,,2,2024-02-26
6618,4915,canceled,2024-06-26,2,,2024-06-26
6619,4916,created,2024-09-10,,1,2024-09-10
6620,4917,created,2023-11-20,,5,2023-11-20
6621,4918,created,2024-09-19,,5,2024-09-19
6622,4919,created,2023-12-07,,2,2023-12-07
6623,4919,canceled,2024-05-07,2,,2024-05-07
6624,4920,created,2023-10-01,,4,2023-10-01
6625,4921,created,2024-01-08,,8,2024-01-08
6626,4922,created,2024-08-11,,1,2024-08-11
6627,4922,canceled,2024-12-11,1,,2024-12-11
6628,4923,created,2023-03-15,,1,2023-03-15
6629,13524,canceled,2023-11-15,1,,2023-11-15
6630,4924,created,2023-07-28,,4,2023-07-28
6631,4924,canceled,2024-02-28,4,,2024-02-28
6632,4925,reactivated,2024-08-28,,1,2024-08-28
6633,4926,created,2024-11-01,,8,2024-11-01
6634,4927,created,2023-06-13,,2,2023-06-13
6635,4928,upgraded,2023-11-13,2,4,2023-11-13
6636,4929,upgraded,2024-03-13,4,7,2024-03-13
6637,4930,created,2024-03-11,,5,2024-03-11
6638,4930,canceled,2024-08-11,5,,2024-08-11
6639,4931,created,2024-04-14,,1,2024-04-14
6640,4932,created,2024-02-24,,6,2024-02-24
6641,4933,created,2024-05-03,,1,2024-05-03
6642,4934,upgraded,2024-11-03,1,2,2024-11-03
6643,4935,created,2023-08-22,,1,2023-08-22
6644,4935,canceled,2024-03-22,1,,2024-03-22
6645,4936,created,2024-03-01,,4,2024-03-01
6646,4937,created,2023-11-03,,1,2023-11-03
6647,4937,canceled,2024-05-03,1,,2024-05-03
6648,4938,created,2024-05-08,,4,2024-05-08
6649,4939,created,2023-04-01,,2,2023-04-01
6650,4939,canceled,2023-12-01,2,,2023-12-01
6651,4940,created,2024-04-03,,1,2024-04-03
6652,4941,created,2023-06-15,,3,2023-06-15
6653,4941,canceled,2023-12-15,3,,2023-12-19
6654,4942,created,2023-09-20,,7,2023-09-20
6655,4943,upgraded,2023-12-20,7,8,2023-12-20
6656,4944,created,2023-07-24,,1,2023-07-24
6657,4945,upgraded,2024-01-24,1,2,2024-01-24
6658,4946,downgraded,2024-09-24,2,1,2024-09-24
6659,4947,created,2023-06-03,,3,2023-06-03
6660,4947,canceled,2024-06-03,3,,2024-06-03
6661,4948,reactivated,2024-12-03,,3,2024-12-03
6662,4949,created,2024-09-02,,1,2024-09-02
6663,18867,created,2023-09-07,,1,2023-09-07
6664,4950,canceled,2024-03-07,1,,2024-03-17
6665,4951,reactivated,2024-12-07,,3,2024-12-07
6666,4952,created,2024-11-20,,2,2024-11-20
6667,4952,canceled,2024-12-20,2,,2024-12-20
6668,4953,created,2024-12-19,,4,2024-12-19
6669,4954,created,2024-04-01,,7,2024-04-01
6670,4955,created,2023-04-29,,1,2023-04-29
6671,4956,upgraded,2023-05-29,1,2,2023-05-29
6672,4956,canceled,2023-08-29,2,,2023-08-29
6673,14802,created,2023-11-23,,4,2023-11-23
6674,4957,canceled,2024-07-23,4,,2024-07-23
6675,4958,created,2024-08-25,,8,2024-08-25
6676,4959,downgraded,2024-11-25,8,6,2024-11-25
6677,4960,created,2023-11-19,,1,2023-11-19
6678,4960,canceled,2024-02-19,1,,2024-02-19
6679,4961,created,2023-01-07,,2,2023-01-07
6680,4962,downgraded,2023-08-07,2,1,2023-08-07
6681,4962,canceled,2023-10-07,1,,2023-10-07
6682,16417,created,2024-03-17,,1,2024-03-17
6683,4963,canceled,2024-06-17,1,,2024-06-26
6684,4964,created,2024-09-10,,1,2024-09-10
6685,4965,created,2024-08-12,,4,2024-08-12
6686,4965,canceled,2024-09-12,4,,2024-09-12
6687,4966,created,2023-06-14,,1,2023-06-14
6688,4967,created,2024-06-01,,1,2024-06-01
6689,4968,created,2023-08-25,,1,2023-08-25
6690,4969,upgraded,2024-03-25,1,2,2024-03-25
6691,4970,upgraded,2024-12-25,2,5,2024-12-25
6692,4971,created,2023-07-22,,3,2023-07-22
6693,4971,canceled,2024-05-22,3,,2024-05-22
6694,4972,created,2024-10-11,,4,2024-10-11
6695,4973,created,2023-08-16,,3,2023-08-16
6696,4974,upgraded,2024-08-16,3,5,2024-08-16
6697,4975,created,2023-09-24,,2,2023-09-24
6698,4976,downgraded,2024-10-24,2,1,2024-10-24
6699,4977,created,2022-01-12,,4,2022-01-12
6700,4977,canceled,2022-08-12,4,,2022-08-12
6701,4978,reactivated,2024-07-12,,2,2024-07-12
6702,4979,created,2024-10-26,,3,2024-10-26
6703,4979,canceled,2024-12-26,3,,2024-12-26
6704,4980,created,2024-08-29,,4,2024-08-29
6705,4981,created,2024-05-13,,4,2024-05-13
6706,4982,downgraded,2024-06-13,4,3,2024-06-13
6707,4983,created,2024-07-11,,1,2024-07-11
6708,4983,canceled,2024-11-11,1,,2024-11-11
6709,4984,created,2023-05-12,,1,2023-05-12
6710,4984,canceled,2023-09-12,1,,2023-09-12
6711,4985,created,2024-01-06,,1,2024-01-06
6712,18990,canceled,2024-07-06,1,,2024-07-06
6713,4986,created,2023-11-01,,1,2023-11-01
6714,4986,canceled,2024-02-01,1,,2024-02-01
6715,4987,created,2023-01-01,,4,2023-01-01
6716,4987,canceled,2024-03-01,4,,2024-03-01
6717,4988,created,2024-02-28,,2,2024-02-28
6718,4989,downgraded,2024-10-28,2,1,2024-10-28
6719,4989,canceled,2024-11-28,1,,2024-11-28
6720,4990,created,2024-11-24,,1,2024-11-24
6721,4991,created,2022-07-16,,2,2022-07-16
6722,4991,canceled,2023-05-16,2,,2023-05-16
6723,4992,created,2023-09-03,,1,2023-09-03
6724,4992,canceled,2023-12-03,1,,2023-12-03
6725,4993,created,2023-07-05,,1,2023-07-05
6726,4994,created,2023-08-14,,1,2023-08-14
6727,17757,canceled,2023-12-14,1,,2023-12-14
6728,4995,reactivated,2024-08-14,,1,2024-08-14
6729,4995,canceled,2024-10-14,1,,2024-10-14
6730,4996,created,2024-10-11,,2,2024-10-11
6731,4997,created,2024-02-04,,1,2024-02-04
6732,4997,canceled,2024-06-04,1,,2024-06-04
6733,4998,created,2024-01-12,,1,2024-01-12
6734,4998,canceled,2024-03-12,1,,2024-03-12
6735,4999,created,2024-08-16,,2,2024-08-16
6736,4999,canceled,2024-12-16,2,,2024-12-16
6737,5000,created,2023-05-07,,1,2023-05-07
6738,5000,canceled,2023-10-07,1,,2023-10-07
6739,5001,created,2024-02-29,,1,2024-02-29
6740,5001,canceled,2024-07-29,1,,2024-07-29
6741,5002,reactivated,2024-12-29,,1,2024-12-29
6742,5003,created,2024-01-26,,1,2024-01-26
6743,5003,canceled,2024-05-26,1,,2024-05-26
6744,5004,reactivated,2024-08-26,,5,2024-08-26
6745,5004,canceled,2024-12-26,5,,2024-12-26
6746,5005,created,2024-04-23,,3,2024-04-23
6747,5006,created,2024-12-21,,6,2024-12-21
6748,5007,created,2024-08-20,,6,2024-08-20
6749,5008,created,2023-12-16,,1,2023-12-16
6750,5009,created,2024-09-13,,2,2024-09-13
6751,5010,created,2023-06-16,,4,2023-06-16
6752,5011,upgraded,2023-11-16,4,6,2023-11-16
6753,5011,canceled,2024-04-16,6,,2024-04-16
6754,5012,created,2022-05-24,,6,2022-05-24
6755,5013,upgraded,2023-05-24,6,8,2023-05-24
6756,5014,created,2023-07-26,,6,2023-07-26
6757,5015,upgraded,2024-05-26,6,8,2024-05-26
6758,5016,created,2023-11-25,,2,2023-11-25
6759,5016,canceled,2024-12-25,2,,2024-12-25
6760,5017,created,2024-02-11,,2,2024-02-11
6761,5018,upgraded,2024-10-11,2,4,2024-10-11
6762,5019,created,2024-04-26,,2,2024-04-26
6763,5020,created,2024-10-20,,1,2024-10-20
6764,5020,canceled,2024-11-20,1,,2024-11-20
6765,5021,created,2024-02-07,,3,2024-02-07
6766,5022,created,2024-02-24,,2,2024-02-24
6767,5023,created,2022-09-17,,1,2022-09-17
6768,5023,canceled,2022-11-17,1,,2022-11-17
6769,5024,reactivated,2023-03-17,,3,2023-03-17
6770,5025,created,2022-06-27,,2,2022-06-27
6771,5025,canceled,2024-12-27,2,,2024-12-27
6772,5026,created,2024-03-10,,4,2024-03-10
6773,5027,created,2024-01-03,,2,2024-01-03
6774,5028,upgraded,2024-12-03,2,4,2024-12-03
6775,5029,created,2024-09-15,,2,2024-09-15
6776,5030,created,2023-05-25,,7,2023-05-25
6777,5031,upgraded,2024-02-25,7,8,2024-02-25
6778,13666,created,2022-04-07,,2,2022-04-07
6779,5033,upgraded,2023-04-07,2,4,2023-04-07
6780,5034,created,2024-01-05,,1,2024-01-05
6781,5035,created,2023-08-11,,1,2023-08-11
6782,5035,canceled,2024-01-11,1,,2024-01-11
6783,5036,created,2022-09-24,,6,2022-09-24
6784,5036,canceled,2023-08-24,6,,2023-08-24
6785,5037,created,2024-07-11,,2,2024-07-11
6786,5038,created,2023-03-02,,2,2023-03-02
6787,5039,created,2024-04-02,,1,2024-04-02
6788,5039,canceled,2024-07-02,1,,2024-07-02
6789,5040,created,2023-09-05,,8,2023-09-05
6790,5041,downgraded,2023-11-05,8,7,2023-11-05
6791,5042,created,2023-06-04,,4,2023-06-06
6792,5043,upgraded,2024-10-04,4,6,2024-10-04
6793,5044,created,2023-11-25,,3,2023-11-25
6794,5044,canceled,2024-01-25,3,,2024-01-25
6795,5045,created,2024-08-11,,2,2024-08-11
6796,5045,canceled,2024-11-11,2,,2024-11-11
6797,5046,created,2023-12-17,,1,2023-12-17
6798,5046,canceled,2024-03-17,1,,2024-03-17
6799,5047,created,2024-07-18,,2,2024-07-18
6800,5048,created,2023-03-04,,8,2023-03-04
6801,5049,downgraded,2024-01-04,8,6,2024-01-04
6802,5050,downgraded,2024-12-04,6,4,2024-12-04
6803,5051,created,2024-08-02,,3,2024-08-02
6804,5052,created,2023-08-27,,4,2023-08-27
6805,5052,canceled,2023-09-27,4,,2023-09-27
6806,5053,reactivated,2024-03-27,,1,2024-03-27
6807,5053,canceled,2024-06-27,1,,2024-06-27
6808,5054,created,2024-06-25,,1,2024-06-25
6809,5055,created,2024-03-17,,4,2024-03-17
6810,5056,created,2024-11-13,,1,2024-11-13
6811,5057,created,2023-12-22,,1,2023-12-22
6812,5057,canceled,2024-08-22,1,,2024-08-22
6813,5058,created,2022-10-07,,4,2022-10-07
6814,5059,created,2022-03-01,,8,2022-03-01
6815,5059,canceled,2022-08-01,8,,2022-08-01
6816,5060,reactivated,2022-12-01,,2,2022-12-01
6817,5060,canceled,2023-02-01,2,,2023-02-01
6818,5061,created,2024-09-17,,1,2024-09-17
6819,5062,created,2024-03-18,,4,2024-03-18
6820,5063,created,2024-08-09,,2,2024-08-09
6821,5064,downgraded,2024-09-09,2,1,2024-09-09
6822,5064,canceled,2024-11-09,1,,2024-11-09
6823,5065,created,2023-08-07,,6,2023-08-07
6824,17657,created,2023-11-29,,1,2023-11-29
6825,5066,canceled,2024-10-29,1,,2024-10-29
6826,5067,created,2022-05-01,,1,2022-05-01
6827,5068,upgraded,2022-07-01,1,2,2022-07-01
6828,5068,canceled,2023-01-01,2,,2023-01-01
6829,5069,reactivated,2023-02-01,,2,2023-02-01
6830,5069,canceled,2023-06-01,2,,2023-06-01
6831,5070,reactivated,2024-06-01,,2,2024-06-01
6832,5070,canceled,2024-09-01,2,,2024-09-01
6833,5071,created,2024-11-25,,1,2024-11-25
6834,5072,created,2024-06-26,,2,2024-06-26
6835,5073,upgraded,2024-11-26,2,4,2024-11-26
6836,5074,created,2024-11-25,,3,2024-11-25
6837,5075,created,2023-09-22,,1,2023-09-22
6838,5075,canceled,2023-12-22,1,,2023-12-22
6839,5076,created,2024-04-15,,1,2024-04-15
6840,5077,created,2024-06-29,,3,2024-06-29
6841,5078,created,2023-10-01,,6,2023-10-01
6842,5079,created,2024-09-16,,1,2024-09-16
6843,5080,created,2024-11-13,,1,2024-11-13
6844,5081,created,2024-10-18,,2,2024-10-28
6845,5082,created,2024-07-31,,1,2024-07-31
6846,5083,created,2023-09-28,,2,2023-09-28
6847,5084,created,2023-09-09,,1,2023-09-09
6848,5084,canceled,2023-12-09,1,,2023-12-09
6849,5085,created,2024-11-19,,1,2024-11-19
6850,5086,created,2022-02-21,,1,2022-02-21
6851,5086,canceled,2023-06-21,1,,2023-07-01
6852,5087,created,2024-07-03,,2,2024-07-03
6853,5088,downgraded,2024-10-03,2,1,2024-10-03
6854,5089,created,2024-06-02,,6,2024-06-02
6855,5090,created,2024-05-30,,4,2024-05-30
6856,5091,upgraded,2024-12-30,4,6,2024-12-30
6857,5092,created,2024-12-04,,1,2024-12-04
6858,5093,created,2023-10-01,,1,2023-10-01
6859,5093,canceled,2024-03-01,1,,2024-03-01
6860,5094,created,2023-11-04,,4,2023-11-04
6861,5095,created,2022-12-19,,2,2022-12-19
6862,5095,canceled,2023-02-19,2,,2023-02-19
6863,5096,reactivated,2023-12-19,,6,2023-12-19
6864,5097,created,2024-01-19,,1,2024-01-19
6865,5097,canceled,2024-05-19,1,,2024-05-19
6866,5098,created,2023-09-03,,8,2023-09-03
6867,5099,downgraded,2023-12-03,8,6,2023-12-03
6868,5100,created,2023-11-14,,1,2023-11-14
6869,5101,upgraded,2023-12-14,1,3,2023-12-14
6870,5102,upgraded,2024-03-14,3,4,2024-03-14
6871,5103,upgraded,2024-06-14,4,7,2024-06-14
6872,5104,created,2024-09-19,,1,2024-09-19
6873,5105,created,2024-11-29,,3,2024-11-29
6874,5106,created,2023-06-26,,2,2023-06-26
6875,5107,upgraded,2023-10-26,2,4,2023-10-26
6876,5108,upgraded,2024-12-26,4,6,2024-12-26
6877,5109,created,2023-11-07,,4,2023-11-07
6878,5110,created,2024-11-21,,2,2024-11-21
6879,5111,created,2022-10-18,,6,2022-10-18
6880,5112,upgraded,2023-02-18,6,8,2023-02-18
6881,5113,downgraded,2023-12-18,8,6,2023-12-18
6882,5114,created,2023-01-28,,1,2023-01-28
6883,5114,canceled,2023-05-28,1,,2023-05-28
6884,5115,created,2023-05-12,,4,2023-05-12
6885,5115,canceled,2024-04-12,4,,2024-04-12
6886,5116,created,2024-04-22,,2,2024-04-22
6887,5117,downgraded,2024-11-22,2,1,2024-11-22
6888,5118,created,2023-05-11,,7,2023-05-11
6889,5119,upgraded,2024-02-11,7,8,2024-02-11
6890,5120,downgraded,2024-11-11,8,7,2024-11-11
6891,5121,downgraded,2024-12-11,7,4,2024-12-11
6892,5122,created,2024-11-13,,1,2024-11-13
6893,5123,created,2024-01-05,,3,2024-01-05
6894,5123,canceled,2024-03-05,3,,2024-03-05
6895,5124,created,2024-02-18,,2,2024-02-18
6896,5125,created,2023-08-09,,4,2023-08-09
6897,5125,canceled,2024-02-09,4,,2024-02-09
6898,5126,created,2024-02-15,,1,2024-02-15
6899,5127,created,2024-05-29,,1,2024-05-29
6900,5127,canceled,2024-07-29,1,,2024-07-29
6901,5128,created,2024-07-21,,1,2024-07-21
6902,5129,created,2024-07-24,,1,2024-07-24
6903,5130,created,2024-04-27,,1,2024-04-27
6904,5131,upgraded,2024-07-27,1,2,2024-07-27
6905,5131,canceled,2024-10-27,2,,2024-10-27
6906,5132,created,2024-10-27,,2,2024-10-27
6907,5133,downgraded,2024-11-27,2,1,2024-11-27
6908,5134,created,2024-09-02,,8,2024-09-02
6909,5135,created,2024-07-18,,1,2024-07-18
6910,5136,created,2022-09-23,,5,2022-09-23
6911,5137,upgraded,2022-11-23,5,6,2022-11-23
6912,5138,upgraded,2022-12-23,6,8,2022-12-23
6913,5139,downgraded,2023-06-23,8,6,2023-06-23
6914,5140,created,2022-01-27,,4,2022-01-27
6915,5140,canceled,2022-02-27,4,,2022-02-27
6916,5141,reactivated,2023-09-27,,4,2023-09-27
6917,5142,created,2023-07-22,,1,2023-07-22
6918,5143,upgraded,2024-06-22,1,2,2024-06-22
6919,5144,created,2024-05-14,,1,2024-05-14
6920,5145,upgraded,2024-08-14,1,2,2024-08-14
6921,5146,created,2024-01-21,,6,2024-01-21
6922,5147,upgraded,2024-11-21,6,8,2024-11-21
6923,5148,created,2023-12-07,,2,2023-12-07
6924,5148,canceled,2024-04-07,2,,2024-04-07
6925,5149,created,2024-10-26,,7,2024-10-26
6926,5150,created,2024-10-31,,1,2024-11-03
6927,5151,created,2024-10-07,,7,2024-10-07
6928,5152,created,2023-10-01,,1,2023-10-01
6929,5152,canceled,2024-03-01,1,,2024-03-01
6930,5153,reactivated,2024-06-01,,1,2024-06-01
6931,5153,canceled,2024-07-01,1,,2024-07-01
6932,5154,created,2024-06-27,,6,2024-06-27
6933,5155,created,2023-09-04,,1,2023-09-04
6934,5155,canceled,2024-08-04,1,,2024-08-04
6935,5156,created,2023-06-23,,6,2023-06-23
6936,5156,canceled,2023-08-23,6,,2023-08-23
6937,5157,reactivated,2024-10-23,,3,2024-10-23
6938,5158,created,2023-06-10,,2,2023-06-10
6939,5159,upgraded,2024-08-10,2,4,2024-08-10
6940,5160,created,2023-11-20,,1,2023-11-20
6941,5160,canceled,2024-09-20,1,,2024-09-20
6942,5161,created,2024-01-16,,2,2024-01-16
6943,5161,canceled,2024-05-16,2,,2024-05-16
6944,5162,reactivated,2024-10-16,,2,2024-10-16
6945,5163,created,2024-09-28,,1,2024-09-28
6946,5164,upgraded,2024-10-28,1,2,2024-10-28
6947,5165,upgraded,2024-12-28,2,4,2024-12-28
6948,5166,created,2023-03-14,,3,2023-03-14
6949,20580,canceled,2023-05-14,3,,2023-05-14
6950,5167,created,2024-07-22,,3,2024-07-22
6951,5168,created,2024-03-16,,2,2024-03-16
6952,5168,canceled,2024-09-16,2,,2024-09-16
6953,5169,created,2023-09-03,,3,2023-09-03
6954,5169,canceled,2024-09-03,3,,2024-09-03
6955,5170,created,2024-02-04,,1,2024-02-11
6956,5170,canceled,2024-05-04,1,,2024-05-04
6957,5171,created,2023-10-16,,1,2023-10-16
6958,5171,canceled,2024-03-16,1,,2024-03-16
6959,5172,created,2024-04-28,,2,2024-04-28
6960,5172,canceled,2024-11-28,2,,2024-11-28
6961,5173,created,2024-01-22,,6,2024-01-22
6962,5174,created,2023-05-30,,5,2023-05-30
6963,5174,canceled,2023-07-30,5,,2023-07-30
6964,5175,created,2023-03-09,,2,2023-03-09
6965,5176,upgraded,2023-08-09,2,4,2023-08-09
6966,5176,canceled,2023-09-09,4,,2023-09-09
6967,5177,created,2024-03-21,,5,2024-03-21
6968,5178,created,2024-10-17,,2,2024-10-19
6969,5179,created,2023-11-06,,6,2023-11-06
6970,5180,created,2024-07-22,,3,2024-07-27
6971,5181,upgraded,2024-08-22,3,4,2024-08-22
6972,18443,created,2024-05-16,,2,2024-05-16
6973,5183,created,2024-11-21,,4,2024-11-21
6974,5184,created,2024-09-06,,1,2024-09-06
6975,5184,canceled,2024-11-06,1,,2024-11-06
6976,5185,created,2024-03-16,,6,2024-03-16
6977,5186,upgraded,2024-07-16,6,8,2024-07-16
6978,5187,created,2024-05-30,,1,2024-05-30
6979,5188,upgraded,2024-06-30,1,3,2024-07-02
6980,5189,created,2024-10-31,,4,2024-10-31
6981,5190,created,2023-12-26,,3,2023-12-26
6982,5190,canceled,2024-06-26,3,,2024-06-26
6983,5191,created,2023-10-23,,3,2023-10-23
6984,5192,created,2022-02-02,,6,2022-02-02
6985,5193,downgraded,2022-06-02,6,4,2022-06-02
6986,5194,upgraded,2023-02-02,4,7,2023-02-02
6987,5195,upgraded,2024-04-02,7,8,2024-04-02
6988,5196,created,2024-09-03,,2,2024-09-03
6989,5197,created,2024-08-16,,5,2024-08-16
6990,5198,created,2023-02-05,,1,2023-02-05
6991,5199,upgraded,2023-10-05,1,2,2023-10-05
6992,5200,upgraded,2024-06-05,2,4,2024-06-05
6993,5201,created,2024-04-22,,4,2024-04-22
6994,5201,canceled,2024-08-22,4,,2024-08-22
6995,5202,reactivated,2024-10-22,,1,2024-10-22
6996,5203,created,2024-01-18,,4,2024-01-18
6997,5203,canceled,2024-05-18,4,,2024-05-18
6998,5204,created,2023-03-06,,1,2023-03-06
6999,5205,upgraded,2023-09-06,1,2,2023-09-16
7000,5206,downgraded,2023-11-06,2,1,2023-11-06
7001,5206,canceled,2024-03-06,1,,2024-03-06
7002,5207,created,2024-12-07,,1,2024-12-07
7003,5208,created,2023-07-01,,1,2023-07-10
7004,5208,canceled,2024-07-01,1,,2024-07-01
7005,5209,created,2022-11-17,,1,2022-11-17
7006,5209,canceled,2023-07-17,1,,2023-07-17
7007,5210,created,2024-04-29,,6,2024-04-29
7008,5211,upgraded,2024-05-29,6,8,2024-05-29
7009,5212,downgraded,2024-07-29,8,6,2024-07-29
7010,5213,upgraded,2024-12-29,6,8,2024-12-29
7011,5214,created,2024-07-16,,2,2024-07-16
7012,5215,created,2022-06-16,,1,2022-06-16
7013,5215,canceled,2022-08-16,1,,2022-08-16
7014,5216,created,2024-05-21,,7,2024-05-21
7015,5217,created,2024-03-05,,1,2024-03-05
7016,5218,created,2023-02-16,,2,2023-02-16
7017,5219,downgraded,2024-01-16,2,1,2024-01-16
7018,5219,canceled,2024-05-16,1,,2024-05-16
7019,5220,created,2023-06-08,,1,2023-06-08
7020,5221,upgraded,2024-03-08,1,2,2024-03-08
7021,5221,canceled,2024-04-08,2,,2024-04-08
7022,5222,created,2024-03-31,,1,2024-03-31
7023,5223,upgraded,2024-10-30,1,3,2024-10-30
7024,5224,created,2023-10-14,,5,2023-10-14
7025,5225,created,2024-11-07,,2,2024-11-07
7026,5226,downgraded,2024-12-07,2,1,2024-12-07
7027,5227,created,2024-09-20,,5,2024-09-20
7028,5228,created,2024-12-16,,3,2024-12-16
7029,5229,created,2023-09-21,,6,2023-09-21
7030,5230,created,2024-12-17,,1,2024-12-17
7031,5231,created,2024-01-01,,6,2024-01-01
7032,5232,created,2023-11-25,,4,2023-11-25
7033,5232,canceled,2024-01-25,4,,2024-01-25
7034,5233,created,2022-09-13,,2,2022-09-13
7035,5234,upgraded,2023-01-13,2,4,2023-01-13
7036,5234,canceled,2024-11-13,4,,2024-11-13
7037,5235,created,2022-09-11,,1,2022-09-18
7038,20400,canceled,2022-11-11,1,,2022-11-11
7039,5236,reactivated,2023-06-11,,1,2023-06-11
7040,5236,canceled,2024-06-11,1,,2024-06-11
7041,5237,created,2024-06-10,,2,2024-06-10
7042,5238,created,2024-01-25,,4,2024-01-25
7043,5239,created,2023-08-30,,1,2023-08-30
7044,5239,canceled,2024-03-29,1,,2024-03-29
7045,5240,reactivated,2024-09-29,,1,2024-09-29
7046,5241,created,2024-04-05,,2,2024-04-05
7047,5241,canceled,2024-11-05,2,,2024-11-05
7048,5242,created,2023-09-11,,4,2023-09-11
7049,5243,downgraded,2024-06-11,4,3,2024-06-11
7050,5244,upgraded,2024-09-11,3,5,2024-09-11
7051,5245,created,2024-04-21,,3,2024-04-21
7052,5245,canceled,2024-07-21,3,,2024-07-21
7053,5246,created,2023-11-17,,1,2023-11-17
7054,5247,upgraded,2024-04-17,1,3,2024-04-17
7055,5248,created,2024-09-08,,1,2024-09-08
7056,5249,created,2024-09-27,,4,2024-09-27
7057,5250,created,2024-02-20,,4,2024-02-20
7058,5251,created,2023-11-29,,3,2023-11-29
7059,5251,canceled,2023-12-29,3,,2023-12-29
7060,5252,reactivated,2024-01-29,,2,2024-01-29
7061,5253,downgraded,2024-05-29,2,1,2024-05-29
7062,5253,canceled,2024-12-29,1,,2024-12-29
7063,5254,created,2023-11-07,,7,2023-11-07
7064,5255,created,2024-09-11,,6,2024-09-11
7065,5256,created,2023-10-04,,5,2023-10-04
7066,5257,downgraded,2024-03-04,5,3,2024-03-04
7067,5258,upgraded,2024-09-04,3,4,2024-09-04
7068,5259,created,2023-07-07,,1,2023-07-07
7069,5259,canceled,2023-11-07,1,,2023-11-07
7070,5260,reactivated,2023-12-07,,5,2023-12-10
7071,5260,canceled,2024-05-07,5,,2024-05-07
7072,5261,created,2023-01-29,,3,2023-01-29
7073,5262,created,2024-01-16,,1,2024-01-16
7074,5263,upgraded,2024-05-16,1,2,2024-05-16
7075,5264,created,2024-02-11,,4,2024-02-11
7076,5265,created,2024-09-13,,1,2024-09-13
7077,5265,canceled,2024-10-13,1,,2024-10-23
7078,5266,created,2023-08-07,,2,2023-08-07
7079,5267,created,2023-11-30,,1,2023-11-30
7080,5268,created,2024-09-19,,6,2024-09-19
7081,5269,upgraded,2024-11-19,6,8,2024-11-19
7082,5270,created,2024-09-21,,1,2024-09-21
7083,5271,created,2023-12-13,,3,2023-12-13
7084,5271,canceled,2024-10-13,3,,2024-10-13
7085,5272,created,2024-01-25,,1,2024-01-25
7086,5273,created,2023-10-09,,3,2023-10-09
7087,5273,canceled,2024-03-09,3,,2024-03-09
7088,5274,created,2024-11-04,,3,2024-11-14
7089,5275,created,2023-03-29,,6,2023-03-29
7090,5275,canceled,2023-07-29,6,,2023-07-29
7091,5276,created,2024-11-20,,7,2024-11-20
7092,5277,created,2024-06-08,,1,2024-06-08
7093,5278,created,2024-03-18,,5,2024-03-18
7094,5279,created,2022-06-19,,4,2022-06-19
7095,5280,upgraded,2023-07-19,4,6,2023-07-19
7096,5281,upgraded,2023-12-19,6,8,2023-12-19
7097,5282,downgraded,2024-03-19,8,6,2024-03-19
7098,5283,created,2024-02-27,,4,2024-02-27
7099,5284,downgraded,2024-08-27,4,2,2024-08-27
7100,5285,created,2023-12-06,,1,2023-12-06
7101,5285,canceled,2024-03-06,1,,2024-03-06
7102,5286,created,2023-05-09,,3,2023-05-09
7103,5287,upgraded,2023-07-09,3,4,2023-07-09
7104,5287,canceled,2024-07-09,4,,2024-07-09
7105,5288,created,2024-05-14,,5,2024-05-14
7106,5289,created,2024-12-06,,1,2024-12-06
7107,5290,created,2024-03-22,,1,2024-03-22
7108,5291,created,2024-07-13,,3,2024-07-13
7109,5292,upgraded,2024-08-13,3,4,2024-08-13
7110,5293,created,2022-11-14,,4,2022-11-14
7111,5294,upgraded,2024-09-14,4,6,2024-09-14
7112,5295,created,2024-01-13,,1,2024-01-13
7113,5295,canceled,2024-09-13,1,,2024-09-13
7114,5296,created,2023-03-25,,1,2023-03-25
7115,5297,created,2024-04-26,,1,2024-04-26
7116,5298,upgraded,2024-06-26,1,3,2024-06-26
7117,5299,created,2024-11-17,,6,2024-11-17
7118,5300,created,2024-05-12,,2,2024-05-12
7119,5300,canceled,2024-10-12,2,,2024-10-12
7120,5301,created,2022-12-22,,3,2022-12-22
7121,5302,downgraded,2024-07-22,3,1,2024-07-22
7122,5303,created,2023-11-11,,7,2023-11-11
7123,5304,created,2024-03-29,,5,2024-03-29
7124,5305,created,2023-12-01,,1,2023-12-01
7125,5305,canceled,2024-04-01,1,,2024-04-01
7126,5306,created,2024-09-03,,1,2024-09-03
7127,5307,created,2024-09-12,,3,2024-09-12
7128,5308,created,2024-04-15,,2,2024-04-15
7129,5308,canceled,2024-05-15,2,,2024-05-15
7130,5309,created,2023-11-08,,5,2023-11-08
7131,5310,created,2023-09-06,,6,2023-09-06
7132,5310,canceled,2024-06-06,6,,2024-06-06
7133,5311,created,2023-02-20,,6,2023-02-20
7134,5312,upgraded,2024-02-20,6,8,2024-02-20
7135,5313,created,2023-11-13,,1,2023-11-13
7136,5313,canceled,2024-09-13,1,,2024-09-13
7137,5314,created,2024-01-30,,1,2024-01-30
7138,5314,canceled,2024-06-29,1,,2024-06-29
7139,5315,created,2024-06-09,,1,2024-06-09
7140,5315,canceled,2024-09-09,1,,2024-09-09
7141,5316,created,2024-05-10,,3,2024-05-10
7142,5317,created,2022-11-06,,2,2022-11-06
7143,5317,canceled,2023-05-06,2,,2023-05-06
7144,5318,reactivated,2024-10-06,,2,2024-10-12
7145,5319,created,2023-12-08,,1,2023-12-08
7146,5319,canceled,2024-01-08,1,,2024-01-08
7147,5320,created,2023-06-26,,2,2023-06-26
7148,5320,canceled,2024-09-26,2,,2024-09-26
7149,5321,created,2023-05-06,,4,2023-05-06
7150,5322,created,2024-09-06,,4,2024-09-06
7151,5323,created,2022-07-23,,3,2022-07-23
7152,5324,upgraded,2022-10-23,3,4,2022-10-23
7153,5325,upgraded,2023-04-23,4,7,2023-04-23
7154,5325,canceled,2023-10-23,7,,2023-10-23
7155,5326,created,2024-01-26,,1,2024-01-26
7156,5327,created,2023-05-25,,6,2023-05-28
7157,5328,created,2024-10-06,,2,2024-10-06
7158,5329,created,2024-03-25,,2,2024-03-25
7159,5330,downgraded,2024-05-25,2,1,2024-05-25
7160,5330,canceled,2024-09-25,1,,2024-09-25
7161,5331,created,2023-08-29,,2,2023-08-29
7162,5332,created,2024-02-05,,2,2024-02-05
7163,5332,canceled,2024-05-05,2,,2024-05-05
7164,5333,created,2024-07-12,,1,2024-07-12
7165,5333,canceled,2024-08-12,1,,2024-08-12
7166,5334,created,2024-11-06,,1,2024-11-06
7167,5335,created,2023-08-20,,3,2023-08-20
7168,5336,upgraded,2024-03-20,3,4,2024-03-20
7169,5337,created,2024-10-01,,2,2024-10-01
7170,5338,created,2024-11-25,,6,2024-11-25
7171,5339,created,2024-10-17,,1,2024-10-17
7172,5340,created,2024-05-26,,3,2024-05-26
7173,5341,upgraded,2024-06-26,3,5,2024-06-26
7174,5341,canceled,2024-10-26,5,,2024-10-26
7175,5342,created,2024-05-25,,4,2024-05-25
7176,5343,created,2023-12-28,,4,2023-12-28
7177,5344,upgraded,2024-02-28,4,6,2024-02-28
7178,5345,downgraded,2024-05-28,6,5,2024-05-28
7179,5346,upgraded,2024-06-28,5,6,2024-06-28
7180,5347,created,2024-07-20,,1,2024-07-20
7181,5348,created,2024-03-29,,1,2024-03-29
7182,5349,created,2024-06-11,,1,2024-06-11
7183,5350,created,2024-01-25,,5,2024-01-25
7184,5351,upgraded,2024-02-25,5,6,2024-02-25
7185,5352,downgraded,2024-03-25,6,4,2024-03-25
7186,5353,upgraded,2024-08-25,4,6,2024-08-25
7187,5354,created,2024-07-26,,2,2024-07-26
7188,5354,canceled,2024-08-26,2,,2024-08-26
7189,5355,created,2024-09-13,,1,2024-09-13
7190,5356,created,2023-05-15,,1,2023-05-15
7191,5357,upgraded,2023-08-15,1,2,2023-08-15
7192,5358,created,2024-09-12,,2,2024-09-12
7193,5359,upgraded,2024-10-12,2,5,2024-10-12
7194,5360,downgraded,2024-12-12,5,2,2024-12-12
7195,5361,created,2024-03-02,,1,2024-03-02
7196,5361,canceled,2024-12-02,1,,2024-12-02
7197,5362,created,2024-09-04,,1,2024-09-04
7198,5363,created,2024-01-13,,2,2024-01-13
7199,5364,created,2023-11-10,,4,2023-11-10
7200,5364,canceled,2024-03-10,4,,2024-03-10
7201,5365,created,2024-10-30,,2,2024-10-30
7202,5366,upgraded,2024-12-30,2,4,2024-12-30
7203,5367,created,2023-09-11,,1,2023-09-11
7204,5367,canceled,2024-10-11,1,,2024-10-11
7205,5368,created,2024-09-04,,4,2024-09-14
7206,5369,downgraded,2024-10-04,4,2,2024-10-04
7207,5370,upgraded,2024-11-04,2,4,2024-11-04
7208,5371,created,2024-02-01,,1,2024-02-01
7209,5371,canceled,2024-03-01,1,,2024-03-01
7210,5372,reactivated,2024-06-01,,1,2024-06-01
7211,5372,canceled,2024-10-01,1,,2024-10-01
7212,5373,created,2024-02-15,,8,2024-02-15
7213,5374,created,2023-10-20,,1,2023-10-20
7214,5374,canceled,2023-12-20,1,,2023-12-20
7215,5375,created,2024-04-19,,5,2024-04-19
7216,5376,created,2023-10-25,,5,2023-10-25
7217,5377,created,2022-07-24,,1,2022-07-24
7218,5377,canceled,2023-02-24,1,,2023-02-24
7219,5378,reactivated,2023-08-24,,3,2023-08-24
7220,5379,upgraded,2023-10-24,3,5,2023-10-24
7221,5379,canceled,2024-06-24,5,,2024-06-24
7222,5380,created,2023-09-30,,1,2023-09-30
7223,5380,canceled,2023-10-30,1,,2023-10-30
7224,5381,reactivated,2024-09-29,,1,2024-09-29
7225,5381,canceled,2024-12-29,1,,2024-12-29
7226,5382,created,2022-01-24,,2,2022-01-24
7227,5382,canceled,2023-05-24,2,,2023-05-24
7228,5383,reactivated,2024-04-24,,1,2024-04-24
7229,5383,canceled,2024-12-24,1,,2025-01-01
7230,5384,created,2024-12-30,,6,2024-12-30
7231,5385,created,2024-11-08,,1,2024-11-08
7232,5386,created,2023-12-07,,3,2023-12-07
7233,5387,upgraded,2024-11-07,3,4,2024-11-07
7234,5388,created,2024-07-29,,2,2024-07-29
7235,5389,created,2023-11-30,,4,2023-11-30
7236,5390,created,2024-06-02,,4,2024-06-02
7237,5391,downgraded,2024-08-02,4,3,2024-08-02
7238,5392,downgraded,2024-11-02,3,1,2024-11-02
7239,5393,created,2024-09-15,,1,2024-09-15
7240,5394,created,2024-11-04,,1,2024-11-04
7241,5395,created,2023-12-20,,4,2023-12-20
7242,5395,canceled,2024-06-20,4,,2024-06-20
7243,5396,created,2024-08-31,,1,2024-08-31
7244,5396,canceled,2024-10-30,1,,2024-10-30
7245,5397,created,2023-09-27,,8,2023-09-27
7246,5398,created,2024-12-05,,1,2024-12-05
7247,5399,created,2022-05-22,,4,2022-05-22
7248,5399,canceled,2023-03-22,4,,2023-03-22
7249,5400,reactivated,2023-06-22,,5,2023-06-22
7250,5401,downgraded,2024-06-22,5,2,2024-07-01
7251,5401,canceled,2024-12-22,2,,2024-12-22
7252,5402,created,2024-04-08,,2,2024-04-08
7253,5403,created,2024-05-31,,2,2024-05-31
7254,5403,canceled,2024-07-30,2,,2024-07-30
7255,5404,created,2024-06-13,,6,2024-06-13
7256,5405,created,2023-03-09,,3,2023-03-09
7257,5406,upgraded,2024-09-09,3,5,2024-09-09
7258,5407,created,2024-11-26,,1,2024-11-26
7259,5408,created,2023-06-05,,4,2023-06-05
7260,5408,canceled,2024-05-05,4,,2024-05-05
7261,5409,created,2024-05-14,,1,2024-05-14
7262,5409,canceled,2024-07-14,1,,2024-07-14
7263,5410,created,2023-08-03,,2,2023-08-03
7264,5410,canceled,2024-03-03,2,,2024-03-03
7265,5411,created,2023-10-22,,3,2023-10-22
7266,5412,upgraded,2024-09-22,3,4,2024-09-22
7267,5413,downgraded,2024-11-22,4,2,2024-11-22
7268,5414,created,2024-03-14,,1,2024-03-14
7269,5415,upgraded,2024-04-14,1,3,2024-04-14
7270,5416,upgraded,2024-05-14,3,5,2024-05-14
7271,5417,created,2024-01-01,,2,2024-01-01
7272,5418,created,2023-05-16,,2,2023-05-16
7273,5418,canceled,2023-07-16,2,,2023-07-16
7274,5419,created,2023-06-19,,4,2023-06-19
7275,5419,canceled,2024-01-19,4,,2024-01-22
7276,5420,created,2024-01-08,,1,2024-01-08
7277,5420,canceled,2024-07-08,1,,2024-07-08
7278,5421,created,2024-08-11,,4,2024-08-11
7279,5422,upgraded,2024-10-11,4,6,2024-10-11
7280,5423,created,2024-10-03,,1,2024-10-03
7281,5424,created,2023-01-16,,3,2023-01-16
7282,5424,canceled,2024-11-16,3,,2024-11-16
7283,5425,created,2023-12-23,,1,2023-12-23
7284,5425,canceled,2024-03-23,1,,2024-03-23
7285,5426,created,2023-02-06,,1,2023-02-06
7286,5426,canceled,2023-08-06,1,,2023-08-06
7287,5427,created,2022-03-22,,1,2022-03-22
7288,5427,canceled,2022-10-22,1,,2022-10-22
7289,5428,created,2024-05-19,,4,2024-05-19
7290,5429,created,2024-04-04,,4,2024-04-04
7291,5430,upgraded,2024-12-04,4,7,2024-12-04
7292,5431,created,2023-05-20,,1,2023-05-20
7293,5431,canceled,2023-07-20,1,,2023-07-20
7294,5432,created,2023-08-29,,8,2023-08-29
7295,5433,downgraded,2023-10-29,8,6,2023-10-29
7296,5434,upgraded,2024-11-29,6,8,2024-11-29
7297,5435,created,2022-04-19,,1,2022-04-19
7298,5435,canceled,2022-07-19,1,,2022-07-19
7299,5436,reactivated,2024-04-19,,2,2024-04-19
7300,5437,upgraded,2024-10-19,2,4,2024-10-19
7301,5438,upgraded,2024-11-19,4,7,2024-11-19
7302,5439,created,2024-09-20,,1,2024-09-20
7303,5440,created,2024-12-09,,4,2024-12-09
7304,5441,created,2023-04-16,,4,2023-04-16
7305,5442,upgraded,2023-08-16,4,6,2023-08-16
7306,5443,upgraded,2023-09-16,6,8,2023-09-16
7307,5444,created,2023-08-28,,7,2023-08-28
7308,5445,upgraded,2024-05-28,7,8,2024-05-28
7309,5446,created,2024-10-15,,4,2024-10-15
7310,5447,created,2024-11-23,,4,2024-11-23
7311,5448,created,2024-01-26,,4,2024-01-26
7312,5449,created,2022-09-08,,1,2022-09-08
7313,5450,upgraded,2023-06-08,1,2,2023-06-08
7314,5451,downgraded,2024-02-08,2,1,2024-02-13
7315,5452,upgraded,2024-12-08,1,2,2024-12-08
7316,5453,created,2022-07-02,,1,2022-07-02
7317,5453,canceled,2023-01-02,1,,2023-01-02
7318,5454,created,2024-04-15,,6,2024-04-15
7319,5455,created,2023-12-11,,4,2023-12-11
7320,5456,downgraded,2024-04-11,4,3,2024-04-11
7321,5457,created,2022-05-14,,3,2022-05-14
7322,5457,canceled,2023-03-14,3,,2023-03-14
7323,5458,reactivated,2023-06-14,,4,2023-06-14
7324,5459,created,2024-04-22,,1,2024-04-22
7325,5460,created,2022-02-07,,1,2022-02-07
7326,5460,canceled,2022-04-07,1,,2022-04-07
7327,5461,created,2024-08-13,,2,2024-08-13
7328,5462,created,2023-10-28,,3,2023-10-28
7329,5463,upgraded,2023-11-28,3,4,2023-11-28
7330,5464,created,2022-07-15,,2,2022-07-15
7331,5464,canceled,2022-11-15,2,,2022-11-15
7332,5465,created,2024-04-11,,1,2024-04-11
7333,5466,upgraded,2024-06-11,1,2,2024-06-11
7334,5467,created,2023-12-23,,3,2023-12-23
7335,5468,upgraded,2024-04-23,3,4,2024-04-23
7336,5469,created,2024-12-19,,4,2024-12-19
7337,5470,created,2024-03-06,,3,2024-03-06
7338,5471,downgraded,2024-09-06,3,1,2024-09-06
7339,5472,created,2023-09-11,,6,2023-09-11
7340,5472,canceled,2024-04-11,6,,2024-04-11
7341,5473,reactivated,2024-11-11,,3,2024-11-11
7342,5474,created,2024-06-20,,1,2024-06-20
7343,5474,canceled,2024-12-20,1,,2024-12-20
7344,5475,created,2023-09-06,,1,2023-09-06
7345,5476,created,2024-10-23,,1,2024-10-23
7346,5477,created,2023-11-04,,2,2023-11-04
7347,5478,created,2024-03-07,,2,2024-03-07
7348,5479,created,2022-09-24,,2,2022-09-24
7349,5480,upgraded,2022-10-24,2,4,2022-10-24
7350,5480,canceled,2022-12-24,4,,2022-12-24
7351,5481,reactivated,2024-08-24,,1,2024-08-24
7352,5481,canceled,2024-10-24,1,,2024-10-24
7353,5482,created,2024-01-19,,2,2024-01-19
7354,5483,created,2024-09-24,,5,2024-09-24
7355,5484,created,2024-09-18,,4,2024-09-18
7356,5484,canceled,2024-12-18,4,,2024-12-18
7357,5485,created,2023-08-10,,2,2023-08-10
7358,5485,canceled,2024-12-10,2,,2024-12-10
7359,5486,created,2023-08-26,,1,2023-08-26
7360,5486,canceled,2023-11-26,1,,2023-11-26
7361,5487,created,2024-09-15,,1,2024-09-19
7362,5488,created,2024-11-11,,4,2024-11-11
7363,5489,created,2023-01-29,,2,2023-01-29
7364,5489,canceled,2023-03-28,2,,2023-03-28
7365,5490,reactivated,2024-03-28,,1,2024-03-28
7366,5490,canceled,2024-07-28,1,,2024-07-28
7367,5491,created,2024-01-29,,2,2024-01-29
7368,5492,created,2023-10-08,,1,2023-10-08
7369,5493,upgraded,2024-02-08,1,2,2024-02-08
7370,5493,canceled,2024-09-08,2,,2024-09-08
7371,5494,created,2024-10-13,,3,2024-10-13
7372,5495,downgraded,2024-11-13,3,1,2024-11-13
7373,5496,created,2023-01-26,,1,2023-01-26
7374,5496,canceled,2023-02-26,1,,2023-02-26
7375,5497,reactivated,2023-10-26,,1,2023-10-26
7376,5498,upgraded,2023-11-26,1,2,2023-11-26
7377,5498,canceled,2024-11-26,2,,2024-11-26
7378,5499,created,2023-07-14,,7,2023-07-14
7379,5500,upgraded,2023-10-14,7,8,2023-10-14
7380,5501,downgraded,2024-06-14,8,6,2024-06-14
7381,5501,canceled,2024-07-14,6,,2024-07-14
7382,5502,created,2024-07-25,,4,2024-07-25
7383,5502,canceled,2024-09-25,4,,2024-09-25
7384,5503,created,2022-09-02,,1,2022-09-02
7385,5504,upgraded,2022-11-02,1,2,2022-11-02
7386,5504,canceled,2024-07-02,2,,2024-07-02
7387,5505,created,2024-02-18,,4,2024-02-18
7388,5506,created,2024-01-13,,1,2024-01-13
7389,5507,created,2023-10-07,,1,2023-10-07
7390,5507,canceled,2024-06-07,1,,2024-06-07
7391,5508,created,2023-12-08,,3,2023-12-15
7392,5508,canceled,2024-10-08,3,,2024-10-08
7393,5509,created,2024-03-24,,5,2024-03-24
7394,5510,downgraded,2024-08-24,5,2,2024-08-24
7395,5511,created,2023-05-09,,2,2023-05-09
7396,5511,canceled,2023-11-09,2,,2023-11-09
7397,5512,created,2024-04-06,,2,2024-04-06
7398,5513,created,2024-09-18,,1,2024-09-18
7399,5514,upgraded,2024-11-18,1,2,2024-11-18
7400,5515,created,2024-08-05,,1,2024-08-05
7401,5516,upgraded,2024-09-05,1,2,2024-09-05
7402,5516,canceled,2024-12-05,2,,2024-12-05
7403,5517,created,2023-05-08,,4,2023-05-08
7404,5518,created,2023-05-09,,1,2023-05-09
7405,5518,canceled,2023-07-09,1,,2023-07-09
7406,5519,created,2023-09-04,,1,2023-09-04
7407,5519,canceled,2023-10-04,1,,2023-10-04
7408,5520,created,2023-11-17,,2,2023-11-17
7409,5521,created,2023-12-03,,1,2023-12-03
7410,5521,canceled,2024-09-03,1,,2024-09-03
7411,5522,created,2024-06-26,,2,2024-06-26
7412,5523,created,2022-09-30,,1,2022-09-30
7413,5523,canceled,2023-02-28,1,,2023-02-28
7414,5524,created,2022-06-03,,1,2022-06-05
7415,5524,canceled,2022-12-03,1,,2022-12-03
7416,5525,created,2023-12-17,,6,2023-12-17
7417,5525,canceled,2024-06-17,6,,2024-06-17
7418,5526,created,2024-06-30,,2,2024-06-30
7419,5526,canceled,2024-11-30,2,,2024-11-30
7420,5527,created,2023-06-13,,4,2023-06-13
7421,5528,created,2024-05-25,,1,2024-05-25
7422,5528,canceled,2024-11-25,1,,2024-11-25
7423,5529,created,2023-09-21,,1,2023-09-21
7424,5529,canceled,2024-02-21,1,,2024-02-21
7425,5530,created,2024-10-24,,1,2024-10-24
7426,5531,created,2024-10-16,,1,2024-10-16
7427,5532,created,2023-10-12,,1,2023-10-12
7428,5532,canceled,2024-01-12,1,,2024-01-12
7429,5533,created,2023-08-01,,1,2023-08-05
7430,5533,canceled,2023-10-01,1,,2023-10-01
7431,5534,created,2024-01-12,,2,2024-01-12
7432,5535,created,2023-08-11,,1,2023-08-11
7433,5535,canceled,2024-02-11,1,,2024-02-11
7434,5536,created,2024-06-20,,3,2024-06-20
7435,5537,created,2024-09-16,,2,2024-09-16
7436,5537,canceled,2024-10-16,2,,2024-10-16
7437,5538,created,2024-06-11,,1,2024-06-11
7438,5539,created,2024-09-21,,2,2024-09-21
7439,5540,upgraded,2024-11-21,2,5,2024-11-21
7440,5541,created,2023-12-10,,4,2023-12-10
7441,5542,created,2023-05-22,,6,2023-05-22
7442,5543,upgraded,2024-11-22,6,8,2024-11-22
7443,21473,created,2024-07-13,,1,2024-07-13
7444,5545,created,2023-11-03,,7,2023-11-03
7445,5546,created,2024-06-24,,1,2024-06-24
7446,5547,upgraded,2024-11-24,1,3,2024-11-24
7447,5548,created,2023-09-11,,3,2023-09-11
7448,5549,upgraded,2024-11-11,3,4,2024-11-11
7449,5550,created,2022-12-17,,5,2022-12-17
7450,5551,created,2024-12-04,,1,2024-12-04
7451,5552,created,2023-05-04,,3,2023-05-04
7452,5553,upgraded,2023-11-04,3,4,2023-11-04
7453,5554,created,2024-12-08,,2,2024-12-08
7454,5555,created,2024-12-25,,3,2024-12-25
7455,5556,created,2024-08-18,,1,2024-08-18
7456,5556,canceled,2024-11-18,1,,2024-11-18
7457,5557,created,2024-05-30,,1,2024-05-30
7458,5558,created,2024-04-25,,4,2024-04-25
7459,5558,canceled,2024-05-25,4,,2024-05-25
7460,5559,reactivated,2024-06-25,,1,2024-06-25
7461,5559,canceled,2024-08-25,1,,2024-08-25
7462,5560,created,2024-10-03,,2,2024-10-03
7463,5561,created,2023-09-03,,1,2023-09-03
7464,5561,canceled,2024-08-03,1,,2024-08-03
7465,5562,created,2024-02-29,,2,2024-02-29
7466,5562,canceled,2024-08-29,2,,2024-09-01
7467,5563,created,2024-05-18,,1,2024-05-18
7468,5564,created,2024-01-29,,1,2024-01-29
7469,5564,canceled,2024-06-29,1,,2024-06-29
7470,5565,created,2024-01-21,,3,2024-01-21
7471,5566,created,2023-10-26,,1,2023-10-26
7472,5567,upgraded,2024-01-26,1,2,2024-01-26
7473,5568,created,2024-03-06,,1,2024-03-06
7474,5568,canceled,2024-04-06,1,,2024-04-06
7475,5569,created,2024-09-08,,4,2024-09-08
7476,5570,upgraded,2024-10-08,4,6,2024-10-08
7477,5571,created,2023-07-09,,1,2023-07-09
7478,5571,canceled,2023-08-09,1,,2023-08-16
7479,5572,created,2024-11-16,,5,2024-11-16
7480,5573,created,2024-06-22,,1,2024-06-22
7481,5573,canceled,2024-09-22,1,,2024-09-22
7482,5574,created,2024-09-05,,1,2024-09-05
7483,5574,canceled,2024-12-05,1,,2024-12-05
7484,5575,created,2024-03-10,,2,2024-03-14
7485,5575,canceled,2024-07-10,2,,2024-07-10
7486,5576,created,2024-08-23,,2,2024-08-23
7487,5577,created,2022-03-04,,1,2022-03-04
7488,5578,upgraded,2022-06-04,1,2,2022-06-04
7489,5578,canceled,2023-03-04,2,,2023-03-04
7490,5579,created,2024-09-05,,4,2024-09-07
7491,5579,canceled,2024-10-05,4,,2024-10-05
7492,5580,created,2022-07-31,,1,2022-07-31
7493,5581,upgraded,2023-03-28,1,3,2023-03-28
7494,5581,canceled,2023-11-28,3,,2023-11-28
7495,5582,created,2024-10-08,,1,2024-10-08
7496,5583,created,2024-12-05,,5,2024-12-05
7497,5584,created,2023-09-01,,4,2023-09-01
7498,5584,canceled,2024-07-01,4,,2024-07-01
7499,5585,created,2023-07-01,,1,2023-07-01
7500,5585,canceled,2023-10-01,1,,2023-10-01
7501,5586,created,2024-08-05,,1,2024-08-05
7502,5586,canceled,2024-09-05,1,,2024-09-05
7503,5587,created,2023-09-11,,2,2023-09-11
7504,5588,downgraded,2024-01-11,2,1,2024-01-14
7505,5589,created,2024-10-09,,2,2024-10-09
7506,21167,created,2023-02-07,,8,2023-02-07
7507,5591,downgraded,2023-03-07,8,7,2023-03-07
7508,5592,upgraded,2023-07-07,7,8,2023-07-07
7509,5593,downgraded,2023-08-07,8,6,2023-08-07
7510,5594,upgraded,2024-09-07,6,8,2024-09-07
7511,5595,downgraded,2024-12-07,8,6,2024-12-07
7512,5596,created,2023-03-31,,4,2023-03-31
7513,5596,canceled,2023-11-30,4,,2023-11-30
7514,5597,created,2024-12-14,,1,2024-12-14
7515,5598,created,2024-06-02,,3,2024-06-02
7516,5599,created,2024-09-17,,2,2024-09-17
7517,5600,created,2023-10-05,,3,2023-10-05
7518,5601,upgraded,2024-03-05,3,5,2024-03-05
7519,5602,upgraded,2024-07-05,5,6,2024-07-05
7520,5603,downgraded,2024-10-05,6,4,2024-10-05
7521,5604,created,2024-06-16,,6,2024-06-16
7522,5605,created,2024-04-12,,1,2024-04-12
7523,5605,canceled,2024-06-12,1,,2024-06-12
7524,5606,created,2024-04-28,,3,2024-04-28
7525,5607,upgraded,2024-10-28,3,4,2024-10-28
7526,5608,created,2024-06-06,,1,2024-06-06
7527,5609,upgraded,2024-12-06,1,2,2024-12-06
7528,5610,created,2024-04-25,,1,2024-04-25
7529,5611,upgraded,2024-08-25,1,2,2024-08-25
7530,5612,created,2024-01-31,,1,2024-01-31
7531,5613,upgraded,2024-10-29,1,2,2024-10-29
7532,5614,created,2023-09-09,,1,2023-09-09
7533,5614,canceled,2024-08-09,1,,2024-08-09
7534,5615,created,2024-08-09,,1,2024-08-09
7535,5615,canceled,2024-09-09,1,,2024-09-09
7536,5616,created,2023-08-13,,1,2023-08-13
7537,5616,canceled,2023-09-13,1,,2023-09-13
7538,5617,created,2024-06-08,,7,2024-06-08
7539,5618,created,2023-08-31,,7,2023-08-31
7540,5619,upgraded,2024-04-29,7,8,2024-04-29
7541,5620,created,2024-05-26,,1,2024-05-26
7542,5620,canceled,2024-06-26,1,,2024-06-26
7543,5621,created,2024-07-17,,6,2024-07-17
7544,5621,canceled,2024-11-17,6,,2024-11-17
7545,5622,created,2023-07-23,,1,2023-07-23
7546,5622,canceled,2024-03-23,1,,2024-03-23
7547,5623,created,2022-10-16,,2,2022-10-18
7548,5623,canceled,2022-12-16,2,,2022-12-16
7549,5624,created,2023-04-25,,2,2023-04-25
7550,5624,canceled,2023-05-25,2,,2023-05-25
7551,5625,reactivated,2024-05-25,,4,2024-05-25
7552,5625,canceled,2024-12-25,4,,2024-12-25
7553,5626,created,2024-04-07,,3,2024-04-07
7554,5626,canceled,2024-05-07,3,,2024-05-07
7555,5627,created,2024-09-19,,3,2024-09-19
7556,5628,created,2022-08-07,,1,2022-08-07
7557,5628,canceled,2023-05-07,1,,2023-05-07
7558,5629,reactivated,2023-07-07,,2,2023-07-07
7559,5630,downgraded,2024-05-07,2,1,2024-05-07
7560,5631,created,2024-07-12,,2,2024-07-12
7561,5631,canceled,2024-08-12,2,,2024-08-12
7562,5632,created,2023-11-08,,4,2023-11-08
7563,5632,canceled,2024-05-08,4,,2024-05-08
7564,5633,created,2024-02-04,,1,2024-02-04
7565,5633,canceled,2024-10-04,1,,2024-10-04
7566,5634,created,2024-11-02,,2,2024-11-02
7567,5634,canceled,2024-12-02,2,,2024-12-02
7568,5635,created,2023-10-03,,2,2023-10-03
7569,5636,created,2024-01-23,,6,2024-01-23
7570,5637,created,2022-03-04,,2,2022-03-04
7571,5637,canceled,2022-06-04,2,,2022-06-04
7572,5638,reactivated,2024-04-04,,1,2024-04-04
7573,5639,created,2023-01-04,,2,2023-01-04
7574,5639,canceled,2023-03-04,2,,2023-03-04
7575,5640,reactivated,2024-04-04,,5,2024-04-04
7576,5641,upgraded,2024-12-04,5,6,2024-12-04
7577,5642,created,2023-09-29,,1,2023-09-29
7578,5643,upgraded,2024-03-29,1,3,2024-03-29
7579,5643,canceled,2024-11-29,3,,2024-11-29
7580,5644,created,2022-05-04,,2,2022-05-04
7581,5644,canceled,2023-03-04,2,,2023-03-04
7582,5645,created,2024-05-24,,1,2024-05-24
7583,5646,created,2024-01-23,,6,2024-01-23
7584,5647,created,2024-03-24,,1,2024-03-26
7585,5647,canceled,2024-07-24,1,,2024-07-24
7586,5648,created,2023-06-07,,4,2023-06-07
7587,5649,created,2023-10-17,,4,2023-10-17
7588,5650,created,2024-05-14,,3,2024-05-14
7589,5651,created,2024-11-18,,6,2024-11-18
7590,5652,created,2022-09-21,,1,2022-09-21
7591,5652,canceled,2023-04-21,1,,2023-04-21
7592,5653,reactivated,2023-09-21,,2,2023-09-21
7593,5654,downgraded,2024-02-21,2,1,2024-02-21
7594,5655,upgraded,2024-07-21,1,2,2024-07-21
7595,5656,upgraded,2024-09-21,2,4,2024-09-21
7596,5657,upgraded,2024-10-21,4,6,2024-10-21
7597,5658,created,2024-10-27,,6,2024-10-27
7598,5659,created,2024-04-07,,1,2024-04-07
7599,5659,canceled,2024-12-07,1,,2024-12-07
7600,5660,created,2024-03-02,,6,2024-03-02
7601,5661,created,2024-02-04,,2,2024-02-04
7602,5662,downgraded,2024-04-04,2,1,2024-04-04
7603,5662,canceled,2024-07-04,1,,2024-07-04
7604,5663,reactivated,2024-10-04,,1,2024-10-04
7605,5664,created,2022-11-25,,6,2022-11-25
7606,5665,upgraded,2024-12-25,6,8,2024-12-25
7607,5666,created,2023-01-05,,1,2023-01-05
7608,5666,canceled,2023-06-05,1,,2023-06-05
7609,5667,created,2024-04-13,,4,2024-04-13
7610,5668,created,2023-11-22,,7,2023-11-22
7611,5669,created,2024-10-06,,1,2024-10-09
7612,5669,canceled,2024-11-06,1,,2024-11-06
7613,5670,created,2023-12-08,,1,2023-12-08
7614,5670,canceled,2024-02-08,1,,2024-02-08
7615,5671,created,2023-04-23,,2,2023-04-23
7616,5671,canceled,2023-07-23,2,,2023-07-23
7617,5672,reactivated,2024-02-23,,2,2024-02-23
7618,5673,created,2024-07-30,,4,2024-07-30
7619,5674,upgraded,2024-11-30,4,7,2024-11-30
7620,5675,created,2023-09-11,,1,2023-09-11
7621,5675,canceled,2024-12-11,1,,2024-12-11
7622,5676,created,2024-03-18,,1,2024-03-18
7623,5676,canceled,2024-10-18,1,,2024-10-18
7624,5677,created,2024-06-06,,2,2024-06-06
7625,5678,upgraded,2024-09-06,2,4,2024-09-06
7626,5679,created,2024-10-09,,1,2024-10-09
7627,5679,canceled,2024-11-09,1,,2024-11-11
7628,5680,created,2024-08-27,,2,2024-08-27
7629,19298,created,2024-06-18,,2,2024-06-18
7630,5682,upgraded,2024-10-18,2,4,2024-10-18
7631,5683,created,2024-06-26,,2,2024-06-26
7632,5684,upgraded,2024-11-26,2,4,2024-11-26
7633,5685,created,2024-11-23,,4,2024-11-23
7634,5686,created,2023-10-13,,1,2023-10-13
7635,5686,canceled,2024-05-13,1,,2024-05-13
7636,5687,reactivated,2024-07-13,,1,2024-07-13
7637,5688,upgraded,2024-08-13,1,2,2024-08-16
7638,5688,canceled,2024-12-13,2,,2024-12-13
7639,5689,created,2022-01-05,,4,2022-01-05
7640,5690,downgraded,2022-03-05,4,2,2022-03-05
7641,5691,upgraded,2024-08-05,2,5,2024-08-05
7642,5691,canceled,2024-10-05,5,,2024-10-05
7643,5692,created,2023-09-26,,1,2023-09-26
7644,5692,canceled,2023-10-26,1,,2023-10-26
7645,5693,reactivated,2024-04-26,,1,2024-04-26
7646,5694,created,2023-07-20,,1,2023-07-20
7647,5694,canceled,2023-11-20,1,,2023-11-20
7648,5695,created,2024-05-03,,3,2024-05-03
7649,5696,created,2024-05-11,,3,2024-05-11
7650,5697,created,2024-04-16,,4,2024-04-16
7651,5698,created,2022-03-08,,1,2022-03-08
7652,5698,canceled,2022-11-08,1,,2022-11-08
7653,5699,reactivated,2023-08-08,,2,2023-08-08
7654,5700,created,2024-07-15,,2,2024-07-15
7655,5701,created,2023-10-24,,1,2023-10-24
7656,5701,canceled,2024-07-24,1,,2024-07-24
7657,5702,created,2024-05-28,,3,2024-05-28
7658,5702,canceled,2024-10-28,3,,2024-10-28
7659,5703,created,2024-03-01,,5,2024-03-01
7660,5704,created,2023-11-24,,4,2023-11-24
7661,5705,upgraded,2024-07-24,4,6,2024-07-24
7662,5706,created,2023-04-26,,1,2023-04-26
7663,5706,canceled,2024-02-26,1,,2024-02-26
7664,5707,created,2023-01-16,,1,2023-01-16
7665,5707,canceled,2023-02-16,1,,2023-02-16
7666,5708,created,2024-09-18,,1,2024-09-18
7667,5709,created,2024-10-31,,1,2024-10-31
7668,5710,created,2024-05-11,,1,2024-05-11
7669,5710,canceled,2024-07-11,1,,2024-07-11
7670,5711,created,2023-02-21,,1,2023-02-21
7671,5711,canceled,2023-06-21,1,,2023-06-21
7672,5712,reactivated,2023-08-21,,2,2023-08-21
7673,5712,canceled,2024-05-21,2,,2024-05-21
7674,5713,created,2023-12-18,,1,2023-12-18
7675,5714,created,2024-07-16,,6,2024-07-16
7676,5715,created,2024-08-05,,1,2024-08-05
7677,5715,canceled,2024-11-05,1,,2024-11-05
7678,5716,created,2023-03-26,,4,2023-03-26
7679,5716,canceled,2023-10-26,4,,2023-10-26
7680,5717,created,2022-01-14,,2,2022-01-14
7681,5717,canceled,2022-03-14,2,,2022-03-14
7682,5718,created,2024-06-22,,1,2024-06-22
7683,5718,canceled,2024-08-22,1,,2024-08-22
7684,5719,created,2023-11-11,,4,2023-11-11
7685,5720,downgraded,2024-07-11,4,3,2024-07-11
7686,5721,created,2023-09-05,,2,2023-09-05
7687,5722,upgraded,2024-06-05,2,5,2024-06-05
7688,5723,downgraded,2024-12-05,5,2,2024-12-05
7689,5724,created,2022-02-05,,3,2022-02-05
7690,5725,upgraded,2022-12-05,3,5,2022-12-05
7691,21510,canceled,2023-05-05,5,,2023-05-05
7692,5726,created,2024-03-12,,1,2024-03-12
7693,5727,upgraded,2024-04-12,1,2,2024-04-12
7694,5728,created,2024-09-26,,4,2024-09-26
7695,5729,upgraded,2024-12-26,4,7,2024-12-26
7696,5730,created,2024-11-02,,4,2024-11-02
7697,5731,created,2024-03-14,,1,2024-03-14
7698,5732,upgraded,2024-05-14,1,2,2024-05-14
7699,5732,canceled,2024-06-14,2,,2024-06-14
7700,5733,created,2024-02-12,,1,2024-02-12
7701,5733,canceled,2024-11-12,1,,2024-11-12
7702,5734,created,2023-01-21,,1,2023-01-21
7703,5734,canceled,2024-01-21,1,,2024-01-21
7704,5735,reactivated,2024-09-21,,4,2024-09-21
7705,5736,created,2024-03-05,,5,2024-03-05
7706,5737,upgraded,2024-04-05,5,7,2024-04-05
7707,5738,created,2023-11-04,,1,2023-11-04
7708,5738,canceled,2024-01-04,1,,2024-01-04
7709,5739,created,2024-04-29,,1,2024-04-29
7710,5739,canceled,2024-05-29,1,,2024-05-29
7711,5740,created,2023-12-21,,1,2023-12-21
7712,5740,canceled,2024-01-21,1,,2024-01-21
7713,5741,created,2023-08-18,,3,2023-08-18
7714,5741,canceled,2024-06-18,3,,2024-06-18
7715,5742,created,2023-01-17,,3,2023-01-17
7716,5742,canceled,2023-04-17,3,,2023-04-17
7717,5743,reactivated,2024-06-17,,2,2024-06-17
7718,5744,created,2023-10-21,,2,2023-10-21
7719,5745,upgraded,2024-02-21,2,4,2024-02-21
7720,5746,created,2023-02-03,,2,2023-02-03
7721,5746,canceled,2023-07-03,2,,2023-07-03
7722,5747,created,2023-06-24,,1,2023-06-24
7723,5747,canceled,2023-11-24,1,,2023-11-24
7724,5748,created,2024-12-24,,1,2024-12-24
7725,5749,created,2024-01-29,,2,2024-01-29
7726,5750,created,2024-03-24,,2,2024-03-24
7727,5751,created,2024-10-31,,2,2024-10-31
7728,5752,created,2024-12-27,,2,2025-01-03
7729,5753,created,2024-04-06,,3,2024-04-06
7730,5753,canceled,2024-05-06,3,,2024-05-06
7731,5754,reactivated,2024-09-06,,1,2024-09-06
7732,5754,canceled,2024-10-06,1,,2024-10-06
7733,5755,created,2024-09-28,,3,2024-09-28
7734,5756,created,2023-10-24,,6,2023-10-24
7735,5757,created,2023-10-10,,1,2023-10-10
7736,5758,created,2023-12-22,,3,2023-12-22
7737,5759,downgraded,2024-02-22,3,1,2024-02-22
7738,5759,canceled,2024-09-22,1,,2024-09-22
7739,5760,created,2024-06-09,,4,2024-06-09
7740,5761,created,2024-06-17,,2,2024-06-17
7741,5762,created,2023-10-24,,3,2023-10-24
7742,5763,created,2023-04-17,,1,2023-04-17
7743,5764,created,2024-05-05,,1,2024-05-05
7744,5765,created,2023-04-23,,2,2023-04-23
7745,5766,downgraded,2024-07-23,2,1,2024-07-23
7746,5766,canceled,2024-08-23,1,,2024-08-23
7747,5767,reactivated,2024-09-23,,1,2024-09-23
7748,5768,created,2024-04-28,,1,2024-04-28
7749,5768,canceled,2024-05-28,1,,2024-05-28
7750,5769,created,2024-06-25,,4,2024-06-25
7751,5770,created,2024-06-19,,2,2024-06-19
7752,5771,upgraded,2024-09-19,2,4,2024-09-19
7753,5771,canceled,2024-12-19,4,,2024-12-19
7754,5772,created,2024-07-08,,1,2024-07-08
7755,5773,created,2024-10-23,,2,2024-10-23
7756,5774,created,2024-02-26,,2,2024-02-26
7757,5775,created,2024-07-08,,1,2024-07-08
7758,5776,created,2024-05-07,,6,2024-05-07
7759,5777,upgraded,2024-08-07,6,8,2024-08-07
7760,5778,downgraded,2024-12-07,8,7,2024-12-07
7761,5779,created,2023-06-02,,6,2023-06-02
7762,5780,upgraded,2024-05-02,6,8,2024-05-02
7763,5781,created,2022-05-31,,2,2022-05-31
7764,5782,downgraded,2023-06-28,2,1,2023-06-28
7765,5782,canceled,2023-09-28,1,,2023-09-28
7766,5783,created,2023-09-16,,1,2023-09-16
7767,5783,canceled,2024-06-16,1,,2024-06-16
7768,5784,created,2024-01-15,,6,2024-01-15
7769,5785,created,2024-04-24,,8,2024-04-24
7770,5786,created,2024-09-06,,1,2024-09-06
7771,5787,created,2023-07-19,,2,2023-07-19
7772,5788,created,2023-03-05,,6,2023-03-05
7773,5789,upgraded,2024-08-05,6,8,2024-08-05
7774,5790,created,2024-11-23,,5,2024-11-23
7775,5791,created,2023-02-09,,1,2023-02-09
7776,5791,canceled,2023-06-09,1,,2023-06-09
7777,5792,reactivated,2024-04-09,,1,2024-04-09
7778,5793,upgraded,2024-06-09,1,2,2024-06-09
7779,5794,created,2024-02-24,,1,2024-02-24
7780,5795,upgraded,2024-06-24,1,2,2024-06-24
7781,5796,created,2024-04-22,,2,2024-04-22
7782,5796,canceled,2024-11-22,2,,2024-11-22
7783,5797,created,2024-03-05,,4,2024-03-05
7784,5798,created,2023-01-26,,2,2023-01-26
7785,5799,downgraded,2023-02-26,2,1,2023-02-26
7786,5799,canceled,2023-11-26,1,,2023-11-26
7787,5800,created,2022-09-10,,4,2022-09-10
7788,5800,canceled,2022-11-10,4,,2022-11-10
7789,5801,reactivated,2024-08-10,,2,2024-08-10
7790,5801,canceled,2024-11-10,2,,2024-11-10
7791,5802,created,2023-02-17,,3,2023-02-17
7792,5803,upgraded,2023-05-17,3,4,2023-05-17
7793,5804,upgraded,2023-06-17,4,6,2023-06-17
7794,5804,canceled,2023-07-17,6,,2023-07-17
7795,5805,created,2024-04-25,,2,2024-04-25
7796,5806,created,2024-03-06,,1,2024-03-06
7797,5807,upgraded,2024-06-06,1,2,2024-06-06
7798,5807,canceled,2024-10-06,2,,2024-10-06
7799,5808,created,2023-08-03,,7,2023-08-03
7800,5809,created,2024-05-03,,5,2024-05-03
7801,5810,created,2024-09-28,,1,2024-09-28
7802,5811,upgraded,2024-12-28,1,2,2024-12-28
7803,5812,created,2022-07-31,,2,2022-07-31
7804,5812,canceled,2023-02-28,2,,2023-02-28
7805,5813,created,2024-02-25,,3,2024-02-25
7806,5813,canceled,2024-04-25,3,,2024-04-25
7807,5814,created,2024-06-14,,4,2024-06-14
7808,5814,canceled,2024-07-14,4,,2024-07-14
7809,5815,created,2023-09-23,,3,2023-09-23
7810,5815,canceled,2024-07-23,3,,2024-07-23
7811,5816,created,2023-10-28,,2,2023-10-28
7812,5817,created,2024-04-02,,1,2024-04-02
7813,5817,canceled,2024-08-02,1,,2024-08-02
7814,5818,created,2024-10-29,,3,2024-10-29
7815,5818,canceled,2024-12-29,3,,2024-12-29
7816,5819,created,2024-09-13,,1,2024-09-13
7817,5820,created,2024-04-24,,1,2024-04-24
7818,5820,canceled,2024-08-24,1,,2024-08-24
7819,5821,created,2024-07-09,,1,2024-07-09
7820,5822,created,2023-11-17,,4,2023-11-17
7821,5822,canceled,2024-05-17,4,,2024-05-17
7822,5823,created,2024-05-21,,6,2024-05-21
7823,5824,created,2024-01-29,,1,2024-01-29
7824,5824,canceled,2024-07-29,1,,2024-07-29
7825,5825,created,2023-06-09,,7,2023-06-09
7826,5826,upgraded,2024-03-09,7,8,2024-03-09
7827,5826,canceled,2024-09-09,8,,2024-09-09
7828,5827,created,2024-06-10,,3,2024-06-10
7829,5827,canceled,2024-10-10,3,,2024-10-10
7830,5828,created,2024-03-15,,1,2024-03-15
7831,5829,created,2023-11-28,,2,2023-11-28
7832,5829,canceled,2024-09-28,2,,2024-09-28
7833,5830,created,2024-10-05,,2,2024-10-05
7834,5831,downgraded,2024-12-05,2,1,2024-12-05
7835,5832,created,2022-04-20,,7,2022-04-28
7836,5833,created,2023-10-15,,6,2023-10-15
7837,5834,created,2022-09-17,,1,2022-09-17
7838,5834,canceled,2024-05-17,1,,2024-05-17
7839,5835,created,2024-08-26,,2,2024-08-26
7840,5835,canceled,2024-12-26,2,,2024-12-26
7841,5836,created,2024-06-23,,5,2024-06-23
7842,5837,created,2023-10-06,,1,2023-10-06
7843,5837,canceled,2024-05-06,1,,2024-05-06
7844,5838,created,2024-06-21,,1,2024-06-21
7845,5838,canceled,2024-11-21,1,,2024-11-21
7846,5839,created,2023-12-28,,1,2023-12-28
7847,5839,canceled,2024-04-28,1,,2024-04-28
7848,5840,created,2024-07-20,,1,2024-07-20
7849,5840,canceled,2024-11-20,1,,2024-11-20
7850,5841,created,2024-01-25,,2,2024-01-25
7851,5842,created,2024-01-10,,7,2024-01-10
7852,5843,created,2024-11-21,,1,2024-11-21
7853,5844,created,2023-09-04,,3,2023-09-04
7854,5844,canceled,2023-11-04,3,,2023-11-04
7855,5845,created,2023-03-19,,2,2023-03-19
7856,5845,canceled,2024-06-19,2,,2024-06-19
7857,5846,created,2024-04-06,,1,2024-04-06
7858,5847,upgraded,2024-07-06,1,2,2024-07-06
7859,5848,created,2024-11-26,,1,2024-11-26
7860,5849,created,2023-11-14,,6,2023-11-14
7861,5850,created,2022-10-14,,7,2022-10-14
7862,5851,downgraded,2023-09-14,7,4,2023-09-14
7863,5852,upgraded,2024-03-14,4,6,2024-03-14
7864,5853,created,2023-10-05,,4,2023-10-05
7865,5853,canceled,2023-11-05,4,,2023-11-05
7866,5854,created,2024-02-29,,2,2024-02-29
7867,5854,canceled,2024-03-29,2,,2024-04-07
7868,5855,created,2023-05-10,,1,2023-05-10
7869,5855,canceled,2023-11-10,1,,2023-11-10
7870,5856,created,2024-05-20,,1,2024-05-20
7871,5856,canceled,2024-12-20,1,,2024-12-20
7872,5857,created,2024-12-12,,1,2024-12-12
7873,5858,created,2024-01-22,,1,2024-01-22
7874,5858,canceled,2024-04-22,1,,2024-04-22
7875,5859,created,2023-11-10,,1,2023-11-10
7876,5859,canceled,2024-03-10,1,,2024-03-10
7877,5860,created,2023-12-29,,1,2023-12-29
7878,5860,canceled,2024-07-29,1,,2024-07-29
7879,5861,created,2023-03-19,,1,2023-03-19
7880,5861,canceled,2023-08-19,1,,2023-08-19
7881,5862,reactivated,2024-12-19,,1,2024-12-19
7882,5863,created,2024-10-28,,4,2024-10-28
7883,5864,created,2024-01-18,,3,2024-01-18
7884,5865,created,2023-12-26,,8,2023-12-26
7885,5866,created,2024-05-21,,1,2024-05-21
7886,5866,canceled,2024-06-21,1,,2024-06-21
7887,5867,created,2024-01-16,,8,2024-01-16
7888,5868,created,2024-05-29,,1,2024-05-29
7889,5868,canceled,2024-08-29,1,,2024-08-29
7890,5869,created,2022-10-19,,2,2022-10-19
7891,5870,upgraded,2023-02-19,2,4,2023-02-19
7892,5871,created,2024-09-27,,1,2024-09-27
7893,5871,canceled,2024-10-27,1,,2024-10-27
7894,5872,created,2024-11-08,,1,2024-11-08
7895,5873,created,2024-05-09,,1,2024-05-09
7896,5874,upgraded,2024-06-09,1,2,2024-06-09
7897,5874,canceled,2024-10-09,2,,2024-10-09
7898,5875,created,2024-11-06,,7,2024-11-06
7899,5876,created,2023-05-28,,3,2023-05-28
7900,5877,upgraded,2023-09-28,3,4,2023-09-28
7901,5878,created,2024-02-13,,1,2024-02-13
7902,5878,canceled,2024-03-13,1,,2024-03-13
7903,5879,created,2024-04-25,,4,2024-05-05
7904,5880,created,2024-04-07,,7,2024-04-07
7905,5881,created,2023-12-28,,2,2023-12-28
7906,5882,created,2023-10-02,,1,2023-10-02
7907,5883,created,2023-03-20,,5,2023-03-20
7908,5884,created,2023-12-14,,1,2023-12-14
7909,5885,created,2023-05-28,,2,2023-05-28
7910,5885,canceled,2024-03-28,2,,2024-03-28
7911,5886,created,2024-07-05,,2,2024-07-05
7912,5887,upgraded,2024-11-05,2,4,2024-11-05
7913,5888,created,2023-07-09,,1,2023-07-09
7914,5888,canceled,2023-08-09,1,,2023-08-09
7915,5889,created,2022-10-10,,1,2022-10-10
7916,5890,created,2024-03-29,,1,2024-03-29
7917,5890,canceled,2024-08-29,1,,2024-08-29
7918,5891,created,2024-04-22,,3,2024-04-22
7919,5892,created,2024-10-26,,1,2024-10-26
7920,5892,canceled,2024-11-26,1,,2024-11-26
7921,5893,created,2024-04-27,,2,2024-04-27
7922,5893,canceled,2024-12-27,2,,2024-12-27
7923,5894,created,2023-11-06,,4,2023-11-06
7924,5895,downgraded,2024-06-06,4,2,2024-06-12
7925,5896,created,2024-09-25,,6,2024-09-25
7926,5897,created,2024-03-18,,1,2024-03-18
7927,5897,canceled,2024-04-18,1,,2024-04-18
7928,5898,created,2022-12-15,,1,2022-12-15
7929,5898,canceled,2023-09-15,1,,2023-09-15
7930,5899,created,2024-03-11,,2,2024-03-11
7931,5899,canceled,2024-05-11,2,,2024-05-11
7932,5900,created,2024-10-30,,7,2024-10-30
7933,5901,created,2023-12-03,,2,2023-12-03
7934,5901,canceled,2024-06-03,2,,2024-06-03
7935,5902,created,2023-10-30,,1,2023-10-30
7936,5903,created,2023-04-01,,1,2023-04-01
7937,5903,canceled,2023-08-01,1,,2023-08-01
7938,5904,created,2023-05-27,,2,2023-05-27
7939,5905,upgraded,2023-08-27,2,4,2023-08-27
7940,5905,canceled,2024-08-27,4,,2024-08-27
7941,5906,created,2024-01-16,,2,2024-01-16
7942,5906,canceled,2024-06-16,2,,2024-06-16
7943,5907,created,2024-04-07,,5,2024-04-07
7944,5908,created,2022-12-10,,4,2022-12-10
7945,5909,downgraded,2023-07-10,4,2,2023-07-10
7946,5910,upgraded,2024-04-10,2,4,2024-04-10
7947,5911,created,2024-11-06,,5,2024-11-06
7948,5912,created,2024-07-13,,4,2024-07-13
7949,5913,upgraded,2024-10-13,4,7,2024-10-13
7950,5914,created,2024-04-14,,3,2024-04-14
7951,5914,canceled,2024-10-14,3,,2024-10-14
7952,5915,created,2024-09-07,,2,2024-09-07
7953,5916,created,2022-12-18,,1,2022-12-18
7954,5917,upgraded,2023-05-18,1,2,2023-05-18
7955,5917,canceled,2024-01-18,2,,2024-01-18
7956,5918,created,2024-02-26,,2,2024-02-28
7957,5918,canceled,2024-08-26,2,,2024-08-26
7958,5919,created,2024-05-03,,1,2024-05-03
7959,5919,canceled,2024-07-03,1,,2024-07-03
7960,5920,created,2024-09-16,,1,2024-09-16
7961,5921,created,2024-08-04,,1,2024-08-04
7962,5921,canceled,2024-09-04,1,,2024-09-04
7963,5922,created,2023-09-14,,5,2023-09-14
7964,5922,canceled,2023-12-14,5,,2023-12-14
7965,5923,created,2024-11-16,,2,2024-11-16
7966,5924,created,2023-03-25,,3,2023-03-25
7967,5924,canceled,2023-04-25,3,,2023-04-25
7968,5925,created,2024-10-18,,3,2024-10-18
7969,5926,created,2024-12-18,,1,2024-12-18
7970,5927,created,2023-06-08,,1,2023-06-08
7971,5927,canceled,2023-07-08,1,,2023-07-08
7972,5928,created,2024-07-16,,4,2024-07-16
7973,5929,created,2022-07-14,,1,2022-07-14
7974,5930,upgraded,2023-06-14,1,2,2023-06-14
7975,5931,created,2023-12-16,,4,2023-12-16
7976,5931,canceled,2024-07-16,4,,2024-07-16
7977,5932,reactivated,2024-09-16,,3,2024-09-16
7978,5933,created,2024-02-08,,7,2024-02-08
7979,5934,created,2024-04-28,,1,2024-04-28
7980,5934,canceled,2024-07-28,1,,2024-07-28
7981,5935,created,2024-11-18,,4,2024-11-18
7982,5936,upgraded,2024-12-18,4,6,2024-12-18
7983,5937,created,2024-06-08,,1,2024-06-08
7984,5938,created,2024-02-13,,3,2024-02-13
7985,5938,canceled,2024-07-13,3,,2024-07-13
7986,5939,created,2024-09-11,,1,2024-09-11
7987,5940,created,2024-11-09,,1,2024-11-15
7988,5941,created,2022-04-21,,2,2022-04-21
7989,5941,canceled,2022-08-21,2,,2022-08-21
7990,5942,reactivated,2024-08-21,,5,2024-08-21
7991,5943,created,2024-12-05,,3,2024-12-05
7992,5944,created,2023-01-20,,2,2023-01-20
7993,5944,canceled,2023-10-20,2,,2023-10-20
7994,5945,created,2024-09-22,,1,2024-09-22
7995,5945,canceled,2024-11-22,1,,2024-11-22
7996,5946,created,2023-09-10,,3,2023-09-10
7997,5947,created,2023-04-05,,8,2023-04-05
7998,5948,created,2024-01-02,,2,2024-01-02
7999,5949,upgraded,2024-05-02,2,4,2024-05-02
8000,5950,created,2024-05-27,,1,2024-05-27
8001,5951,created,2023-11-23,,3,2023-11-23
8002,5952,created,2022-09-10,,1,2022-09-10
8003,5952,canceled,2023-01-10,1,,2023-01-10
8004,5953,created,2024-04-17,,2,2024-04-17
8005,5954,created,2024-10-12,,2,2024-10-12
8006,5955,created,2023-12-26,,5,2023-12-26
8007,5956,downgraded,2024-11-26,5,3,2024-11-26
8008,5957,downgraded,2024-12-26,3,1,2024-12-26
8009,5958,created,2023-07-03,,1,2023-07-03
8010,5958,canceled,2023-10-03,1,,2023-10-03
8011,5959,created,2024-01-13,,2,2024-01-13
8012,5959,canceled,2024-04-13,2,,2024-04-13
8013,5960,created,2022-08-22,,4,2022-08-22
8014,5961,downgraded,2022-11-22,4,2,2022-11-22
8015,5961,canceled,2023-06-22,2,,2023-06-22
8016,5962,created,2024-09-13,,1,2024-09-13
8017,5963,created,2024-09-21,,7,2024-09-21
8018,5964,created,2024-04-16,,3,2024-04-16
8019,5965,created,2023-11-30,,1,2023-11-30
8020,5965,canceled,2024-04-29,1,,2024-04-29
8021,5966,created,2024-08-27,,1,2024-08-27
8022,5967,created,2024-03-16,,4,2024-03-16
8023,5968,created,2024-09-11,,1,2024-09-11
8024,5969,created,2024-05-22,,6,2024-05-22
8025,5970,created,2024-08-09,,1,2024-08-09
8026,5971,created,2024-04-25,,1,2024-04-25
8027,5972,created,2024-01-22,,3,2024-01-22
8028,5973,upgraded,2024-08-22,3,4,2024-08-22
8029,5974,created,2024-11-06,,1,2024-11-06
8030,5975,created,2024-03-11,,1,2024-03-11
8031,5975,canceled,2024-04-11,1,,2024-04-11
8032,5976,created,2024-04-17,,1,2024-04-17
8033,5977,created,2023-08-12,,2,2023-08-12
8034,5978,created,2024-05-08,,6,2024-05-08
8035,5979,upgraded,2024-12-08,6,8,2024-12-08
8036,5980,created,2024-04-19,,4,2024-04-19
8037,5981,downgraded,2024-11-19,4,2,2024-11-19
8038,5982,created,2023-06-08,,3,2023-06-08
8039,5982,canceled,2023-07-08,3,,2023-07-08
8040,5983,created,2022-10-30,,6,2022-10-30
8041,5983,canceled,2024-11-28,6,,2024-11-28
8042,5984,created,2024-04-09,,3,2024-04-09
8043,18980,downgraded,2024-05-09,3,1,2024-05-09
8044,5985,canceled,2024-09-09,1,,2024-09-09
8045,5986,created,2024-08-18,,4,2024-08-18
8046,5987,created,2024-03-06,,1,2024-03-06
8047,5987,canceled,2024-04-06,1,,2024-04-06
8048,5988,reactivated,2024-10-06,,3,2024-10-06
8049,5989,created,2023-08-19,,2,2023-08-19
8050,5990,upgraded,2023-11-19,2,5,2023-11-19
8051,5990,canceled,2024-12-19,5,,2024-12-19
8052,5991,created,2024-05-23,,3,2024-05-23
8053,5992,created,2022-12-12,,2,2022-12-12
8054,5992,canceled,2023-01-12,2,,2023-01-12
8055,5993,reactivated,2024-10-12,,2,2024-10-12
8056,5994,created,2024-01-04,,1,2024-01-04
8057,5994,canceled,2024-04-04,1,,2024-04-04
8058,5995,created,2023-05-31,,3,2023-05-31
8059,5996,upgraded,2023-06-30,3,4,2023-06-30
8060,5997,downgraded,2023-09-30,4,2,2023-09-30
8061,5998,created,2023-06-28,,1,2023-06-28
8062,5998,canceled,2023-12-28,1,,2023-12-28
8063,5999,created,2023-07-16,,2,2023-07-16
8064,5999,canceled,2024-04-16,2,,2024-04-19
8065,6000,created,2023-12-01,,3,2023-12-01
8066,6001,upgraded,2024-06-01,3,4,2024-06-01
8067,6002,upgraded,2024-08-01,4,6,2024-08-01
8068,6003,created,2022-09-22,,5,2022-09-22
8069,6004,upgraded,2022-10-22,5,6,2022-10-22
8070,6005,upgraded,2023-03-22,6,8,2023-03-22
8071,6006,downgraded,2024-08-22,8,6,2024-08-22
8072,6007,created,2023-12-27,,1,2023-12-27
8073,6007,canceled,2024-01-27,1,,2024-01-27
8074,6008,created,2024-02-02,,1,2024-02-02
8075,14239,canceled,2024-04-02,1,,2024-04-02
8076,6009,created,2024-02-08,,3,2024-02-08
8077,6009,canceled,2024-05-08,3,,2024-05-08
8078,6010,created,2023-12-07,,1,2023-12-07
8079,6011,created,2024-09-04,,2,2024-09-04
8080,6012,created,2023-04-24,,3,2023-04-24
8081,6012,canceled,2023-07-24,3,,2023-07-24
8082,6013,created,2024-02-14,,2,2024-02-14
8083,6013,canceled,2024-10-14,2,,2024-10-14
8084,6014,created,2022-10-08,,1,2022-10-08
8085,6015,upgraded,2023-02-08,1,2,2023-02-08
8086,6016,created,2022-11-01,,2,2022-11-01
8087,6017,upgraded,2023-06-01,2,4,2023-06-01
8088,6018,created,2024-04-23,,6,2024-04-23
8089,6018,canceled,2024-10-23,6,,2024-10-23
8090,6019,created,2024-03-25,,1,2024-03-25
8091,6020,created,2024-10-15,,1,2024-10-15
8092,6021,created,2024-03-23,,6,2024-03-23
8093,6022,created,2024-11-24,,2,2024-11-24
8094,6023,created,2022-08-12,,3,2022-08-12
8095,6024,upgraded,2023-06-12,3,4,2023-06-12
8096,6025,downgraded,2023-08-12,4,3,2023-08-12
8097,6025,canceled,2024-02-12,3,,2024-02-12
8098,6026,created,2023-02-28,,5,2023-02-28
8099,6026,canceled,2024-04-28,5,,2024-04-28
8100,6027,created,2022-08-30,,2,2022-08-30
8101,6027,canceled,2022-11-30,2,,2022-11-30
8102,6028,created,2023-06-14,,2,2023-06-14
8103,6028,canceled,2023-08-14,2,,2023-08-14
8104,6029,created,2024-03-19,,1,2024-03-19
8105,6029,canceled,2024-04-19,1,,2024-04-19
8106,14419,created,2024-05-15,,1,2024-05-15
8107,6030,canceled,2024-07-15,1,,2024-07-15
8108,6031,created,2022-08-23,,3,2022-08-23
8109,6032,upgraded,2024-01-23,3,4,2024-01-23
8110,6032,canceled,2024-07-23,4,,2024-07-23
8111,6033,created,2024-11-22,,1,2024-11-22
8112,6034,created,2024-09-14,,2,2024-09-14
8113,6034,canceled,2024-11-14,2,,2024-11-14
8114,6035,created,2023-10-23,,1,2023-10-23
8115,6035,canceled,2023-12-23,1,,2023-12-23
8116,6036,created,2022-12-10,,2,2022-12-10
8117,6037,upgraded,2023-02-10,2,4,2023-02-10
8118,6038,created,2023-06-26,,1,2023-06-26
8119,6038,canceled,2023-08-26,1,,2023-08-26
8120,6039,created,2023-03-30,,1,2023-03-30
8121,6039,canceled,2023-05-30,1,,2023-05-30
8122,6040,created,2023-03-26,,2,2023-03-26
8123,6040,canceled,2023-04-26,2,,2023-04-26
8124,6041,reactivated,2024-01-26,,3,2024-01-31
8125,6041,canceled,2024-03-26,3,,2024-03-26
8126,6042,created,2024-03-29,,3,2024-03-29
8127,6043,created,2023-08-29,,1,2023-08-29
8128,6043,canceled,2023-11-29,1,,2023-11-29
8129,6044,created,2023-11-11,,2,2023-11-11
8130,6045,upgraded,2024-06-11,2,4,2024-06-11
8131,6046,created,2024-12-11,,7,2024-12-11
8132,6047,created,2024-06-14,,1,2024-06-14
8133,6047,canceled,2024-11-14,1,,2024-11-14
8134,6048,created,2024-11-10,,1,2024-11-10
8135,6048,canceled,2024-12-10,1,,2024-12-10
8136,6049,created,2023-04-13,,5,2023-04-13
8137,6050,upgraded,2023-09-13,5,6,2023-09-13
8138,6051,created,2023-11-16,,3,2023-11-16
8139,6051,canceled,2024-01-16,3,,2024-01-16
8140,6052,created,2024-03-14,,6,2024-03-14
8141,6053,created,2022-12-31,,4,2022-12-31
8142,6054,upgraded,2023-03-28,4,7,2023-03-28
8143,6055,downgraded,2023-07-28,7,4,2023-07-28
8144,6055,canceled,2024-01-28,4,,2024-01-28
8145,6056,created,2022-01-05,,1,2022-01-05
8146,6056,canceled,2022-05-05,1,,2022-05-05
8147,6057,reactivated,2023-02-05,,1,2023-02-05
8148,6057,canceled,2023-11-05,1,,2023-11-05
8149,6058,created,2024-06-06,,1,2024-06-12
8150,6059,created,2024-05-03,,3,2024-05-03
8151,6060,created,2024-01-18,,6,2024-01-24
8152,6061,upgraded,2024-03-18,6,8,2024-03-18
8153,6062,downgraded,2024-11-18,8,6,2024-11-18
8154,6063,created,2024-02-27,,4,2024-02-27
8155,6064,created,2024-01-27,,1,2024-01-27
8156,6064,canceled,2024-02-27,1,,2024-02-27
8157,6065,created,2022-04-02,,3,2022-04-02
8158,6065,canceled,2022-10-02,3,,2022-10-02
8159,6066,created,2023-10-08,,1,2023-10-08
8160,6066,canceled,2023-12-08,1,,2023-12-08
8161,6067,reactivated,2024-04-08,,1,2024-04-08
8162,6067,canceled,2024-06-08,1,,2024-06-08
8163,6068,created,2023-06-18,,3,2023-06-18
8164,6068,canceled,2024-09-18,3,,2024-09-18
8165,6069,created,2023-02-16,,3,2023-02-16
8166,6070,created,2024-11-06,,1,2024-11-06
8167,6071,created,2024-04-11,,1,2024-04-11
8168,6071,canceled,2024-12-11,1,,2024-12-11
8169,6072,created,2024-07-09,,1,2024-07-09
8170,6072,canceled,2024-12-09,1,,2024-12-09
8171,6073,created,2023-10-31,,1,2023-10-31
8172,6073,canceled,2024-09-29,1,,2024-09-29
8173,6074,created,2023-12-27,,1,2023-12-27
8174,6075,upgraded,2024-01-27,1,2,2024-01-27
8175,6076,downgraded,2024-02-27,2,1,2024-02-27
8176,6076,canceled,2024-03-27,1,,2024-03-27
8177,6077,created,2023-08-29,,4,2023-08-29
8178,6077,canceled,2024-05-29,4,,2024-05-29
8179,6078,created,2023-02-02,,2,2023-02-02
8180,6078,canceled,2023-06-02,2,,2023-06-02
8181,6079,reactivated,2024-11-02,,1,2024-11-02
8182,6080,created,2023-06-04,,2,2023-06-04
8183,6080,canceled,2024-10-04,2,,2024-10-04
8184,6081,created,2024-08-07,,1,2024-08-07
8185,6081,canceled,2024-10-07,1,,2024-10-07
8186,6082,created,2024-06-30,,8,2024-06-30
8187,6083,created,2024-03-27,,1,2024-03-27
8188,6083,canceled,2024-05-27,1,,2024-05-27
8189,6084,created,2024-02-19,,3,2024-02-19
8190,6084,canceled,2024-09-19,3,,2024-09-19
8191,6085,created,2024-11-14,,5,2024-11-14
8192,6086,upgraded,2024-12-14,5,6,2024-12-14
8193,6087,created,2022-11-26,,2,2022-11-26
8194,6088,downgraded,2024-02-26,2,1,2024-02-26
8195,6088,canceled,2024-03-26,1,,2024-03-26
8196,6089,created,2023-09-10,,1,2023-09-10
8197,6089,canceled,2024-12-10,1,,2024-12-10
8198,6090,created,2023-11-06,,1,2023-11-06
8199,6091,upgraded,2024-08-06,1,2,2024-08-06
8200,6091,canceled,2024-09-06,2,,2024-09-06
8201,6092,created,2024-08-26,,2,2024-08-26
8202,6093,created,2024-12-18,,6,2024-12-18
8203,6094,created,2023-08-24,,2,2023-08-24
8204,6095,upgraded,2023-09-24,2,5,2023-09-24
8205,6096,created,2024-10-08,,3,2024-10-08
8206,6097,created,2024-09-01,,2,2024-09-01
8207,6097,canceled,2024-11-01,2,,2024-11-01
8208,6098,created,2023-08-26,,3,2023-08-26
8209,6098,canceled,2024-02-26,3,,2024-02-26
8210,6099,created,2023-12-04,,2,2023-12-04
8211,6099,canceled,2024-04-04,2,,2024-04-04
8212,6100,created,2024-01-28,,2,2024-01-28
8213,6100,canceled,2024-04-28,2,,2024-04-28
8214,6101,created,2024-12-15,,6,2024-12-18
8215,6102,created,2023-06-29,,1,2023-06-29
8216,6102,canceled,2023-07-29,1,,2023-08-01
8217,6103,reactivated,2023-10-29,,1,2023-10-29
8218,6103,canceled,2024-02-29,1,,2024-02-29
8219,6104,created,2024-08-24,,1,2024-08-24
8220,6105,upgraded,2024-12-24,1,2,2024-12-24
8221,6106,created,2023-10-11,,5,2023-10-11
8222,6107,downgraded,2024-09-11,5,2,2024-09-11
8223,6107,canceled,2024-11-11,2,,2024-11-11
8224,6108,created,2024-07-17,,4,2024-07-17
8225,6109,downgraded,2024-08-17,4,3,2024-08-17
8226,6110,created,2024-01-25,,1,2024-01-25
8227,6111,upgraded,2024-02-25,1,3,2024-02-25
8228,6111,canceled,2024-08-25,3,,2024-08-25
8229,6112,created,2024-04-24,,2,2024-04-24
8230,6113,downgraded,2024-11-24,2,1,2024-11-24
8231,6114,created,2024-09-06,,1,2024-09-06
8232,6115,created,2024-09-16,,5,2024-09-16
8233,6116,created,2024-10-17,,1,2024-10-17
8234,6116,canceled,2024-12-17,1,,2024-12-22
8235,6117,created,2022-10-22,,1,2022-10-22
8236,6117,canceled,2022-11-22,1,,2022-11-22
8237,6118,reactivated,2024-01-22,,2,2024-01-22
8238,6119,created,2024-06-12,,1,2024-06-12
8239,6120,created,2023-04-18,,2,2023-04-18
8240,6120,canceled,2024-06-18,2,,2024-06-18
8241,6121,created,2024-01-25,,2,2024-02-04
8242,6122,downgraded,2024-12-25,2,1,2024-12-25
8243,6123,created,2024-03-01,,1,2024-03-01
8244,6123,canceled,2024-12-01,1,,2024-12-01
8245,6124,created,2023-12-21,,1,2023-12-21
8246,6124,canceled,2024-03-21,1,,2024-03-21
8247,6125,reactivated,2024-05-21,,2,2024-05-21
8248,6126,created,2024-03-11,,2,2024-03-11
8249,6127,created,2024-12-06,,1,2024-12-06
8250,6128,created,2023-04-30,,7,2023-04-30
8251,6129,upgraded,2023-05-30,7,8,2023-05-30
8252,6130,downgraded,2024-05-29,8,7,2024-05-29
8253,6131,upgraded,2024-12-29,7,8,2024-12-29
8254,6132,created,2024-06-19,,4,2024-06-19
8255,6133,created,2023-12-24,,2,2024-01-03
8256,6134,downgraded,2024-07-24,2,1,2024-07-24
8257,6135,created,2023-04-16,,5,2023-04-16
8258,6135,canceled,2024-02-16,5,,2024-02-16
8259,6136,created,2023-05-02,,2,2023-05-02
8260,6137,upgraded,2024-02-02,2,5,2024-02-02
8261,6137,canceled,2024-03-02,5,,2024-03-02
8262,6138,reactivated,2024-12-02,,4,2024-12-02
8263,6139,created,2024-11-14,,4,2024-11-14
8264,6140,created,2024-10-16,,2,2024-10-16
8265,6141,created,2024-10-02,,1,2024-10-02
8266,6142,created,2024-12-06,,7,2024-12-06
8267,6143,created,2023-07-15,,4,2023-07-15
8268,6144,created,2023-11-04,,1,2023-11-04
8269,6144,canceled,2024-11-04,1,,2024-11-04
8270,6145,created,2024-06-04,,4,2024-06-04
8271,6146,created,2024-02-02,,1,2024-02-02
8272,6147,upgraded,2024-05-02,1,3,2024-05-02
8273,6148,created,2024-01-24,,3,2024-01-24
8274,6149,downgraded,2024-03-24,3,1,2024-03-24
8275,6150,upgraded,2024-05-24,1,2,2024-05-24
8276,6151,created,2023-11-15,,7,2023-11-15
8277,6152,upgraded,2024-10-15,7,8,2024-10-15
8278,6153,created,2024-04-24,,4,2024-04-24
8279,6154,created,2024-04-13,,1,2024-04-13
8280,6154,canceled,2024-09-13,1,,2024-09-13
8281,6155,reactivated,2024-11-13,,6,2024-11-13
8282,6156,created,2023-05-15,,3,2023-05-15
8283,6157,downgraded,2023-06-15,3,1,2023-06-15
8284,6157,canceled,2024-10-15,1,,2024-10-15
8285,6158,created,2024-02-17,,2,2024-02-17
8286,6159,downgraded,2024-07-17,2,1,2024-07-17
8287,6160,created,2024-03-04,,4,2024-03-04
8288,6161,created,2024-04-13,,6,2024-04-13
8289,6162,downgraded,2024-11-13,6,4,2024-11-13
8290,6163,created,2023-07-01,,5,2023-07-01
8291,6164,created,2024-07-20,,1,2024-07-20
8292,6164,canceled,2024-12-20,1,,2024-12-20
8293,6165,created,2022-04-19,,6,2022-04-19
8294,6166,upgraded,2022-05-19,6,8,2022-05-19
8295,6167,downgraded,2024-11-19,8,6,2024-11-19
8296,6168,created,2023-11-12,,1,2023-11-12
8297,6168,canceled,2024-09-12,1,,2024-09-12
8298,6169,created,2024-08-24,,5,2024-08-24
8299,6170,upgraded,2024-10-24,5,6,2024-10-24
8300,6171,upgraded,2024-12-24,6,8,2024-12-24
8301,6172,created,2024-03-23,,2,2024-03-23
8302,6173,upgraded,2024-04-23,2,4,2024-04-23
8303,6174,created,2023-09-23,,2,2023-09-23
8304,6174,canceled,2024-03-23,2,,2024-03-23
8305,6175,created,2024-06-08,,6,2024-06-08
8306,6176,created,2024-03-14,,1,2024-03-14
8307,6176,canceled,2024-04-14,1,,2024-04-14
8308,6177,created,2024-08-13,,6,2024-08-13
8309,6178,created,2024-07-01,,6,2024-07-01
8310,6179,created,2024-04-05,,1,2024-04-05
8311,6179,canceled,2024-10-05,1,,2024-10-05
8312,6180,created,2024-02-14,,4,2024-02-14
8313,6181,downgraded,2024-04-14,4,2,2024-04-14
8314,6182,upgraded,2024-11-14,2,5,2024-11-22
8315,6183,created,2023-04-18,,1,2023-04-26
8316,6184,upgraded,2023-05-18,1,2,2023-05-18
8317,6185,created,2023-09-02,,5,2023-09-02
8318,6186,upgraded,2023-10-02,5,6,2023-10-02
8319,6186,canceled,2024-03-02,6,,2024-03-02
8320,6187,created,2024-01-14,,1,2024-01-14
8321,6187,canceled,2024-06-14,1,,2024-06-14
8322,6188,created,2024-04-05,,3,2024-04-05
8323,6189,created,2024-02-04,,1,2024-02-04
8324,6190,created,2023-09-27,,1,2023-09-27
8325,6190,canceled,2023-10-27,1,,2023-10-27
8326,6191,reactivated,2024-04-27,,2,2024-04-27
8327,6191,canceled,2024-06-27,2,,2024-06-27
8328,6192,created,2022-01-23,,5,2022-01-23
8329,6193,upgraded,2022-05-23,5,7,2022-05-23
8330,6194,upgraded,2023-01-23,7,8,2023-01-23
8331,6195,downgraded,2023-02-23,8,6,2023-02-23
8332,6196,downgraded,2024-08-23,6,4,2024-08-23
8333,6197,created,2024-02-04,,2,2024-02-04
8334,6198,created,2023-09-16,,1,2023-09-20
8335,6198,canceled,2023-12-16,1,,2023-12-16
8336,6199,created,2024-07-14,,2,2024-07-14
8337,6200,created,2022-04-15,,8,2022-04-15
8338,6200,canceled,2022-08-15,8,,2022-08-15
8339,6201,created,2024-04-10,,3,2024-04-10
8340,6202,created,2024-11-16,,5,2024-11-16
8341,6203,created,2023-06-15,,1,2023-06-15
8342,6203,canceled,2023-12-15,1,,2023-12-15
8343,6204,created,2024-02-25,,6,2024-02-25
8344,6205,downgraded,2024-03-25,6,4,2024-03-25
8345,6206,created,2023-01-07,,3,2023-01-07
8346,6206,canceled,2023-02-07,3,,2023-02-07
8347,6207,created,2024-05-18,,6,2024-05-18
8348,6208,created,2024-03-31,,5,2024-03-31
8349,6209,upgraded,2024-11-30,5,6,2024-11-30
8350,6210,created,2023-12-18,,1,2023-12-18
8351,6210,canceled,2024-02-18,1,,2024-02-18
8352,6211,created,2024-03-12,,5,2024-03-12
8353,6212,created,2024-10-24,,1,2024-10-24
8354,6212,canceled,2024-12-24,1,,2024-12-24
8355,6213,created,2023-07-03,,1,2023-07-03
8356,6214,upgraded,2023-08-03,1,3,2023-08-03
8357,6215,downgraded,2024-09-03,3,1,2024-09-03
8358,6216,created,2022-04-08,,2,2022-04-08
8359,6216,canceled,2022-05-08,2,,2022-05-08
8360,6217,reactivated,2023-08-08,,1,2023-08-08
8361,6217,canceled,2023-09-08,1,,2023-09-08
8362,6218,created,2024-09-02,,1,2024-09-02
8363,6219,created,2024-04-09,,5,2024-04-09
8364,6220,created,2024-10-04,,2,2024-10-04
8365,6221,created,2024-04-06,,4,2024-04-06
8366,6221,canceled,2024-07-06,4,,2024-07-06
8367,6222,created,2024-09-15,,1,2024-09-15
8368,6223,created,2024-01-01,,3,2024-01-01
8369,6223,canceled,2024-02-01,3,,2024-02-01
8370,6224,reactivated,2024-06-01,,1,2024-06-01
8371,6224,canceled,2024-08-01,1,,2024-08-01
8372,6225,created,2024-07-22,,2,2024-07-22
8373,6226,created,2024-10-06,,1,2024-10-06
8374,6227,created,2024-04-09,,3,2024-04-09
8375,6227,canceled,2024-05-09,3,,2024-05-09
8376,6228,created,2023-06-05,,5,2023-06-05
8377,6228,canceled,2024-06-05,5,,2024-06-05
8378,6229,created,2023-09-27,,1,2023-09-27
8379,6229,canceled,2024-03-27,1,,2024-03-27
8380,6230,created,2023-07-02,,6,2023-07-02
8381,6231,created,2023-08-10,,2,2023-08-10
8382,6231,canceled,2024-05-10,2,,2024-05-10
8383,6232,created,2023-10-03,,2,2023-10-06
8384,6233,downgraded,2024-05-03,2,1,2024-05-03
8385,6234,created,2024-03-22,,2,2024-03-22
8386,6234,canceled,2024-05-22,2,,2024-05-22
8387,6235,created,2024-04-24,,1,2024-04-24
8388,6235,canceled,2024-06-24,1,,2024-06-24
8389,6236,created,2024-01-31,,3,2024-01-31
8390,6236,canceled,2024-10-29,3,,2024-10-29
8391,6237,created,2024-04-23,,1,2024-04-23
8392,6237,canceled,2024-06-23,1,,2024-06-23
8393,6238,created,2022-12-01,,8,2022-12-01
8394,6239,downgraded,2023-03-01,8,7,2023-03-01
8395,6240,created,2023-01-11,,6,2023-01-11
8396,6241,downgraded,2024-09-11,6,4,2024-09-11
8397,6242,created,2023-06-17,,8,2023-06-17
8398,6243,created,2024-03-20,,1,2024-03-20
8399,6244,created,2023-07-20,,1,2023-07-20
8400,6244,canceled,2024-03-20,1,,2024-03-20
8401,6245,created,2023-09-03,,2,2023-09-03
8402,6245,canceled,2024-04-03,2,,2024-04-03
8403,6246,created,2023-12-27,,8,2023-12-27
8404,6247,created,2024-09-04,,5,2024-09-04
8405,6247,canceled,2024-11-04,5,,2024-11-04
8406,6248,created,2022-03-07,,6,2022-03-07
8407,6248,canceled,2023-06-07,6,,2023-06-07
8408,6249,created,2024-05-19,,1,2024-05-19
8409,6249,canceled,2024-08-19,1,,2024-08-19
8410,6250,created,2024-06-11,,4,2024-06-11
8411,6251,created,2024-08-17,,5,2024-08-17
8412,6251,canceled,2024-11-17,5,,2024-11-17
8413,6252,created,2024-11-30,,3,2024-11-30
8414,6253,created,2022-04-03,,2,2022-04-03
8415,6254,created,2023-05-14,,5,2023-05-20
8416,6254,canceled,2023-06-14,5,,2023-06-14
8417,6255,created,2024-10-07,,6,2024-10-07
8418,6256,created,2024-01-18,,6,2024-01-18
8419,6257,created,2024-03-27,,3,2024-03-27
8420,6258,created,2024-05-26,,3,2024-05-26
8421,6259,created,2024-06-29,,4,2024-06-29
8422,6260,created,2024-11-08,,2,2024-11-08
8423,6261,created,2024-12-17,,5,2024-12-17
8424,6262,created,2024-07-15,,5,2024-07-17
8425,6263,created,2023-09-15,,5,2023-09-15
8426,6264,created,2024-10-21,,1,2024-10-21
8427,6265,created,2022-09-01,,2,2022-09-01
8428,6266,upgraded,2023-04-01,2,5,2023-04-01
8429,6266,canceled,2024-08-01,5,,2024-08-01
8430,6267,created,2023-08-30,,2,2023-08-30
8431,6268,upgraded,2023-12-30,2,5,2023-12-30
8432,6268,canceled,2024-06-29,5,,2024-06-29
8433,6269,created,2024-10-06,,1,2024-10-06
8434,6270,created,2023-09-12,,1,2023-09-12
8435,6270,canceled,2024-02-12,1,,2024-02-12
8436,6271,created,2023-08-15,,6,2023-08-15
8437,6271,canceled,2024-07-15,6,,2024-07-15
8438,6272,created,2023-04-18,,4,2023-04-18
8439,6273,upgraded,2024-09-18,4,6,2024-09-18
8440,6273,canceled,2024-12-18,6,,2024-12-18
8441,6274,created,2024-09-02,,5,2024-09-02
8442,6275,created,2024-02-27,,1,2024-02-27
8443,6275,canceled,2024-10-27,1,,2024-10-27
8444,6276,reactivated,2024-12-27,,1,2024-12-27
8445,6277,created,2024-06-03,,3,2024-06-03
8446,6277,canceled,2024-07-03,3,,2024-07-03
8447,6278,created,2023-08-22,,6,2023-08-22
8448,6279,upgraded,2024-04-22,6,8,2024-04-22
8449,6280,created,2024-08-22,,1,2024-08-22
8450,6280,canceled,2024-12-22,1,,2024-12-22
8451,6281,created,2024-08-22,,7,2024-08-22
8452,15759,created,2023-10-24,,2,2023-10-24
8453,6283,upgraded,2024-06-24,2,4,2024-06-24
8454,6283,canceled,2024-08-24,4,,2024-08-24
8455,6284,reactivated,2024-10-24,,1,2024-10-24
8456,6285,created,2024-01-30,,6,2024-01-30
8457,6286,upgraded,2024-07-29,6,8,2024-07-29
8458,6287,created,2023-07-02,,2,2023-07-02
8459,6288,created,2024-12-29,,2,2024-12-29
8460,6289,created,2024-05-12,,4,2024-05-17
8461,6290,created,2024-11-08,,2,2024-11-08
8462,6291,created,2023-10-23,,1,2023-10-23
8463,6291,canceled,2024-03-23,1,,2024-03-23
8464,6292,created,2024-08-12,,1,2024-08-12
8465,6293,created,2024-08-28,,1,2024-08-28
8466,6294,created,2024-06-10,,3,2024-06-10
8467,6295,upgraded,2024-10-10,3,4,2024-10-10
8468,6296,created,2024-11-23,,1,2024-11-23
8469,6297,upgraded,2024-12-23,1,3,2024-12-23
8470,6298,created,2023-12-18,,1,2023-12-18
8471,6299,created,2023-04-01,,1,2023-04-01
8472,6299,canceled,2023-08-01,1,,2023-08-01
8473,6300,created,2024-06-15,,2,2024-06-15
8474,6300,canceled,2024-11-15,2,,2024-11-15
8475,6301,created,2024-07-05,,8,2024-07-05
8476,6302,created,2024-04-08,,1,2024-04-08
8477,6303,created,2023-07-05,,1,2023-07-05
8478,6303,canceled,2024-01-05,1,,2024-01-05
8479,6304,created,2024-02-25,,1,2024-02-25
8480,6304,canceled,2024-07-25,1,,2024-07-25
8481,6305,created,2023-10-17,,1,2023-10-17
8482,6305,canceled,2024-02-17,1,,2024-02-17
8483,6306,created,2024-01-09,,1,2024-01-09
8484,6306,canceled,2024-02-09,1,,2024-02-09
8485,6307,created,2024-05-17,,1,2024-05-17
8486,6307,canceled,2024-06-17,1,,2024-06-17
8487,6308,created,2024-07-20,,4,2024-07-20
8488,6309,created,2023-08-27,,3,2023-08-27
8489,6309,canceled,2024-04-27,3,,2024-04-27
8490,6310,created,2023-12-08,,7,2023-12-08
8491,6311,created,2023-09-27,,2,2023-09-27
8492,6312,created,2023-07-14,,2,2023-07-14
8493,6312,canceled,2023-10-14,2,,2023-10-14
8494,6313,reactivated,2024-01-14,,1,2024-01-14
8495,6313,canceled,2024-03-14,1,,2024-03-14
8496,6314,created,2024-08-29,,1,2024-08-29
8497,6315,created,2024-10-30,,1,2024-10-30
8498,6316,created,2023-11-11,,1,2023-11-11
8499,6316,canceled,2024-01-11,1,,2024-01-11
8500,6317,created,2024-07-12,,1,2024-07-12
8501,6317,canceled,2024-10-12,1,,2024-10-12
8502,6318,created,2024-10-05,,2,2024-10-05
8503,6319,created,2024-09-21,,1,2024-09-21
8504,6319,canceled,2024-10-21,1,,2024-10-21
8505,6320,created,2023-06-01,,1,2023-06-01
8506,6320,canceled,2023-12-01,1,,2023-12-01
8507,6321,created,2024-11-16,,4,2024-11-16
8508,6322,created,2023-11-24,,3,2023-11-24
8509,6322,canceled,2024-10-24,3,,2024-10-24
8510,6323,created,2023-10-20,,3,2023-10-20
8511,6324,upgraded,2023-12-20,3,4,2023-12-20
8512,6325,created,2022-10-18,,1,2022-10-18
8513,6325,canceled,2024-06-18,1,,2024-06-18
8514,6326,created,2024-02-13,,2,2024-02-13
8515,6326,canceled,2024-05-13,2,,2024-05-13
8516,6327,created,2023-02-03,,1,2023-02-03
8517,6327,canceled,2023-10-03,1,,2023-10-03
8518,6328,created,2023-08-04,,5,2023-08-04
8519,20296,canceled,2023-11-04,5,,2023-11-04
8520,6329,reactivated,2024-07-04,,1,2024-07-04
8521,6330,created,2023-10-30,,3,2023-10-30
8522,6330,canceled,2024-01-30,3,,2024-01-30
8523,6331,created,2024-09-14,,2,2024-09-14
8524,6332,created,2024-10-08,,3,2024-10-08
8525,6333,created,2023-10-18,,1,2023-10-18
8526,6333,canceled,2023-12-18,1,,2023-12-18
8527,6334,reactivated,2024-02-18,,2,2024-02-18
8528,6335,created,2024-09-10,,4,2024-09-19
8529,6335,canceled,2024-11-10,4,,2024-11-10
8530,6336,created,2024-09-19,,2,2024-09-19
8531,6337,created,2024-08-04,,2,2024-08-04
8532,6338,upgraded,2024-10-04,2,5,2024-10-04
8533,6339,created,2023-05-06,,1,2023-05-06
8534,6340,upgraded,2023-09-06,1,2,2023-09-06
8535,6341,upgraded,2023-10-06,2,4,2023-10-06
8536,6342,upgraded,2024-08-06,4,6,2024-08-06
8537,6343,created,2024-06-12,,7,2024-06-12
8538,6344,created,2024-11-02,,4,2024-11-02
8539,6345,created,2024-06-22,,1,2024-06-22
8540,6346,created,2023-10-25,,1,2023-10-25
8541,6347,upgraded,2023-11-25,1,2,2023-11-25
8542,6348,upgraded,2023-12-25,2,4,2023-12-25
8543,6349,created,2024-02-11,,2,2024-02-11
8544,6350,created,2024-05-04,,3,2024-05-04
8545,6351,downgraded,2024-07-04,3,1,2024-07-04
8546,6352,created,2024-02-02,,1,2024-02-02
8547,6352,canceled,2024-10-02,1,,2024-10-02
8548,6353,created,2023-03-21,,1,2023-03-21
8549,6353,canceled,2023-06-21,1,,2023-06-21
8550,6354,created,2023-10-17,,1,2023-10-17
8551,6354,canceled,2024-01-17,1,,2024-01-17
8552,6355,created,2024-08-30,,1,2024-08-30
8553,6355,canceled,2024-09-30,1,,2024-09-30
8554,6356,created,2024-09-26,,1,2024-09-26
8555,6357,created,2023-04-14,,1,2023-04-14
8556,6357,canceled,2023-07-14,1,,2023-07-14
8557,6358,created,2024-11-09,,4,2024-11-09
8558,6359,created,2023-10-11,,5,2023-10-11
8559,6360,upgraded,2024-10-11,5,7,2024-10-11
8560,6361,upgraded,2024-11-11,7,8,2024-11-11
8561,6362,created,2024-05-11,,1,2024-05-11
8562,6362,canceled,2024-11-11,1,,2024-11-11
8563,6363,created,2024-07-31,,1,2024-07-31
8564,6363,canceled,2024-10-30,1,,2024-10-30
8565,6364,created,2024-09-26,,1,2024-09-26
8566,6365,created,2024-11-08,,2,2024-11-08
8567,6366,created,2023-10-29,,3,2023-10-29
8568,6367,downgraded,2023-12-29,3,1,2023-12-29
8569,6367,canceled,2024-10-29,1,,2024-10-29
8570,6368,created,2024-09-25,,4,2024-09-25
8571,6369,created,2023-04-13,,8,2023-04-13
8572,6370,downgraded,2023-05-13,8,6,2023-05-13
8573,6370,canceled,2024-02-13,6,,2024-02-13
8574,6371,reactivated,2024-04-13,,2,2024-04-13
8575,6372,downgraded,2024-08-13,2,1,2024-08-13
8576,6373,upgraded,2024-12-13,1,2,2024-12-13
8577,6374,created,2024-06-30,,3,2024-06-30
8578,6375,created,2024-07-06,,3,2024-07-06
8579,6375,canceled,2024-12-06,3,,2024-12-06
8580,6376,created,2024-06-06,,1,2024-06-06
8581,6376,canceled,2024-11-06,1,,2024-11-06
8582,6377,created,2023-09-29,,1,2023-09-29
8583,6377,canceled,2024-03-29,1,,2024-03-29
8584,6378,created,2024-10-05,,1,2024-10-05
8585,6379,created,2023-05-04,,1,2023-05-04
8586,6379,canceled,2024-01-04,1,,2024-01-04
8587,6380,created,2022-09-03,,3,2022-09-03
8588,6380,canceled,2022-12-03,3,,2022-12-03
8589,6381,reactivated,2023-02-03,,4,2023-02-03
8590,6382,upgraded,2023-03-03,4,7,2023-03-03
8591,6382,canceled,2023-05-03,7,,2023-05-03
8592,6383,reactivated,2023-11-03,,1,2023-11-03
8593,6383,canceled,2024-04-03,1,,2024-04-03
8594,6384,created,2024-07-31,,1,2024-07-31
8595,6384,canceled,2024-09-30,1,,2024-09-30
8596,6385,created,2024-02-02,,2,2024-02-02
8597,6386,created,2024-09-04,,2,2024-09-04
8598,6387,created,2023-12-23,,1,2023-12-23
8599,6387,canceled,2024-08-23,1,,2024-08-23
8600,6388,created,2023-05-03,,2,2023-05-03
8601,6388,canceled,2023-11-03,2,,2023-11-03
8602,6389,created,2024-09-15,,1,2024-09-15
8603,6390,created,2024-03-09,,1,2024-03-09
8604,6391,created,2023-06-09,,2,2023-06-09
8605,6392,created,2024-07-05,,2,2024-07-05
8606,6392,canceled,2024-08-05,2,,2024-08-05
8607,6393,created,2024-02-17,,2,2024-02-17
8608,6394,created,2024-04-11,,1,2024-04-11
8609,6394,canceled,2024-11-11,1,,2024-11-11
8610,6395,created,2024-01-13,,1,2024-01-13
8611,6395,canceled,2024-09-13,1,,2024-09-13
8612,6396,created,2024-09-12,,1,2024-09-12
8613,6396,canceled,2024-10-12,1,,2024-10-12
8614,6397,created,2024-09-09,,1,2024-09-09
8615,6398,created,2024-06-22,,1,2024-06-22
8616,6399,created,2023-02-09,,3,2023-02-09
8617,6400,upgraded,2023-08-09,3,4,2023-08-09
8618,6401,upgraded,2024-06-09,4,7,2024-06-09
8619,6402,downgraded,2024-08-09,7,4,2024-08-09
8620,6403,created,2024-09-02,,1,2024-09-02
8621,6404,created,2024-06-21,,3,2024-06-21
8622,6405,created,2024-06-05,,2,2024-06-05
8623,14258,created,2023-11-05,,1,2023-11-05
8624,6406,canceled,2024-04-05,1,,2024-04-05
8625,6407,created,2024-10-15,,3,2024-10-15
8626,6408,created,2024-07-24,,1,2024-07-24
8627,6408,canceled,2024-10-24,1,,2024-10-24
8628,6409,created,2023-03-27,,1,2023-03-27
8629,6409,canceled,2024-06-27,1,,2024-06-27
8630,6410,reactivated,2024-11-27,,2,2024-11-27
8631,6411,created,2023-12-13,,1,2023-12-13
8632,6411,canceled,2024-06-13,1,,2024-06-13
8633,6412,created,2024-10-21,,2,2024-10-21
8634,6413,created,2022-08-07,,7,2022-08-07
8635,6413,canceled,2024-01-07,7,,2024-01-07
8636,6414,created,2024-11-06,,2,2024-11-06
8637,6415,created,2024-06-01,,4,2024-06-01
8638,6416,created,2024-05-20,,3,2024-05-20
8639,6416,canceled,2024-11-20,3,,2024-11-20
8640,6417,created,2023-09-09,,1,2023-09-09
8641,6417,canceled,2024-02-09,1,,2024-02-09
8642,6418,created,2023-08-20,,3,2023-08-20
8643,6419,upgraded,2023-09-20,3,5,2023-09-20
8644,6420,upgraded,2024-05-20,5,6,2024-05-20
8645,6421,created,2024-11-18,,1,2024-11-18
8646,6421,canceled,2024-12-18,1,,2024-12-18
8647,6422,created,2023-10-08,,1,2023-10-08
8648,6422,canceled,2024-09-08,1,,2024-09-08
8649,6423,created,2024-08-02,,2,2024-08-02
8650,6424,created,2023-12-24,,2,2023-12-24
8651,6425,downgraded,2024-02-24,2,1,2024-02-24
8652,6425,canceled,2024-10-24,1,,2024-10-24
8653,6426,created,2023-04-15,,1,2023-04-15
8654,6427,upgraded,2023-11-15,1,2,2023-11-15
8655,6428,created,2022-02-27,,2,2022-02-27
8656,6428,canceled,2022-04-27,2,,2022-04-27
8657,6429,reactivated,2024-11-27,,1,2024-11-27
8658,6430,created,2024-03-09,,4,2024-03-09
8659,6431,created,2024-12-14,,3,2024-12-14
8660,6432,created,2023-11-29,,2,2023-11-29
8661,6433,upgraded,2024-07-29,2,4,2024-07-29
8662,6434,created,2023-11-07,,2,2023-11-07
8663,6434,canceled,2024-04-07,2,,2024-04-07
8664,6435,created,2023-11-21,,2,2023-11-21
8665,6435,canceled,2024-10-21,2,,2024-10-21
8666,6436,created,2024-03-22,,4,2024-03-22
8667,6437,downgraded,2024-06-22,4,2,2024-06-22
8668,6438,upgraded,2024-12-22,2,4,2024-12-22
8669,6439,created,2024-01-18,,1,2024-01-18
8670,6440,upgraded,2024-07-18,1,2,2024-07-18
8671,6441,created,2024-10-28,,4,2024-10-28
8672,6442,created,2024-02-19,,1,2024-02-19
8673,6442,canceled,2024-05-19,1,,2024-05-19
8674,6443,created,2024-02-05,,7,2024-02-05
8675,6444,downgraded,2024-08-05,7,4,2024-08-05
8676,6445,created,2023-04-10,,4,2023-04-10
8677,6445,canceled,2023-07-10,4,,2023-07-10
8678,6446,created,2024-12-05,,1,2024-12-05
8679,6447,created,2023-08-22,,1,2023-08-22
8680,6447,canceled,2024-02-22,1,,2024-02-22
8681,6448,created,2022-11-03,,1,2022-11-03
8682,6449,upgraded,2022-12-03,1,2,2022-12-03
8683,6449,canceled,2023-10-03,2,,2023-10-03
8684,6450,reactivated,2024-12-03,,1,2024-12-03
8685,6451,created,2024-05-31,,6,2024-05-31
8686,6452,created,2024-04-29,,1,2024-04-29
8687,6453,created,2024-01-15,,5,2024-01-15
8688,20195,downgraded,2024-09-15,5,3,2024-09-15
8689,6455,created,2024-01-04,,6,2024-01-04
8690,6456,created,2024-08-18,,6,2024-08-26
8691,6457,created,2023-07-31,,3,2023-07-31
8692,6457,canceled,2023-11-30,3,,2023-11-30
8693,6458,reactivated,2023-12-30,,2,2023-12-30
8694,6458,canceled,2024-08-29,2,,2024-08-29
8695,6459,created,2024-09-28,,4,2024-09-28
8696,6459,canceled,2024-10-28,4,,2024-10-28
8697,6460,created,2024-05-30,,1,2024-05-30
8698,6461,created,2024-01-04,,2,2024-01-04
8699,6461,canceled,2024-04-04,2,,2024-04-04
8700,6462,created,2024-01-01,,2,2024-01-01
8701,6463,created,2023-09-13,,4,2023-09-13
8702,6464,downgraded,2024-09-13,4,3,2024-09-13
8703,6465,upgraded,2024-12-13,3,4,2024-12-13
8704,6466,created,2024-07-21,,8,2024-07-21
8705,6467,created,2024-02-22,,6,2024-02-22
8706,6468,created,2023-10-03,,7,2023-10-03
8707,6469,created,2024-04-03,,1,2024-04-03
8708,6470,created,2024-12-18,,1,2024-12-18
8709,6471,created,2024-01-31,,5,2024-01-31
8710,6471,canceled,2024-04-29,5,,2024-04-29
8711,6472,created,2024-11-16,,6,2024-11-16
8712,6473,created,2023-11-18,,7,2023-11-18
8713,6474,created,2022-09-28,,1,2022-09-28
8714,6474,canceled,2022-12-28,1,,2022-12-28
8715,6475,reactivated,2023-01-28,,1,2023-01-28
8716,6476,upgraded,2023-02-28,1,2,2023-02-28
8717,6476,canceled,2024-01-28,2,,2024-01-28
8718,6477,created,2023-07-04,,1,2023-07-04
8719,6477,canceled,2023-10-04,1,,2023-10-04
8720,6478,reactivated,2023-12-04,,1,2023-12-04
8721,6478,canceled,2024-07-04,1,,2024-07-04
8722,6479,created,2024-01-01,,1,2024-01-01
8723,6480,upgraded,2024-07-01,1,2,2024-07-01
8724,6481,created,2023-08-01,,2,2023-08-01
8725,6481,canceled,2024-02-01,2,,2024-02-01
8726,6482,created,2022-01-31,,2,2022-01-31
8727,6483,upgraded,2022-02-28,2,5,2022-02-28
8728,6483,canceled,2022-08-28,5,,2022-08-28
8729,6484,created,2024-10-11,,4,2024-10-11
8730,6485,created,2024-09-29,,4,2024-09-29
8731,6486,created,2024-07-01,,4,2024-07-01
8732,6487,created,2023-05-28,,3,2023-06-03
8733,6487,canceled,2024-09-28,3,,2024-09-28
8734,6488,created,2023-03-31,,2,2023-03-31
8735,6489,downgraded,2023-07-30,2,1,2023-07-30
8736,6489,canceled,2023-12-30,1,,2023-12-30
8737,6490,created,2022-11-18,,1,2022-11-18
8738,6490,canceled,2023-01-18,1,,2023-01-18
8739,6491,reactivated,2023-03-18,,1,2023-03-18
8740,6492,upgraded,2023-09-18,1,2,2023-09-18
8741,6492,canceled,2024-11-18,2,,2024-11-18
8742,6493,reactivated,2024-12-18,,1,2024-12-18
8743,6494,created,2024-07-30,,4,2024-07-30
8744,6494,canceled,2024-09-30,4,,2024-09-30
8745,6495,created,2024-11-17,,1,2024-11-23
8746,6496,created,2024-01-07,,6,2024-01-07
8747,6496,canceled,2024-07-07,6,,2024-07-07
8748,6497,created,2023-03-05,,2,2023-03-05
8749,6497,canceled,2023-11-05,2,,2023-11-05
8750,6498,created,2024-02-13,,8,2024-02-13
8751,6499,created,2023-11-17,,2,2023-11-17
8752,6499,canceled,2024-08-17,2,,2024-08-17
8753,6500,created,2023-11-29,,2,2023-11-29
8754,6501,created,2024-05-22,,1,2024-05-22
8755,6501,canceled,2024-10-22,1,,2024-10-22
8756,6502,created,2024-07-12,,5,2024-07-12
8757,6503,created,2023-03-12,,6,2023-03-12
8758,6503,canceled,2024-05-12,6,,2024-05-12
8759,6504,created,2022-06-13,,2,2022-06-13
8760,6504,canceled,2022-08-13,2,,2022-08-13
8761,6505,reactivated,2022-12-13,,2,2022-12-13
8762,6506,downgraded,2023-01-13,2,1,2023-01-13
8763,6506,canceled,2023-02-13,1,,2023-02-13
8764,6507,created,2024-12-31,,2,2024-12-31
8765,6508,created,2023-08-12,,1,2023-08-12
8766,6508,canceled,2024-06-12,1,,2024-06-12
8767,6509,created,2022-09-18,,1,2022-09-18
8768,6510,upgraded,2022-10-18,1,3,2022-10-18
8769,6510,canceled,2022-11-18,3,,2022-11-18
8770,6511,created,2023-06-03,,1,2023-06-03
8771,6511,canceled,2024-07-03,1,,2024-07-03
8772,6512,created,2022-07-29,,8,2022-07-29
8773,6513,downgraded,2024-02-28,8,6,2024-02-28
8774,6514,upgraded,2024-05-28,6,8,2024-05-28
8775,6515,downgraded,2024-06-28,8,6,2024-06-28
8776,6516,created,2023-12-26,,1,2023-12-26
8777,6517,created,2024-08-31,,1,2024-08-31
8778,6518,created,2023-11-03,,5,2023-11-03
8779,6518,canceled,2023-12-03,5,,2023-12-03
8780,6519,created,2024-01-20,,1,2024-01-20
8781,6519,canceled,2024-05-20,1,,2024-05-20
8782,6520,reactivated,2024-12-20,,2,2024-12-20
8783,6521,created,2024-06-26,,4,2024-06-26
8784,6522,created,2024-02-20,,1,2024-02-20
8785,6522,canceled,2024-10-20,1,,2024-10-20
8786,6523,created,2024-09-09,,6,2024-09-09
8787,6524,created,2024-10-11,,1,2024-10-11
8788,6525,created,2022-02-23,,4,2022-02-23
8789,6526,upgraded,2022-11-23,4,6,2022-11-23
8790,6527,downgraded,2023-04-23,6,4,2023-04-23
8791,6528,upgraded,2023-10-23,4,7,2023-10-23
8792,6529,upgraded,2024-03-23,7,8,2024-03-23
8793,6530,created,2024-08-24,,1,2024-08-24
8794,6530,canceled,2024-10-24,1,,2024-10-24
8795,6531,created,2024-01-18,,2,2024-01-26
8796,6532,created,2024-12-27,,1,2024-12-27
8797,6533,created,2024-02-01,,3,2024-02-01
8798,6533,canceled,2024-04-01,3,,2024-04-01
8799,6534,reactivated,2024-05-01,,3,2024-05-01
8800,6535,created,2024-12-12,,1,2024-12-12
8801,6536,created,2024-07-31,,2,2024-07-31
8802,6537,created,2023-08-30,,1,2023-08-30
8803,6537,canceled,2023-10-30,1,,2023-10-30
8804,6538,created,2024-03-02,,2,2024-03-02
8805,6539,created,2024-12-28,,1,2024-12-28
8806,6540,created,2024-09-30,,1,2024-10-06
8807,6541,created,2023-02-26,,1,2023-02-26
8808,6541,canceled,2023-04-26,1,,2023-04-26
8809,6542,reactivated,2024-09-26,,4,2024-09-26
8810,6543,created,2024-06-21,,1,2024-06-21
8811,6543,canceled,2024-09-21,1,,2024-09-21
8812,6544,created,2023-11-23,,2,2023-11-23
8813,6545,downgraded,2024-02-23,2,1,2024-02-23
8814,6546,created,2022-01-14,,1,2022-01-14
8815,6546,canceled,2022-04-14,1,,2022-04-14
8816,6547,reactivated,2024-08-14,,1,2024-08-14
8817,6548,created,2023-12-30,,2,2023-12-30
8818,6549,downgraded,2024-01-30,2,1,2024-01-30
8819,6550,upgraded,2024-09-29,1,3,2024-09-29
8820,6551,created,2023-08-02,,5,2023-08-02
8821,6552,created,2024-09-25,,2,2024-09-25
8822,6552,canceled,2024-11-25,2,,2024-11-25
8823,6553,created,2023-10-01,,3,2023-10-01
8824,6554,upgraded,2024-05-01,3,5,2024-05-01
8825,6555,created,2024-09-04,,1,2024-09-04
8826,6556,created,2022-01-14,,6,2022-01-14
8827,6557,upgraded,2022-12-14,6,8,2022-12-14
8828,6558,downgraded,2024-01-14,8,6,2024-01-14
8829,6559,upgraded,2024-12-14,6,8,2024-12-14
8830,6560,created,2023-10-08,,1,2023-10-08
8831,6560,canceled,2023-11-08,1,,2023-11-08
8832,6561,reactivated,2024-01-08,,2,2024-01-13
8833,6562,created,2023-08-27,,1,2023-08-27
8834,6562,canceled,2023-09-27,1,,2023-09-27
8835,6563,created,2023-08-03,,3,2023-08-03
8836,6563,canceled,2024-03-03,3,,2024-03-03
8837,6564,reactivated,2024-09-03,,1,2024-09-03
8838,6565,upgraded,2024-10-03,1,2,2024-10-03
8839,6566,created,2022-11-01,,2,2022-11-01
8840,6567,upgraded,2024-08-01,2,5,2024-08-01
8841,6568,upgraded,2024-12-01,5,6,2024-12-01
8842,6569,created,2023-06-21,,2,2023-06-21
8843,6569,canceled,2023-12-21,2,,2023-12-21
8844,6570,created,2024-03-18,,4,2024-03-18
8845,6571,created,2023-09-21,,6,2023-09-21
8846,6572,upgraded,2023-10-21,6,8,2023-10-21
8847,6573,downgraded,2023-12-21,8,6,2023-12-21
8848,6574,downgraded,2024-05-21,6,4,2024-05-21
8849,6575,downgraded,2024-06-21,4,2,2024-06-21
8850,6576,created,2024-01-19,,1,2024-01-19
8851,6577,upgraded,2024-07-19,1,2,2024-07-19
8852,6577,canceled,2024-12-19,2,,2024-12-19
8853,6578,created,2023-11-12,,5,2023-11-12
8854,6579,created,2024-10-25,,1,2024-10-25
8855,6580,created,2024-10-20,,7,2024-10-20
8856,6581,created,2024-02-16,,6,2024-02-16
8857,6582,upgraded,2024-11-16,6,8,2024-11-16
8858,6583,created,2023-10-07,,2,2023-10-07
8859,6583,canceled,2024-09-07,2,,2024-09-07
8860,6584,created,2023-02-09,,1,2023-02-09
8861,6584,canceled,2023-10-09,1,,2023-10-09
8862,6585,created,2024-11-22,,4,2024-11-22
8863,6586,created,2022-10-15,,1,2022-10-15
8864,6586,canceled,2023-01-15,1,,2023-01-15
8865,6587,reactivated,2023-02-15,,4,2023-02-15
8866,6588,downgraded,2023-03-15,4,2,2023-03-22
8867,6589,downgraded,2023-05-15,2,1,2023-05-15
8868,6589,canceled,2023-10-15,1,,2023-10-15
8869,6590,created,2023-10-26,,1,2023-10-26
8870,6591,created,2023-10-29,,1,2023-10-29
8871,6591,canceled,2024-01-29,1,,2024-01-29
8872,6592,created,2023-10-14,,1,2023-10-14
8873,6592,canceled,2024-02-14,1,,2024-02-14
8874,6593,created,2023-05-18,,2,2023-05-18
8875,6594,upgraded,2023-06-18,2,5,2023-06-18
8876,6594,canceled,2024-04-18,5,,2024-04-18
8877,6595,created,2024-08-19,,2,2024-08-19
8878,6595,canceled,2024-12-19,2,,2024-12-19
8879,6596,created,2023-03-29,,1,2023-03-29
8880,6596,canceled,2023-12-29,1,,2023-12-29
8881,20102,reactivated,2024-05-29,,4,2024-05-29
8882,6598,created,2024-05-10,,6,2024-05-10
8883,6599,created,2023-03-30,,2,2023-03-30
8884,6600,upgraded,2023-10-30,2,4,2023-10-30
8885,6600,canceled,2024-06-29,4,,2024-06-29
8886,6601,created,2022-11-10,,1,2022-11-10
8887,6601,canceled,2023-12-10,1,,2023-12-10
8888,6602,reactivated,2024-08-10,,3,2024-08-10
8889,6602,canceled,2024-09-10,3,,2024-09-10
8890,6603,created,2024-10-11,,1,2024-10-11
8891,6604,upgraded,2024-12-11,1,2,2024-12-11
8892,6605,created,2023-06-23,,1,2023-06-23
8893,6605,canceled,2024-03-23,1,,2024-03-23
8894,6606,created,2024-09-12,,2,2024-09-12
8895,6607,created,2024-03-19,,1,2024-03-19
8896,6608,created,2022-12-18,,2,2022-12-18
8897,6609,upgraded,2023-01-18,2,5,2023-01-18
8898,6610,upgraded,2023-02-18,5,6,2023-02-18
8899,6611,created,2024-11-02,,1,2024-11-02
8900,6612,created,2023-08-22,,2,2023-08-22
8901,6612,canceled,2023-09-22,2,,2023-09-22
8902,6613,created,2024-09-03,,1,2024-09-03
8903,6614,created,2023-05-13,,5,2023-05-13
8904,6614,canceled,2023-10-13,5,,2023-10-13
8905,6615,created,2024-09-11,,1,2024-09-11
8906,6616,created,2022-02-13,,1,2022-02-13
8907,6616,canceled,2022-09-13,1,,2022-09-13
8908,6617,created,2024-02-01,,3,2024-02-01
8909,6618,downgraded,2024-03-01,3,1,2024-03-01
8910,6619,upgraded,2024-04-01,1,2,2024-04-01
8911,6619,canceled,2024-08-01,2,,2024-08-01
8912,6620,created,2024-08-11,,1,2024-08-11
8913,6620,canceled,2024-11-11,1,,2024-11-11
8914,6621,created,2024-11-03,,2,2024-11-03
8915,6622,created,2024-10-22,,1,2024-10-22
8916,6623,created,2024-09-26,,1,2024-09-26
8917,6623,canceled,2024-12-26,1,,2024-12-26
8918,6624,created,2024-10-01,,1,2024-10-01
8919,6625,created,2023-07-30,,7,2023-07-30
8920,6626,created,2023-09-28,,1,2023-09-28
8921,6627,upgraded,2024-11-28,1,2,2024-11-28
8922,6628,created,2023-09-26,,4,2023-09-26
8923,6629,created,2023-11-21,,1,2023-11-21
8924,6629,canceled,2024-10-21,1,,2024-10-21
8925,6630,created,2023-12-02,,1,2023-12-02
8926,6630,canceled,2024-04-02,1,,2024-04-02
8927,6631,created,2024-03-23,,4,2024-03-23
8928,6631,canceled,2024-05-23,4,,2024-05-23
8929,6632,created,2023-05-02,,3,2023-05-02
8930,6632,canceled,2023-09-02,3,,2023-09-02
8931,6633,reactivated,2023-12-02,,6,2023-12-12
8932,6634,downgraded,2024-10-02,6,4,2024-10-02
8933,6635,created,2024-06-12,,1,2024-06-12
8934,6635,canceled,2024-07-12,1,,2024-07-12
8935,6636,created,2023-05-27,,1,2023-05-27
8936,6637,upgraded,2024-03-27,1,2,2024-03-27
8937,6637,canceled,2024-07-27,2,,2024-07-27
8938,6638,reactivated,2024-12-27,,1,2024-12-27
8939,6639,created,2023-10-31,,1,2023-10-31
8940,6640,upgraded,2024-10-29,1,2,2024-10-29
8941,6641,created,2024-02-24,,1,2024-02-24
8942,6641,canceled,2024-04-24,1,,2024-04-24
8943,6642,created,2024-08-01,,4,2024-08-01
8944,6643,created,2024-07-07,,5,2024-07-07
8945,6644,created,2024-05-25,,1,2024-05-25
8946,6644,canceled,2024-09-25,1,,2024-09-25
8947,6645,created,2023-05-20,,2,2023-05-20
8948,6645,canceled,2024-03-20,2,,2024-03-20
8949,6646,created,2024-03-11,,6,2024-03-11
8950,6647,created,2023-01-18,,1,2023-01-18
8951,6647,canceled,2024-04-18,1,,2024-04-18
8952,6648,created,2023-11-12,,1,2023-11-12
8953,6648,canceled,2024-01-12,1,,2024-01-12
8954,6649,reactivated,2024-03-12,,1,2024-03-12
8955,6649,canceled,2024-06-12,1,,2024-06-12
8956,6650,created,2024-01-13,,4,2024-01-13
8957,6651,created,2022-07-19,,1,2022-07-19
8958,6651,canceled,2023-04-19,1,,2023-04-19
8959,6652,reactivated,2023-12-19,,4,2023-12-19
8960,6653,upgraded,2024-06-19,4,6,2024-06-19
8961,6654,created,2023-09-19,,3,2023-09-19
8962,6654,canceled,2024-05-19,3,,2024-05-19
8963,6655,created,2024-11-02,,5,2024-11-02
8964,6656,created,2024-11-09,,6,2024-11-09
8965,6657,created,2023-11-16,,2,2023-11-16
8966,6658,downgraded,2023-12-16,2,1,2023-12-20
8967,6658,canceled,2024-01-16,1,,2024-01-16
8968,6659,created,2022-08-29,,1,2022-08-29
8969,6659,canceled,2023-08-28,1,,2023-08-28
8970,6660,reactivated,2024-01-28,,4,2024-01-28
8971,6660,canceled,2024-11-28,4,,2024-11-28
8972,6661,created,2023-06-10,,1,2023-06-10
8973,6661,canceled,2023-07-10,1,,2023-07-10
8974,6662,created,2023-12-28,,1,2023-12-28
8975,6662,canceled,2024-05-28,1,,2024-05-28
8976,6663,created,2024-11-13,,6,2024-11-13
8977,6664,created,2023-04-01,,2,2023-04-03
8978,6665,upgraded,2023-08-01,2,4,2023-08-01
8979,6666,created,2024-08-03,,4,2024-08-03
8980,6667,upgraded,2024-10-03,4,7,2024-10-03
8981,6668,created,2023-02-05,,1,2023-02-05
8982,6669,upgraded,2023-04-05,1,3,2023-04-05
8983,6669,canceled,2023-07-05,3,,2023-07-05
8984,6670,created,2024-12-18,,2,2024-12-18
8985,6671,created,2023-11-22,,6,2023-11-22
8986,6671,canceled,2024-11-22,6,,2024-11-22
8987,6672,created,2024-08-26,,6,2024-08-26
8988,6673,created,2023-11-01,,1,2023-11-01
8989,6674,upgraded,2024-04-01,1,2,2024-04-01
8990,6674,canceled,2024-06-01,2,,2024-06-01
8991,6675,created,2024-05-29,,2,2024-05-29
8992,6676,created,2023-06-08,,1,2023-06-08
8993,6676,canceled,2024-11-08,1,,2024-11-08
8994,6677,created,2023-04-30,,6,2023-04-30
8995,6677,canceled,2023-12-30,6,,2023-12-30
8996,6678,reactivated,2024-05-29,,5,2024-05-29
8997,6679,created,2024-11-29,,1,2024-11-29
8998,6680,created,2024-10-08,,1,2024-10-08
8999,6681,created,2024-10-29,,1,2024-10-29
9000,6682,created,2024-05-15,,3,2024-05-15
9001,6683,created,2024-09-26,,2,2024-09-26
9002,6684,upgraded,2024-11-26,2,4,2024-11-26
9003,6684,canceled,2024-12-26,4,,2024-12-26
9004,6685,created,2022-11-28,,1,2022-11-28
9005,6685,canceled,2023-03-28,1,,2023-03-28
9006,6686,created,2023-10-25,,5,2023-10-25
9007,6687,created,2023-10-31,,2,2023-10-31
9008,6687,canceled,2024-04-29,2,,2024-04-29
9009,6688,created,2024-05-06,,8,2024-05-06
9010,6689,created,2023-11-12,,4,2023-11-12
9011,6690,upgraded,2024-06-12,4,6,2024-06-12
9012,6690,canceled,2024-08-12,6,,2024-08-12
9013,6691,reactivated,2024-12-12,,6,2024-12-12
9014,6692,created,2023-05-15,,1,2023-05-15
9015,6692,canceled,2023-07-15,1,,2023-07-15
9016,6693,created,2024-04-30,,2,2024-04-30
9017,6694,upgraded,2024-06-30,2,4,2024-06-30
9018,6695,created,2024-09-06,,1,2024-09-06
9019,6695,canceled,2024-12-06,1,,2024-12-06
9020,6696,created,2023-11-07,,1,2023-11-07
9021,6696,canceled,2024-12-07,1,,2024-12-07
9022,6697,created,2023-04-26,,2,2023-04-26
9023,6698,upgraded,2023-10-26,2,4,2023-10-26
9024,6699,created,2023-07-30,,2,2023-07-30
9025,6699,canceled,2024-08-29,2,,2024-08-29
9026,6700,created,2023-08-30,,2,2023-08-30
9027,6700,canceled,2024-12-29,2,,2024-12-29
9028,6701,created,2023-10-04,,1,2023-10-04
9029,6701,canceled,2024-03-04,1,,2024-03-04
9030,6702,reactivated,2024-06-04,,2,2024-06-04
9031,6702,canceled,2024-10-04,2,,2024-10-04
9032,6703,created,2024-05-07,,2,2024-05-07
9033,6703,canceled,2024-06-07,2,,2024-06-07
9034,6704,created,2024-04-24,,1,2024-04-24
9035,6704,canceled,2024-06-24,1,,2024-06-24
9036,6705,created,2024-06-23,,1,2024-06-23
9037,6705,canceled,2024-10-23,1,,2024-10-23
9038,6706,created,2023-11-13,,4,2023-11-13
9039,6707,created,2024-09-25,,2,2024-09-25
9040,6708,created,2023-07-26,,3,2023-07-26
9041,6708,canceled,2024-02-26,3,,2024-02-26
9042,6709,created,2024-02-13,,1,2024-02-13
9043,6710,upgraded,2024-07-13,1,2,2024-07-13
9044,6710,canceled,2024-08-13,2,,2024-08-13
9045,6711,created,2024-08-16,,5,2024-08-16
9046,6711,canceled,2024-11-16,5,,2024-11-16
9047,6712,created,2023-06-29,,4,2023-06-29
9048,6712,canceled,2023-09-29,4,,2023-09-29
9049,6713,created,2023-02-17,,1,2023-02-17
9050,6713,canceled,2023-03-17,1,,2023-03-17
9051,6714,reactivated,2024-01-17,,6,2024-01-17
9052,6715,created,2024-10-01,,1,2024-10-01
9053,6716,created,2023-11-18,,6,2023-11-18
9054,6717,upgraded,2024-10-18,6,8,2024-10-18
9055,6718,created,2024-06-05,,5,2024-06-07
9056,6719,created,2022-04-09,,1,2022-04-09
9057,6719,canceled,2022-07-09,1,,2022-07-09
9058,6720,created,2024-06-24,,3,2024-06-24
9059,6721,created,2023-10-04,,1,2023-10-04
9060,6721,canceled,2024-05-04,1,,2024-05-04
9061,6722,created,2022-09-19,,1,2022-09-19
9062,6722,canceled,2024-03-19,1,,2024-03-19
9063,6723,created,2024-04-05,,6,2024-04-05
9064,6724,upgraded,2024-06-05,6,8,2024-06-05
9065,6725,created,2023-08-21,,4,2023-08-21
9066,6726,created,2023-12-23,,3,2023-12-23
9067,6727,downgraded,2024-01-23,3,1,2024-02-02
9068,6727,canceled,2024-05-23,1,,2024-05-29
9069,6728,created,2022-12-15,,3,2022-12-15
9070,20878,downgraded,2023-04-15,3,1,2023-04-15
9071,6729,canceled,2024-01-15,1,,2024-01-15
9072,6730,created,2023-05-29,,1,2023-05-29
9073,6730,canceled,2023-07-29,1,,2023-07-29
9074,6731,created,2023-10-29,,1,2023-10-29
9075,6731,canceled,2024-03-29,1,,2024-03-29
9076,6732,created,2023-01-11,,1,2023-01-11
9077,6733,upgraded,2023-03-11,1,2,2023-03-11
9078,6734,downgraded,2023-07-11,2,1,2023-07-11
9079,6734,canceled,2024-02-11,1,,2024-02-11
9080,6735,created,2024-10-01,,1,2024-10-01
9081,6735,canceled,2024-11-01,1,,2024-11-01
9082,6736,created,2022-01-26,,8,2022-01-26
9083,6737,downgraded,2022-02-26,8,6,2022-02-26
9084,6738,created,2024-02-15,,1,2024-02-15
9085,6739,created,2023-03-18,,2,2023-03-18
9086,6739,canceled,2023-07-18,2,,2023-07-18
9087,6740,created,2023-10-21,,2,2023-10-21
9088,6740,canceled,2024-03-21,2,,2024-03-21
9089,6741,created,2024-11-29,,2,2024-11-29
9090,6742,created,2023-05-10,,1,2023-05-10
9091,6742,canceled,2023-06-10,1,,2023-06-10
9092,6743,created,2024-11-06,,2,2024-11-06
9093,6744,created,2023-07-31,,2,2023-07-31
9094,6744,canceled,2024-05-29,2,,2024-05-29
9095,6745,created,2024-07-24,,3,2024-07-24
9096,6746,upgraded,2024-08-24,3,4,2024-08-24
9097,6746,canceled,2024-09-24,4,,2024-09-24
9098,6747,created,2024-03-13,,1,2024-03-13
9099,6747,canceled,2024-07-13,1,,2024-07-13
9100,6748,created,2024-10-07,,1,2024-10-07
9101,6749,created,2024-03-02,,2,2024-03-02
9102,6750,upgraded,2024-09-02,2,4,2024-09-02
9103,6751,created,2024-03-27,,2,2024-03-27
9104,6752,created,2023-07-31,,1,2023-07-31
9105,6752,canceled,2024-02-29,1,,2024-02-29
9106,6753,reactivated,2024-04-29,,2,2024-04-29
9107,6754,created,2023-05-23,,4,2023-05-23
9108,6755,upgraded,2024-04-23,4,6,2024-04-23
9109,6756,created,2024-10-26,,2,2024-10-26
9110,6757,created,2023-10-10,,1,2023-10-10
9111,6757,canceled,2024-05-10,1,,2024-05-10
9112,6758,created,2023-11-02,,4,2023-11-02
9113,6759,created,2024-08-22,,2,2024-08-22
9114,6760,created,2023-10-19,,5,2023-10-19
9115,6760,canceled,2023-12-19,5,,2023-12-19
9116,6761,created,2024-11-13,,6,2024-11-13
9117,6762,created,2024-07-13,,2,2024-07-13
9118,6763,created,2024-04-10,,2,2024-04-10
9119,6764,upgraded,2024-08-10,2,4,2024-08-10
9120,6765,created,2024-10-22,,3,2024-10-22
9121,6766,created,2022-09-21,,2,2022-09-21
9122,6766,canceled,2023-01-21,2,,2023-01-21
9123,6767,reactivated,2024-02-21,,3,2024-02-21
9124,6767,canceled,2024-05-21,3,,2024-05-21
9125,6768,created,2023-09-04,,3,2023-09-04
9126,6769,upgraded,2024-12-04,3,4,2024-12-04
9127,6770,created,2024-01-31,,4,2024-01-31
9128,6770,canceled,2024-03-29,4,,2024-03-29
9129,6771,created,2023-08-20,,1,2023-08-20
9130,6771,canceled,2023-10-20,1,,2023-10-20
9131,6772,reactivated,2023-11-20,,3,2023-11-20
9132,6773,created,2024-07-30,,2,2024-07-30
9133,6773,canceled,2024-08-30,2,,2024-08-30
9134,6774,created,2024-11-30,,7,2024-11-30
9135,6775,created,2024-01-22,,8,2024-01-22
9136,6776,created,2023-11-26,,6,2023-11-26
9137,6776,canceled,2024-06-26,6,,2024-06-26
9138,6777,created,2024-11-10,,1,2024-11-10
9139,18379,created,2024-01-12,,2,2024-01-12
9140,6779,downgraded,2024-07-12,2,1,2024-07-12
9141,6779,canceled,2024-09-12,1,,2024-09-12
9142,6780,created,2024-02-08,,1,2024-02-08
9143,6781,created,2023-11-26,,1,2023-11-26
9144,6781,canceled,2024-05-26,1,,2024-05-26
9145,6782,reactivated,2024-11-26,,1,2024-11-26
9146,6783,created,2024-10-12,,1,2024-10-12
9147,6784,created,2024-04-12,,8,2024-04-12
9148,6785,created,2024-08-25,,4,2024-08-25
9149,6786,upgraded,2024-12-25,4,6,2024-12-25
9150,6787,created,2024-09-09,,2,2024-09-09
9151,6788,created,2023-11-23,,2,2023-11-23
9152,6789,downgraded,2024-02-23,2,1,2024-02-23
9153,6789,canceled,2024-08-23,1,,2024-08-23
9154,6790,reactivated,2024-11-23,,1,2024-11-23
9155,6791,created,2024-01-25,,5,2024-01-25
9156,6792,upgraded,2024-02-25,5,6,2024-02-25
9157,6793,created,2024-09-07,,2,2024-09-07
9158,6794,created,2023-11-16,,4,2023-11-16
9159,6795,downgraded,2024-09-16,4,2,2024-09-16
9160,6795,canceled,2024-10-16,2,,2024-10-16
9161,6796,created,2024-08-24,,2,2024-08-24
9162,6797,created,2024-11-03,,1,2024-11-03
9163,6798,created,2024-05-06,,1,2024-05-06
9164,6798,canceled,2024-06-06,1,,2024-06-06
9165,21909,created,2024-07-30,,6,2024-07-30
9166,6800,created,2024-09-20,,2,2024-09-20
9167,6801,created,2024-09-11,,1,2024-09-11
9168,6802,created,2023-12-26,,3,2023-12-26
9169,6802,canceled,2024-08-26,3,,2024-08-26
9170,6803,created,2022-09-28,,2,2022-09-28
9171,6803,canceled,2022-10-28,2,,2022-10-28
9172,6804,reactivated,2023-03-28,,2,2023-03-28
9173,6804,canceled,2023-12-28,2,,2023-12-28
9174,6805,created,2023-12-01,,5,2023-12-01
9175,6806,created,2024-06-12,,1,2024-06-12
9176,6807,created,2024-01-06,,6,2024-01-06
9177,6807,canceled,2024-06-06,6,,2024-06-06
9178,6808,created,2024-07-22,,1,2024-07-22
9179,6808,canceled,2024-12-22,1,,2024-12-22
9180,6809,created,2023-11-08,,5,2023-11-08
9181,6810,created,2024-05-04,,1,2024-05-04
9182,6811,created,2023-06-23,,1,2023-06-23
9183,6812,upgraded,2023-09-23,1,3,2023-09-23
9184,6813,created,2024-07-22,,1,2024-07-22
9185,6814,created,2024-03-22,,5,2024-03-22
9186,6815,created,2023-07-24,,2,2023-07-24
9187,6816,upgraded,2024-06-24,2,5,2024-06-24
9188,6817,created,2023-09-30,,1,2023-09-30
9189,6817,canceled,2024-02-29,1,,2024-02-29
9190,6818,created,2024-07-24,,2,2024-07-24
9191,6818,canceled,2024-11-24,2,,2024-11-24
9192,6819,created,2024-02-09,,1,2024-02-09
9193,6819,canceled,2024-05-09,1,,2024-05-09
9194,6820,created,2023-07-22,,1,2023-07-22
9195,6820,canceled,2024-01-22,1,,2024-01-22
9196,6821,created,2024-11-29,,1,2024-11-29
9197,6822,created,2024-07-22,,2,2024-07-22
9198,6822,canceled,2024-12-22,2,,2024-12-22
9199,6823,created,2024-11-16,,3,2024-11-16
9200,6824,created,2024-01-30,,4,2024-01-30
9201,6825,upgraded,2024-02-29,4,7,2024-02-29
9202,6826,created,2024-02-26,,4,2024-02-26
9203,6827,upgraded,2024-11-26,4,6,2024-11-26
9204,6828,created,2024-10-29,,2,2024-10-29
9205,6829,created,2024-03-13,,3,2024-03-13
9206,6829,canceled,2024-09-13,3,,2024-09-13
9207,6830,created,2024-06-01,,5,2024-06-01
9208,6831,created,2023-09-02,,6,2023-09-02
9209,6832,upgraded,2023-10-02,6,8,2023-10-02
9210,6833,created,2024-01-05,,1,2024-01-05
9211,6833,canceled,2024-03-05,1,,2024-03-05
9212,6834,created,2023-03-30,,4,2023-03-30
9213,6834,canceled,2024-04-29,4,,2024-04-29
9214,6835,created,2023-07-02,,1,2023-07-02
9215,6835,canceled,2024-07-02,1,,2024-07-02
9216,6836,created,2022-01-22,,1,2022-01-22
9217,6836,canceled,2022-10-22,1,,2022-10-22
9218,6837,created,2022-07-11,,7,2022-07-11
9219,6838,upgraded,2024-06-11,7,8,2024-06-11
9220,6839,created,2024-12-14,,2,2024-12-14
9221,6840,created,2023-08-23,,1,2023-08-23
9222,6840,canceled,2024-10-23,1,,2024-10-23
9223,6841,created,2024-05-13,,1,2024-05-13
9224,6841,canceled,2024-09-13,1,,2024-09-18
9225,6842,created,2024-09-06,,2,2024-09-06
9226,6842,canceled,2024-10-06,2,,2024-10-06
9227,6843,created,2024-03-20,,1,2024-03-20
9228,6844,upgraded,2024-05-20,1,3,2024-05-20
9229,6844,canceled,2024-07-20,3,,2024-07-20
9230,6845,created,2023-05-13,,3,2023-05-13
9231,6845,canceled,2023-07-13,3,,2023-07-13
9232,6846,created,2024-07-06,,1,2024-07-06
9233,6846,canceled,2024-12-06,1,,2024-12-06
9234,6847,created,2024-04-08,,5,2024-04-17
9235,6848,created,2024-07-12,,1,2024-07-12
9236,6848,canceled,2024-11-12,1,,2024-11-12
9237,6849,created,2024-08-30,,1,2024-08-30
9238,6850,created,2024-12-25,,4,2025-01-01
9239,6851,created,2024-04-29,,2,2024-04-29
9240,6852,created,2023-11-12,,1,2023-11-18
9241,6853,created,2024-05-26,,1,2024-06-02
9242,6853,canceled,2024-12-26,1,,2024-12-26
9243,6854,created,2022-11-08,,1,2022-11-08
9244,6855,upgraded,2023-06-08,1,3,2023-06-08
9245,6856,created,2024-10-02,,1,2024-10-02
9246,6857,created,2023-03-15,,2,2023-03-15
9247,6857,canceled,2024-11-15,2,,2024-11-15
9248,6858,created,2023-10-26,,2,2023-10-26
9249,6858,canceled,2024-02-26,2,,2024-02-26
9250,6859,created,2024-09-27,,4,2024-09-27
9251,6860,created,2024-04-16,,1,2024-04-16
9252,6861,upgraded,2024-07-16,1,3,2024-07-16
9253,6862,created,2023-12-28,,2,2023-12-28
9254,6862,canceled,2024-10-28,2,,2024-10-28
9255,6863,created,2024-02-18,,3,2024-02-18
9256,6863,canceled,2024-08-18,3,,2024-08-18
9257,6864,reactivated,2024-09-18,,7,2024-09-18
9258,6865,created,2024-09-03,,1,2024-09-03
9259,6865,canceled,2024-12-03,1,,2024-12-03
9260,6866,created,2023-11-21,,4,2023-11-21
9261,6867,upgraded,2024-02-21,4,6,2024-02-21
9262,6868,created,2024-10-28,,1,2024-10-28
9263,6869,created,2023-01-15,,1,2023-01-15
9264,6869,canceled,2023-05-15,1,,2023-05-15
9265,6870,created,2024-08-31,,1,2024-08-31
9266,6871,created,2024-09-06,,1,2024-09-06
9267,6872,created,2023-06-25,,1,2023-06-25
9268,6873,upgraded,2023-12-25,1,2,2023-12-25
9269,6873,canceled,2024-02-25,2,,2024-02-25
9270,6874,created,2024-01-18,,3,2024-01-18
9271,6875,downgraded,2024-06-18,3,1,2024-06-18
9272,6876,created,2023-05-23,,2,2023-05-23
9273,6876,canceled,2024-11-23,2,,2024-11-23
9274,6877,created,2024-06-06,,7,2024-06-06
9275,6878,created,2024-03-13,,1,2024-03-13
9276,6878,canceled,2024-04-13,1,,2024-04-13
9277,6879,created,2024-05-11,,1,2024-05-11
9278,6879,canceled,2024-07-11,1,,2024-07-11
9279,6880,created,2023-07-08,,5,2023-07-08
9280,6881,downgraded,2024-11-08,5,2,2024-11-08
9281,6882,created,2023-07-28,,1,2023-07-28
9282,6883,upgraded,2024-04-28,1,3,2024-04-28
9283,6883,canceled,2024-08-28,3,,2024-08-28
9284,6884,created,2022-07-18,,1,2022-07-27
9285,6884,canceled,2023-09-18,1,,2023-09-18
9286,6885,created,2023-10-09,,4,2023-10-09
9287,6886,downgraded,2024-02-09,4,2,2024-02-09
9288,6887,downgraded,2024-03-09,2,1,2024-03-09
9289,6887,canceled,2024-11-09,1,,2024-11-09
9290,6888,created,2024-03-11,,1,2024-03-11
9291,6889,created,2024-09-04,,1,2024-09-04
9292,6889,canceled,2024-10-04,1,,2024-10-04
9293,6890,created,2024-05-22,,1,2024-05-22
9294,6890,canceled,2024-09-22,1,,2024-09-22
9295,6891,created,2024-01-22,,2,2024-01-22
9296,6892,created,2024-11-08,,2,2024-11-08
9297,6893,upgraded,2024-12-08,2,4,2024-12-12
9298,6894,created,2024-07-13,,5,2024-07-13
9299,6895,upgraded,2024-10-13,5,6,2024-10-13
9300,6896,created,2024-11-02,,1,2024-11-02
9301,6897,created,2024-03-06,,2,2024-03-06
9302,6898,created,2023-09-14,,2,2023-09-14
9303,6898,canceled,2024-12-14,2,,2024-12-14
9304,6899,created,2022-09-25,,1,2022-09-25
9305,6899,canceled,2023-02-25,1,,2023-02-25
9306,6900,reactivated,2024-02-25,,1,2024-02-25
9307,6900,canceled,2024-06-25,1,,2024-06-25
9308,6901,created,2024-07-01,,2,2024-07-06
9309,6902,created,2023-03-13,,1,2023-03-13
9310,6902,canceled,2023-11-13,1,,2023-11-13
9311,6903,created,2023-10-18,,5,2023-10-18
9312,6904,created,2024-03-26,,2,2024-03-26
9313,6905,created,2024-03-14,,7,2024-03-14
9314,6906,created,2024-04-28,,1,2024-04-28
9315,6906,canceled,2024-05-28,1,,2024-05-28
9316,6907,created,2023-05-03,,2,2023-05-03
9317,6907,canceled,2023-07-03,2,,2023-07-03
9318,6908,created,2023-11-08,,1,2023-11-08
9319,6909,upgraded,2023-12-08,1,2,2023-12-08
9320,6909,canceled,2024-02-08,2,,2024-02-08
9321,6910,created,2024-04-13,,1,2024-04-13
9322,6911,created,2024-12-02,,5,2024-12-02
9323,6912,created,2024-07-06,,1,2024-07-06
9324,6912,canceled,2024-10-06,1,,2024-10-06
9325,6913,created,2024-11-26,,4,2024-11-26
9326,6914,created,2024-08-21,,3,2024-08-21
9327,6915,created,2024-04-11,,1,2024-04-11
9328,6915,canceled,2024-11-11,1,,2024-11-11
9329,6916,created,2023-06-16,,1,2023-06-16
9330,6917,created,2024-05-21,,5,2024-05-21
9331,6918,downgraded,2024-10-21,5,3,2024-10-21
9332,6919,created,2024-05-29,,3,2024-05-29
9333,6920,upgraded,2024-09-29,3,4,2024-09-29
9334,6921,created,2024-04-20,,2,2024-04-20
9335,6922,created,2024-02-07,,1,2024-02-07
9336,6922,canceled,2024-04-07,1,,2024-04-07
9337,6923,reactivated,2024-05-07,,4,2024-05-07
9338,6924,created,2024-03-19,,1,2024-03-19
9339,6925,created,2023-10-02,,3,2023-10-02
9340,6926,upgraded,2024-02-02,3,4,2024-02-02
9341,6927,created,2024-03-01,,2,2024-03-01
9342,6928,created,2023-07-10,,3,2023-07-10
9343,6929,upgraded,2024-02-10,3,4,2024-02-10
9344,6930,created,2024-09-16,,3,2024-09-16
9345,6931,upgraded,2024-10-16,3,4,2024-10-16
9346,6932,created,2023-06-18,,3,2023-06-18
9347,6932,canceled,2024-07-18,3,,2024-07-18
9348,6933,created,2023-01-25,,1,2023-01-25
9349,6934,upgraded,2023-03-25,1,2,2023-03-25
9350,6934,canceled,2023-11-25,2,,2023-11-25
9351,6935,reactivated,2024-01-25,,6,2024-01-25
9352,6936,created,2024-01-19,,3,2024-01-19
9353,6937,created,2024-05-14,,1,2024-05-14
9354,6938,created,2024-01-23,,4,2024-01-23
9355,6939,created,2023-09-01,,6,2023-09-01
9356,6940,upgraded,2024-02-01,6,8,2024-02-01
9357,6941,downgraded,2024-05-01,8,6,2024-05-01
9358,6942,created,2024-03-16,,1,2024-03-16
9359,6942,canceled,2024-04-16,1,,2024-04-16
9360,6943,created,2023-11-09,,1,2023-11-09
9361,6943,canceled,2024-09-09,1,,2024-09-09
9362,6944,created,2024-11-15,,2,2024-11-15
9363,6945,created,2024-11-12,,4,2024-11-12
9364,6945,canceled,2024-12-12,4,,2024-12-12
9365,6946,created,2024-02-07,,1,2024-02-07
9366,6946,canceled,2024-03-07,1,,2024-03-07
9367,6947,created,2023-10-01,,1,2023-10-01
9368,6947,canceled,2024-01-01,1,,2024-01-01
9369,6948,created,2024-07-06,,2,2024-07-06
9370,6948,canceled,2024-09-06,2,,2024-09-06
9371,6949,created,2022-06-08,,1,2022-06-08
9372,6949,canceled,2022-12-08,1,,2022-12-08
9373,6950,created,2024-02-17,,2,2024-02-17
9374,6950,canceled,2024-05-17,2,,2024-05-17
9375,6951,created,2023-10-11,,4,2023-10-11
9376,6951,canceled,2024-01-11,4,,2024-01-11
9377,6952,created,2024-11-22,,4,2024-11-22
9378,6953,created,2022-02-09,,6,2022-02-09
9379,6953,canceled,2024-03-09,6,,2024-03-09
9380,6954,created,2024-03-08,,1,2024-03-10
9381,6955,created,2024-07-29,,1,2024-07-29
9382,6955,canceled,2024-12-29,1,,2024-12-29
9383,6956,created,2024-02-20,,1,2024-02-20
9384,6956,canceled,2024-03-20,1,,2024-03-20
9385,6957,created,2023-01-23,,1,2023-01-23
9386,6957,canceled,2023-04-23,1,,2023-04-23
9387,6958,created,2024-12-10,,8,2024-12-10
9388,6959,created,2024-03-09,,1,2024-03-09
9389,6959,canceled,2024-09-09,1,,2024-09-09
9390,6960,reactivated,2024-10-09,,2,2024-10-09
9391,6961,created,2024-04-23,,1,2024-04-23
9392,6961,canceled,2024-07-23,1,,2024-07-23
9393,6962,created,2023-08-11,,2,2023-08-11
9394,6963,created,2024-02-24,,2,2024-02-24
9395,6963,canceled,2024-07-24,2,,2024-07-24
9396,6964,created,2024-01-18,,5,2024-01-18
9397,6965,downgraded,2024-03-18,5,2,2024-03-18
9398,6965,canceled,2024-04-18,2,,2024-04-18
9399,6966,created,2022-11-30,,2,2022-11-30
9400,6967,downgraded,2023-02-28,2,1,2023-02-28
9401,6968,created,2023-02-01,,2,2023-02-01
9402,6969,upgraded,2023-06-01,2,4,2023-06-01
9403,6969,canceled,2024-04-01,4,,2024-04-01
9404,6970,created,2024-09-02,,2,2024-09-02
9405,6971,upgraded,2024-12-02,2,5,2024-12-02
9406,6972,created,2023-08-02,,4,2023-08-02
9407,6972,canceled,2024-01-02,4,,2024-01-02
9408,6973,created,2023-07-12,,2,2023-07-12
9409,6973,canceled,2024-12-12,2,,2024-12-12
9410,6974,created,2024-02-12,,4,2024-02-16
9411,6975,created,2024-08-25,,1,2024-08-25
9412,6975,canceled,2024-09-25,1,,2024-09-25
9413,6976,created,2022-10-09,,3,2022-10-09
9414,6976,canceled,2023-04-09,3,,2023-04-09
9415,6977,created,2024-04-03,,3,2024-04-03
9416,6978,created,2023-03-27,,1,2023-03-27
9417,6978,canceled,2023-06-27,1,,2023-06-27
9418,6979,reactivated,2024-05-27,,5,2024-05-27
9419,6980,upgraded,2024-11-27,5,6,2024-12-01
9420,6981,created,2022-06-04,,4,2022-06-04
9421,6982,upgraded,2024-10-04,4,6,2024-10-04
9422,6983,created,2022-09-15,,7,2022-09-22
9423,6983,canceled,2023-05-15,7,,2023-05-15
9424,6984,reactivated,2023-11-15,,6,2023-11-15
9425,6985,upgraded,2024-10-15,6,8,2024-10-15
9426,6986,created,2024-09-23,,2,2024-09-23
9427,6986,canceled,2024-11-23,2,,2024-11-23
9428,6987,created,2023-03-21,,5,2023-03-21
9429,6988,downgraded,2024-03-21,5,2,2024-03-21
9430,6988,canceled,2024-05-21,2,,2024-05-21
9431,6989,created,2022-08-31,,2,2022-08-31
9432,6989,canceled,2022-10-30,2,,2022-10-30
9433,6990,reactivated,2022-11-30,,1,2022-11-30
9434,6991,created,2024-01-20,,7,2024-01-20
9435,6992,upgraded,2024-08-20,7,8,2024-08-20
9436,6993,created,2024-09-18,,1,2024-09-18
9437,6994,created,2023-09-13,,2,2023-09-13
9438,6994,canceled,2024-03-13,2,,2024-03-13
9439,6995,created,2024-01-18,,1,2024-01-18
9440,6995,canceled,2024-04-18,1,,2024-04-18
9441,6996,reactivated,2024-08-18,,2,2024-08-18
9442,6997,created,2022-07-06,,2,2022-07-06
9443,6998,upgraded,2023-09-06,2,5,2023-09-06
9444,6999,created,2024-01-24,,2,2024-01-24
9445,6999,canceled,2024-09-24,2,,2024-09-24
9446,7000,created,2024-04-15,,2,2024-04-15
9447,7001,created,2024-04-04,,6,2024-04-04
9448,7002,upgraded,2024-05-04,6,8,2024-05-04
9449,7003,downgraded,2024-07-04,8,6,2024-07-04
9450,7004,created,2023-10-19,,1,2023-10-19
9451,7005,created,2023-10-22,,6,2023-10-22
9452,7006,created,2023-02-02,,3,2023-02-02
9453,7006,canceled,2023-04-02,3,,2023-04-02
9454,7007,reactivated,2024-12-02,,1,2024-12-02
9455,7008,created,2023-11-11,,1,2023-11-11
9456,7008,canceled,2023-12-11,1,,2023-12-11
9457,7009,created,2023-02-09,,1,2023-02-09
9458,7009,canceled,2024-01-09,1,,2024-01-09
9459,7010,reactivated,2024-07-09,,2,2024-07-09
9460,7011,created,2024-08-29,,2,2024-08-29
9461,7011,canceled,2024-09-29,2,,2024-09-29
9462,7012,created,2024-11-16,,1,2024-11-16
9463,7013,created,2024-12-07,,2,2024-12-07
9464,7014,created,2024-10-02,,1,2024-10-02
9465,7015,created,2024-04-12,,4,2024-04-12
9466,7016,created,2024-06-20,,1,2024-06-20
9467,7017,created,2023-09-15,,6,2023-09-15
9468,7018,upgraded,2023-10-15,6,8,2023-10-15
9469,7019,created,2024-05-25,,1,2024-05-25
9470,7020,upgraded,2024-12-25,1,3,2024-12-25
9471,7021,created,2024-01-05,,1,2024-01-05
9472,7021,canceled,2024-04-05,1,,2024-04-05
9473,7022,reactivated,2024-12-05,,2,2024-12-05
9474,7023,created,2024-02-05,,2,2024-02-05
9475,7024,created,2024-08-07,,4,2024-08-07
9476,7025,created,2023-09-09,,1,2023-09-09
9477,7025,canceled,2024-05-09,1,,2024-05-09
9478,7026,created,2023-10-04,,3,2023-10-04
9479,7027,upgraded,2024-02-04,3,4,2024-02-04
9480,7028,upgraded,2024-05-04,4,6,2024-05-11
9481,7028,canceled,2024-08-04,6,,2024-08-04
9482,7029,created,2024-11-30,,2,2024-11-30
9483,7030,created,2022-09-25,,1,2022-09-25
9484,7030,canceled,2023-06-25,1,,2023-06-25
9485,7031,reactivated,2024-12-25,,1,2024-12-25
9486,7032,created,2024-02-11,,4,2024-02-11
9487,7033,downgraded,2024-08-11,4,2,2024-08-11
9488,7034,created,2024-10-21,,5,2024-10-21
9489,7035,created,2024-04-06,,2,2024-04-06
9490,7035,canceled,2024-08-06,2,,2024-08-06
9491,7036,created,2024-03-09,,2,2024-03-09
9492,7036,canceled,2024-10-09,2,,2024-10-09
9493,7037,created,2023-08-09,,4,2023-08-09
9494,7037,canceled,2023-10-09,4,,2023-10-09
9495,7038,created,2023-11-05,,5,2023-11-05
9496,7039,created,2024-09-26,,4,2024-09-26
9497,7040,created,2024-03-25,,4,2024-03-25
9498,7041,created,2024-02-06,,2,2024-02-06
9499,7042,downgraded,2024-04-06,2,1,2024-04-06
9500,7042,canceled,2024-10-06,1,,2024-10-06
9501,7043,created,2023-02-12,,5,2023-02-12
9502,7044,created,2022-03-30,,2,2022-03-30
9503,7044,canceled,2022-11-30,2,,2022-11-30
9504,17832,reactivated,2023-09-28,,3,2023-09-28
9505,7046,upgraded,2024-01-28,3,4,2024-01-28
9506,7046,canceled,2024-05-28,4,,2024-05-30
9507,7047,created,2024-11-24,,6,2024-11-24
9508,7048,created,2023-11-21,,8,2023-11-21
9509,7049,created,2024-04-14,,1,2024-04-14
9510,7050,created,2022-12-28,,2,2022-12-28
9511,7051,downgraded,2023-02-28,2,1,2023-02-28
9512,7051,canceled,2023-03-28,1,,2023-03-28
9513,7052,reactivated,2024-08-28,,8,2024-08-28
9514,7053,created,2024-06-21,,2,2024-06-21
9515,7054,created,2024-11-05,,2,2024-11-05
9516,7055,created,2024-04-17,,3,2024-04-17
9517,7055,canceled,2024-10-17,3,,2024-10-17
9518,7056,created,2023-03-20,,6,2023-03-20
9519,7057,created,2024-04-11,,4,2024-04-11
9520,7057,canceled,2024-08-11,4,,2024-08-11
9521,7058,created,2024-08-09,,2,2024-08-09
9522,7059,created,2023-12-08,,1,2023-12-08
9523,7059,canceled,2024-04-08,1,,2024-04-08
9524,7060,created,2024-10-25,,1,2024-10-25
9525,7061,created,2024-05-03,,4,2024-05-03
9526,7062,upgraded,2024-07-03,4,6,2024-07-03
9527,7063,created,2024-10-31,,2,2024-10-31
9528,7063,canceled,2024-11-30,2,,2024-11-30
9529,7064,created,2024-05-23,,4,2024-05-23
9530,7065,downgraded,2024-07-23,4,2,2024-07-23
9531,7066,created,2023-04-02,,1,2023-04-02
9532,7066,canceled,2023-10-02,1,,2023-10-02
9533,7067,created,2023-10-15,,2,2023-10-15
9534,7067,canceled,2023-12-15,2,,2023-12-15
9535,7068,created,2023-07-23,,3,2023-07-23
9536,7068,canceled,2023-12-23,3,,2023-12-23
9537,7069,created,2024-10-05,,1,2024-10-05
9538,7069,canceled,2024-12-05,1,,2024-12-05
9539,7070,created,2024-08-09,,6,2024-08-09
9540,7071,created,2024-06-29,,2,2024-06-29
9541,7072,upgraded,2024-08-29,2,4,2024-08-29
9542,7073,upgraded,2024-10-29,4,6,2024-10-29
9543,7074,created,2023-10-06,,1,2023-10-06
9544,7074,canceled,2023-12-06,1,,2023-12-06
9545,7075,created,2023-06-09,,6,2023-06-09
9546,7076,created,2024-07-01,,1,2024-07-01
9547,7077,upgraded,2024-11-01,1,2,2024-11-01
9548,7078,created,2024-02-13,,4,2024-02-13
9549,7079,created,2023-08-09,,5,2023-08-09
9550,7080,upgraded,2023-09-09,5,6,2023-09-09
9551,7081,upgraded,2023-12-09,6,8,2023-12-09
9552,7082,created,2024-04-07,,2,2024-04-07
9553,7083,created,2022-07-18,,3,2022-07-18
9554,7083,canceled,2023-03-18,3,,2023-03-18
9555,7084,reactivated,2023-10-18,,1,2023-10-18
9556,7084,canceled,2024-03-18,1,,2024-03-18
9557,7085,created,2023-10-10,,4,2023-10-10
9558,7086,created,2024-02-17,,2,2024-02-17
9559,7087,downgraded,2024-09-17,2,1,2024-09-17
9560,7088,created,2023-05-30,,1,2023-05-30
9561,7088,canceled,2023-07-30,1,,2023-07-30
9562,7089,created,2024-12-06,,4,2024-12-06
9563,7090,created,2023-07-25,,2,2023-08-01
9564,7091,upgraded,2024-03-25,2,4,2024-03-25
9565,7092,downgraded,2024-12-25,4,3,2024-12-25
9566,7093,created,2023-04-28,,2,2023-04-28
9567,7094,upgraded,2024-01-28,2,4,2024-01-28
9568,7095,upgraded,2024-11-28,4,7,2024-11-28
9569,7096,created,2023-07-09,,2,2023-07-09
9570,7096,canceled,2024-04-09,2,,2024-04-09
9571,7097,created,2024-08-21,,1,2024-08-21
9572,7098,created,2024-01-24,,1,2024-01-24
9573,7098,canceled,2024-08-24,1,,2024-08-24
9574,7099,created,2024-03-30,,5,2024-03-30
9575,7100,downgraded,2024-10-30,5,3,2024-10-30
9576,7101,created,2022-04-30,,6,2022-04-30
9577,7102,downgraded,2023-12-28,6,4,2023-12-28
9578,7103,created,2022-06-29,,3,2022-06-29
9579,7104,created,2024-01-20,,1,2024-01-20
9580,7104,canceled,2024-10-20,1,,2024-10-20
9581,7105,created,2024-09-30,,1,2024-09-30
9582,7106,created,2024-10-11,,6,2024-10-11
9583,7107,created,2023-01-07,,1,2023-01-07
9584,7107,canceled,2023-09-07,1,,2023-09-07
9585,7108,created,2024-03-22,,5,2024-03-22
9586,7109,downgraded,2024-05-22,5,2,2024-05-22
9587,7110,downgraded,2024-12-22,2,1,2024-12-28
9588,7111,created,2024-10-15,,4,2024-10-24
9589,7112,created,2023-12-06,,1,2023-12-06
9590,7112,canceled,2024-05-06,1,,2024-05-06
9591,7113,created,2024-09-06,,3,2024-09-06
9592,7114,created,2023-04-09,,2,2023-04-09
9593,7114,canceled,2023-07-09,2,,2023-07-09
9594,7115,created,2024-11-11,,1,2024-11-11
9595,7116,created,2024-07-21,,2,2024-07-21
9596,7117,created,2024-11-19,,4,2024-11-19
9597,7118,created,2024-06-06,,1,2024-06-06
9598,7119,upgraded,2024-11-06,1,2,2024-11-06
9599,7120,created,2023-11-05,,2,2023-11-05
9600,7121,upgraded,2024-03-05,2,5,2024-03-05
9601,7122,created,2024-11-12,,2,2024-11-12
9602,7123,created,2023-09-04,,2,2023-09-04
9603,7124,downgraded,2024-07-04,2,1,2024-07-04
9604,7125,created,2023-10-18,,1,2023-10-18
9605,7125,canceled,2024-09-18,1,,2024-09-18
9606,7126,reactivated,2024-10-18,,3,2024-10-18
9607,7127,created,2024-06-29,,1,2024-06-29
9608,7127,canceled,2024-07-29,1,,2024-07-29
9609,7128,created,2024-08-11,,2,2024-08-11
9610,7129,created,2024-11-10,,2,2024-11-10
9611,7130,created,2023-07-02,,1,2023-07-02
9612,7130,canceled,2023-09-02,1,,2023-09-02
9613,7131,created,2024-08-30,,2,2024-08-30
9614,7132,upgraded,2024-12-30,2,4,2024-12-30
9615,7133,created,2024-07-08,,2,2024-07-08
9616,7133,canceled,2024-09-08,2,,2024-09-08
9617,7134,created,2022-10-31,,2,2022-10-31
9618,7134,canceled,2023-02-28,2,,2023-02-28
9619,7135,reactivated,2024-05-28,,1,2024-05-28
9620,7136,created,2023-12-13,,2,2023-12-13
9621,7137,created,2023-09-14,,1,2023-09-14
9622,7137,canceled,2024-01-14,1,,2024-01-14
9623,7138,created,2023-10-04,,3,2023-10-04
9624,7139,upgraded,2024-02-04,3,4,2024-02-04
9625,7140,created,2024-12-05,,1,2024-12-05
9626,7141,created,2024-05-23,,4,2024-05-23
9627,7142,upgraded,2024-06-23,4,6,2024-06-23
9628,7143,created,2024-07-18,,1,2024-07-18
9629,7143,canceled,2024-09-18,1,,2024-09-18
9630,7144,created,2024-12-16,,8,2024-12-16
9631,7145,created,2023-11-28,,5,2023-11-28
9632,7145,canceled,2024-02-28,5,,2024-02-28
9633,7146,created,2024-08-20,,4,2024-08-20
9634,7147,upgraded,2024-09-20,4,7,2024-09-20
9635,7148,created,2024-01-20,,1,2024-01-20
9636,7148,canceled,2024-09-20,1,,2024-09-20
9637,7149,created,2024-10-17,,1,2024-10-17
9638,7149,canceled,2024-11-17,1,,2024-11-17
9639,7150,created,2023-06-04,,1,2023-06-04
9640,7150,canceled,2023-11-04,1,,2023-11-04
9641,7151,created,2024-11-14,,2,2024-11-14
9642,7152,created,2023-07-06,,1,2023-07-06
9643,7152,canceled,2024-01-06,1,,2024-01-06
9644,7153,created,2023-10-07,,3,2023-10-07
9645,7154,upgraded,2024-01-07,3,4,2024-01-07
9646,7154,canceled,2024-12-07,4,,2024-12-07
9647,7155,created,2024-07-13,,6,2024-07-13
9648,7156,upgraded,2024-09-13,6,8,2024-09-21
9649,7157,created,2023-12-02,,1,2023-12-02
9650,7157,canceled,2024-08-02,1,,2024-08-02
9651,7158,created,2024-04-17,,4,2024-04-17
9652,7158,canceled,2024-11-17,4,,2024-11-17
9653,7159,created,2024-01-12,,7,2024-01-12
9654,7159,canceled,2024-06-12,7,,2024-06-12
9655,7160,created,2024-07-26,,6,2024-07-26
9656,7161,created,2023-08-20,,4,2023-08-20
9657,7161,canceled,2023-12-20,4,,2023-12-20
9658,7162,reactivated,2024-04-20,,2,2024-04-20
9659,7163,upgraded,2024-05-20,2,5,2024-05-20
9660,7164,created,2022-10-14,,1,2022-10-14
9661,7164,canceled,2022-12-14,1,,2022-12-14
9662,7165,reactivated,2023-01-14,,1,2023-01-14
9663,7165,canceled,2023-05-14,1,,2023-05-14
9664,7166,created,2023-10-08,,1,2023-10-08
9665,7167,created,2024-02-29,,1,2024-02-29
9666,7168,created,2023-05-13,,3,2023-05-13
9667,7169,upgraded,2024-12-13,3,4,2024-12-13
9668,7170,created,2023-11-27,,4,2023-11-27
9669,7171,created,2023-12-11,,1,2023-12-11
9670,7171,canceled,2024-01-11,1,,2024-01-11
9671,7172,created,2022-09-30,,1,2022-09-30
9672,7172,canceled,2022-12-30,1,,2022-12-30
9673,7173,created,2024-04-13,,6,2024-04-13
9674,7174,upgraded,2024-06-13,6,8,2024-06-13
9675,7175,created,2024-10-31,,1,2024-10-31
9676,7176,created,2023-05-05,,2,2023-05-05
9677,7176,canceled,2023-06-05,2,,2023-06-05
9678,7177,created,2024-04-08,,5,2024-04-08
9679,7178,created,2024-05-28,,2,2024-05-28
9680,7178,canceled,2024-12-28,2,,2024-12-28
9681,7179,created,2024-01-06,,4,2024-01-06
9682,7179,canceled,2024-02-06,4,,2024-02-06
9683,7180,created,2024-06-17,,3,2024-06-17
9684,7181,downgraded,2024-08-17,3,1,2024-08-17
9685,7181,canceled,2024-12-17,1,,2024-12-17
9686,7182,created,2024-01-31,,5,2024-01-31
9687,7183,created,2024-02-16,,1,2024-02-16
9688,7183,canceled,2024-04-16,1,,2024-04-16
9689,7184,created,2022-02-21,,1,2022-02-21
9690,7184,canceled,2023-05-21,1,,2023-05-21
9691,7185,created,2024-06-21,,4,2024-06-21
9692,7186,upgraded,2024-12-21,4,6,2024-12-21
9693,7187,created,2024-05-21,,1,2024-05-21
9694,7187,canceled,2024-08-21,1,,2024-08-21
9695,7188,created,2022-07-05,,1,2022-07-05
9696,7188,canceled,2022-08-05,1,,2022-08-05
9697,7189,created,2023-11-15,,6,2023-11-15
9698,7189,canceled,2024-03-15,6,,2024-03-15
9699,7190,created,2024-12-19,,2,2024-12-19
9700,7191,created,2024-01-18,,6,2024-01-18
9701,7192,downgraded,2024-04-18,6,4,2024-04-18
9702,7193,created,2024-02-24,,5,2024-02-24
9703,7194,created,2024-10-05,,1,2024-10-05
9704,7195,created,2024-07-27,,1,2024-07-27
9705,7196,upgraded,2024-11-27,1,2,2024-11-27
9706,7197,created,2024-04-28,,1,2024-04-28
9707,7197,canceled,2024-06-28,1,,2024-06-28
9708,7198,created,2024-08-15,,4,2024-08-15
9709,7199,created,2024-10-29,,4,2024-10-29
9710,7200,created,2024-01-09,,4,2024-01-09
9711,7201,created,2024-02-15,,3,2024-02-15
9712,7201,canceled,2024-12-15,3,,2024-12-15
9713,7202,created,2023-12-20,,4,2023-12-20
9714,7202,canceled,2024-06-20,4,,2024-06-20
9715,7203,reactivated,2024-10-20,,2,2024-10-20
9716,7204,created,2024-11-25,,8,2024-11-25
9717,7205,created,2024-06-10,,1,2024-06-10
9718,7206,upgraded,2024-10-10,1,2,2024-10-10
9719,7207,created,2023-01-16,,1,2023-01-16
9720,7207,canceled,2023-05-16,1,,2023-05-16
9721,7208,reactivated,2024-11-16,,1,2024-11-16
9722,7209,created,2024-09-15,,6,2024-09-15
9723,7210,created,2024-02-12,,3,2024-02-12
9724,7210,canceled,2024-11-12,3,,2024-11-12
9725,7211,created,2022-11-09,,2,2022-11-09
9726,7211,canceled,2023-04-09,2,,2023-04-09
9727,7212,created,2024-03-26,,1,2024-03-26
9728,7212,canceled,2024-04-26,1,,2024-04-26
9729,7213,created,2024-01-08,,1,2024-01-08
9730,7214,upgraded,2024-05-08,1,3,2024-05-08
9731,7214,canceled,2024-07-08,3,,2024-07-08
9732,7215,created,2024-10-11,,8,2024-10-11
9733,7216,created,2023-07-18,,2,2023-07-18
9734,7217,upgraded,2023-08-18,2,4,2023-08-27
9735,7218,upgraded,2024-02-18,4,6,2024-02-18
9736,7219,created,2024-09-18,,1,2024-09-18
9737,7220,created,2024-03-20,,6,2024-03-20
9738,7221,created,2022-09-29,,1,2022-09-29
9739,7221,canceled,2022-11-29,1,,2022-11-29
9740,7222,created,2024-12-29,,2,2024-12-29
9741,7223,created,2024-02-15,,1,2024-02-15
9742,7223,canceled,2024-07-15,1,,2024-07-15
9743,7224,created,2023-09-29,,1,2023-09-29
9744,7224,canceled,2023-10-29,1,,2023-10-29
9745,7225,reactivated,2024-05-29,,6,2024-05-29
9746,7226,upgraded,2024-07-29,6,8,2024-07-29
9747,7227,created,2024-02-18,,7,2024-02-18
9748,7228,created,2024-09-08,,1,2024-09-08
9749,7229,created,2023-10-07,,1,2023-10-07
9750,7230,created,2023-06-10,,1,2023-06-10
9751,7230,canceled,2023-10-10,1,,2023-10-10
9752,7231,reactivated,2024-04-10,,4,2024-04-10
9753,7232,created,2023-04-20,,1,2023-04-20
9754,7232,canceled,2023-07-20,1,,2023-07-20
9755,7233,created,2023-10-04,,1,2023-10-04
9756,7233,canceled,2024-01-04,1,,2024-01-04
9757,7234,created,2024-08-01,,2,2024-08-01
9758,7235,created,2024-02-01,,1,2024-02-01
9759,19592,canceled,2024-10-01,1,,2024-10-01
9760,7236,reactivated,2024-11-01,,2,2024-11-01
9761,7237,created,2023-08-24,,1,2023-08-24
9762,7238,upgraded,2023-11-24,1,2,2023-11-24
9763,7238,canceled,2024-08-24,2,,2024-08-24
9764,7239,created,2023-05-29,,1,2023-05-29
9765,7239,canceled,2023-11-29,1,,2023-11-29
9766,7240,created,2023-10-01,,6,2023-10-01
9767,7241,created,2024-11-04,,1,2024-11-04
9768,7242,created,2023-11-15,,1,2023-11-15
9769,7242,canceled,2024-04-15,1,,2024-04-15
9770,7243,created,2024-12-10,,7,2024-12-10
9771,7244,created,2024-02-16,,2,2024-02-16
9772,7244,canceled,2024-03-16,2,,2024-03-16
9773,7245,reactivated,2024-04-16,,2,2024-04-16
9774,7245,canceled,2024-06-16,2,,2024-06-16
9775,7246,created,2023-06-17,,1,2023-06-17
9776,7246,canceled,2024-06-17,1,,2024-06-17
9777,7247,created,2024-10-02,,1,2024-10-02
9778,7248,created,2024-01-12,,2,2024-01-12
9779,7249,created,2024-06-30,,1,2024-06-30
9780,7249,canceled,2024-10-30,1,,2024-10-30
9781,7250,created,2024-12-20,,3,2024-12-20
9782,19448,created,2022-09-22,,6,2022-09-22
9783,7252,upgraded,2022-10-22,6,8,2022-10-22
9784,7252,canceled,2024-01-22,8,,2024-01-22
9785,7253,created,2023-02-13,,2,2023-02-13
9786,7253,canceled,2024-02-13,2,,2024-02-13
9787,7254,reactivated,2024-06-13,,2,2024-06-13
9788,7254,canceled,2024-12-13,2,,2024-12-13
9789,7255,created,2024-07-02,,2,2024-07-02
9790,7256,created,2023-09-11,,2,2023-09-11
9791,7257,upgraded,2024-04-11,2,4,2024-04-11
9792,7258,created,2023-06-16,,1,2023-06-16
9793,7258,canceled,2023-11-16,1,,2023-11-16
9794,7259,created,2022-07-06,,1,2022-07-06
9795,7259,canceled,2022-09-06,1,,2022-09-06
9796,7260,reactivated,2023-04-06,,5,2023-04-14
9797,7261,upgraded,2024-03-06,5,7,2024-03-06
9798,7261,canceled,2024-07-06,7,,2024-07-06
9799,7262,created,2022-04-11,,7,2022-04-11
9800,7262,canceled,2022-09-11,7,,2022-09-11
9801,7263,reactivated,2024-01-11,,1,2024-01-11
9802,7263,canceled,2024-02-11,1,,2024-02-11
9803,7264,created,2024-08-10,,2,2024-08-10
9804,7265,created,2023-04-16,,3,2023-04-16
9805,7266,created,2024-02-26,,4,2024-02-26
9806,7267,downgraded,2024-04-26,4,2,2024-04-26
9807,7268,created,2024-04-11,,1,2024-04-11
9808,7269,created,2024-01-18,,1,2024-01-18
9809,7269,canceled,2024-09-18,1,,2024-09-18
9810,7270,created,2022-05-05,,1,2022-05-05
9811,7270,canceled,2022-09-05,1,,2022-09-05
9812,7271,created,2024-08-06,,2,2024-08-06
9813,7272,created,2022-02-01,,1,2022-02-01
9814,7273,upgraded,2022-12-01,1,2,2022-12-01
9815,7273,canceled,2024-01-01,2,,2024-01-01
9816,7274,created,2024-08-31,,3,2024-08-31
9817,7275,created,2024-10-25,,4,2024-10-25
9818,7276,created,2024-01-21,,2,2024-01-21
9819,7277,created,2024-03-09,,1,2024-03-09
9820,7278,created,2024-02-12,,4,2024-02-12
9821,7278,canceled,2024-03-12,4,,2024-03-12
9822,7279,created,2023-12-11,,1,2023-12-11
9823,7280,upgraded,2024-09-11,1,3,2024-09-11
9824,7281,created,2024-10-22,,7,2024-10-22
9825,7282,created,2024-10-04,,3,2024-10-04
9826,7283,created,2023-10-12,,2,2023-10-12
9827,7283,canceled,2023-12-12,2,,2023-12-12
9828,7284,created,2024-04-30,,4,2024-04-30
9829,7285,created,2024-11-10,,3,2024-11-10
9830,7286,created,2024-11-09,,1,2024-11-09
9831,7287,created,2024-02-12,,2,2024-02-12
9832,7288,created,2024-01-24,,1,2024-01-24
9833,7289,upgraded,2024-04-24,1,2,2024-04-24
9834,7289,canceled,2024-06-24,2,,2024-06-24
9835,7290,reactivated,2024-09-24,,3,2024-09-24
9836,7291,created,2023-09-26,,2,2023-09-26
9837,7291,canceled,2023-11-26,2,,2023-11-26
9838,7292,reactivated,2023-12-26,,2,2023-12-26
9839,7293,created,2024-11-23,,1,2024-11-23
9840,7294,created,2023-04-10,,4,2023-04-10
9841,7295,created,2024-04-08,,3,2024-04-08
9842,7295,canceled,2024-09-08,3,,2024-09-08
9843,7296,created,2023-09-04,,4,2023-09-04
9844,7297,upgraded,2024-03-04,4,6,2024-03-04
9845,7298,upgraded,2024-10-04,6,8,2024-10-04
9846,7299,created,2023-09-03,,1,2023-09-03
9847,7299,canceled,2023-10-03,1,,2023-10-03
9848,7300,reactivated,2024-08-03,,1,2024-08-03
9849,7300,canceled,2024-10-03,1,,2024-10-03
9850,7301,created,2023-12-30,,4,2023-12-30
9851,7302,created,2024-12-17,,3,2024-12-17
9852,7303,created,2022-09-30,,2,2022-09-30
9853,7304,downgraded,2023-09-28,2,1,2023-09-28
9854,7305,upgraded,2024-01-28,1,2,2024-01-28
9855,7305,canceled,2024-04-28,2,,2024-04-28
9856,7306,reactivated,2024-07-28,,2,2024-07-28
9857,7307,created,2024-04-18,,1,2024-04-18
9858,7307,canceled,2024-07-18,1,,2024-07-18
9859,7308,created,2023-01-14,,1,2023-01-14
9860,7308,canceled,2023-07-14,1,,2023-07-14
9861,7309,created,2023-05-04,,2,2023-05-04
9862,7310,upgraded,2023-08-04,2,5,2023-08-04
9863,7311,created,2024-01-22,,2,2024-01-22
9864,7311,canceled,2024-05-22,2,,2024-05-22
9865,7312,created,2024-02-26,,6,2024-02-26
9866,7313,created,2023-09-19,,2,2023-09-19
9867,7314,upgraded,2023-12-19,2,4,2023-12-19
9868,7315,upgraded,2024-09-19,4,6,2024-09-19
9869,7316,created,2023-10-07,,4,2023-10-07
9870,7317,downgraded,2024-03-07,4,2,2024-03-07
9871,7317,canceled,2024-05-07,2,,2024-05-07
9872,7318,created,2023-01-24,,1,2023-01-24
9873,7319,upgraded,2023-02-24,1,3,2023-02-24
9874,7320,downgraded,2024-09-24,3,1,2024-09-24
9875,7321,created,2023-10-19,,1,2023-10-19
9876,7321,canceled,2023-11-19,1,,2023-11-19
9877,7322,created,2024-11-10,,1,2024-11-10
9878,7323,created,2024-11-20,,1,2024-11-20
9879,7324,created,2023-10-14,,1,2023-10-14
9880,7324,canceled,2024-01-14,1,,2024-01-24
9881,7325,reactivated,2024-05-14,,2,2024-05-14
9882,7325,canceled,2024-07-14,2,,2024-07-14
9883,7326,created,2024-04-19,,1,2024-04-19
9884,7326,canceled,2024-11-19,1,,2024-11-19
9885,7327,created,2024-10-04,,4,2024-10-04
9886,7328,created,2022-01-08,,1,2022-01-08
9887,7328,canceled,2022-07-08,1,,2022-07-08
9888,7329,reactivated,2023-03-08,,3,2023-03-08
9889,7329,canceled,2023-07-08,3,,2023-07-08
9890,7330,created,2024-09-30,,1,2024-09-30
9891,7331,created,2024-11-03,,2,2024-11-03
9892,7332,created,2023-01-29,,2,2023-01-29
9893,7332,canceled,2024-06-28,2,,2024-06-28
9894,7333,created,2023-05-24,,1,2023-05-24
9895,7333,canceled,2023-07-24,1,,2023-07-24
9896,7334,created,2024-11-25,,4,2024-11-25
9897,7335,created,2024-03-15,,1,2024-03-15
9898,7336,created,2022-03-29,,3,2022-03-29
9899,7336,canceled,2022-06-29,3,,2022-06-29
9900,7337,created,2023-09-21,,2,2023-09-21
9901,7337,canceled,2023-11-21,2,,2023-11-29
9902,7338,created,2024-01-31,,1,2024-01-31
9903,7339,created,2024-06-06,,6,2024-06-06
9904,7340,created,2024-07-24,,2,2024-07-24
9905,7340,canceled,2024-10-24,2,,2024-10-24
9906,7341,created,2024-12-21,,1,2024-12-21
9907,7342,created,2023-09-18,,4,2023-09-18
9908,7342,canceled,2024-01-18,4,,2024-01-18
9909,7343,created,2024-03-29,,1,2024-03-29
9910,7343,canceled,2024-05-29,1,,2024-05-29
9911,7344,created,2024-03-19,,4,2024-03-19
9912,7345,downgraded,2024-07-19,4,2,2024-07-19
9913,7346,created,2023-12-11,,2,2023-12-11
9914,7347,created,2023-06-07,,1,2023-06-07
9915,7347,canceled,2023-11-07,1,,2023-11-07
9916,7348,reactivated,2024-06-07,,6,2024-06-07
9917,7349,created,2024-12-13,,3,2024-12-13
9918,7350,created,2024-09-07,,1,2024-09-07
9919,14406,created,2024-02-25,,2,2024-02-25
9920,7352,created,2024-04-19,,5,2024-04-19
9921,7353,downgraded,2024-10-19,5,3,2024-10-19
9922,7354,created,2023-08-18,,8,2023-08-18
9923,7355,created,2024-03-01,,7,2024-03-01
9924,7356,created,2024-06-22,,2,2024-06-22
9925,7357,created,2024-02-21,,5,2024-02-21
9926,7357,canceled,2024-08-21,5,,2024-08-21
9927,7358,created,2024-12-19,,2,2024-12-19
9928,7359,created,2024-04-14,,6,2024-04-14
9929,7360,downgraded,2024-09-14,6,4,2024-09-14
9930,7361,created,2023-11-26,,1,2023-11-26
9931,7361,canceled,2024-04-26,1,,2024-04-26
9932,7362,reactivated,2024-07-26,,1,2024-07-26
9933,7362,canceled,2024-08-26,1,,2024-08-31
9934,7363,created,2024-08-24,,2,2024-08-24
9935,7364,created,2023-06-15,,2,2023-06-15
9936,7364,canceled,2023-07-15,2,,2023-07-15
9937,7365,created,2023-12-11,,8,2023-12-11
9938,7366,created,2023-11-24,,1,2023-11-24
9939,7367,upgraded,2024-01-24,1,2,2024-01-24
9940,7367,canceled,2024-05-24,2,,2024-05-24
9941,7368,created,2024-01-03,,1,2024-01-03
9942,7368,canceled,2024-03-03,1,,2024-03-03
9943,7369,created,2024-08-28,,1,2024-08-28
9944,7370,created,2024-02-28,,1,2024-02-28
9945,7370,canceled,2024-05-28,1,,2024-05-28
9946,7371,created,2024-08-02,,1,2024-08-02
9947,7372,created,2024-04-18,,4,2024-04-18
9948,7373,upgraded,2024-05-18,4,6,2024-05-18
9949,7374,created,2023-11-02,,1,2023-11-02
9950,7374,canceled,2023-12-02,1,,2023-12-02
9951,7375,created,2024-09-07,,1,2024-09-07
9952,7376,created,2023-08-11,,4,2023-08-11
9953,7377,upgraded,2024-05-11,4,7,2024-05-11
9954,7378,created,2023-08-07,,3,2023-08-07
9955,7379,upgraded,2024-07-07,3,5,2024-07-07
9956,7380,upgraded,2024-12-07,5,6,2024-12-07
9957,7381,created,2024-02-03,,2,2024-02-03
9958,7382,upgraded,2024-07-03,2,5,2024-07-03
9959,7382,canceled,2024-08-03,5,,2024-08-03
9960,7383,created,2023-09-13,,1,2023-09-13
9961,7383,canceled,2024-08-13,1,,2024-08-13
9962,7384,created,2022-02-20,,2,2022-02-20
9963,7384,canceled,2023-04-20,2,,2023-04-20
9964,7385,created,2024-05-11,,3,2024-05-11
9965,7385,canceled,2024-07-11,3,,2024-07-11
9966,7386,created,2024-02-14,,4,2024-02-14
9967,7386,canceled,2024-05-14,4,,2024-05-14
9968,7387,created,2024-01-22,,3,2024-01-22
9969,7388,created,2024-11-27,,2,2024-11-27
9970,7389,created,2024-04-12,,2,2024-04-12
9971,7390,created,2024-10-10,,5,2024-10-10
9972,7391,created,2023-04-22,,6,2023-04-22
9973,7391,canceled,2023-11-22,6,,2023-11-22
9974,7392,reactivated,2024-10-22,,2,2024-10-22
9975,7393,created,2024-04-16,,1,2024-04-16
9976,7393,canceled,2024-05-16,1,,2024-05-16
9977,7394,created,2024-10-20,,2,2024-10-20
9978,7394,canceled,2024-11-20,2,,2024-11-20
9979,19183,created,2024-04-01,,2,2024-04-01
9980,7395,canceled,2024-09-01,2,,2024-09-01
9981,7396,created,2024-07-03,,4,2024-07-03
9982,7397,downgraded,2024-08-03,4,2,2024-08-03
9983,7398,created,2023-11-23,,1,2023-11-23
9984,7398,canceled,2024-03-23,1,,2024-03-23
9985,7399,created,2023-01-20,,5,2023-01-20
9986,7399,canceled,2023-09-20,5,,2023-09-20
9987,7400,created,2024-01-21,,3,2024-01-21
9988,7401,upgraded,2024-06-21,3,4,2024-06-21
9989,7402,created,2023-12-21,,2,2023-12-21
9990,7403,created,2024-10-12,,1,2024-10-12
9991,7404,created,2023-08-18,,1,2023-08-18
9992,7404,canceled,2024-07-18,1,,2024-07-18
9993,7405,created,2024-11-09,,1,2024-11-09
9994,7406,created,2024-11-30,,5,2024-11-30
9995,7407,downgraded,2024-12-30,5,2,2024-12-30
9996,7408,created,2023-08-09,,4,2023-08-09
9997,7409,upgraded,2024-07-09,4,6,2024-07-09
9998,7410,created,2023-11-19,,2,2023-11-19
9999,7410,canceled,2024-10-19,2,,2024-10-19
10000,7411,created,2024-10-01,,1,2024-10-01
10001,7411,canceled,2024-11-01,1,,2024-11-01
10002,7412,created,2024-11-16,,1,2024-11-16
10003,7413,created,2024-01-22,,1,2024-01-22
10004,7413,canceled,2024-05-22,1,,2024-05-22
10005,7414,created,2023-10-01,,3,2023-10-08
10006,7414,canceled,2023-11-01,3,,2023-11-01
10007,7415,reactivated,2024-11-01,,6,2024-11-01
10008,7416,created,2024-03-28,,4,2024-03-28
10009,7416,canceled,2024-07-28,4,,2024-07-28
10010,7417,created,2024-06-09,,3,2024-06-09
10011,7418,created,2023-09-28,,4,2023-09-28
10012,7418,canceled,2024-02-28,4,,2024-02-28
10013,7419,created,2024-07-18,,4,2024-07-18
10014,7420,upgraded,2024-11-18,4,6,2024-11-18
10015,7421,created,2022-09-04,,1,2022-09-04
10016,7421,canceled,2023-01-04,1,,2023-01-04
10017,7422,created,2022-09-14,,6,2022-09-14
10018,7423,downgraded,2023-06-14,6,5,2023-06-14
10019,7424,upgraded,2024-08-14,5,6,2024-08-14
10020,7425,created,2023-12-26,,1,2023-12-26
10021,7425,canceled,2024-03-26,1,,2024-03-26
10022,7426,created,2023-11-09,,3,2023-11-09
10023,7426,canceled,2024-02-09,3,,2024-02-09
10024,7427,created,2023-10-10,,1,2023-10-10
10025,7427,canceled,2023-12-10,1,,2023-12-10
10026,7428,created,2024-02-29,,1,2024-02-29
10027,7428,canceled,2024-08-29,1,,2024-08-29
10028,7429,created,2023-10-15,,1,2023-10-15
10029,7429,canceled,2024-03-15,1,,2024-03-15
10030,7430,created,2023-06-24,,3,2023-06-24
10031,7430,canceled,2024-02-24,3,,2024-02-24
10032,7431,created,2023-10-15,,1,2023-10-15
10033,7431,canceled,2023-12-15,1,,2023-12-15
10034,7432,created,2024-12-01,,2,2024-12-01
10035,7433,created,2024-01-31,,2,2024-02-07
10036,7434,created,2024-01-14,,2,2024-01-14
10037,7434,canceled,2024-08-14,2,,2024-08-14
10038,7435,created,2024-04-05,,4,2024-04-05
10039,7435,canceled,2024-08-05,4,,2024-08-05
10040,7436,reactivated,2024-09-05,,3,2024-09-05
10041,7437,created,2024-12-30,,1,2024-12-30
10042,7438,created,2023-08-28,,3,2023-08-28
10043,7438,canceled,2024-01-28,3,,2024-01-31
10044,7439,created,2024-06-21,,6,2024-06-21
10045,7440,created,2024-07-25,,2,2024-07-25
10046,7441,upgraded,2024-12-25,2,5,2024-12-25
10047,7442,created,2024-04-16,,2,2024-04-16
10048,7443,created,2023-01-19,,1,2023-01-19
10049,7444,upgraded,2023-02-19,1,3,2023-02-19
10050,7445,downgraded,2023-03-19,3,1,2023-03-19
10051,7445,canceled,2023-08-19,1,,2023-08-19
10052,7446,reactivated,2024-07-19,,1,2024-07-19
10053,7446,canceled,2024-10-19,1,,2024-10-19
10054,7447,created,2024-06-08,,1,2024-06-08
10055,7448,created,2022-10-16,,6,2022-10-16
10056,7449,upgraded,2023-04-16,6,8,2023-04-16
10057,7450,created,2024-04-30,,2,2024-04-30
10058,7450,canceled,2024-07-30,2,,2024-07-30
10059,7451,created,2024-07-15,,1,2024-07-15
10060,7452,created,2023-07-05,,1,2023-07-05
10061,7452,canceled,2023-09-05,1,,2023-09-05
10062,7453,created,2024-09-19,,1,2024-09-19
10063,7454,created,2022-05-16,,1,2022-05-16
10064,7454,canceled,2024-01-16,1,,2024-01-16
10065,7455,created,2024-09-01,,3,2024-09-01
10066,7456,created,2024-01-07,,3,2024-01-07
10067,7456,canceled,2024-03-07,3,,2024-03-07
10068,7457,created,2023-07-20,,2,2023-07-20
10069,7458,upgraded,2023-08-20,2,4,2023-08-20
10070,7459,downgraded,2024-04-20,4,3,2024-04-20
10071,7460,created,2023-04-14,,1,2023-04-14
10072,7460,canceled,2023-12-14,1,,2023-12-14
10073,7461,created,2024-11-01,,6,2024-11-01
10074,7462,created,2022-11-06,,5,2022-11-06
10075,7462,canceled,2023-10-06,5,,2023-10-06
10076,7463,reactivated,2024-05-06,,3,2024-05-06
10077,7463,canceled,2024-09-06,3,,2024-09-06
10078,7464,created,2023-07-02,,1,2023-07-02
10079,7465,upgraded,2023-10-02,1,2,2023-10-02
10080,7466,upgraded,2024-02-02,2,4,2024-02-02
10081,7466,canceled,2024-12-02,4,,2024-12-02
10082,7467,created,2023-11-29,,2,2023-11-29
10083,7467,canceled,2024-02-29,2,,2024-02-29
10084,7468,created,2024-05-12,,4,2024-05-12
10085,7469,created,2024-03-01,,2,2024-03-01
10086,7470,downgraded,2024-06-01,2,1,2024-06-01
10087,7470,canceled,2024-09-01,1,,2024-09-01
10088,7471,created,2023-03-02,,1,2023-03-02
10089,7471,canceled,2023-05-02,1,,2023-05-02
10090,7472,reactivated,2024-06-02,,1,2024-06-02
10091,7473,upgraded,2024-12-02,1,2,2024-12-02
10092,7474,created,2023-09-26,,1,2023-09-26
10093,7474,canceled,2023-10-26,1,,2023-10-26
10094,7475,created,2023-08-07,,1,2023-08-07
10095,7476,created,2023-07-02,,1,2023-07-02
10096,7477,upgraded,2023-10-02,1,3,2023-10-02
10097,7477,canceled,2024-11-02,3,,2024-11-02
10098,7478,created,2024-01-07,,1,2024-01-07
10099,7478,canceled,2024-03-07,1,,2024-03-07
10100,7479,created,2024-06-17,,3,2024-06-17
10101,19628,created,2023-07-05,,1,2023-07-05
10102,7480,canceled,2023-08-05,1,,2023-08-05
10103,7481,created,2023-11-11,,4,2023-11-11
10104,7482,downgraded,2024-09-11,4,2,2024-09-11
10105,7483,created,2023-12-14,,4,2023-12-14
10106,7484,upgraded,2024-12-14,4,6,2024-12-14
10107,7485,created,2024-12-06,,1,2024-12-06
10108,7486,created,2024-11-27,,1,2024-11-27
10109,7487,created,2024-08-02,,1,2024-08-02
10110,7488,upgraded,2024-12-02,1,2,2024-12-02
10111,7489,created,2023-08-10,,6,2023-08-10
10112,7490,downgraded,2024-08-10,6,4,2024-08-10
10113,7491,created,2022-11-06,,3,2022-11-06
10114,7492,downgraded,2023-09-06,3,1,2023-09-06
10115,7492,canceled,2023-10-06,1,,2023-10-06
10116,7493,created,2023-10-05,,1,2023-10-05
10117,7493,canceled,2024-09-05,1,,2024-09-05
10118,7494,created,2023-09-25,,3,2023-09-25
10119,7494,canceled,2023-12-25,3,,2023-12-28
10120,7495,created,2024-02-22,,1,2024-02-22
10121,7496,created,2024-08-27,,1,2024-08-27
10122,7496,canceled,2024-09-27,1,,2024-09-27
10123,7497,created,2024-09-13,,4,2024-09-13
10124,7498,created,2024-09-21,,8,2024-09-21
10125,7499,created,2023-11-05,,4,2023-11-05
10126,17093,canceled,2024-04-05,4,,2024-04-05
10127,7500,created,2024-06-27,,1,2024-06-27
10128,7501,created,2023-10-22,,6,2023-10-22
10129,7502,created,2022-10-12,,2,2022-10-12
10130,7502,canceled,2024-04-12,2,,2024-04-12
10131,7503,reactivated,2024-12-12,,2,2024-12-12
10132,7504,created,2024-06-05,,2,2024-06-05
10133,7505,created,2022-02-18,,4,2022-02-18
10134,7505,canceled,2022-05-18,4,,2022-05-18
10135,7506,created,2023-12-14,,1,2023-12-14
10136,7506,canceled,2024-02-14,1,,2024-02-14
10137,7507,created,2023-10-10,,1,2023-10-10
10138,7507,canceled,2024-02-10,1,,2024-02-10
10139,7508,created,2024-06-09,,2,2024-06-09
10140,7508,canceled,2024-08-09,2,,2024-08-09
10141,7509,created,2024-08-17,,2,2024-08-17
10142,7509,canceled,2024-12-17,2,,2024-12-17
10143,7510,created,2023-10-02,,1,2023-10-02
10144,7510,canceled,2023-12-02,1,,2023-12-02
10145,7511,created,2024-09-15,,6,2024-09-15
10146,7512,created,2023-09-27,,4,2023-09-27
10147,7513,created,2024-01-04,,4,2024-01-04
10148,7513,canceled,2024-05-04,4,,2024-05-04
10149,7514,created,2024-07-19,,2,2024-07-19
10150,7515,created,2024-06-13,,1,2024-06-13
10151,7515,canceled,2024-08-13,1,,2024-08-13
10152,7516,created,2024-12-27,,1,2024-12-27
10153,7517,created,2023-08-20,,2,2023-08-20
10154,7518,upgraded,2024-05-20,2,5,2024-05-20
10155,7519,created,2024-05-26,,2,2024-05-26
10156,7519,canceled,2024-09-26,2,,2024-10-02
10157,7520,created,2024-04-17,,1,2024-04-17
10158,7521,created,2024-10-17,,1,2024-10-17
10159,7522,created,2023-05-14,,5,2023-05-14
10160,7522,canceled,2024-10-14,5,,2024-10-16
10161,7523,created,2024-07-28,,4,2024-07-28
10162,7524,created,2024-04-24,,1,2024-04-24
10163,7524,canceled,2024-06-24,1,,2024-06-24
10164,7525,created,2023-09-28,,1,2023-09-28
10165,7525,canceled,2024-07-28,1,,2024-07-28
10166,7526,created,2024-02-07,,2,2024-02-07
10167,7526,canceled,2024-08-07,2,,2024-08-07
10168,7527,created,2023-10-18,,1,2023-10-18
10169,7527,canceled,2024-01-18,1,,2024-01-18
10170,7528,reactivated,2024-03-18,,1,2024-03-18
10171,7529,created,2024-04-23,,1,2024-04-23
10172,7530,created,2024-10-20,,2,2024-10-20
10173,7531,created,2024-04-25,,4,2024-04-25
10174,7532,created,2024-05-13,,1,2024-05-13
10175,7532,canceled,2024-11-13,1,,2024-11-13
10176,7533,created,2024-03-28,,1,2024-03-28
10177,7533,canceled,2024-05-28,1,,2024-05-28
10178,7534,created,2022-09-05,,2,2022-09-05
10179,7534,canceled,2023-01-05,2,,2023-01-05
10180,7535,reactivated,2023-07-05,,3,2023-07-05
10181,7535,canceled,2023-10-05,3,,2023-10-05
10182,7536,created,2023-08-30,,5,2023-08-30
10183,7536,canceled,2023-10-30,5,,2023-10-30
10184,7537,created,2024-02-25,,1,2024-02-25
10185,7538,created,2023-10-02,,2,2023-10-02
10186,7538,canceled,2024-09-02,2,,2024-09-02
10187,7539,created,2023-06-10,,1,2023-06-10
10188,7540,upgraded,2024-04-10,1,2,2024-04-10
10189,7540,canceled,2024-11-10,2,,2024-11-10
10190,7541,created,2024-02-28,,6,2024-02-28
10191,7541,canceled,2024-07-28,6,,2024-07-28
10192,7542,created,2023-10-09,,1,2023-10-09
10193,7542,canceled,2024-08-09,1,,2024-08-09
10194,7543,created,2023-09-20,,2,2023-09-20
10195,7543,canceled,2023-10-20,2,,2023-10-20
10196,7544,created,2024-01-22,,1,2024-01-22
10197,7545,upgraded,2024-03-22,1,3,2024-03-22
10198,7546,created,2023-04-24,,2,2023-04-24
10199,7547,upgraded,2023-07-24,2,5,2023-07-24
10200,7547,canceled,2024-01-24,5,,2024-01-24
10201,7548,created,2024-11-04,,1,2024-11-04
10202,7549,created,2024-10-20,,1,2024-10-20
10203,7550,created,2024-06-17,,1,2024-06-17
10204,7551,created,2023-02-05,,4,2023-02-05
10205,7552,downgraded,2023-06-05,4,3,2023-06-05
10206,7553,upgraded,2024-12-05,3,4,2024-12-05
10207,7554,created,2024-08-28,,1,2024-08-28
10208,7555,created,2024-09-25,,2,2024-09-25
10209,7556,created,2024-08-11,,2,2024-08-19
10210,7557,created,2023-03-10,,1,2023-03-10
10211,7557,canceled,2023-05-10,1,,2023-05-10
10212,7558,created,2024-05-14,,1,2024-05-14
10213,7558,canceled,2024-10-14,1,,2024-10-14
10214,7559,created,2024-09-18,,1,2024-09-18
10215,7560,created,2024-04-26,,3,2024-04-26
10216,7560,canceled,2024-06-26,3,,2024-06-26
10217,7561,created,2024-05-23,,5,2024-05-23
10218,7562,created,2024-01-17,,4,2024-01-17
10219,7562,canceled,2024-05-17,4,,2024-05-17
10220,7563,created,2024-03-01,,3,2024-03-01
10221,7563,canceled,2024-10-01,3,,2024-10-01
10222,7564,created,2022-06-17,,2,2022-06-17
10223,7564,canceled,2024-09-17,2,,2024-09-17
10224,7565,created,2024-05-23,,2,2024-05-23
10225,7565,canceled,2024-09-23,2,,2024-09-23
10226,7566,created,2022-12-30,,2,2022-12-30
10227,7567,upgraded,2023-02-28,2,4,2023-02-28
10228,7568,created,2024-01-06,,3,2024-01-06
10229,7568,canceled,2024-11-06,3,,2024-11-06
10230,7569,created,2023-09-01,,4,2023-09-01
10231,7570,downgraded,2024-01-01,4,3,2024-01-01
10232,7570,canceled,2024-02-01,3,,2024-02-01
10233,7571,created,2024-03-25,,3,2024-03-25
10234,7571,canceled,2024-06-25,3,,2024-06-25
10235,7572,created,2023-04-04,,6,2023-04-04
10236,7573,created,2024-06-21,,6,2024-06-21
10237,7574,downgraded,2024-07-21,6,4,2024-07-21
10238,7574,canceled,2024-09-21,4,,2024-09-21
10239,7575,created,2024-08-19,,4,2024-08-19
10240,7576,created,2023-05-04,,3,2023-05-04
10241,7576,canceled,2023-07-04,3,,2023-07-04
10242,7577,reactivated,2024-06-04,,1,2024-06-12
10243,7577,canceled,2024-07-04,1,,2024-07-04
10244,7578,reactivated,2024-11-04,,1,2024-11-04
10245,7578,canceled,2024-12-04,1,,2024-12-04
10246,7579,created,2023-02-08,,5,2023-02-08
10247,7580,downgraded,2023-05-08,5,2,2023-05-08
10248,7580,canceled,2023-06-08,2,,2023-06-08
10249,7581,reactivated,2024-11-08,,3,2024-11-08
10250,7582,created,2023-04-03,,1,2023-04-03
10251,7582,canceled,2023-12-03,1,,2023-12-03
10252,7583,created,2024-10-03,,2,2024-10-03
10253,7584,created,2024-03-06,,2,2024-03-06
10254,7584,canceled,2024-06-06,2,,2024-06-06
10255,7585,created,2024-01-30,,4,2024-01-30
10256,7586,created,2023-02-01,,1,2023-02-01
10257,7586,canceled,2023-04-01,1,,2023-04-01
10258,7587,created,2024-05-12,,2,2024-05-12
10259,7588,created,2024-10-11,,4,2024-10-11
10260,7589,created,2024-09-30,,2,2024-09-30
10261,7590,downgraded,2024-10-30,2,1,2024-10-30
10262,7590,canceled,2024-12-30,1,,2024-12-30
10263,7591,created,2024-05-02,,1,2024-05-02
10264,7592,created,2022-11-05,,1,2022-11-05
10265,7593,upgraded,2022-12-05,1,2,2022-12-05
10266,7594,upgraded,2024-10-05,2,5,2024-10-05
10267,7595,created,2023-03-21,,1,2023-03-21
10268,7595,canceled,2023-09-21,1,,2023-09-21
10269,7596,created,2022-09-20,,7,2022-09-20
10270,7596,canceled,2022-10-20,7,,2022-10-20
10271,7597,created,2023-09-24,,4,2023-09-24
10272,7598,created,2023-04-24,,4,2023-04-24
10273,7598,canceled,2024-04-24,4,,2024-04-24
10274,7599,created,2023-09-12,,2,2023-09-12
10275,7599,canceled,2024-09-12,2,,2024-09-12
10276,7600,created,2023-12-14,,4,2023-12-14
10277,7601,created,2024-11-04,,1,2024-11-04
10278,7602,created,2024-04-06,,1,2024-04-06
10279,7602,canceled,2024-11-06,1,,2024-11-06
10280,7603,created,2024-09-28,,1,2024-09-28
10281,7604,created,2024-06-30,,1,2024-06-30
10282,7604,canceled,2024-11-30,1,,2024-11-30
10283,7605,created,2023-03-05,,1,2023-03-05
10284,7606,upgraded,2023-06-05,1,2,2023-06-11
10285,7607,upgraded,2023-08-05,2,4,2023-08-05
10286,7608,downgraded,2024-12-05,4,2,2024-12-05
10287,7609,created,2024-07-29,,1,2024-07-29
10288,7609,canceled,2024-10-29,1,,2024-10-29
10289,7610,created,2023-09-15,,2,2023-09-15
10290,7610,canceled,2024-09-15,2,,2024-09-15
10291,7611,created,2024-05-10,,2,2024-05-10
10292,7612,created,2023-11-19,,1,2023-11-19
10293,7612,canceled,2024-03-19,1,,2024-03-19
10294,7613,created,2024-12-14,,8,2024-12-14
10295,7614,created,2023-09-17,,2,2023-09-17
10296,7615,downgraded,2024-10-17,2,1,2024-10-17
10297,7615,canceled,2024-11-17,1,,2024-11-17
10298,7616,created,2023-09-05,,6,2023-09-05
10299,7617,created,2024-11-10,,1,2024-11-10
10300,7618,created,2022-04-25,,2,2022-04-25
10301,7619,upgraded,2023-02-25,2,4,2023-02-25
10302,7620,upgraded,2023-04-25,4,6,2023-04-25
10303,7621,downgraded,2023-09-25,6,4,2023-09-25
10304,7622,upgraded,2024-05-25,4,6,2024-05-25
10305,7623,created,2024-06-03,,1,2024-06-03
10306,7624,created,2024-07-20,,5,2024-07-20
10307,7625,created,2024-09-19,,1,2024-09-19
10308,7626,created,2024-12-23,,2,2024-12-23
10309,7627,created,2024-12-25,,1,2024-12-25
10310,7628,created,2022-10-25,,2,2022-10-25
10311,7629,upgraded,2024-06-25,2,5,2024-06-25
10312,7629,canceled,2024-10-25,5,,2024-10-25
10313,14714,created,2024-09-15,,2,2024-09-15
10314,7631,created,2024-05-10,,4,2024-05-10
10315,7632,downgraded,2024-06-10,4,2,2024-06-10
10316,7633,downgraded,2024-07-10,2,1,2024-07-10
10317,7633,canceled,2024-08-10,1,,2024-08-10
10318,7634,created,2024-05-17,,7,2024-05-17
10319,7635,created,2023-04-03,,1,2023-04-03
10320,7635,canceled,2023-06-03,1,,2023-06-03
10321,7636,reactivated,2024-06-03,,6,2024-06-03
10322,7637,created,2024-05-18,,1,2024-05-18
10323,7638,upgraded,2024-08-18,1,3,2024-08-18
10324,7639,downgraded,2024-11-18,3,1,2024-11-18
10325,7640,created,2024-12-25,,1,2024-12-25
10326,14263,created,2024-10-02,,5,2024-10-02
10327,7642,created,2024-01-10,,4,2024-01-10
10328,7642,canceled,2024-05-10,4,,2024-05-10
10329,7643,reactivated,2024-11-10,,2,2024-11-10
10330,7644,created,2022-07-24,,1,2022-07-24
10331,7644,canceled,2023-04-24,1,,2023-04-24
10332,7645,created,2023-11-13,,2,2023-11-13
10333,7646,upgraded,2024-08-13,2,5,2024-08-13
10334,7647,created,2024-09-14,,7,2024-09-14
10335,7648,created,2024-06-04,,6,2024-06-04
10336,7648,canceled,2024-07-04,6,,2024-07-09
10337,7649,created,2024-01-02,,4,2024-01-02
10338,7650,upgraded,2024-03-02,4,6,2024-03-02
10339,7651,upgraded,2024-04-02,6,8,2024-04-02
10340,7652,created,2022-09-23,,4,2022-09-23
10341,7653,upgraded,2024-04-23,4,6,2024-04-23
10342,7654,created,2024-01-19,,6,2024-01-19
10343,7655,created,2024-02-03,,1,2024-02-03
10344,7655,canceled,2024-08-03,1,,2024-08-03
10345,7656,created,2024-11-10,,2,2024-11-10
10346,7657,created,2024-05-04,,3,2024-05-04
10347,7657,canceled,2024-11-04,3,,2024-11-04
10348,7658,created,2023-10-27,,4,2023-10-27
10349,7658,canceled,2024-03-27,4,,2024-03-27
10350,7659,created,2024-03-25,,1,2024-03-25
10351,7659,canceled,2024-12-25,1,,2024-12-25
10352,7660,created,2022-10-29,,8,2022-10-29
10353,7661,created,2024-12-22,,2,2024-12-22
10354,7662,created,2023-11-24,,1,2023-11-24
10355,7662,canceled,2023-12-24,1,,2023-12-24
10356,7663,created,2024-02-28,,2,2024-02-28
10357,7663,canceled,2024-08-28,2,,2024-08-28
10358,7664,created,2023-11-28,,2,2023-11-28
10359,7664,canceled,2023-12-28,2,,2023-12-28
10360,7665,reactivated,2024-04-28,,7,2024-04-28
10361,7666,created,2024-06-07,,3,2024-06-07
10362,7667,upgraded,2024-08-07,3,4,2024-08-07
10363,7667,canceled,2024-12-07,4,,2024-12-07
10364,7668,created,2024-05-06,,2,2024-05-06
10365,7669,created,2024-07-18,,6,2024-07-18
10366,7670,created,2023-09-24,,1,2023-09-24
10367,7670,canceled,2024-01-24,1,,2024-01-24
10368,7671,reactivated,2024-04-24,,2,2024-04-24
10369,7672,created,2023-10-25,,1,2023-10-25
10370,7672,canceled,2024-05-25,1,,2024-05-25
10371,7673,created,2023-03-14,,1,2023-03-14
10372,7674,upgraded,2023-10-14,1,3,2023-10-14
10373,7675,downgraded,2024-10-14,3,1,2024-10-18
10374,7676,created,2024-05-04,,6,2024-05-04
10375,7676,canceled,2024-06-04,6,,2024-06-04
10376,7677,created,2022-07-05,,1,2022-07-05
10377,7677,canceled,2022-08-05,1,,2022-08-05
10378,7678,created,2024-04-19,,4,2024-04-19
10379,7679,upgraded,2024-12-19,4,6,2024-12-22
10380,7680,created,2024-10-25,,7,2024-10-29
10381,7681,upgraded,2024-12-25,7,8,2024-12-25
10382,7682,created,2024-10-08,,1,2024-10-08
10383,7683,created,2024-01-04,,1,2024-01-04
10384,7684,created,2024-01-18,,2,2024-01-18
10385,7684,canceled,2024-04-18,2,,2024-04-18
10386,7685,created,2022-12-26,,8,2022-12-26
10387,7686,downgraded,2024-03-26,8,6,2024-03-26
10388,7687,created,2024-06-01,,1,2024-06-01
10389,7687,canceled,2024-12-01,1,,2024-12-01
10390,7688,created,2024-09-07,,2,2024-09-07
10391,7689,created,2023-08-31,,3,2023-08-31
10392,7689,canceled,2024-10-29,3,,2024-10-29
10393,7690,created,2024-01-19,,2,2024-01-19
10394,7690,canceled,2024-06-19,2,,2024-06-19
10395,7691,reactivated,2024-08-19,,4,2024-08-19
10396,7692,created,2024-09-25,,6,2024-09-25
10397,7693,created,2024-10-13,,1,2024-10-13
10398,7693,canceled,2024-12-13,1,,2024-12-13
10399,7694,created,2023-08-22,,5,2023-08-22
10400,7694,canceled,2024-08-22,5,,2024-08-22
10401,7695,created,2024-03-04,,1,2024-03-04
10402,7696,created,2023-06-12,,1,2023-06-12
10403,7696,canceled,2023-09-12,1,,2023-09-12
10404,7697,created,2023-02-03,,1,2023-02-03
10405,7698,upgraded,2023-04-03,1,3,2023-04-03
10406,7699,upgraded,2023-06-03,3,5,2023-06-03
10407,7700,created,2024-10-29,,2,2024-10-29
10408,7701,created,2024-09-16,,1,2024-09-16
10409,7702,created,2024-08-31,,4,2024-08-31
10410,7703,created,2022-08-29,,6,2022-08-29
10411,7704,upgraded,2023-08-28,6,8,2023-08-28
10412,7705,downgraded,2024-11-28,8,7,2024-11-28
10413,7706,created,2024-09-24,,1,2024-09-24
10414,7706,canceled,2024-11-24,1,,2024-11-24
10415,7707,created,2024-01-19,,2,2024-01-19
10416,7708,created,2023-11-03,,3,2023-11-03
10417,7709,downgraded,2024-12-03,3,1,2024-12-03
10418,7710,created,2024-03-24,,1,2024-03-24
10419,7710,canceled,2024-10-24,1,,2024-10-24
10420,7711,reactivated,2024-11-24,,1,2024-11-24
10421,7712,created,2023-01-01,,1,2023-01-01
10422,7712,canceled,2023-07-01,1,,2023-07-01
10423,7713,created,2024-07-12,,4,2024-07-12
10424,7714,created,2024-04-25,,1,2024-04-25
10425,7714,canceled,2024-10-25,1,,2024-10-25
10426,7715,created,2023-06-10,,1,2023-06-10
10427,7715,canceled,2023-08-10,1,,2023-08-10
10428,7716,created,2023-06-28,,1,2023-06-28
10429,7716,canceled,2024-09-28,1,,2024-09-28
10430,7717,created,2023-06-18,,1,2023-06-18
10431,7717,canceled,2023-07-18,1,,2023-07-18
10432,7718,created,2022-09-04,,2,2022-09-04
10433,7719,downgraded,2023-01-04,2,1,2023-01-04
10434,7719,canceled,2023-11-04,1,,2023-11-04
10435,7720,created,2024-04-09,,4,2024-04-09
10436,7720,canceled,2024-06-09,4,,2024-06-09
10437,7721,created,2024-09-26,,1,2024-09-26
10438,7721,canceled,2024-10-26,1,,2024-11-02
10439,7722,created,2022-03-11,,1,2022-03-11
10440,7722,canceled,2022-12-11,1,,2022-12-11
10441,7723,created,2022-08-25,,6,2022-08-25
10442,7723,canceled,2023-05-25,6,,2023-05-25
10443,7724,created,2024-04-03,,1,2024-04-03
10444,7725,upgraded,2024-11-03,1,2,2024-11-03
10445,7726,created,2024-09-04,,1,2024-09-04
10446,7727,created,2023-10-16,,1,2023-10-25
10447,7727,canceled,2024-05-16,1,,2024-05-16
10448,7728,created,2023-11-13,,1,2023-11-13
10449,7729,upgraded,2024-04-13,1,2,2024-04-13
10450,7729,canceled,2024-08-13,2,,2024-08-13
10451,7730,created,2024-04-26,,2,2024-05-04
10452,7731,created,2023-09-01,,2,2023-09-01
10453,7731,canceled,2023-12-01,2,,2023-12-01
10454,7732,created,2022-05-24,,1,2022-05-24
10455,7732,canceled,2022-06-24,1,,2022-06-24
10456,7733,reactivated,2024-04-24,,1,2024-04-24
10457,7733,canceled,2024-10-24,1,,2024-10-24
10458,7734,created,2024-07-25,,6,2024-07-25
10459,7735,created,2024-05-15,,2,2024-05-15
10460,7736,upgraded,2024-09-15,2,4,2024-09-15
10461,7737,created,2024-04-17,,5,2024-04-21
10462,7737,canceled,2024-06-17,5,,2024-06-23
10463,7738,created,2024-07-25,,1,2024-07-25
10464,7739,upgraded,2024-12-25,1,3,2024-12-25
10465,7740,created,2024-06-08,,5,2024-06-08
10466,7741,created,2023-07-16,,1,2023-07-16
10467,7742,created,2023-11-25,,1,2023-11-25
10468,7743,created,2023-03-27,,5,2023-03-27
10469,7744,upgraded,2023-06-27,5,6,2023-06-27
10470,7745,downgraded,2024-02-27,6,4,2024-02-27
10471,7746,created,2023-04-22,,2,2023-04-22
10472,7746,canceled,2023-05-22,2,,2023-05-22
10473,7747,reactivated,2024-12-22,,4,2024-12-22
10474,7748,created,2024-06-11,,1,2024-06-11
10475,7749,created,2024-09-13,,5,2024-09-13
10476,7750,created,2024-11-17,,5,2024-11-17
10477,7751,created,2024-05-14,,2,2024-05-14
10478,7751,canceled,2024-09-14,2,,2024-09-14
10479,7752,created,2023-06-13,,3,2023-06-13
10480,7752,canceled,2023-08-13,3,,2023-08-13
10481,7753,created,2023-02-28,,3,2023-02-28
10482,7754,upgraded,2023-06-28,3,5,2023-06-28
10483,7755,downgraded,2024-07-28,5,2,2024-07-28
10484,7756,upgraded,2024-09-28,2,4,2024-09-28
10485,7757,created,2024-09-24,,2,2024-09-24
10486,7758,created,2024-04-23,,2,2024-04-23
10487,7759,created,2024-05-17,,1,2024-05-17
10488,7759,canceled,2024-07-17,1,,2024-07-17
10489,7760,created,2024-08-02,,1,2024-08-02
10490,15492,canceled,2024-10-02,1,,2024-10-02
10491,7761,created,2024-06-09,,4,2024-06-09
10492,7761,canceled,2024-08-09,4,,2024-08-09
10493,7762,created,2024-09-19,,1,2024-09-19
10494,7762,canceled,2024-10-19,1,,2024-10-19
10495,7763,created,2022-09-25,,1,2022-09-25
10496,7763,canceled,2022-10-25,1,,2022-10-25
10497,7764,reactivated,2022-11-25,,2,2022-11-25
10498,7764,canceled,2022-12-25,2,,2022-12-25
10499,7765,created,2024-07-26,,2,2024-07-26
10500,7765,canceled,2024-08-26,2,,2024-08-26
10501,7766,created,2024-09-25,,2,2024-09-28
10502,7767,created,2023-09-03,,7,2023-09-03
10503,7767,canceled,2023-10-03,7,,2023-10-03
10504,7768,created,2024-05-14,,1,2024-05-14
10505,7769,created,2023-10-22,,4,2023-10-22
10506,7770,upgraded,2024-03-22,4,6,2024-03-22
10507,7771,created,2024-11-24,,2,2024-12-02
10508,7772,created,2022-06-23,,6,2022-06-23
10509,7773,upgraded,2022-09-23,6,8,2022-09-23
10510,7774,downgraded,2023-05-23,8,7,2023-05-23
10511,7775,created,2024-04-03,,7,2024-04-03
10512,7776,created,2023-05-26,,6,2023-05-26
10513,7777,created,2024-06-07,,1,2024-06-10
10514,7777,canceled,2024-07-07,1,,2024-07-07
10515,7778,created,2023-06-24,,4,2023-06-24
10516,7778,canceled,2024-12-24,4,,2024-12-24
10517,7779,created,2023-08-31,,2,2023-08-31
10518,7780,created,2024-02-03,,1,2024-02-03
10519,7780,canceled,2024-11-03,1,,2024-11-03
10520,7781,created,2024-10-16,,4,2024-10-16
10521,7782,created,2023-07-14,,1,2023-07-14
10522,7782,canceled,2024-01-14,1,,2024-01-20
10523,7783,reactivated,2024-06-14,,2,2024-06-14
10524,7783,canceled,2024-10-14,2,,2024-10-14
10525,7784,created,2023-04-29,,2,2023-04-29
10526,7785,created,2024-08-18,,2,2024-08-18
10527,7786,created,2024-02-06,,3,2024-02-06
10528,7787,created,2024-10-01,,4,2024-10-01
10529,7788,created,2023-05-01,,1,2023-05-01
10530,7789,upgraded,2023-09-01,1,2,2023-09-01
10531,7789,canceled,2024-04-01,2,,2024-04-01
10532,7790,created,2024-05-19,,2,2024-05-19
10533,7791,created,2023-08-29,,1,2023-08-29
10534,7791,canceled,2023-10-29,1,,2023-10-29
10535,7792,created,2023-05-27,,2,2023-05-27
10536,7793,downgraded,2023-07-27,2,1,2023-07-27
10537,7793,canceled,2023-09-27,1,,2023-09-27
10538,7794,created,2024-06-03,,1,2024-06-03
10539,7795,upgraded,2024-09-03,1,2,2024-09-03
10540,7796,downgraded,2024-11-03,2,1,2024-11-03
10541,7797,created,2024-04-30,,4,2024-04-30
10542,7798,created,2024-07-07,,5,2024-07-07
10543,7799,created,2023-10-22,,3,2023-10-22
10544,7799,canceled,2023-11-22,3,,2023-11-22
10545,7800,created,2024-01-07,,1,2024-01-07
10546,7800,canceled,2024-03-07,1,,2024-03-07
10547,7801,reactivated,2024-08-07,,1,2024-08-07
10548,7802,created,2023-12-30,,2,2023-12-30
10549,7803,created,2024-12-28,,1,2024-12-28
10550,7804,created,2023-09-15,,2,2023-09-15
10551,7804,canceled,2024-07-15,2,,2024-07-15
10552,7805,created,2023-09-18,,7,2023-09-18
10553,7806,downgraded,2023-11-18,7,5,2023-11-18
10554,7806,canceled,2024-03-18,5,,2024-03-18
10555,7807,created,2023-11-25,,3,2023-11-25
10556,7807,canceled,2024-03-25,3,,2024-03-25
10557,7808,created,2024-03-12,,1,2024-03-12
10558,7808,canceled,2024-07-12,1,,2024-07-12
10559,7809,created,2023-09-11,,3,2023-09-11
10560,7809,canceled,2024-05-11,3,,2024-05-20
10561,7810,created,2024-10-08,,1,2024-10-08
10562,7810,canceled,2024-12-08,1,,2024-12-08
10563,7811,created,2023-09-16,,1,2023-09-16
10564,7811,canceled,2024-12-16,1,,2024-12-16
10565,7812,created,2024-10-19,,2,2024-10-19
10566,7812,canceled,2024-11-19,2,,2024-11-19
10567,7813,created,2023-02-02,,8,2023-02-02
10568,7814,downgraded,2023-04-02,8,7,2023-04-02
10569,7814,canceled,2023-07-02,7,,2023-07-02
10570,7815,created,2024-05-02,,2,2024-05-02
10571,7816,upgraded,2024-07-02,2,4,2024-07-02
10572,13726,created,2024-10-13,,1,2024-10-13
10573,7818,created,2023-05-06,,2,2023-05-06
10574,7818,canceled,2023-08-06,2,,2023-08-06
10575,7819,created,2024-11-19,,4,2024-11-19
10576,7820,created,2024-01-12,,1,2024-01-18
10577,7820,canceled,2024-02-12,1,,2024-02-12
10578,7821,created,2024-11-18,,1,2024-11-18
10579,7822,created,2024-06-16,,1,2024-06-16
10580,7823,created,2023-10-01,,2,2023-10-01
10581,7824,upgraded,2023-12-01,2,5,2023-12-01
10582,7824,canceled,2024-02-01,5,,2024-02-01
10583,7825,created,2023-06-30,,8,2023-06-30
10584,7826,downgraded,2024-11-29,8,6,2024-12-07
10585,7827,created,2023-10-20,,5,2023-10-20
10586,7828,downgraded,2024-01-20,5,2,2024-01-20
10587,7829,upgraded,2024-09-20,2,5,2024-09-20
10588,7829,canceled,2024-10-20,5,,2024-10-20
10589,7830,created,2023-01-12,,8,2023-01-12
10590,7831,downgraded,2023-07-12,8,6,2023-07-12
10591,7832,downgraded,2023-10-12,6,5,2023-10-12
10592,7832,canceled,2023-11-12,5,,2023-11-12
10593,7833,reactivated,2024-08-12,,1,2024-08-12
10594,7833,canceled,2024-11-12,1,,2024-11-12
10595,7834,created,2023-04-08,,1,2023-04-08
10596,7834,canceled,2024-08-08,1,,2024-08-08
10597,7835,created,2023-02-02,,1,2023-02-02
10598,7835,canceled,2023-03-02,1,,2023-03-02
10599,7836,created,2024-01-31,,2,2024-01-31
10600,7836,canceled,2024-05-29,2,,2024-05-29
10601,7837,created,2024-08-06,,2,2024-08-06
10602,7838,downgraded,2024-11-06,2,1,2024-11-06
10603,7839,created,2023-04-12,,7,2023-04-16
10604,7840,upgraded,2023-08-12,7,8,2023-08-12
10605,7841,downgraded,2023-12-12,8,6,2023-12-12
10606,7842,upgraded,2024-01-12,6,8,2024-01-12
10607,7843,created,2023-04-02,,8,2023-04-02
10608,7844,downgraded,2023-06-02,8,6,2023-06-02
10609,7845,created,2024-05-11,,3,2024-05-11
10610,7846,created,2023-07-02,,2,2023-07-02
10611,7846,canceled,2023-09-02,2,,2023-09-02
10612,7847,created,2023-02-18,,2,2023-02-18
10613,7847,canceled,2023-12-18,2,,2023-12-18
10614,7848,created,2023-05-20,,2,2023-05-20
10615,7848,canceled,2024-11-20,2,,2024-11-20
10616,7849,created,2024-11-06,,4,2024-11-06
10617,7850,created,2024-09-19,,1,2024-09-19
10618,7851,upgraded,2024-10-19,1,2,2024-10-19
10619,7852,created,2023-11-12,,2,2023-11-12
10620,7852,canceled,2024-06-12,2,,2024-06-12
10621,7853,created,2024-05-08,,3,2024-05-08
10622,7854,created,2024-03-25,,1,2024-03-25
10623,7854,canceled,2024-04-25,1,,2024-04-25
10624,7855,created,2024-06-15,,1,2024-06-15
10625,7855,canceled,2024-09-15,1,,2024-09-20
10626,7856,created,2024-06-30,,2,2024-06-30
10627,7856,canceled,2024-11-30,2,,2024-11-30
10628,7857,created,2024-05-02,,2,2024-05-02
10629,20035,canceled,2024-11-02,2,,2024-11-02
10630,7858,created,2023-09-07,,1,2023-09-07
10631,7859,upgraded,2023-11-07,1,2,2023-11-07
10632,7859,canceled,2024-02-07,2,,2024-02-07
10633,7860,created,2022-07-09,,1,2022-07-09
10634,7860,canceled,2022-10-09,1,,2022-10-09
10635,7861,created,2024-01-20,,3,2024-01-20
10636,7861,canceled,2024-05-20,3,,2024-05-20
10637,7862,created,2024-10-07,,1,2024-10-07
10638,7863,created,2024-04-04,,3,2024-04-04
10639,7864,created,2024-09-23,,6,2024-09-23
10640,7865,created,2024-12-13,,8,2024-12-13
10641,7866,created,2023-05-16,,2,2023-05-16
10642,7867,created,2024-06-30,,1,2024-06-30
10643,7867,canceled,2024-11-30,1,,2024-11-30
10644,7868,created,2024-06-05,,1,2024-06-05
10645,7868,canceled,2024-07-05,1,,2024-07-05
10646,7869,created,2024-12-15,,1,2024-12-15
10647,7870,created,2024-12-19,,2,2024-12-19
10648,7871,created,2024-06-09,,1,2024-06-09
10649,7872,created,2023-08-06,,1,2023-08-06
10650,7872,canceled,2023-12-06,1,,2023-12-06
10651,7873,created,2024-08-28,,1,2024-08-28
10652,7873,canceled,2024-10-28,1,,2024-10-28
10653,7874,created,2023-02-07,,1,2023-02-07
10654,7874,canceled,2023-03-07,1,,2023-03-07
10655,7875,created,2024-08-04,,4,2024-08-04
10656,7876,created,2024-10-28,,4,2024-10-28
10657,7877,upgraded,2024-12-28,4,6,2024-12-28
10658,7878,created,2023-12-05,,1,2023-12-05
10659,7878,canceled,2024-11-05,1,,2024-11-05
10660,14664,reactivated,2024-12-05,,6,2024-12-05
10661,7880,created,2024-05-23,,5,2024-05-23
10662,7881,created,2024-01-03,,3,2024-01-03
10663,7882,upgraded,2024-05-03,3,5,2024-05-03
10664,7883,upgraded,2024-06-03,5,7,2024-06-03
10665,7884,created,2024-01-21,,1,2024-01-21
10666,7884,canceled,2024-05-21,1,,2024-05-21
10667,7885,created,2023-10-26,,7,2023-10-26
10668,7886,created,2024-08-01,,1,2024-08-01
10669,7886,canceled,2024-09-01,1,,2024-09-01
10670,7887,created,2024-11-14,,1,2024-11-14
10671,7888,created,2024-11-07,,1,2024-11-07
10672,7889,created,2023-06-18,,2,2023-06-18
10673,7890,upgraded,2024-01-18,2,4,2024-01-18
10674,7890,canceled,2024-06-18,4,,2024-06-18
10675,7891,reactivated,2024-10-18,,2,2024-10-24
10676,7892,created,2024-10-31,,2,2024-10-31
10677,7893,created,2024-07-22,,4,2024-07-22
10678,7894,downgraded,2024-08-22,4,2,2024-08-22
10679,7895,created,2023-09-17,,2,2023-09-17
10680,7895,canceled,2024-09-17,2,,2024-09-17
10681,7896,created,2022-11-24,,2,2022-11-24
10682,7896,canceled,2023-08-24,2,,2023-08-24
10683,7897,created,2023-09-06,,1,2023-09-06
10684,7897,canceled,2024-01-06,1,,2024-01-06
10685,7898,created,2024-10-26,,2,2024-10-26
10686,7899,created,2024-05-24,,2,2024-05-24
10687,7899,canceled,2024-10-24,2,,2024-10-24
10688,7900,created,2024-07-19,,1,2024-07-19
10689,7901,created,2023-09-28,,7,2023-09-28
10690,7901,canceled,2023-11-28,7,,2023-12-07
10691,7902,created,2024-07-03,,3,2024-07-03
10692,7902,canceled,2024-08-03,3,,2024-08-03
10693,7903,created,2022-05-06,,1,2022-05-06
10694,7903,canceled,2022-07-06,1,,2022-07-06
10695,7904,reactivated,2024-02-06,,1,2024-02-06
10696,7904,canceled,2024-09-06,1,,2024-09-06
10697,7905,created,2023-11-18,,2,2023-11-18
10698,7905,canceled,2024-09-18,2,,2024-09-18
10699,7906,created,2024-05-21,,6,2024-05-21
10700,7906,canceled,2024-06-21,6,,2024-06-21
10701,7907,created,2023-04-15,,1,2023-04-15
10702,7907,canceled,2023-09-15,1,,2023-09-15
10703,7908,created,2024-09-09,,1,2024-09-18
10704,7909,created,2023-08-31,,5,2023-08-31
10705,7910,created,2024-05-03,,1,2024-05-03
10706,7910,canceled,2024-08-03,1,,2024-08-03
10707,7911,created,2023-12-26,,3,2023-12-26
10708,7911,canceled,2024-11-26,3,,2024-11-26
10709,7912,created,2024-04-06,,1,2024-04-06
10710,7912,canceled,2024-05-06,1,,2024-05-06
10711,7913,created,2023-02-13,,1,2023-02-13
10712,7913,canceled,2023-10-13,1,,2023-10-13
10713,7914,created,2022-03-27,,4,2022-03-27
10714,7914,canceled,2022-07-27,4,,2022-07-27
10715,7915,created,2024-10-07,,1,2024-10-07
10716,7916,created,2023-09-02,,1,2023-09-02
10717,7916,canceled,2023-12-02,1,,2023-12-02
10718,7917,created,2024-09-24,,7,2024-09-24
10719,7918,upgraded,2024-12-24,7,8,2024-12-24
10720,7919,created,2024-12-25,,2,2024-12-25
10721,7920,created,2023-07-10,,3,2023-07-10
10722,7921,created,2023-09-08,,3,2023-09-08
10723,7921,canceled,2024-08-08,3,,2024-08-08
10724,7922,created,2024-05-31,,2,2024-05-31
10725,7922,canceled,2024-09-30,2,,2024-09-30
10726,7923,created,2024-11-22,,1,2024-11-22
10727,7924,created,2024-10-30,,1,2024-10-30
10728,7925,created,2024-02-16,,2,2024-02-16
10729,7925,canceled,2024-06-16,2,,2024-06-16
10730,7926,created,2024-08-07,,2,2024-08-07
10731,7927,created,2023-04-01,,5,2023-04-01
10732,7928,created,2024-12-09,,6,2024-12-09
10733,7929,created,2024-11-05,,3,2024-11-05
10734,7930,created,2023-05-28,,4,2023-05-28
10735,7931,created,2023-10-21,,6,2023-10-21
10736,7931,canceled,2024-08-21,6,,2024-08-21
10737,7932,created,2023-02-03,,2,2023-02-03
10738,7932,canceled,2023-12-03,2,,2023-12-03
10739,7933,created,2023-09-23,,6,2023-09-23
10740,7934,created,2024-09-10,,1,2024-09-10
10741,7935,created,2023-11-15,,1,2023-11-15
10742,7935,canceled,2024-04-15,1,,2024-04-15
10743,7936,created,2023-01-16,,3,2023-01-16
10744,7936,canceled,2023-02-16,3,,2023-02-16
10745,7937,created,2023-11-14,,7,2023-11-14
10746,7938,created,2024-12-10,,1,2024-12-10
10747,7939,created,2024-05-29,,2,2024-05-29
10748,7940,created,2024-01-11,,2,2024-01-11
10749,7941,created,2023-05-03,,1,2023-05-03
10750,7941,canceled,2023-07-03,1,,2023-07-03
10751,7942,reactivated,2024-02-03,,1,2024-02-03
10752,7943,created,2024-12-07,,3,2024-12-07
10753,7944,created,2024-09-06,,1,2024-09-06
10754,7944,canceled,2024-11-06,1,,2024-11-06
10755,7945,created,2023-09-25,,2,2023-09-25
10756,7945,canceled,2023-11-25,2,,2023-11-25
10757,7946,reactivated,2024-06-25,,2,2024-06-25
10758,7947,created,2022-11-09,,1,2022-11-09
10759,7948,upgraded,2023-04-09,1,2,2023-04-09
10760,7948,canceled,2024-05-09,2,,2024-05-09
10761,7949,created,2022-09-17,,1,2022-09-17
10762,7949,canceled,2022-11-17,1,,2022-11-17
10763,7950,created,2023-03-25,,5,2023-03-25
10764,7951,upgraded,2023-07-25,5,7,2023-07-25
10765,7951,canceled,2023-12-25,7,,2023-12-25
10766,7952,created,2024-04-25,,4,2024-04-25
10767,7952,canceled,2024-11-25,4,,2024-11-25
10768,7953,created,2024-11-25,,1,2024-11-25
10769,7954,created,2024-02-23,,1,2024-02-23
10770,7954,canceled,2024-05-23,1,,2024-05-23
10771,7955,created,2024-09-23,,4,2024-09-23
10772,7956,created,2024-01-01,,1,2024-01-01
10773,7956,canceled,2024-11-01,1,,2024-11-01
10774,7957,created,2024-06-21,,2,2024-06-21
10775,7958,created,2024-07-06,,2,2024-07-06
10776,7959,created,2023-06-25,,6,2023-07-04
10777,7960,downgraded,2024-05-25,6,5,2024-05-25
10778,7961,created,2023-11-19,,1,2023-11-19
10779,7962,upgraded,2023-12-19,1,2,2023-12-19
10780,7963,downgraded,2024-10-19,2,1,2024-10-19
10781,7963,canceled,2024-11-19,1,,2024-11-19
10782,7964,created,2024-05-22,,3,2024-05-22
10783,7965,created,2022-11-21,,1,2022-11-21
10784,7965,canceled,2022-12-21,1,,2022-12-21
10785,7966,created,2023-11-17,,6,2023-11-17
10786,16449,downgraded,2024-01-17,6,4,2024-01-17
10787,7968,upgraded,2024-02-17,4,7,2024-02-17
10788,7969,created,2024-03-15,,2,2024-03-15
10789,7970,created,2024-12-25,,1,2024-12-25
10790,7971,created,2024-02-29,,5,2024-02-29
10791,7972,created,2024-09-05,,3,2024-09-05
10792,7973,created,2024-01-18,,2,2024-01-18
10793,7974,created,2024-08-12,,2,2024-08-12
10794,7975,created,2024-04-12,,8,2024-04-12
10795,7976,created,2024-10-31,,2,2024-10-31
10796,7977,downgraded,2024-11-30,2,1,2024-11-30
10797,7978,created,2024-01-06,,4,2024-01-06
10798,7979,upgraded,2024-08-06,4,6,2024-08-06
10799,7980,created,2024-04-10,,2,2024-04-10
10800,7981,created,2024-05-27,,1,2024-05-27
10801,7981,canceled,2024-10-27,1,,2024-10-27
10802,7982,created,2024-01-12,,4,2024-01-12
10803,7982,canceled,2024-08-12,4,,2024-08-12
10804,7983,created,2023-04-29,,3,2023-04-29
10805,7984,upgraded,2023-08-29,3,4,2023-08-29
10806,7985,downgraded,2024-10-29,4,2,2024-10-29
10807,7986,created,2023-01-30,,8,2023-01-30
10808,7986,canceled,2024-01-28,8,,2024-01-28
10809,7987,created,2022-03-13,,4,2022-03-13
10810,7987,canceled,2023-03-13,4,,2023-03-13
10811,7988,reactivated,2023-12-13,,1,2023-12-13
10812,7989,upgraded,2024-01-13,1,2,2024-01-13
10813,7990,downgraded,2024-05-13,2,1,2024-05-13
10814,7991,upgraded,2024-06-13,1,2,2024-06-13
10815,7992,created,2024-10-27,,1,2024-10-27
10816,7993,created,2023-08-04,,1,2023-08-04
10817,7993,canceled,2023-09-04,1,,2023-09-04
10818,7994,created,2023-07-14,,1,2023-07-14
10819,7994,canceled,2023-09-14,1,,2023-09-14
10820,7995,created,2024-07-21,,1,2024-07-21
10821,7996,created,2023-10-17,,6,2023-10-17
10822,7997,upgraded,2024-05-17,6,8,2024-05-17
10823,7998,created,2024-02-07,,7,2024-02-07
10824,7999,downgraded,2024-06-07,7,4,2024-06-07
10825,8000,created,2023-05-27,,1,2023-05-27
10826,8000,canceled,2023-09-27,1,,2023-09-27
10827,8001,created,2024-11-14,,1,2024-11-14
10828,8002,created,2024-09-17,,1,2024-09-17
10829,8003,created,2024-10-16,,1,2024-10-16
10830,8003,canceled,2024-12-16,1,,2024-12-16
10831,8004,created,2023-12-26,,1,2023-12-26
10832,8005,created,2024-08-22,,1,2024-08-22
10833,8006,created,2023-04-04,,1,2023-04-04
10834,8006,canceled,2023-06-04,1,,2023-06-04
10835,8007,created,2022-02-18,,1,2022-02-18
10836,8007,canceled,2022-03-18,1,,2022-03-18
10837,8008,reactivated,2023-09-18,,4,2023-09-18
10838,8009,upgraded,2024-03-18,4,6,2024-03-18
10839,8010,created,2022-04-28,,1,2022-04-28
10840,8011,upgraded,2022-05-28,1,3,2022-05-28
10841,8012,upgraded,2022-06-28,3,5,2022-06-28
10842,8013,upgraded,2022-08-28,5,6,2022-08-28
10843,8014,created,2024-04-13,,2,2024-04-13
10844,8015,created,2024-01-13,,1,2024-01-23
10845,8015,canceled,2024-05-13,1,,2024-05-13
10846,8016,created,2024-03-29,,2,2024-03-29
10847,8016,canceled,2024-08-29,2,,2024-08-29
10848,8017,created,2022-02-19,,8,2022-02-19
10849,8018,downgraded,2023-10-19,8,6,2023-10-19
10850,8019,upgraded,2024-08-19,6,8,2024-08-19
10851,8020,created,2024-01-20,,5,2024-01-20
10852,8021,created,2024-07-30,,2,2024-07-30
10853,14861,upgraded,2024-08-30,2,5,2024-08-30
10854,8022,canceled,2024-11-30,5,,2024-11-30
10855,8023,created,2024-01-23,,4,2024-01-23
10856,8024,created,2024-07-26,,8,2024-07-26
10857,8024,canceled,2024-10-26,8,,2024-10-26
10858,8025,created,2023-08-30,,2,2023-08-30
10859,8025,canceled,2024-06-29,2,,2024-06-29
10860,8026,created,2024-09-20,,1,2024-09-20
10861,8026,canceled,2024-10-20,1,,2024-10-20
10862,8027,created,2024-04-01,,4,2024-04-01
10863,8028,upgraded,2024-05-01,4,6,2024-05-01
10864,8029,created,2023-07-31,,3,2023-07-31
10865,8030,upgraded,2024-08-29,3,4,2024-08-29
10866,8031,created,2023-08-25,,1,2023-08-25
10867,8031,canceled,2023-11-25,1,,2023-11-25
10868,8032,created,2024-05-21,,2,2024-05-21
10869,8033,created,2024-09-25,,5,2024-09-25
10870,8034,upgraded,2024-11-25,5,6,2024-11-25
10871,8035,created,2024-01-13,,1,2024-01-13
10872,17007,canceled,2024-12-13,1,,2024-12-13
10873,8036,created,2023-09-18,,7,2023-09-18
10874,8037,upgraded,2023-11-18,7,8,2023-11-28
10875,8038,downgraded,2024-10-18,8,6,2024-10-18
10876,8039,upgraded,2024-11-18,6,8,2024-11-18
10877,8040,created,2024-10-20,,1,2024-10-20
10878,8041,created,2024-06-18,,1,2024-06-18
10879,8042,created,2024-01-26,,8,2024-01-26
10880,8043,downgraded,2024-07-26,8,7,2024-07-26
10881,8044,created,2024-02-28,,4,2024-02-28
10882,8044,canceled,2024-11-28,4,,2024-11-28
10883,8045,created,2023-07-24,,1,2023-07-24
10884,8045,canceled,2024-05-24,1,,2024-05-24
10885,8046,created,2024-05-30,,1,2024-05-30
10886,8046,canceled,2024-06-30,1,,2024-06-30
10887,8047,created,2023-11-09,,5,2023-11-09
10888,8047,canceled,2024-03-09,5,,2024-03-09
10889,8048,created,2024-12-21,,1,2024-12-21
10890,8049,created,2024-02-02,,6,2024-02-02
10891,8050,downgraded,2024-08-02,6,4,2024-08-02
10892,8051,upgraded,2024-12-02,4,6,2024-12-02
10893,8052,created,2024-02-25,,1,2024-02-25
10894,8053,upgraded,2024-07-25,1,3,2024-07-25
10895,8054,created,2024-03-28,,1,2024-03-28
10896,8054,canceled,2024-04-28,1,,2024-04-28
10897,8055,created,2024-10-31,,3,2024-10-31
10898,8056,created,2024-08-30,,1,2024-08-30
10899,8057,created,2024-01-02,,2,2024-01-02
10900,8058,created,2024-07-21,,1,2024-07-21
10901,8058,canceled,2024-11-21,1,,2024-11-21
10902,8059,created,2024-04-28,,2,2024-04-28
10903,8060,created,2024-02-06,,1,2024-02-06
10904,8061,created,2023-06-28,,7,2023-06-28
10905,8062,created,2024-01-11,,4,2024-01-11
10906,8062,canceled,2024-04-11,4,,2024-04-11
10907,8063,created,2023-08-15,,1,2023-08-15
10908,8064,upgraded,2024-08-15,1,3,2024-08-15
10909,8065,downgraded,2024-09-15,3,1,2024-09-15
10910,8065,canceled,2024-10-15,1,,2024-10-15
10911,8066,created,2024-10-11,,2,2024-10-11
10912,8067,created,2023-10-21,,1,2023-10-21
10913,8067,canceled,2023-12-21,1,,2023-12-21
10914,8068,reactivated,2024-02-21,,8,2024-02-21
10915,8069,created,2024-11-14,,1,2024-11-14
10916,8070,created,2024-03-29,,1,2024-03-29
10917,8071,created,2024-05-16,,3,2024-05-16
10918,8072,created,2024-03-17,,2,2024-03-17
10919,8073,created,2023-04-15,,4,2023-04-15
10920,8074,upgraded,2023-12-15,4,7,2023-12-15
10921,8074,canceled,2024-08-15,7,,2024-08-17
10922,8075,created,2023-11-30,,1,2023-11-30
10923,20011,canceled,2024-07-29,1,,2024-07-29
10924,8076,created,2023-02-09,,1,2023-02-09
10925,8076,canceled,2023-05-09,1,,2023-05-09
10926,8077,created,2024-05-21,,2,2024-05-21
10927,8078,created,2024-01-17,,4,2024-01-17
10928,8079,upgraded,2024-02-17,4,6,2024-02-17
10929,8080,upgraded,2024-04-17,6,8,2024-04-17
10930,8081,created,2024-08-03,,1,2024-08-03
10931,8082,created,2023-08-22,,6,2023-08-22
10932,8083,downgraded,2024-06-22,6,4,2024-06-22
10933,8084,created,2023-05-29,,1,2023-05-29
10934,8084,canceled,2024-05-29,1,,2024-05-29
10935,8085,created,2023-12-03,,1,2023-12-03
10936,8085,canceled,2024-10-03,1,,2024-10-07
10937,8086,created,2024-11-12,,3,2024-11-12
10938,8086,canceled,2024-12-12,3,,2024-12-12
10939,8087,created,2024-06-19,,1,2024-06-19
10940,8087,canceled,2024-08-19,1,,2024-08-19
10941,8088,created,2024-01-02,,1,2024-01-02
10942,8089,created,2024-02-01,,3,2024-02-01
10943,8089,canceled,2024-06-01,3,,2024-06-01
10944,8090,reactivated,2024-08-01,,4,2024-08-01
10945,8091,created,2023-01-11,,1,2023-01-11
10946,8091,canceled,2023-10-11,1,,2023-10-11
10947,15181,created,2024-12-02,,1,2024-12-02
10948,8093,created,2024-05-09,,1,2024-05-09
10949,8093,canceled,2024-12-09,1,,2024-12-09
10950,8094,created,2023-09-15,,2,2023-09-15
10951,8094,canceled,2023-10-15,2,,2023-10-15
10952,8095,created,2024-04-01,,2,2024-04-01
10953,8096,created,2023-02-09,,3,2023-02-09
10954,8096,canceled,2024-04-09,3,,2024-04-09
10955,8097,created,2024-11-04,,2,2024-11-04
10956,8098,created,2023-06-16,,1,2023-06-16
10957,8098,canceled,2023-09-16,1,,2023-09-16
10958,8099,created,2024-05-13,,1,2024-05-13
10959,8099,canceled,2024-08-13,1,,2024-08-13
10960,8100,created,2023-08-08,,2,2023-08-08
10961,8100,canceled,2023-11-08,2,,2023-11-08
10962,8101,reactivated,2024-10-08,,1,2024-10-08
10963,8102,upgraded,2024-11-08,1,2,2024-11-08
10964,8103,created,2024-07-20,,1,2024-07-20
10965,8103,canceled,2024-12-20,1,,2024-12-20
10966,8104,created,2024-08-19,,1,2024-08-19
10967,8104,canceled,2024-12-19,1,,2024-12-19
10968,8105,created,2024-06-27,,2,2024-06-27
10969,8106,upgraded,2024-10-27,2,4,2024-10-27
10970,8107,created,2024-04-29,,1,2024-04-29
10971,8107,canceled,2024-08-29,1,,2024-08-29
10972,8108,reactivated,2024-11-29,,1,2024-11-29
10973,8109,created,2024-10-06,,4,2024-10-06
10974,8110,upgraded,2024-12-06,4,6,2024-12-06
10975,8111,created,2022-12-14,,2,2022-12-14
10976,8112,upgraded,2024-01-14,2,4,2024-01-14
10977,8113,downgraded,2024-11-14,4,3,2024-11-14
10978,8114,created,2023-10-13,,1,2023-10-13
10979,8114,canceled,2023-12-13,1,,2023-12-13
10980,8115,created,2023-08-19,,6,2023-08-19
10981,8116,upgraded,2024-08-19,6,8,2024-08-19
10982,8117,created,2024-12-20,,1,2024-12-20
10983,8118,created,2023-12-22,,1,2023-12-22
10984,8119,created,2024-07-26,,2,2024-07-26
10985,8120,downgraded,2024-08-26,2,1,2024-08-26
10986,8121,created,2024-06-25,,1,2024-06-25
10987,8122,upgraded,2024-08-25,1,3,2024-08-25
10988,8123,downgraded,2024-09-25,3,1,2024-09-25
10989,8124,created,2023-07-18,,7,2023-07-18
10990,8125,created,2023-08-06,,8,2023-08-06
10991,8126,created,2023-09-04,,1,2023-09-04
10992,8126,canceled,2023-12-04,1,,2023-12-04
10993,8127,created,2024-01-31,,1,2024-01-31
10994,8127,canceled,2024-07-29,1,,2024-07-29
10995,8128,created,2023-08-08,,1,2023-08-08
10996,8129,created,2022-04-07,,6,2022-04-07
10997,8130,upgraded,2022-07-07,6,8,2022-07-07
10998,8131,downgraded,2022-09-07,8,6,2022-09-07
10999,8132,created,2024-10-05,,2,2024-10-05
11000,8133,created,2024-11-10,,1,2024-11-10
11001,8134,created,2023-11-15,,1,2023-11-15
11002,8134,canceled,2023-12-15,1,,2023-12-15
11003,8135,created,2023-10-24,,4,2023-10-24
11004,8136,downgraded,2024-03-24,4,3,2024-03-24
11005,8136,canceled,2024-11-24,3,,2024-11-24
11006,8137,created,2022-01-21,,1,2022-01-21
11007,8137,canceled,2022-05-21,1,,2022-05-21
11008,8138,reactivated,2023-02-21,,2,2023-02-21
11009,8139,created,2024-06-24,,1,2024-06-24
11010,8139,canceled,2024-11-24,1,,2024-11-24
11011,8140,created,2024-09-01,,8,2024-09-01
11012,8141,created,2023-05-05,,1,2023-05-05
11013,8141,canceled,2024-10-05,1,,2024-10-05
11014,8142,created,2023-05-02,,3,2023-05-02
11015,8142,canceled,2024-09-02,3,,2024-09-02
11016,8143,created,2024-08-27,,8,2024-08-27
11017,8144,created,2024-04-22,,4,2024-04-22
11018,8145,created,2022-08-11,,1,2022-08-11
11019,8145,canceled,2022-12-11,1,,2022-12-11
11020,8146,created,2024-05-17,,1,2024-05-17
11021,8147,created,2023-10-19,,1,2023-10-19
11022,8147,canceled,2024-07-19,1,,2024-07-19
11023,8148,created,2023-11-26,,1,2023-11-26
11024,8148,canceled,2023-12-26,1,,2023-12-26
11025,8149,created,2024-08-20,,2,2024-08-20
11026,8150,created,2024-09-27,,4,2024-09-27
11027,8151,created,2023-12-02,,5,2023-12-02
11028,8152,created,2024-11-05,,6,2024-11-05
11029,8153,upgraded,2024-12-05,6,8,2024-12-05
11030,8154,created,2023-12-08,,1,2023-12-08
11031,8154,canceled,2024-01-08,1,,2024-01-08
11032,8155,created,2024-08-14,,5,2024-08-14
11033,8156,created,2024-02-16,,3,2024-02-16
11034,8156,canceled,2024-09-16,3,,2024-09-16
11035,8157,created,2024-10-21,,4,2024-10-21
11036,8158,created,2024-10-10,,7,2024-10-10
11037,8159,created,2023-01-04,,2,2023-01-04
11038,8160,downgraded,2023-02-04,2,1,2023-02-04
11039,8160,canceled,2023-07-04,1,,2023-07-04
11040,8161,reactivated,2024-06-04,,4,2024-06-04
11041,8162,created,2024-11-22,,5,2024-11-22
11042,8163,created,2024-09-13,,5,2024-09-13
11043,8164,created,2024-08-07,,6,2024-08-07
11044,8165,downgraded,2024-09-07,6,4,2024-09-07
11045,8166,created,2023-07-12,,3,2023-07-12
11046,8167,downgraded,2023-12-12,3,1,2023-12-12
11047,8167,canceled,2024-06-12,1,,2024-06-12
11048,8168,reactivated,2024-08-12,,1,2024-08-12
11049,8168,canceled,2024-11-12,1,,2024-11-12
11050,8169,created,2024-09-25,,1,2024-09-25
11051,8169,canceled,2024-10-25,1,,2024-10-25
11052,8170,created,2024-09-11,,1,2024-09-11
11053,8170,canceled,2024-11-11,1,,2024-11-11
11054,8171,created,2023-09-24,,2,2023-09-24
11055,8171,canceled,2024-05-24,2,,2024-05-24
11056,8172,created,2024-11-07,,1,2024-11-07
11057,8173,created,2022-09-26,,1,2022-09-26
11058,8174,upgraded,2023-06-26,1,2,2023-06-26
11059,8175,created,2023-05-15,,4,2023-05-15
11060,8175,canceled,2023-08-15,4,,2023-08-15
11061,8176,created,2024-03-16,,1,2024-03-16
11062,8176,canceled,2024-10-16,1,,2024-10-16
11063,8177,created,2024-04-14,,1,2024-04-14
11064,8177,canceled,2024-09-14,1,,2024-09-14
11065,8178,created,2024-05-03,,1,2024-05-03
11066,8178,canceled,2024-06-03,1,,2024-06-03
11067,8179,created,2022-03-16,,2,2022-03-16
11068,8179,canceled,2022-10-16,2,,2022-10-16
11069,8180,created,2024-11-03,,3,2024-11-03
11070,8181,created,2022-08-23,,1,2022-08-23
11071,8181,canceled,2022-10-23,1,,2022-10-23
11072,8182,created,2023-04-16,,1,2023-04-16
11073,8182,canceled,2024-02-16,1,,2024-02-16
11074,8183,created,2022-03-18,,1,2022-03-18
11075,8183,canceled,2023-01-18,1,,2023-01-18
11076,8184,reactivated,2023-09-18,,1,2023-09-18
11077,8184,canceled,2024-07-18,1,,2024-07-18
11078,8185,created,2024-03-07,,6,2024-03-07
11079,8186,created,2024-11-18,,1,2024-11-18
11080,8187,created,2024-05-18,,4,2024-05-18
11081,8187,canceled,2024-11-18,4,,2024-11-18
11082,8188,created,2024-09-11,,1,2024-09-11
11083,8189,created,2022-02-26,,2,2022-02-26
11084,8189,canceled,2024-03-26,2,,2024-03-26
11085,8190,created,2024-03-22,,2,2024-03-22
11086,8190,canceled,2024-10-22,2,,2024-10-22
11087,8191,created,2024-01-27,,2,2024-01-27
11088,8191,canceled,2024-07-27,2,,2024-07-27
11089,8192,created,2024-02-08,,6,2024-02-08
11090,8193,created,2022-11-11,,1,2022-11-11
11091,8193,canceled,2023-08-11,1,,2023-08-11
11092,8194,reactivated,2024-02-11,,2,2024-02-11
11093,8194,canceled,2024-08-11,2,,2024-08-11
11094,8195,created,2024-06-01,,1,2024-06-01
11095,8196,created,2024-02-23,,1,2024-02-23
11096,8196,canceled,2024-04-23,1,,2024-04-23
11097,8197,created,2024-08-01,,1,2024-08-01
11098,8198,created,2024-02-06,,1,2024-02-06
11099,8199,created,2023-05-17,,3,2023-05-17
11100,8200,upgraded,2023-07-17,3,4,2023-07-17
11101,8201,created,2024-05-22,,4,2024-05-22
11102,8202,downgraded,2024-12-22,4,3,2024-12-22
11103,8203,created,2023-06-01,,2,2023-06-01
11104,8203,canceled,2024-01-01,2,,2024-01-01
11105,8204,created,2024-10-13,,2,2024-10-13
11106,8205,created,2024-04-29,,3,2024-04-29
11107,8206,downgraded,2024-11-29,3,1,2024-11-29
11108,8207,created,2023-05-07,,6,2023-05-07
11109,8208,upgraded,2023-07-07,6,8,2023-07-07
11110,8209,created,2024-11-14,,6,2024-11-14
11111,8210,created,2024-03-15,,1,2024-03-15
11112,8211,created,2022-11-17,,4,2022-11-17
11113,8211,canceled,2023-02-17,4,,2023-02-17
11114,8212,reactivated,2024-04-17,,2,2024-04-17
11115,8213,upgraded,2024-06-17,2,5,2024-06-17
11116,8214,created,2024-05-16,,3,2024-05-16
11117,8214,canceled,2024-11-16,3,,2024-11-16
11118,8215,created,2023-09-16,,5,2023-09-16
11119,8216,upgraded,2024-08-16,5,7,2024-08-16
11120,8216,canceled,2024-09-16,7,,2024-09-16
11121,8217,created,2024-09-22,,3,2024-09-22
11122,8217,canceled,2024-12-22,3,,2024-12-22
11123,8218,created,2024-09-18,,1,2024-09-18
11124,8219,created,2024-12-10,,6,2024-12-10
11125,8220,created,2024-02-28,,1,2024-02-28
11126,8220,canceled,2024-10-28,1,,2024-10-28
11127,8221,created,2024-01-04,,1,2024-01-04
11128,8222,created,2024-07-02,,3,2024-07-02
11129,8222,canceled,2024-09-02,3,,2024-09-02
11130,8223,created,2023-04-22,,1,2023-04-22
11131,8223,canceled,2024-03-22,1,,2024-03-22
11132,8224,created,2024-03-10,,3,2024-03-10
11133,8225,created,2024-03-06,,4,2024-03-06
11134,8226,created,2023-01-16,,1,2023-01-16
11135,8227,upgraded,2024-10-16,1,2,2024-10-16
11136,8228,created,2024-01-12,,1,2024-01-12
11137,8228,canceled,2024-05-12,1,,2024-05-12
11138,8229,created,2024-09-26,,1,2024-09-26
11139,8230,created,2024-09-25,,1,2024-09-25
11140,8231,upgraded,2024-10-25,1,3,2024-10-25
11141,8232,created,2023-02-15,,2,2023-02-17
11142,8232,canceled,2023-03-15,2,,2023-03-15
11143,8233,reactivated,2024-12-15,,4,2024-12-15
11144,8234,created,2023-01-27,,1,2023-01-27
11145,8235,created,2023-09-09,,6,2023-09-09
11146,8236,upgraded,2023-11-09,6,8,2023-11-09
11147,8237,created,2024-10-14,,1,2024-10-14
11148,8238,created,2023-04-23,,1,2023-04-23
11149,8238,canceled,2023-09-23,1,,2023-09-23
11150,8239,created,2024-07-08,,2,2024-07-08
11151,8240,created,2023-02-24,,3,2023-02-24
11152,8240,canceled,2024-12-24,3,,2024-12-24
11153,8241,created,2024-05-27,,1,2024-05-27
11154,8241,canceled,2024-09-27,1,,2024-09-27
11155,8242,created,2023-11-13,,2,2023-11-18
11156,8242,canceled,2024-03-13,2,,2024-03-13
11157,8243,created,2024-08-02,,1,2024-08-02
11158,8244,upgraded,2024-09-02,1,3,2024-09-02
11159,8244,canceled,2024-11-02,3,,2024-11-02
11160,8245,created,2023-08-14,,4,2023-08-14
11161,8245,canceled,2023-10-14,4,,2023-10-14
11162,8246,created,2024-05-17,,7,2024-05-17
11163,8247,upgraded,2024-12-17,7,8,2024-12-17
11164,8248,created,2023-08-09,,8,2023-08-09
11165,8249,created,2024-06-01,,2,2024-06-01
11166,20606,upgraded,2024-08-01,2,5,2024-08-01
11167,8251,created,2024-10-06,,6,2024-10-06
11168,8252,created,2023-03-05,,1,2023-03-05
11169,8253,upgraded,2023-07-05,1,2,2023-07-05
11170,8254,created,2024-10-06,,4,2024-10-06
11171,8255,created,2024-04-12,,2,2024-04-12
11172,8256,created,2023-03-28,,1,2023-03-28
11173,8256,canceled,2024-05-28,1,,2024-05-28
11174,8257,created,2024-01-13,,1,2024-01-13
11175,8258,upgraded,2024-04-13,1,2,2024-04-13
11176,8258,canceled,2024-11-13,2,,2024-11-13
11177,8259,created,2023-05-02,,4,2023-05-02
11178,8259,canceled,2024-11-02,4,,2024-11-02
11179,8260,created,2024-06-27,,1,2024-06-27
11180,8260,canceled,2024-07-27,1,,2024-07-27
11181,8261,created,2024-08-09,,2,2024-08-09
11182,8261,canceled,2024-10-09,2,,2024-10-09
11183,8262,created,2023-02-05,,6,2023-02-05
11184,8263,created,2024-02-20,,1,2024-02-20
11185,8264,created,2024-09-17,,8,2024-09-17
11186,8265,created,2024-11-04,,1,2024-11-04
11187,8266,created,2024-02-12,,1,2024-02-12
11188,8266,canceled,2024-06-12,1,,2024-06-12
11189,8267,created,2024-11-10,,2,2024-11-17
11190,8268,created,2024-03-28,,1,2024-03-28
11191,8268,canceled,2024-12-28,1,,2024-12-28
11192,8269,created,2023-12-04,,1,2023-12-04
11193,8270,created,2024-09-14,,1,2024-09-14
11194,8270,canceled,2024-11-14,1,,2024-11-14
11195,8271,created,2024-02-04,,1,2024-02-04
11196,8271,canceled,2024-06-04,1,,2024-06-04
11197,8272,reactivated,2024-07-04,,4,2024-07-04
11198,8273,created,2024-02-14,,1,2024-02-14
11199,8273,canceled,2024-08-14,1,,2024-08-14
11200,8274,created,2024-02-21,,5,2024-02-21
11201,8275,created,2024-09-01,,2,2024-09-01
11202,8276,created,2024-09-12,,1,2024-09-12
11203,8277,created,2023-12-07,,3,2023-12-07
11204,8278,created,2023-10-24,,8,2023-10-24
11205,8279,downgraded,2024-05-24,8,6,2024-05-24
11206,8280,downgraded,2024-08-24,6,4,2024-08-24
11207,8281,upgraded,2024-11-24,4,6,2024-11-24
11208,8282,created,2024-02-04,,6,2024-02-04
11209,8282,canceled,2024-03-04,6,,2024-03-04
11210,8283,created,2024-04-19,,4,2024-04-19
11211,8284,created,2023-08-03,,3,2023-08-03
11212,8284,canceled,2023-11-03,3,,2023-11-03
11213,8285,created,2024-08-19,,1,2024-08-19
11214,8286,created,2024-02-24,,1,2024-02-24
11215,18630,canceled,2024-06-24,1,,2024-06-24
11216,8287,reactivated,2024-10-24,,2,2024-10-24
11217,8288,created,2023-10-11,,3,2023-10-11
11218,8288,canceled,2024-03-11,3,,2024-03-11
11219,8289,created,2023-02-02,,1,2023-02-02
11220,8289,canceled,2023-07-02,1,,2023-07-02
11221,8290,reactivated,2023-08-02,,2,2023-08-02
11222,8290,canceled,2024-06-02,2,,2024-06-02
11223,8291,created,2023-08-24,,1,2023-08-24
11224,8292,upgraded,2023-09-24,1,2,2023-09-24
11225,8293,downgraded,2024-03-24,2,1,2024-03-24
11226,8294,created,2024-11-19,,1,2024-11-19
11227,8295,created,2023-10-10,,2,2023-10-10
11228,8296,upgraded,2023-11-10,2,5,2023-11-10
11229,8297,upgraded,2024-09-10,5,6,2024-09-10
11230,8298,created,2023-05-11,,1,2023-05-11
11231,8299,upgraded,2024-03-11,1,2,2024-03-11
11232,8300,created,2024-01-29,,1,2024-01-29
11233,8300,canceled,2024-02-29,1,,2024-02-29
11234,8301,created,2023-10-22,,2,2023-10-22
11235,8301,canceled,2023-11-22,2,,2023-11-22
11236,8302,created,2022-06-12,,2,2022-06-12
11237,8302,canceled,2022-08-12,2,,2022-08-12
11238,8303,reactivated,2023-04-12,,2,2023-04-12
11239,8304,downgraded,2024-11-12,2,1,2024-11-12
11240,8305,created,2023-10-08,,3,2023-10-08
11241,8306,created,2024-03-26,,3,2024-03-26
11242,8307,upgraded,2024-05-26,3,4,2024-05-26
11243,20216,created,2024-03-01,,3,2024-03-01
11244,8308,canceled,2024-10-01,3,,2024-10-01
11245,8309,reactivated,2024-11-01,,3,2024-11-01
11246,8310,created,2023-11-01,,1,2023-11-01
11247,8311,upgraded,2024-03-01,1,2,2024-03-01
11248,8311,canceled,2024-07-01,2,,2024-07-01
11249,8312,created,2024-01-07,,5,2024-01-07
11250,8313,created,2024-11-23,,4,2024-11-23
11251,8314,created,2023-11-19,,2,2023-11-19
11252,8314,canceled,2024-04-19,2,,2024-04-19
11253,8315,reactivated,2024-05-19,,2,2024-05-19
11254,8316,created,2023-09-06,,3,2023-09-06
11255,8316,canceled,2023-10-06,3,,2023-10-06
11256,8317,created,2023-08-25,,1,2023-08-25
11257,8318,upgraded,2023-09-25,1,2,2023-09-25
11258,8318,canceled,2023-11-25,2,,2023-11-25
11259,8319,created,2024-01-31,,1,2024-01-31
11260,8319,canceled,2024-04-29,1,,2024-04-29
11261,8320,created,2024-08-06,,2,2024-08-06
11262,8321,created,2023-07-20,,1,2023-07-20
11263,8321,canceled,2024-09-20,1,,2024-09-27
11264,8322,created,2024-06-28,,2,2024-06-28
11265,8323,created,2022-04-22,,1,2022-04-22
11266,8323,canceled,2023-04-22,1,,2023-04-22
11267,8324,created,2024-01-01,,1,2024-01-11
11268,8324,canceled,2024-06-01,1,,2024-06-01
11269,8325,reactivated,2024-09-01,,7,2024-09-01
11270,8326,created,2024-08-26,,1,2024-08-26
11271,8326,canceled,2024-09-26,1,,2024-09-26
11272,8327,created,2023-10-31,,3,2023-10-31
11273,8328,created,2024-03-17,,1,2024-03-17
11274,8328,canceled,2024-05-17,1,,2024-05-17
11275,8329,created,2023-07-16,,1,2023-07-16
11276,8330,upgraded,2024-01-16,1,2,2024-01-16
11277,8331,upgraded,2024-05-16,2,5,2024-05-16
11278,8332,created,2024-07-27,,7,2024-07-27
11279,8333,created,2022-09-02,,4,2022-09-02
11280,8334,upgraded,2022-11-02,4,6,2022-11-02
11281,8335,downgraded,2023-03-02,6,4,2023-03-02
11282,8336,downgraded,2024-12-02,4,2,2024-12-02
11283,8337,created,2024-09-23,,1,2024-09-23
11284,8337,canceled,2024-10-23,1,,2024-10-23
11285,8338,created,2023-07-08,,6,2023-07-08
11286,8339,upgraded,2024-02-08,6,8,2024-02-08
11287,8340,created,2024-10-26,,1,2024-10-26
11288,8341,created,2023-11-06,,1,2023-11-06
11289,13989,canceled,2024-05-06,1,,2024-05-06
11290,8342,reactivated,2024-07-06,,3,2024-07-06
11291,8342,canceled,2024-12-06,3,,2024-12-06
11292,8343,created,2024-07-25,,1,2024-07-25
11293,8344,created,2023-10-15,,2,2023-10-15
11294,8345,upgraded,2024-06-15,2,5,2024-06-15
11295,8346,created,2024-10-24,,3,2024-10-24
11296,8347,created,2023-03-13,,1,2023-03-13
11297,8347,canceled,2024-01-13,1,,2024-01-13
11298,8348,reactivated,2024-05-13,,2,2024-05-13
11299,8349,created,2023-06-26,,1,2023-06-26
11300,8349,canceled,2023-07-26,1,,2023-08-03
11301,8350,created,2024-02-08,,5,2024-02-08
11302,8351,created,2023-01-06,,3,2023-01-06
11303,8351,canceled,2023-05-06,3,,2023-05-06
11304,8352,created,2023-07-10,,3,2023-07-10
11305,8353,upgraded,2023-12-10,3,4,2023-12-10
11306,8354,upgraded,2024-01-10,4,6,2024-01-10
11307,8355,created,2024-11-26,,5,2024-11-26
11308,8356,created,2024-12-16,,6,2024-12-16
11309,8357,created,2023-11-16,,1,2023-11-16
11310,8358,created,2024-11-15,,3,2024-11-15
11311,19074,created,2024-03-27,,4,2024-03-27
11312,8359,canceled,2024-05-27,4,,2024-05-27
11313,8360,created,2023-09-02,,5,2023-09-02
11314,8360,canceled,2024-01-02,5,,2024-01-02
11315,8361,created,2024-06-22,,3,2024-06-22
11316,8362,created,2024-05-31,,2,2024-05-31
11317,8363,upgraded,2024-06-30,2,5,2024-06-30
11318,8364,created,2024-12-14,,1,2024-12-14
11319,8365,created,2023-09-11,,1,2023-09-11
11320,8365,canceled,2023-10-11,1,,2023-10-11
11321,8366,reactivated,2024-03-11,,2,2024-03-11
11322,8367,downgraded,2024-07-11,2,1,2024-07-11
11323,8367,canceled,2024-11-11,1,,2024-11-11
11324,8368,created,2024-06-17,,3,2024-06-17
11325,8368,canceled,2024-11-17,3,,2024-11-17
11326,8369,created,2022-09-19,,4,2022-09-19
11327,8369,canceled,2023-01-19,4,,2023-01-19
11328,8370,created,2023-03-23,,5,2023-03-23
11329,8371,upgraded,2023-08-23,5,7,2023-08-23
11330,8372,created,2022-01-09,,2,2022-01-09
11331,8373,downgraded,2022-09-09,2,1,2022-09-09
11332,8373,canceled,2024-07-09,1,,2024-07-09
11333,8374,created,2024-12-19,,5,2024-12-19
11334,8375,created,2024-08-01,,2,2024-08-01
11335,8376,created,2024-08-07,,1,2024-08-07
11336,8377,created,2024-02-10,,6,2024-02-10
11337,8378,created,2023-10-19,,2,2023-10-19
11338,8378,canceled,2023-12-19,2,,2023-12-19
11339,8379,created,2023-05-06,,4,2023-05-06
11340,8379,canceled,2024-11-06,4,,2024-11-06
11341,8380,created,2023-09-18,,1,2023-09-18
11342,8380,canceled,2024-03-18,1,,2024-03-18
11343,8381,created,2023-11-04,,1,2023-11-04
11344,8381,canceled,2024-01-04,1,,2024-01-04
11345,8382,created,2024-07-08,,2,2024-07-08
11346,8383,downgraded,2024-08-08,2,1,2024-08-08
11347,8384,created,2024-03-22,,1,2024-03-22
11348,8384,canceled,2024-06-22,1,,2024-06-22
11349,8385,reactivated,2024-10-22,,2,2024-10-22
11350,8386,created,2022-12-29,,3,2022-12-29
11351,8387,upgraded,2024-02-28,3,4,2024-02-28
11352,8388,created,2022-03-17,,2,2022-03-17
11353,8389,downgraded,2022-08-17,2,1,2022-08-23
11354,8389,canceled,2022-11-17,1,,2022-11-17
11355,8390,created,2023-02-06,,2,2023-02-06
11356,8390,canceled,2023-05-06,2,,2023-05-06
11357,8391,reactivated,2024-12-06,,4,2024-12-06
11358,8392,created,2024-01-13,,1,2024-01-13
11359,8392,canceled,2024-02-13,1,,2024-02-13
11360,8393,created,2024-11-03,,1,2024-11-03
11361,8394,created,2024-05-30,,2,2024-05-30
11362,8395,upgraded,2024-08-30,2,4,2024-08-30
11363,8396,upgraded,2024-10-30,4,6,2024-10-30
11364,8397,created,2024-08-18,,1,2024-08-18
11365,8397,canceled,2024-10-18,1,,2024-10-18
11366,8398,created,2024-01-28,,1,2024-01-28
11367,8398,canceled,2024-04-28,1,,2024-04-28
11368,8399,created,2023-11-23,,3,2023-11-23
11369,8400,created,2023-02-09,,4,2023-02-09
11370,8401,upgraded,2024-08-09,4,6,2024-08-09
11371,8402,downgraded,2024-09-09,6,4,2024-09-09
11372,8403,created,2024-10-24,,6,2024-10-24
11373,8404,created,2024-08-31,,1,2024-08-31
11374,8404,canceled,2024-09-30,1,,2024-09-30
11375,8405,created,2023-05-17,,2,2023-05-17
11376,8405,canceled,2023-11-17,2,,2023-11-17
11377,8406,created,2024-02-25,,1,2024-02-25
11378,8407,created,2024-02-08,,1,2024-02-08
11379,8408,created,2024-05-15,,2,2024-05-15
11380,8409,upgraded,2024-06-15,2,4,2024-06-15
11381,8410,upgraded,2024-07-15,4,6,2024-07-15
11382,8411,created,2024-11-27,,1,2024-11-27
11383,8412,created,2024-04-03,,1,2024-04-03
11384,8412,canceled,2024-08-03,1,,2024-08-03
11385,8413,created,2024-03-11,,4,2024-03-11
11386,8414,downgraded,2024-09-11,4,2,2024-09-11
11387,8415,created,2022-09-17,,4,2022-09-17
11388,8415,canceled,2024-06-17,4,,2024-06-17
11389,8416,created,2022-10-30,,8,2022-10-30
11390,8417,downgraded,2022-11-30,8,6,2022-11-30
11391,8418,upgraded,2024-03-28,6,8,2024-03-28
11392,8419,created,2023-06-25,,4,2023-06-25
11393,8419,canceled,2024-02-25,4,,2024-03-01
11394,8420,created,2022-06-06,,1,2022-06-06
11395,8420,canceled,2022-08-06,1,,2022-08-06
11396,8421,created,2024-07-02,,1,2024-07-02
11397,8421,canceled,2024-08-02,1,,2024-08-02
11398,8422,created,2024-07-26,,1,2024-07-26
11399,8423,created,2023-04-22,,1,2023-04-22
11400,8423,canceled,2023-09-22,1,,2023-09-22
11401,8424,created,2024-09-09,,5,2024-09-09
11402,8425,created,2023-05-28,,1,2023-05-28
11403,8425,canceled,2023-07-28,1,,2023-07-28
11404,8426,created,2023-10-20,,1,2023-10-20
11405,8427,upgraded,2024-08-20,1,2,2024-08-20
11406,8428,created,2023-08-28,,1,2023-08-28
11407,8428,canceled,2024-03-28,1,,2024-03-28
11408,8429,created,2023-11-18,,1,2023-11-18
11409,8430,created,2023-09-27,,6,2023-09-27
11410,8430,canceled,2024-09-27,6,,2024-09-27
11411,8431,created,2024-02-03,,1,2024-02-03
11412,8431,canceled,2024-03-03,1,,2024-03-03
11413,8432,created,2023-12-02,,4,2023-12-02
11414,8432,canceled,2024-08-02,4,,2024-08-02
11415,8433,created,2024-12-05,,8,2024-12-05
11416,8434,created,2022-09-06,,2,2022-09-06
11417,8434,canceled,2022-12-06,2,,2022-12-06
11418,8435,reactivated,2023-12-06,,2,2023-12-06
11419,8435,canceled,2024-01-06,2,,2024-01-06
11420,8436,created,2023-04-18,,1,2023-04-18
11421,8437,upgraded,2023-09-18,1,2,2023-09-18
11422,8437,canceled,2024-02-18,2,,2024-02-18
11423,8438,created,2022-09-20,,2,2022-09-20
11424,8438,canceled,2023-02-20,2,,2023-02-20
11425,8439,created,2024-05-09,,1,2024-05-09
11426,8439,canceled,2024-11-09,1,,2024-11-09
11427,8440,created,2022-09-21,,1,2022-09-21
11428,8440,canceled,2024-03-21,1,,2024-03-21
11429,8441,created,2024-09-28,,1,2024-09-28
11430,21149,upgraded,2024-11-28,1,2,2024-11-28
11431,8443,created,2024-02-16,,1,2024-02-16
11432,8443,canceled,2024-05-16,1,,2024-05-16
11433,8444,created,2024-03-18,,3,2024-03-18
11434,8444,canceled,2024-06-18,3,,2024-06-28
11435,8445,created,2024-03-09,,2,2024-03-09
11436,8445,canceled,2024-07-09,2,,2024-07-09
11437,8446,created,2023-06-15,,1,2023-06-15
11438,8447,upgraded,2023-07-15,1,2,2023-07-15
11439,8448,upgraded,2024-08-15,2,4,2024-08-15
11440,8449,created,2023-07-23,,1,2023-07-23
11441,8449,canceled,2024-01-23,1,,2024-01-23
11442,8450,created,2023-10-01,,1,2023-10-01
11443,17798,canceled,2024-08-01,1,,2024-08-01
11444,8451,created,2024-04-08,,1,2024-04-08
11445,8451,canceled,2024-05-08,1,,2024-05-08
11446,8452,created,2023-07-19,,1,2023-07-19
11447,8453,created,2023-03-22,,4,2023-03-22
11448,8453,canceled,2023-05-22,4,,2023-05-22
11449,8454,created,2024-12-09,,1,2024-12-09
11450,8455,created,2022-04-02,,1,2022-04-02
11451,8455,canceled,2022-09-02,1,,2022-09-02
11452,8456,created,2024-09-17,,1,2024-09-17
11453,8456,canceled,2024-11-17,1,,2024-11-17
11454,8457,created,2024-08-09,,3,2024-08-09
11455,8458,created,2023-10-28,,2,2023-10-28
11456,8459,upgraded,2024-07-28,2,4,2024-07-28
11457,8459,canceled,2024-10-28,4,,2024-10-28
11458,8460,created,2023-04-24,,2,2023-04-24
11459,8460,canceled,2023-10-24,2,,2023-10-24
11460,8461,created,2023-04-14,,1,2023-04-14
11461,8461,canceled,2023-06-14,1,,2023-06-14
11462,8462,created,2024-06-04,,1,2024-06-04
11463,8462,canceled,2024-10-04,1,,2024-10-04
11464,8463,created,2024-05-24,,1,2024-05-24
11465,8464,created,2024-08-06,,1,2024-08-06
11466,8464,canceled,2024-11-06,1,,2024-11-06
11467,8465,created,2024-11-05,,4,2024-11-05
11468,8466,created,2024-06-28,,1,2024-06-28
11469,8467,created,2023-05-04,,3,2023-05-04
11470,8467,canceled,2023-11-04,3,,2023-11-04
11471,8468,created,2023-08-08,,2,2023-08-08
11472,8469,created,2024-09-21,,3,2024-09-21
11473,8470,created,2023-07-25,,2,2023-07-25
11474,8471,created,2022-11-10,,1,2022-11-10
11475,8471,canceled,2023-11-10,1,,2023-11-10
11476,8472,created,2024-06-15,,1,2024-06-15
11477,8473,upgraded,2024-07-15,1,3,2024-07-15
11478,8474,created,2023-12-27,,4,2023-12-27
11479,8475,created,2024-11-22,,1,2024-11-22
11480,8476,created,2024-05-30,,1,2024-05-30
11481,8477,created,2023-01-17,,3,2023-01-17
11482,8477,canceled,2023-07-17,3,,2023-07-19
11483,8478,reactivated,2024-09-17,,2,2024-09-17
11484,8479,created,2024-11-27,,6,2024-11-27
11485,8480,created,2023-09-20,,2,2023-09-20
11486,8481,downgraded,2023-10-20,2,1,2023-10-20
11487,8482,upgraded,2024-02-20,1,2,2024-02-20
11488,8483,created,2023-10-30,,8,2023-11-05
11489,8483,canceled,2024-09-29,8,,2024-09-29
11490,8484,created,2023-12-08,,1,2023-12-08
11491,8484,canceled,2024-03-08,1,,2024-03-08
11492,8485,created,2022-09-19,,2,2022-09-19
11493,8486,upgraded,2023-02-19,2,5,2023-02-19
11494,8487,created,2024-02-16,,6,2024-02-16
11495,8488,upgraded,2024-05-16,6,8,2024-05-16
11496,8489,created,2023-03-27,,2,2023-03-27
11497,8489,canceled,2023-06-27,2,,2023-06-27
11498,8490,reactivated,2023-09-27,,4,2023-09-27
11499,8490,canceled,2024-05-27,4,,2024-05-27
11500,8491,created,2023-12-09,,2,2023-12-09
11501,8492,downgraded,2024-09-09,2,1,2024-09-09
11502,8493,created,2023-11-15,,6,2023-11-15
11503,8494,downgraded,2024-01-15,6,4,2024-01-15
11504,8495,upgraded,2024-02-15,4,6,2024-02-15
11505,8496,created,2024-08-15,,1,2024-08-15
11506,8497,created,2024-09-03,,2,2024-09-03
11507,8498,created,2023-05-11,,2,2023-05-11
11508,8499,upgraded,2023-09-11,2,4,2023-09-11
11509,8500,downgraded,2024-08-11,4,2,2024-08-11
11510,8501,created,2023-11-29,,2,2023-11-29
11511,8502,created,2023-11-27,,1,2023-11-27
11512,8502,canceled,2024-08-27,1,,2024-08-27
11513,8503,created,2023-05-12,,2,2023-05-12
11514,8503,canceled,2023-11-12,2,,2023-11-12
11515,8504,created,2024-08-18,,2,2024-08-18
11516,8505,created,2024-06-25,,1,2024-06-25
11517,8506,created,2023-06-18,,4,2023-06-18
11518,8507,created,2023-11-14,,1,2023-11-14
11519,8508,created,2023-02-01,,4,2023-02-01
11520,8509,created,2024-05-19,,6,2024-05-19
11521,8510,created,2023-03-21,,6,2023-03-21
11522,8511,created,2024-12-11,,1,2024-12-11
11523,8512,created,2024-08-04,,1,2024-08-04
11524,8513,created,2023-12-17,,7,2023-12-17
11525,8513,canceled,2024-03-17,7,,2024-03-17
11526,8514,created,2024-04-04,,5,2024-04-04
11527,8515,created,2024-10-21,,5,2024-10-21
11528,8516,created,2024-03-23,,7,2024-03-23
11529,8516,canceled,2024-06-23,7,,2024-06-23
11530,8517,created,2023-06-04,,7,2023-06-04
11531,8518,upgraded,2023-11-04,7,8,2023-11-04
11532,8518,canceled,2024-09-04,8,,2024-09-04
11533,8519,created,2023-11-25,,4,2023-11-25
11534,8520,created,2024-09-20,,1,2024-09-20
11535,8521,created,2024-05-17,,1,2024-05-17
11536,8521,canceled,2024-10-17,1,,2024-10-17
11537,8522,created,2024-05-20,,1,2024-05-20
11538,8522,canceled,2024-06-20,1,,2024-06-20
11539,8523,created,2024-10-11,,2,2024-10-11
11540,8523,canceled,2024-12-11,2,,2024-12-11
11541,8524,created,2024-10-20,,3,2024-10-20
11542,8525,created,2024-11-08,,1,2024-11-08
11543,8525,canceled,2024-12-08,1,,2024-12-08
11544,8526,created,2023-01-15,,4,2023-01-15
11545,8526,canceled,2024-03-15,4,,2024-03-15
11546,8527,created,2024-03-04,,2,2024-03-04
11547,8527,canceled,2024-12-04,2,,2024-12-04
11548,8528,created,2024-07-29,,2,2024-07-29
11549,8529,upgraded,2024-10-29,2,4,2024-10-29
11550,8530,created,2024-07-02,,3,2024-07-02
11551,8530,canceled,2024-11-02,3,,2024-11-02
11552,8531,created,2024-04-29,,2,2024-04-29
11553,8532,upgraded,2024-09-29,2,4,2024-09-29
11554,8533,created,2023-05-16,,6,2023-05-16
11555,8534,upgraded,2024-11-16,6,8,2024-11-16
11556,8535,created,2024-08-17,,3,2024-08-17
11557,8536,created,2024-07-10,,1,2024-07-10
11558,8537,created,2023-01-03,,1,2023-01-03
11559,8537,canceled,2023-08-03,1,,2023-08-03
11560,8538,created,2024-01-02,,4,2024-01-08
11561,8539,created,2023-06-30,,4,2023-06-30
11562,8540,created,2023-10-02,,3,2023-10-02
11563,8541,upgraded,2024-06-02,3,5,2024-06-02
11564,8542,upgraded,2024-07-02,5,6,2024-07-02
11565,8542,canceled,2024-08-02,6,,2024-08-02
11566,8543,created,2022-03-11,,4,2022-03-11
11567,16255,upgraded,2022-04-11,4,6,2022-04-11
11568,8545,upgraded,2022-12-11,6,8,2022-12-11
11569,8545,canceled,2024-05-11,8,,2024-05-11
11570,8546,created,2023-12-18,,1,2023-12-18
11571,8546,canceled,2024-02-18,1,,2024-02-18
11572,8547,created,2024-03-15,,1,2024-03-15
11573,8547,canceled,2024-04-15,1,,2024-04-15
11574,8548,created,2024-05-02,,1,2024-05-02
11575,8548,canceled,2024-10-02,1,,2024-10-02
11576,8549,created,2024-05-10,,2,2024-05-10
11577,8549,canceled,2024-06-10,2,,2024-06-10
11578,8550,created,2024-09-17,,2,2024-09-17
11579,8551,created,2023-07-26,,3,2023-07-26
11580,8551,canceled,2023-08-26,3,,2023-08-26
11581,8552,created,2023-03-27,,2,2023-03-27
11582,8552,canceled,2023-04-27,2,,2023-04-27
11583,8553,created,2024-09-10,,6,2024-09-10
11584,8553,canceled,2024-12-10,6,,2024-12-10
11585,8554,created,2023-05-05,,2,2023-05-05
11586,8555,upgraded,2023-12-05,2,5,2023-12-05
11587,8555,canceled,2024-04-05,5,,2024-04-05
11588,8556,created,2024-12-17,,1,2024-12-17
11589,8557,created,2024-09-16,,4,2024-09-16
11590,8558,created,2024-02-23,,8,2024-02-23
11591,8559,created,2024-12-17,,5,2024-12-17
11592,8560,created,2023-02-23,,4,2023-02-23
11593,8561,downgraded,2023-05-23,4,2,2023-05-23
11594,8561,canceled,2023-06-23,2,,2023-06-23
11595,8562,created,2023-10-18,,1,2023-10-18
11596,8563,upgraded,2024-04-18,1,2,2024-04-18
11597,8563,canceled,2024-09-18,2,,2024-09-18
11598,8564,reactivated,2024-12-18,,1,2024-12-18
11599,8565,created,2024-05-06,,4,2024-05-06
11600,8565,canceled,2024-07-06,4,,2024-07-06
11601,8566,reactivated,2024-11-06,,2,2024-11-06
11602,8567,created,2023-11-03,,2,2023-11-03
11603,8567,canceled,2024-12-03,2,,2024-12-03
11604,8568,created,2024-11-18,,6,2024-11-18
11605,8569,created,2022-10-19,,4,2022-10-19
11606,8569,canceled,2023-07-19,4,,2023-07-19
11607,8570,created,2024-03-30,,4,2024-03-30
11608,8571,created,2024-04-16,,6,2024-04-16
11609,8572,created,2024-05-12,,1,2024-05-12
11610,8573,created,2023-09-21,,5,2023-09-21
11611,8574,upgraded,2024-02-21,5,7,2024-02-21
11612,8575,created,2023-11-30,,3,2023-11-30
11613,8576,created,2024-09-15,,2,2024-09-15
11614,8577,upgraded,2024-10-15,2,5,2024-10-15
11615,8578,created,2023-07-06,,1,2023-07-06
11616,8578,canceled,2024-03-06,1,,2024-03-06
11617,8579,reactivated,2024-09-06,,1,2024-09-06
11618,8579,canceled,2024-11-06,1,,2024-11-06
11619,8580,created,2024-09-18,,1,2024-09-18
11620,8581,created,2024-03-04,,1,2024-03-04
11621,8581,canceled,2024-04-04,1,,2024-04-04
11622,8582,created,2024-08-22,,2,2024-08-22
11623,8583,created,2024-06-19,,1,2024-06-19
11624,8583,canceled,2024-10-19,1,,2024-10-19
11625,8584,created,2023-07-26,,6,2023-07-26
11626,8585,created,2024-04-19,,2,2024-04-19
11627,8586,upgraded,2024-08-19,2,4,2024-08-19
11628,8587,created,2024-10-10,,3,2024-10-10
11629,8588,created,2024-01-25,,4,2024-01-25
11630,8589,upgraded,2024-04-25,4,7,2024-04-25
11631,8589,canceled,2024-06-25,7,,2024-06-25
11632,8590,created,2024-11-28,,2,2024-11-28
11633,8591,created,2024-01-19,,2,2024-01-19
11634,8591,canceled,2024-05-19,2,,2024-05-19
11635,8592,created,2023-04-06,,4,2023-04-06
11636,8592,canceled,2023-08-06,4,,2023-08-06
11637,8593,created,2023-12-15,,3,2023-12-15
11638,8594,downgraded,2024-04-15,3,1,2024-04-15
11639,8595,created,2024-11-14,,3,2024-11-14
11640,8596,created,2023-10-11,,1,2023-10-11
11641,8596,canceled,2023-12-11,1,,2023-12-11
11642,8597,created,2024-10-26,,1,2024-10-26
11643,8598,created,2024-10-27,,1,2024-10-27
11644,8599,created,2023-11-09,,7,2023-11-09
11645,8599,canceled,2023-12-09,7,,2023-12-09
11646,8600,reactivated,2024-10-09,,2,2024-10-09
11647,8601,created,2023-01-07,,2,2023-01-07
11648,8601,canceled,2023-03-07,2,,2023-03-07
11649,8602,created,2024-07-29,,4,2024-07-29
11650,8603,created,2023-10-04,,1,2023-10-11
11651,8603,canceled,2023-11-04,1,,2023-11-04
11652,8604,created,2024-08-05,,2,2024-08-05
11653,8604,canceled,2024-09-05,2,,2024-09-05
11654,8605,reactivated,2024-10-05,,2,2024-10-05
11655,8606,created,2024-01-09,,1,2024-01-09
11656,8607,upgraded,2024-08-09,1,2,2024-08-09
11657,8608,created,2024-02-25,,1,2024-02-25
11658,8608,canceled,2024-09-25,1,,2024-09-25
11659,8609,created,2024-08-13,,2,2024-08-13
11660,8610,downgraded,2024-10-13,2,1,2024-10-13
11661,8611,upgraded,2024-12-13,1,2,2024-12-13
11662,17113,created,2023-12-28,,6,2023-12-28
11663,8613,created,2024-01-13,,7,2024-01-13
11664,8614,created,2023-11-03,,5,2023-11-03
11665,8615,created,2023-11-29,,2,2023-11-29
11666,8616,downgraded,2024-04-29,2,1,2024-04-29
11667,8617,created,2024-03-12,,4,2024-03-15
11668,8618,created,2024-09-22,,2,2024-09-22
11669,8619,created,2023-11-03,,2,2023-11-03
11670,8620,upgraded,2024-09-03,2,4,2024-09-03
11671,8621,created,2024-03-28,,6,2024-03-28
11672,8622,created,2024-06-01,,2,2024-06-01
11673,8623,created,2023-09-03,,2,2023-09-03
11674,8624,upgraded,2023-11-03,2,4,2023-11-03
11675,8625,upgraded,2024-04-03,4,6,2024-04-03
11676,8626,created,2023-09-26,,3,2023-09-26
11677,8627,upgraded,2023-11-26,3,4,2023-11-26
11678,8628,created,2024-11-09,,5,2024-11-09
11679,8629,created,2024-07-18,,1,2024-07-18
11680,8630,created,2024-04-16,,3,2024-04-16
11681,8630,canceled,2024-09-16,3,,2024-09-16
11682,8631,created,2024-05-30,,1,2024-05-30
11683,8632,upgraded,2024-12-30,1,2,2024-12-30
11684,8633,created,2022-05-03,,1,2022-05-03
11685,8633,canceled,2023-03-03,1,,2023-03-03
11686,8634,created,2024-05-07,,1,2024-05-07
11687,8634,canceled,2024-12-07,1,,2024-12-07
11688,8635,created,2024-02-26,,5,2024-02-26
11689,8636,created,2024-03-27,,2,2024-03-27
11690,8636,canceled,2024-05-27,2,,2024-05-27
11691,8637,created,2023-11-01,,5,2023-11-01
11692,8638,upgraded,2023-12-01,5,6,2023-12-01
11693,8639,created,2022-12-15,,1,2022-12-15
11694,8639,canceled,2023-02-15,1,,2023-02-15
11695,8640,created,2023-06-07,,1,2023-06-07
11696,8640,canceled,2023-09-07,1,,2023-09-07
11697,8641,created,2024-11-02,,2,2024-11-02
11698,8642,created,2023-12-31,,1,2023-12-31
11699,8643,created,2024-01-11,,1,2024-01-11
11700,8643,canceled,2024-09-11,1,,2024-09-11
11701,8644,created,2022-09-16,,4,2022-09-16
11702,8644,canceled,2023-03-16,4,,2023-03-16
11703,8645,created,2022-07-26,,1,2022-07-26
11704,8645,canceled,2023-05-26,1,,2023-05-26
11705,8646,reactivated,2024-11-26,,1,2024-11-26
11706,8647,created,2024-07-15,,1,2024-07-15
11707,8647,canceled,2024-12-15,1,,2024-12-15
11708,8648,created,2024-03-17,,1,2024-03-17
11709,8648,canceled,2024-08-17,1,,2024-08-17
11710,8649,created,2024-02-15,,1,2024-02-15
11711,8649,canceled,2024-06-15,1,,2024-06-15
11712,8650,created,2023-08-27,,2,2023-08-27
11713,8650,canceled,2024-01-27,2,,2024-01-27
11714,8651,reactivated,2024-06-27,,1,2024-06-27
11715,8651,canceled,2024-07-27,1,,2024-07-27
11716,8652,created,2024-07-22,,6,2024-07-22
11717,8652,canceled,2024-08-22,6,,2024-08-22
11718,8653,created,2023-05-12,,2,2023-05-12
11719,8654,created,2023-06-01,,6,2023-06-01
11720,15110,downgraded,2024-08-01,6,5,2024-08-01
11721,8656,upgraded,2024-10-01,5,6,2024-10-01
11722,8657,created,2024-01-06,,6,2024-01-06
11723,8658,upgraded,2024-10-06,6,8,2024-10-06
11724,8659,created,2023-09-21,,3,2023-09-21
11725,8659,canceled,2023-11-21,3,,2023-11-21
11726,8660,created,2023-08-22,,7,2023-08-22
11727,8661,created,2024-05-24,,1,2024-05-24
11728,8662,created,2024-05-13,,2,2024-05-13
11729,8663,created,2024-09-09,,1,2024-09-09
11730,8664,created,2024-01-04,,1,2024-01-04
11731,8665,upgraded,2024-02-04,1,2,2024-02-04
11732,8665,canceled,2024-03-04,2,,2024-03-04
11733,8666,created,2022-11-07,,2,2022-11-07
11734,8667,created,2023-09-28,,2,2023-09-28
11735,8668,created,2024-12-08,,1,2024-12-08
11736,8669,created,2024-04-06,,7,2024-04-06
11737,8670,upgraded,2024-05-06,7,8,2024-05-06
11738,8671,created,2024-06-04,,4,2024-06-04
11739,8672,downgraded,2024-07-04,4,2,2024-07-04
11740,8673,created,2022-02-28,,2,2022-02-28
11741,8673,canceled,2022-12-28,2,,2022-12-28
11742,8674,reactivated,2024-09-28,,1,2024-09-28
11743,8674,canceled,2024-10-28,1,,2024-10-28
11744,8675,created,2024-03-10,,1,2024-03-10
11745,8675,canceled,2024-04-10,1,,2024-04-10
11746,8676,created,2022-07-21,,3,2022-07-21
11747,8676,canceled,2022-12-21,3,,2022-12-21
11748,8677,created,2024-04-04,,6,2024-04-04
11749,8678,created,2024-11-09,,1,2024-11-09
11750,8679,created,2024-11-11,,2,2024-11-11
11751,8680,created,2024-03-10,,1,2024-03-10
11752,8680,canceled,2024-10-10,1,,2024-10-10
11753,8681,created,2024-01-26,,8,2024-01-26
11754,8682,downgraded,2024-03-26,8,6,2024-03-26
11755,8683,created,2024-11-14,,1,2024-11-14
11756,8684,created,2024-06-26,,7,2024-06-26
11757,8685,downgraded,2024-10-26,7,4,2024-10-26
11758,8686,created,2022-10-15,,1,2022-10-15
11759,8686,canceled,2023-03-15,1,,2023-03-15
11760,8687,created,2024-01-27,,8,2024-01-27
11761,8688,created,2023-08-21,,6,2023-08-21
11762,8689,upgraded,2023-09-21,6,8,2023-09-21
11763,8689,canceled,2024-07-21,8,,2024-07-21
11764,8690,created,2024-02-12,,1,2024-02-12
11765,8691,upgraded,2024-11-12,1,2,2024-11-12
11766,8692,created,2024-01-06,,6,2024-01-06
11767,8693,upgraded,2024-09-06,6,8,2024-09-06
11768,8694,created,2024-04-27,,1,2024-04-27
11769,8694,canceled,2024-06-27,1,,2024-06-27
11770,8695,created,2023-11-25,,1,2023-11-25
11771,8695,canceled,2024-01-25,1,,2024-01-25
11772,8696,created,2023-05-08,,1,2023-05-08
11773,8696,canceled,2023-06-08,1,,2023-06-08
11774,8697,reactivated,2024-11-08,,1,2024-11-08
11775,8698,created,2024-02-14,,8,2024-02-14
11776,8699,downgraded,2024-04-14,8,7,2024-04-14
11777,8700,created,2024-09-12,,3,2024-09-12
11778,8701,created,2024-05-12,,6,2024-05-12
11779,8702,created,2023-10-31,,8,2023-10-31
11780,8703,created,2024-11-11,,1,2024-11-11
11781,8704,created,2024-10-23,,2,2024-10-23
11782,8705,created,2023-07-21,,4,2023-07-21
11783,8706,created,2022-07-24,,2,2022-07-24
11784,8707,upgraded,2022-09-24,2,5,2022-09-24
11785,8708,upgraded,2022-11-24,5,7,2022-11-24
11786,8708,canceled,2023-08-24,7,,2023-08-24
11787,8709,reactivated,2023-11-24,,4,2023-11-24
11788,8710,created,2024-07-23,,2,2024-07-23
11789,8711,created,2024-09-05,,3,2024-09-05
11790,8712,created,2024-11-21,,2,2024-11-21
11791,8713,created,2024-10-31,,5,2024-10-31
11792,8714,created,2024-04-11,,5,2024-04-11
11793,8715,downgraded,2024-06-11,5,2,2024-06-11
11794,8716,created,2024-03-18,,3,2024-03-18
11795,8717,upgraded,2024-07-18,3,4,2024-07-18
11796,8718,created,2022-05-19,,5,2022-05-19
11797,8719,downgraded,2023-03-19,5,2,2023-03-19
11798,8720,upgraded,2024-03-19,2,5,2024-03-19
11799,8721,created,2023-08-18,,1,2023-08-18
11800,8721,canceled,2024-05-18,1,,2024-05-18
11801,8722,created,2024-01-08,,3,2024-01-08
11802,8722,canceled,2024-09-08,3,,2024-09-08
11803,8723,created,2024-05-26,,2,2024-05-26
11804,8723,canceled,2024-06-26,2,,2024-06-26
11805,8724,created,2024-03-08,,1,2024-03-08
11806,8724,canceled,2024-05-08,1,,2024-05-08
11807,8725,created,2024-07-29,,2,2024-07-29
11808,8726,created,2023-09-03,,1,2023-09-03
11809,8726,canceled,2024-06-03,1,,2024-06-03
11810,8727,created,2024-03-16,,1,2024-03-16
11811,8727,canceled,2024-05-16,1,,2024-05-16
11812,8728,reactivated,2024-10-16,,3,2024-10-16
11813,8729,created,2023-01-25,,1,2023-01-25
11814,8729,canceled,2024-01-25,1,,2024-01-25
11815,8730,created,2024-01-18,,1,2024-01-18
11816,8731,created,2024-07-29,,6,2024-07-29
11817,8732,created,2024-06-24,,1,2024-06-24
11818,8732,canceled,2024-11-24,1,,2024-11-24
11819,8733,created,2024-12-04,,1,2024-12-04
11820,8734,created,2023-09-25,,5,2023-09-25
11821,8734,canceled,2023-10-25,5,,2023-10-25
11822,8735,reactivated,2023-12-25,,2,2023-12-25
11823,8736,upgraded,2024-03-25,2,4,2024-03-25
11824,8737,created,2024-02-11,,1,2024-02-11
11825,8738,upgraded,2024-03-11,1,3,2024-03-11
11826,8738,canceled,2024-04-11,3,,2024-04-11
11827,8739,created,2023-10-27,,2,2023-10-27
11828,8739,canceled,2024-06-27,2,,2024-06-27
11829,8740,reactivated,2024-07-27,,2,2024-07-27
11830,8741,created,2024-01-12,,1,2024-01-12
11831,8742,upgraded,2024-02-12,1,3,2024-02-12
11832,8742,canceled,2024-03-12,3,,2024-03-12
11833,8743,created,2024-09-20,,4,2024-09-20
11834,8744,created,2024-06-28,,2,2024-06-28
11835,8745,downgraded,2024-08-28,2,1,2024-08-28
11836,8745,canceled,2024-09-28,1,,2024-09-28
11837,8746,created,2024-10-07,,3,2024-10-07
11838,8747,created,2023-07-22,,6,2023-07-22
11839,8747,canceled,2023-11-22,6,,2023-11-22
11840,8748,created,2024-10-14,,1,2024-10-14
11841,8749,created,2022-10-15,,3,2022-10-15
11842,8750,upgraded,2023-06-15,3,4,2023-06-15
11843,17163,upgraded,2024-02-15,4,6,2024-02-15
11844,8752,created,2024-10-01,,1,2024-10-01
11845,8752,canceled,2024-12-01,1,,2024-12-01
11846,8753,created,2023-10-11,,6,2023-10-11
11847,8754,upgraded,2024-06-11,6,8,2024-06-11
11848,8755,downgraded,2024-09-11,8,6,2024-09-11
11849,8756,created,2023-10-13,,1,2023-10-13
11850,8756,canceled,2024-02-13,1,,2024-02-13
11851,8757,created,2024-02-01,,1,2024-02-01
11852,8757,canceled,2024-03-01,1,,2024-03-01
11853,8758,created,2024-11-20,,4,2024-11-20
11854,8759,created,2022-08-03,,2,2022-08-03
11855,14869,upgraded,2024-11-03,2,4,2024-11-03
11856,8761,created,2023-11-07,,3,2023-11-07
11857,8761,canceled,2024-01-07,3,,2024-01-07
11858,8762,created,2024-09-22,,6,2024-09-22
11859,8763,created,2023-12-26,,2,2023-12-26
11860,8763,canceled,2024-09-26,2,,2024-09-26
11861,8764,created,2023-07-26,,4,2023-07-26
11862,8764,canceled,2023-11-26,4,,2023-11-26
11863,8765,reactivated,2024-10-26,,3,2024-10-26
11864,8765,canceled,2024-12-26,3,,2024-12-26
11865,8766,created,2024-01-03,,1,2024-01-03
11866,8766,canceled,2024-04-03,1,,2024-04-03
11867,8767,reactivated,2024-06-03,,2,2024-06-03
11868,8768,created,2023-12-03,,1,2023-12-03
11869,8769,created,2024-10-13,,6,2024-10-13
11870,8770,created,2024-08-19,,7,2024-08-19
11871,8771,created,2024-02-28,,1,2024-02-28
11872,8772,created,2024-12-30,,2,2024-12-30
11873,8773,created,2024-01-14,,1,2024-01-14
11874,8774,created,2022-10-18,,2,2022-10-18
11875,8774,canceled,2023-10-18,2,,2023-10-18
11876,8775,reactivated,2024-12-18,,1,2024-12-18
11877,8776,created,2023-09-20,,2,2023-09-20
11878,8776,canceled,2024-10-20,2,,2024-10-20
11879,8777,created,2024-01-31,,1,2024-01-31
11880,8777,canceled,2024-02-29,1,,2024-02-29
11881,8778,reactivated,2024-08-29,,2,2024-08-29
11882,8779,created,2023-05-24,,1,2023-05-24
11883,8779,canceled,2023-07-24,1,,2023-07-24
11884,8780,reactivated,2023-08-24,,1,2023-08-24
11885,8780,canceled,2023-11-24,1,,2023-11-24
11886,8781,created,2024-11-05,,1,2024-11-05
11887,8782,created,2024-08-14,,1,2024-08-14
11888,17282,canceled,2024-10-14,1,,2024-10-14
11889,8783,created,2023-09-04,,2,2023-09-04
11890,8784,created,2024-04-07,,1,2024-04-07
11891,8785,created,2024-07-26,,2,2024-07-26
11892,8786,created,2024-11-26,,2,2024-11-26
11893,8787,created,2024-10-23,,4,2024-10-23
11894,8788,created,2024-02-27,,3,2024-02-27
11895,8788,canceled,2024-05-27,3,,2024-05-27
11896,8789,created,2024-08-22,,2,2024-08-22
11897,8790,upgraded,2024-10-22,2,4,2024-10-22
11898,8791,created,2024-03-18,,2,2024-03-18
11899,8792,created,2024-03-05,,1,2024-03-05
11900,8792,canceled,2024-08-05,1,,2024-08-05
11901,8793,created,2023-03-11,,1,2023-03-11
11902,8793,canceled,2023-04-11,1,,2023-04-11
11903,8794,created,2023-03-25,,1,2023-03-25
11904,8794,canceled,2023-10-25,1,,2023-10-25
11905,8795,reactivated,2023-11-25,,7,2023-11-25
11906,8796,upgraded,2024-05-25,7,8,2024-05-25
11907,8797,downgraded,2024-09-25,8,6,2024-09-25
11908,8797,canceled,2024-12-25,6,,2024-12-25
11909,8798,created,2024-03-28,,1,2024-03-28
11910,8798,canceled,2024-07-28,1,,2024-07-28
11911,8799,created,2023-09-14,,2,2023-09-14
11912,8799,canceled,2024-05-14,2,,2024-05-14
11913,8800,created,2022-04-03,,1,2022-04-03
11914,8800,canceled,2022-07-03,1,,2022-07-03
11915,8801,created,2024-07-04,,6,2024-07-04
11916,8802,upgraded,2024-08-04,6,8,2024-08-04
11917,8803,created,2022-06-10,,2,2022-06-13
11918,8803,canceled,2022-07-10,2,,2022-07-10
11919,8804,created,2024-04-10,,1,2024-04-10
11920,8805,created,2024-03-30,,4,2024-04-08
11921,8806,upgraded,2024-10-30,4,6,2024-10-30
11922,8807,created,2024-11-22,,4,2024-11-22
11923,8808,created,2024-02-14,,1,2024-02-14
11924,8808,canceled,2024-09-14,1,,2024-09-14
11925,8809,reactivated,2024-10-14,,1,2024-10-14
11926,8810,created,2022-10-11,,1,2022-10-11
11927,8811,upgraded,2023-06-11,1,2,2023-06-11
11928,8811,canceled,2023-10-11,2,,2023-10-11
11929,8812,created,2024-03-29,,1,2024-03-29
11930,8812,canceled,2024-06-29,1,,2024-06-29
11931,8813,created,2024-09-16,,2,2024-09-16
11932,8814,created,2024-12-19,,3,2024-12-19
11933,8815,created,2024-01-17,,2,2024-01-17
11934,8815,canceled,2024-03-17,2,,2024-03-17
11935,8816,created,2023-10-10,,1,2023-10-12
11936,8816,canceled,2024-05-10,1,,2024-05-10
11937,8817,created,2024-10-02,,2,2024-10-02
11938,8818,created,2023-06-23,,4,2023-06-23
11939,8818,canceled,2023-12-23,4,,2023-12-23
11940,8819,created,2024-04-22,,5,2024-04-22
11941,8820,downgraded,2024-05-22,5,3,2024-05-31
11942,8821,downgraded,2024-08-22,3,1,2024-08-22
11943,8822,created,2023-12-17,,2,2023-12-17
11944,8822,canceled,2024-03-17,2,,2024-03-17
11945,8823,created,2022-07-15,,1,2022-07-15
11946,8823,canceled,2022-11-15,1,,2022-11-15
11947,8824,reactivated,2024-05-15,,1,2024-05-15
11948,8824,canceled,2024-06-15,1,,2024-06-15
11949,8825,created,2023-11-13,,2,2023-11-13
11950,8826,created,2023-09-01,,5,2023-09-01
11951,8827,downgraded,2023-11-01,5,3,2023-11-01
11952,8827,canceled,2024-09-01,3,,2024-09-01
11953,8828,created,2024-06-22,,1,2024-06-22
11954,8829,created,2024-11-30,,2,2024-11-30
11955,8830,created,2023-09-27,,1,2023-09-27
11956,8830,canceled,2024-12-27,1,,2024-12-27
11957,8831,created,2024-09-28,,8,2024-09-28
11958,8832,created,2022-09-15,,3,2022-09-15
11959,8833,created,2024-03-31,,2,2024-03-31
11960,8834,created,2022-11-20,,2,2022-11-20
11961,8834,canceled,2023-05-20,2,,2023-05-20
11962,8835,created,2024-11-25,,2,2024-11-25
11963,8836,created,2024-08-16,,7,2024-08-16
11964,8837,upgraded,2024-09-16,7,8,2024-09-16
11965,8838,created,2024-05-04,,1,2024-05-04
11966,8838,canceled,2024-08-04,1,,2024-08-04
11967,8839,created,2024-09-08,,1,2024-09-08
11968,8839,canceled,2024-11-08,1,,2024-11-08
11969,8840,created,2024-05-05,,1,2024-05-05
11970,8841,created,2024-11-28,,1,2024-11-28
11971,8842,created,2024-06-19,,3,2024-06-19
11972,8842,canceled,2024-09-19,3,,2024-09-19
11973,8843,created,2024-11-02,,4,2024-11-02
11974,8844,created,2024-02-26,,2,2024-03-01
11975,8845,created,2023-03-23,,1,2023-03-23
11976,8845,canceled,2023-06-23,1,,2023-06-23
11977,8846,reactivated,2023-08-23,,1,2023-08-23
11978,8846,canceled,2024-03-23,1,,2024-03-23
11979,8847,created,2024-03-27,,7,2024-03-27
11980,8848,downgraded,2024-06-27,7,4,2024-06-27
11981,8848,canceled,2024-12-27,4,,2024-12-27
11982,8849,created,2023-03-31,,2,2023-03-31
11983,8850,created,2024-04-25,,2,2024-04-25
11984,8851,created,2024-02-01,,3,2024-02-01
11985,8851,canceled,2024-12-01,3,,2024-12-01
11986,8852,created,2024-05-23,,2,2024-05-23
11987,8853,created,2022-02-02,,3,2022-02-02
11988,8853,canceled,2022-06-02,3,,2022-06-02
11989,8854,created,2023-07-05,,1,2023-07-05
11990,8854,canceled,2023-08-05,1,,2023-08-05
11991,8855,created,2024-02-29,,4,2024-02-29
11992,8856,created,2024-11-23,,3,2024-11-23
11993,8857,created,2023-12-11,,1,2023-12-11
11994,8857,canceled,2024-09-11,1,,2024-09-11
11995,8858,created,2024-01-25,,1,2024-01-25
11996,8859,created,2024-07-16,,4,2024-07-16
11997,8860,upgraded,2024-09-16,4,6,2024-09-16
11998,8861,created,2024-04-29,,1,2024-04-29
11999,8862,created,2023-10-21,,4,2023-10-21
12000,8863,downgraded,2024-03-21,4,2,2024-03-21
12001,8864,upgraded,2024-12-21,2,4,2024-12-21
12002,8865,created,2024-01-01,,1,2024-01-01
12003,8866,created,2023-07-30,,1,2023-07-30
12004,8866,canceled,2023-11-30,1,,2023-11-30
12005,8867,created,2024-11-08,,1,2024-11-13
12006,8868,created,2023-04-05,,2,2023-04-05
12007,8868,canceled,2023-09-05,2,,2023-09-05
12008,8869,created,2023-11-29,,2,2023-11-29
12009,8870,created,2022-05-08,,2,2022-05-08
12010,8871,upgraded,2023-08-08,2,5,2023-08-08
12011,8871,canceled,2023-11-08,5,,2023-11-08
12012,8872,created,2023-08-11,,7,2023-08-11
12013,8873,created,2024-08-30,,1,2024-08-30
12014,8873,canceled,2024-09-30,1,,2024-09-30
12015,8874,created,2023-07-23,,4,2023-07-23
12016,8874,canceled,2023-08-23,4,,2023-08-23
12017,8875,created,2022-12-19,,1,2022-12-19
12018,8875,canceled,2024-06-19,1,,2024-06-19
12019,8876,created,2024-02-14,,4,2024-02-14
12020,8877,created,2022-02-05,,3,2022-02-05
12021,8878,upgraded,2022-09-05,3,4,2022-09-05
12022,8878,canceled,2024-01-05,4,,2024-01-05
12023,8879,created,2023-01-13,,2,2023-01-13
12024,8880,created,2024-09-15,,4,2024-09-15
12025,8881,upgraded,2024-12-15,4,6,2024-12-15
12026,8882,created,2024-08-15,,2,2024-08-15
12027,8883,created,2024-10-15,,1,2024-10-15
12028,8884,created,2024-09-18,,1,2024-09-18
12029,8885,created,2024-06-05,,1,2024-06-05
12030,8885,canceled,2024-07-05,1,,2024-07-05
12031,8886,created,2022-09-07,,1,2022-09-09
12032,8886,canceled,2023-04-07,1,,2023-04-07
12033,8887,created,2024-08-21,,2,2024-08-21
12034,8887,canceled,2024-09-21,2,,2024-09-21
12035,8888,created,2024-09-15,,6,2024-09-15
12036,8889,created,2024-08-11,,4,2024-08-11
12037,8890,created,2024-02-22,,1,2024-02-22
12038,8891,upgraded,2024-07-22,1,3,2024-07-22
12039,8891,canceled,2024-10-22,3,,2024-10-22
12040,8892,created,2023-08-06,,2,2023-08-06
12041,8893,upgraded,2024-01-06,2,4,2024-01-06
12042,8893,canceled,2024-08-06,4,,2024-08-06
12043,8894,created,2024-09-09,,1,2024-09-09
12044,8894,canceled,2024-10-09,1,,2024-10-09
12045,8895,created,2024-07-24,,1,2024-07-24
12046,8895,canceled,2024-10-24,1,,2024-10-24
12047,8896,created,2024-12-20,,1,2024-12-20
12048,8897,created,2023-05-10,,2,2023-05-10
12049,8897,canceled,2024-05-10,2,,2024-05-10
12050,8898,created,2023-08-06,,7,2023-08-16
12051,8899,downgraded,2024-08-06,7,4,2024-08-06
12052,8900,created,2023-07-06,,2,2023-07-06
12053,8901,created,2024-08-25,,8,2024-08-25
12054,8902,created,2023-06-11,,3,2023-06-11
12055,8903,downgraded,2024-07-11,3,1,2024-07-11
12056,8904,created,2022-10-08,,1,2022-10-08
12057,8904,canceled,2023-02-08,1,,2023-02-08
12058,8905,created,2024-12-26,,8,2024-12-26
12059,8906,created,2022-04-01,,1,2022-04-01
12060,8906,canceled,2022-05-01,1,,2022-05-01
12061,8907,reactivated,2023-04-01,,3,2023-04-01
12062,8907,canceled,2023-12-01,3,,2023-12-01
12063,8908,reactivated,2024-05-01,,1,2024-05-01
12064,8908,canceled,2024-10-01,1,,2024-10-01
12065,8909,created,2024-09-06,,3,2024-09-06
12066,8910,created,2023-11-15,,1,2023-11-15
12067,8910,canceled,2024-05-15,1,,2024-05-15
12068,8911,created,2024-09-20,,8,2024-09-20
12069,8912,created,2024-03-14,,6,2024-03-14
12070,8913,created,2024-10-04,,3,2024-10-04
12071,8914,created,2024-11-13,,6,2024-11-13
12072,8915,created,2022-02-27,,2,2022-02-27
12073,8915,canceled,2022-07-27,2,,2022-07-27
12074,8916,created,2022-11-12,,2,2022-11-12
12075,8917,created,2023-09-08,,3,2023-09-08
12076,8917,canceled,2024-09-08,3,,2024-09-08
12077,8918,created,2024-06-25,,1,2024-06-25
12078,8919,upgraded,2024-09-25,1,2,2024-09-25
12079,8920,created,2024-10-02,,2,2024-10-02
12080,8921,created,2024-01-19,,5,2024-01-19
12081,8922,created,2024-04-08,,6,2024-04-08
12082,8922,canceled,2024-07-08,6,,2024-07-08
12083,8923,created,2023-06-01,,7,2023-06-01
12084,8923,canceled,2023-12-01,7,,2023-12-01
12085,8924,reactivated,2024-02-01,,1,2024-02-01
12086,8924,canceled,2024-11-01,1,,2024-11-01
12087,8925,reactivated,2024-12-01,,7,2024-12-01
12088,8926,created,2024-09-21,,1,2024-09-21
12089,8926,canceled,2024-10-21,1,,2024-10-21
12090,8927,created,2024-11-27,,1,2024-11-27
12091,8928,created,2023-09-23,,2,2023-09-23
12092,8929,created,2024-02-20,,1,2024-02-27
12093,8929,canceled,2024-05-20,1,,2024-05-20
12094,8930,created,2023-01-20,,4,2023-01-20
12095,8931,upgraded,2023-07-20,4,7,2023-07-20
12096,8932,upgraded,2023-10-20,7,8,2023-10-20
12097,8933,downgraded,2023-12-20,8,7,2023-12-20
12098,8934,downgraded,2024-07-20,7,5,2024-07-20
12099,14692,created,2024-03-26,,1,2024-03-26
12100,8936,upgraded,2024-06-26,1,3,2024-06-26
12101,8937,created,2024-02-05,,4,2024-02-05
12102,8938,downgraded,2024-03-05,4,3,2024-03-05
12103,8938,canceled,2024-04-05,3,,2024-04-05
12104,8939,created,2023-04-21,,4,2023-04-21
12105,8939,canceled,2024-07-21,4,,2024-07-21
12106,8940,reactivated,2024-08-21,,8,2024-08-21
12107,8941,downgraded,2024-11-21,8,6,2024-11-21
12108,8942,created,2024-01-03,,2,2024-01-03
12109,8942,canceled,2024-09-03,2,,2024-09-03
12110,8943,created,2023-10-10,,2,2023-10-10
12111,8943,canceled,2024-01-10,2,,2024-01-10
12112,8944,created,2024-03-04,,1,2024-03-04
12113,8944,canceled,2024-09-04,1,,2024-09-04
12114,8945,created,2024-04-22,,2,2024-04-22
12115,8945,canceled,2024-12-22,2,,2024-12-22
12116,8946,created,2022-02-22,,6,2022-02-22
12117,8947,upgraded,2023-05-22,6,8,2023-05-22
12118,8948,downgraded,2023-12-22,8,6,2023-12-22
12119,8949,created,2024-08-23,,4,2024-08-23
12120,8950,created,2024-06-16,,2,2024-06-16
12121,8950,canceled,2024-08-16,2,,2024-08-16
12122,8951,created,2023-11-01,,4,2023-11-01
12123,8952,created,2022-09-23,,8,2022-09-23
12124,8953,created,2024-07-22,,8,2024-07-22
12125,8954,created,2024-11-05,,2,2024-11-05
12126,8955,created,2023-08-21,,1,2023-08-21
12127,8955,canceled,2023-09-21,1,,2023-09-21
12128,8956,reactivated,2024-05-21,,5,2024-05-21
12129,8957,created,2023-10-21,,1,2023-10-21
12130,8957,canceled,2024-05-21,1,,2024-05-21
12131,8958,created,2023-06-08,,1,2023-06-08
12132,8958,canceled,2023-12-08,1,,2023-12-08
12133,8959,created,2024-04-18,,2,2024-04-18
12134,8960,downgraded,2024-07-18,2,1,2024-07-18
12135,8961,created,2023-05-13,,4,2023-05-13
12136,8961,canceled,2023-07-13,4,,2023-07-13
12137,8962,created,2023-11-17,,4,2023-11-24
12138,8962,canceled,2024-01-17,4,,2024-01-17
12139,8963,reactivated,2024-09-17,,6,2024-09-17
12140,8964,created,2024-06-03,,2,2024-06-03
12141,8965,created,2024-03-01,,4,2024-03-01
12142,8966,created,2023-12-27,,4,2024-01-02
12143,8967,created,2024-01-18,,2,2024-01-18
12144,8967,canceled,2024-04-18,2,,2024-04-18
12145,8968,created,2024-03-23,,1,2024-03-23
12146,8969,created,2022-01-12,,1,2022-01-12
12147,8969,canceled,2022-06-12,1,,2022-06-12
12148,8970,reactivated,2023-04-12,,1,2023-04-12
12149,8971,upgraded,2023-06-12,1,2,2023-06-12
12150,8972,upgraded,2023-11-12,2,5,2023-11-12
12151,8973,created,2022-12-13,,1,2022-12-13
12152,8974,upgraded,2023-04-13,1,2,2023-04-13
12153,8974,canceled,2023-11-13,2,,2023-11-13
12154,8975,created,2024-10-31,,4,2024-10-31
12155,8975,canceled,2024-11-30,4,,2024-11-30
12156,8976,created,2022-12-18,,6,2022-12-18
12157,8977,downgraded,2023-11-18,6,5,2023-11-18
12158,8977,canceled,2024-02-18,5,,2024-02-18
12159,8978,created,2024-06-19,,3,2024-06-19
12160,8979,created,2024-11-30,,1,2024-11-30
12161,8979,canceled,2024-12-30,1,,2024-12-30
12162,8980,created,2023-09-09,,3,2023-09-09
12163,8981,upgraded,2023-12-09,3,5,2023-12-09
12164,8982,created,2023-11-12,,3,2023-11-12
12165,8983,upgraded,2023-12-12,3,5,2023-12-12
12166,8984,created,2024-04-14,,4,2024-04-14
12167,8985,downgraded,2024-05-14,4,2,2024-05-14
12168,8986,upgraded,2024-11-14,2,5,2024-11-14
12169,8987,created,2024-10-29,,5,2024-10-29
12170,8988,created,2024-11-09,,1,2024-11-09
12171,8989,created,2024-07-30,,2,2024-07-30
12172,8990,downgraded,2024-08-30,2,1,2024-08-30
12173,8991,created,2023-01-13,,4,2023-01-22
12174,8992,downgraded,2023-09-13,4,2,2023-09-13
12175,8993,downgraded,2023-12-13,2,1,2023-12-13
12176,8993,canceled,2024-06-13,1,,2024-06-13
12177,8994,created,2024-06-14,,4,2024-06-14
12178,8995,downgraded,2024-12-14,4,3,2024-12-14
12179,8996,created,2024-01-14,,1,2024-01-14
12180,8996,canceled,2024-05-14,1,,2024-05-14
12181,8997,created,2024-02-10,,8,2024-02-10
12182,8998,created,2022-08-14,,6,2022-08-14
12183,8999,upgraded,2023-08-14,6,8,2023-08-14
12184,9000,downgraded,2023-10-14,8,7,2023-10-14
12185,9001,created,2023-06-19,,1,2023-06-19
12186,9001,canceled,2023-08-19,1,,2023-08-19
12187,9002,reactivated,2024-04-19,,1,2024-04-19
12188,9002,canceled,2024-06-19,1,,2024-06-19
12189,9003,created,2024-08-18,,6,2024-08-18
12190,9004,created,2024-01-22,,1,2024-01-22
12191,9004,canceled,2024-03-22,1,,2024-03-22
12192,9005,created,2023-10-15,,6,2023-10-15
12193,9005,canceled,2023-11-15,6,,2023-11-15
12194,9006,created,2023-12-31,,1,2023-12-31
12195,9006,canceled,2024-02-29,1,,2024-02-29
12196,9007,reactivated,2024-10-29,,2,2024-10-29
12197,9008,created,2024-09-15,,4,2024-09-15
12198,9009,created,2024-07-09,,1,2024-07-09
12199,9010,created,2023-09-10,,2,2023-09-10
12200,9010,canceled,2024-01-10,2,,2024-01-10
12201,9011,created,2023-03-01,,5,2023-03-01
12202,9012,upgraded,2024-12-01,5,6,2024-12-01
12203,9013,created,2023-09-16,,1,2023-09-16
12204,9013,canceled,2023-12-16,1,,2023-12-16
12205,9014,created,2024-11-28,,1,2024-12-07
12206,9015,created,2024-04-30,,1,2024-04-30
12207,9016,upgraded,2024-09-30,1,2,2024-09-30
12208,9017,created,2024-03-28,,1,2024-03-31
12209,9018,created,2024-04-10,,1,2024-04-10
12210,9018,canceled,2024-06-10,1,,2024-06-10
12211,9019,created,2023-11-08,,1,2023-11-08
12212,9020,upgraded,2024-02-08,1,3,2024-02-08
12213,9021,created,2024-09-15,,5,2024-09-15
12214,9022,created,2024-03-31,,1,2024-03-31
12215,9022,canceled,2024-05-30,1,,2024-05-30
12216,9023,reactivated,2024-07-30,,4,2024-07-30
12217,9024,downgraded,2024-12-30,4,2,2024-12-30
12218,9025,created,2023-03-24,,4,2023-03-24
12219,9026,created,2023-04-23,,6,2023-04-27
12220,9027,upgraded,2024-12-23,6,8,2024-12-23
12221,9028,created,2024-03-13,,1,2024-03-13
12222,9028,canceled,2024-08-13,1,,2024-08-13
12223,9029,created,2024-11-13,,5,2024-11-13
12224,9030,created,2023-10-28,,7,2023-10-28
12225,9031,created,2024-10-07,,2,2024-10-07
12226,9031,canceled,2024-11-07,2,,2024-11-07
12227,9032,created,2024-08-26,,8,2024-08-26
12228,9033,created,2023-08-02,,3,2023-08-02
12229,9033,canceled,2023-09-02,3,,2023-09-02
12230,9034,reactivated,2024-06-02,,1,2024-06-02
12231,9035,created,2022-06-17,,1,2022-06-17
12232,9036,upgraded,2022-12-17,1,3,2022-12-17
12233,9036,canceled,2023-04-17,3,,2023-04-17
12234,9037,reactivated,2024-04-17,,1,2024-04-17
12235,9038,upgraded,2024-10-17,1,3,2024-10-17
12236,9039,created,2023-02-25,,7,2023-02-25
12237,9039,canceled,2023-10-25,7,,2023-10-31
12238,9040,created,2024-07-25,,4,2024-07-25
12239,9041,created,2023-07-13,,2,2023-07-13
12240,9041,canceled,2024-08-13,2,,2024-08-13
12241,9042,created,2023-11-23,,3,2023-11-23
12242,9043,upgraded,2023-12-23,3,4,2023-12-23
12243,9043,canceled,2024-06-23,4,,2024-06-23
12244,9044,created,2024-02-21,,1,2024-02-21
12245,9044,canceled,2024-03-21,1,,2024-03-24
12246,9045,created,2024-07-11,,8,2024-07-11
12247,9046,created,2023-03-29,,5,2023-03-29
12248,9047,created,2023-12-18,,2,2023-12-18
12249,9048,upgraded,2024-11-18,2,5,2024-11-18
12250,9049,created,2024-02-23,,3,2024-02-23
12251,9050,created,2024-03-09,,5,2024-03-09
12252,9051,created,2024-09-19,,1,2024-09-19
12253,9051,canceled,2024-11-19,1,,2024-11-19
12254,9052,created,2023-06-29,,2,2023-06-29
12255,9053,upgraded,2024-03-29,2,5,2024-03-29
12256,9054,downgraded,2024-12-29,5,3,2024-12-29
12257,9055,created,2024-09-10,,4,2024-09-10
12258,9056,created,2024-06-17,,1,2024-06-17
12259,9057,created,2024-03-18,,1,2024-03-18
12260,9058,upgraded,2024-04-18,1,2,2024-04-18
12261,9058,canceled,2024-12-18,2,,2024-12-18
12262,9059,created,2024-06-17,,1,2024-06-17
12263,9059,canceled,2024-10-17,1,,2024-10-17
12264,9060,created,2024-01-10,,4,2024-01-10
12265,9061,created,2023-04-09,,4,2023-04-09
12266,9062,upgraded,2023-08-09,4,7,2023-08-09
12267,9063,downgraded,2024-07-09,7,5,2024-07-09
12268,9064,created,2024-05-17,,5,2024-05-17
12269,9064,canceled,2024-09-17,5,,2024-09-17
12270,9065,created,2024-03-07,,1,2024-03-07
12271,9065,canceled,2024-08-07,1,,2024-08-07
12272,9066,created,2024-05-21,,2,2024-05-21
12273,9066,canceled,2024-09-21,2,,2024-09-21
12274,9067,created,2023-10-17,,1,2023-10-17
12275,9067,canceled,2024-03-17,1,,2024-03-17
12276,9068,reactivated,2024-08-17,,1,2024-08-17
12277,9069,created,2024-10-04,,8,2024-10-04
12278,9070,created,2024-04-10,,2,2024-04-10
12279,9070,canceled,2024-06-10,2,,2024-06-10
12280,9071,created,2023-01-18,,4,2023-01-18
12281,9072,created,2024-01-02,,2,2024-01-02
12282,9073,downgraded,2024-03-02,2,1,2024-03-02
12283,9074,created,2024-07-04,,4,2024-07-04
12284,9075,created,2024-08-21,,2,2024-08-21
12285,9076,created,2024-02-03,,3,2024-02-03
12286,9076,canceled,2024-09-03,3,,2024-09-03
12287,9077,created,2024-10-26,,1,2024-10-26
12288,9078,created,2023-09-19,,1,2023-09-19
12289,9078,canceled,2024-06-19,1,,2024-06-22
12290,9079,created,2024-01-19,,3,2024-01-19
12291,9079,canceled,2024-07-19,3,,2024-07-19
12292,9080,created,2024-10-06,,1,2024-10-06
12293,9081,created,2024-10-11,,1,2024-10-11
12294,9082,created,2024-06-07,,5,2024-06-07
12295,9082,canceled,2024-11-07,5,,2024-11-07
12296,9083,created,2024-09-03,,2,2024-09-03
12297,9084,created,2023-01-05,,4,2023-01-05
12298,9084,canceled,2024-02-05,4,,2024-02-05
12299,9085,created,2024-10-08,,2,2024-10-08
12300,9085,canceled,2024-12-08,2,,2024-12-08
12301,9086,created,2023-10-06,,1,2023-10-06
12302,9086,canceled,2023-11-06,1,,2023-11-06
12303,9087,created,2023-06-04,,3,2023-06-04
12304,9088,downgraded,2023-10-04,3,1,2023-10-04
12305,9088,canceled,2023-12-04,1,,2023-12-04
12306,9089,created,2023-08-18,,2,2023-08-18
12307,9089,canceled,2024-06-18,2,,2024-06-18
12308,9090,created,2024-01-09,,8,2024-01-09
12309,9091,created,2023-09-28,,2,2023-09-28
12310,9092,upgraded,2023-12-28,2,5,2023-12-28
12311,9093,upgraded,2024-07-28,5,6,2024-07-28
12312,9094,created,2023-10-01,,6,2023-10-01
12313,9095,upgraded,2023-11-01,6,8,2023-11-01
12314,9096,downgraded,2024-01-01,8,6,2024-01-01
12315,9097,upgraded,2024-04-01,6,8,2024-04-01
12316,9098,downgraded,2024-08-01,8,7,2024-08-01
12317,9099,created,2023-04-29,,1,2023-04-29
12318,9099,canceled,2023-11-29,1,,2023-11-29
12319,9100,created,2023-10-14,,3,2023-10-14
12320,9101,upgraded,2024-08-14,3,5,2024-08-14
12321,9102,created,2024-04-11,,2,2024-04-11
12322,9102,canceled,2024-08-11,2,,2024-08-11
12323,9103,created,2024-01-02,,5,2024-01-02
12324,9103,canceled,2024-10-02,5,,2024-10-02
12325,9104,created,2023-11-10,,1,2023-11-10
12326,9104,canceled,2024-01-10,1,,2024-01-10
12327,9105,reactivated,2024-07-10,,1,2024-07-10
12328,9105,canceled,2024-11-10,1,,2024-11-10
12329,9106,created,2024-07-18,,2,2024-07-18
12330,9106,canceled,2024-11-18,2,,2024-11-18
12331,9107,created,2024-10-18,,7,2024-10-18
12332,9108,created,2024-07-24,,1,2024-07-24
12333,9109,created,2023-10-08,,4,2023-10-08
12334,9110,upgraded,2024-05-08,4,6,2024-05-08
12335,20537,canceled,2024-12-08,6,,2024-12-08
12336,9111,created,2024-07-16,,5,2024-07-16
12337,9112,created,2023-05-31,,1,2023-05-31
12338,9112,canceled,2023-11-30,1,,2023-11-30
12339,9113,created,2023-04-10,,1,2023-04-10
12340,9113,canceled,2023-08-10,1,,2023-08-10
12341,9114,created,2023-11-21,,4,2023-11-21
12342,9115,downgraded,2024-01-21,4,3,2024-01-21
12343,9116,downgraded,2024-06-21,3,1,2024-06-21
12344,9116,canceled,2024-11-21,1,,2024-11-21
12345,9117,created,2024-09-20,,4,2024-09-20
12346,9118,created,2023-08-03,,1,2023-08-03
12347,9118,canceled,2024-10-03,1,,2024-10-03
12348,9119,created,2022-10-05,,1,2022-10-05
12349,9120,upgraded,2023-02-05,1,3,2023-02-05
12350,9121,downgraded,2023-08-05,3,1,2023-08-05
12351,9121,canceled,2024-07-05,1,,2024-07-05
12352,9122,reactivated,2024-11-05,,7,2024-11-05
12353,9123,created,2023-04-29,,2,2023-04-29
12354,9124,downgraded,2023-07-29,2,1,2023-07-29
12355,9125,upgraded,2023-08-29,1,2,2023-08-29
12356,9125,canceled,2023-11-29,2,,2023-11-29
12357,9126,created,2024-09-16,,4,2024-09-16
12358,9127,created,2024-05-16,,1,2024-05-16
12359,9128,created,2023-09-23,,3,2023-09-23
12360,9129,downgraded,2024-08-23,3,1,2024-08-23
12361,9130,created,2024-03-19,,2,2024-03-19
12362,9131,created,2024-03-20,,1,2024-03-20
12363,9131,canceled,2024-10-20,1,,2024-10-20
12364,9132,created,2024-05-15,,3,2024-05-15
12365,9133,upgraded,2024-12-15,3,4,2024-12-15
12366,9134,created,2023-08-22,,2,2023-08-22
12367,9134,canceled,2023-11-22,2,,2023-11-22
12368,9135,created,2024-10-25,,2,2024-10-25
12369,9136,created,2023-10-05,,1,2023-10-05
12370,9136,canceled,2024-07-05,1,,2024-07-05
12371,9137,created,2024-06-05,,1,2024-06-05
12372,9137,canceled,2024-09-05,1,,2024-09-05
12373,9138,created,2022-03-07,,1,2022-03-07
12374,9138,canceled,2022-04-07,1,,2022-04-07
12375,9139,reactivated,2022-10-07,,3,2022-10-07
12376,9140,upgraded,2024-05-07,3,4,2024-05-07
12377,9141,created,2023-11-06,,1,2023-11-06
12378,9141,canceled,2024-01-06,1,,2024-01-06
12379,9142,created,2023-11-09,,1,2023-11-09
12380,9143,upgraded,2024-02-09,1,2,2024-02-09
12381,9143,canceled,2024-12-09,2,,2024-12-09
12382,9144,created,2024-03-01,,6,2024-03-01
12383,9145,downgraded,2024-07-01,6,4,2024-07-01
12384,9146,created,2022-11-14,,1,2022-11-14
12385,9146,canceled,2023-02-14,1,,2023-02-14
12386,9147,created,2024-08-21,,1,2024-08-21
12387,9148,created,2023-07-02,,1,2023-07-02
12388,9148,canceled,2024-01-02,1,,2024-01-02
12389,9149,reactivated,2024-05-02,,4,2024-05-02
12390,9150,upgraded,2024-06-02,4,6,2024-06-02
12391,9151,created,2024-06-23,,1,2024-06-23
12392,9151,canceled,2024-08-23,1,,2024-08-27
12393,9152,created,2024-09-17,,2,2024-09-17
12394,9152,canceled,2024-11-17,2,,2024-11-17
12395,9153,created,2024-03-23,,1,2024-03-23
12396,9153,canceled,2024-10-23,1,,2024-10-23
12397,9154,created,2024-07-11,,2,2024-07-11
12398,9155,upgraded,2024-10-11,2,4,2024-10-11
12399,9156,created,2024-05-07,,5,2024-05-07
12400,9157,upgraded,2024-10-07,5,7,2024-10-07
12401,9158,created,2023-11-07,,2,2023-11-07
12402,9158,canceled,2024-07-07,2,,2024-07-07
12403,9159,created,2024-09-04,,1,2024-09-04
12404,9160,created,2023-09-27,,3,2023-09-27
12405,9161,downgraded,2023-10-27,3,1,2023-10-27
12406,9161,canceled,2023-12-27,1,,2023-12-27
12407,9162,created,2024-04-17,,1,2024-04-17
12408,9162,canceled,2024-07-17,1,,2024-07-17
12409,9163,created,2024-07-10,,1,2024-07-10
12410,9164,upgraded,2024-09-10,1,3,2024-09-10
12411,9165,upgraded,2024-11-10,3,5,2024-11-10
12412,9166,created,2023-11-29,,4,2023-11-29
12413,9167,upgraded,2024-09-29,4,6,2024-09-29
12414,9168,created,2023-10-23,,2,2023-10-23
12415,9169,created,2024-01-05,,4,2024-01-05
12416,9170,created,2024-09-11,,2,2024-09-11
12417,9171,created,2024-11-24,,5,2024-11-24
12418,9172,created,2024-03-26,,2,2024-03-26
12419,9172,canceled,2024-10-26,2,,2024-10-26
12420,9173,created,2024-05-05,,3,2024-05-05
12421,9174,upgraded,2024-06-05,3,5,2024-06-05
12422,9175,created,2024-10-10,,2,2024-10-10
12423,9176,created,2023-02-03,,1,2023-02-03
12424,9176,canceled,2023-03-03,1,,2023-03-03
12425,9177,reactivated,2024-11-03,,1,2024-11-03
12426,9178,created,2023-08-07,,5,2023-08-07
12427,9178,canceled,2024-04-07,5,,2024-04-07
12428,9179,created,2024-06-21,,1,2024-06-21
12429,9179,canceled,2024-08-21,1,,2024-08-21
12430,9180,created,2024-09-24,,1,2024-09-24
12431,9181,created,2024-09-28,,3,2024-09-28
12432,9182,created,2024-01-25,,1,2024-01-25
12433,9182,canceled,2024-08-25,1,,2024-08-25
12434,9183,created,2023-01-30,,6,2023-01-30
12435,9184,created,2024-01-17,,2,2024-01-17
12436,9185,upgraded,2024-02-17,2,4,2024-02-17
12437,9185,canceled,2024-11-17,4,,2024-11-17
12438,14519,created,2023-08-15,,5,2023-08-15
12439,9186,canceled,2024-04-15,5,,2024-04-15
12440,9187,created,2023-09-10,,1,2023-09-10
12441,9188,upgraded,2024-11-10,1,3,2024-11-10
12442,9189,created,2024-08-17,,3,2024-08-17
12443,9190,created,2022-11-09,,3,2022-11-09
12444,9191,created,2024-09-25,,7,2024-09-25
12445,9192,created,2024-01-08,,6,2024-01-08
12446,9193,upgraded,2024-09-08,6,8,2024-09-08
12447,9193,canceled,2024-12-08,8,,2024-12-08
12448,9194,created,2024-04-15,,1,2024-04-15
12449,9194,canceled,2024-09-15,1,,2024-09-15
12450,9195,created,2023-01-13,,2,2023-01-13
12451,9196,upgraded,2024-10-13,2,5,2024-10-13
12452,9197,created,2023-10-26,,1,2023-10-26
12453,9197,canceled,2023-11-26,1,,2023-11-26
12454,9198,reactivated,2023-12-26,,2,2023-12-26
12455,9199,created,2023-01-21,,8,2023-01-21
12456,9200,downgraded,2023-05-21,8,6,2023-05-31
12457,9201,created,2024-11-28,,1,2024-11-28
12458,9202,created,2024-09-23,,3,2024-09-23
12459,9202,canceled,2024-10-23,3,,2024-10-23
12460,9203,created,2024-01-28,,3,2024-02-07
12461,9204,created,2023-08-27,,1,2023-08-27
12462,9205,upgraded,2024-03-27,1,2,2024-03-27
12463,9206,created,2024-11-22,,1,2024-11-22
12464,9207,created,2023-11-08,,4,2023-11-08
12465,9208,upgraded,2024-05-08,4,6,2024-05-08
12466,9209,downgraded,2024-06-08,6,4,2024-06-08
12467,9210,created,2023-05-07,,2,2023-05-07
12468,9210,canceled,2023-11-07,2,,2023-11-07
12469,9211,created,2024-03-05,,3,2024-03-05
12470,9212,created,2024-11-10,,5,2024-11-10
12471,9213,created,2022-01-14,,4,2022-01-14
12472,9213,canceled,2022-03-14,4,,2022-03-20
12473,9214,reactivated,2023-12-14,,1,2023-12-14
12474,9215,upgraded,2024-01-14,1,2,2024-01-14
12475,9216,created,2023-08-24,,1,2023-08-24
12476,9216,canceled,2024-02-24,1,,2024-02-24
12477,9217,created,2024-11-23,,1,2024-11-23
12478,9218,created,2023-06-28,,1,2023-06-28
12479,9218,canceled,2023-09-28,1,,2023-09-28
12480,9219,created,2023-03-31,,6,2023-04-04
12481,9220,created,2024-04-17,,2,2024-04-17
12482,9221,created,2024-09-24,,8,2024-10-02
12483,9222,created,2024-02-06,,2,2024-02-06
12484,9223,upgraded,2024-03-06,2,4,2024-03-06
12485,9224,created,2024-12-06,,1,2024-12-06
12486,9225,created,2024-06-23,,4,2024-06-23
12487,9226,created,2022-11-15,,2,2022-11-15
12488,9226,canceled,2023-07-15,2,,2023-07-15
12489,9227,created,2024-12-27,,1,2024-12-27
12490,9228,created,2023-12-20,,6,2023-12-20
12491,9229,created,2023-09-01,,1,2023-09-01
12492,9229,canceled,2024-04-01,1,,2024-04-01
12493,9230,created,2024-03-11,,1,2024-03-11
12494,9230,canceled,2024-05-11,1,,2024-05-11
12495,9231,created,2023-10-20,,1,2023-10-20
12496,9231,canceled,2023-11-20,1,,2023-11-20
12497,9232,created,2023-01-20,,1,2023-01-20
12498,9232,canceled,2023-03-20,1,,2023-03-20
12499,9233,reactivated,2024-05-20,,5,2024-05-20
12500,9234,created,2022-01-27,,6,2022-01-27
12501,9234,canceled,2022-02-27,6,,2022-02-27
12502,9235,reactivated,2023-01-27,,4,2023-01-27
12503,9236,created,2024-01-18,,1,2024-01-18
12504,9237,upgraded,2024-06-18,1,2,2024-06-18
12505,9238,created,2024-09-23,,5,2024-09-23
12506,9239,created,2024-04-04,,3,2024-04-04
12507,9239,canceled,2024-06-04,3,,2024-06-04
12508,9240,created,2024-12-18,,1,2024-12-18
12509,9241,created,2023-09-05,,1,2023-09-05
12510,9241,canceled,2024-01-05,1,,2024-01-05
12511,9242,created,2023-09-13,,1,2023-09-13
12512,9242,canceled,2024-05-13,1,,2024-05-13
12513,9243,created,2023-05-03,,1,2023-05-03
12514,9243,canceled,2023-12-03,1,,2023-12-03
12515,9244,created,2023-05-14,,3,2023-05-14
12516,9244,canceled,2023-10-14,3,,2023-10-14
12517,9245,created,2023-09-02,,2,2023-09-02
12518,9246,upgraded,2024-12-02,2,5,2024-12-02
12519,9247,created,2024-08-20,,8,2024-08-20
12520,9248,downgraded,2024-09-20,8,6,2024-09-20
12521,9249,created,2024-10-18,,1,2024-10-18
12522,9250,created,2024-12-02,,3,2024-12-02
12523,9251,created,2023-08-19,,3,2023-08-19
12524,9252,upgraded,2023-10-19,3,4,2023-10-19
12525,9252,canceled,2024-02-19,4,,2024-02-19
12526,9253,created,2024-10-05,,2,2024-10-05
12527,9254,upgraded,2024-12-05,2,5,2024-12-05
12528,9255,created,2023-10-13,,2,2023-10-13
12529,9255,canceled,2024-04-13,2,,2024-04-13
12530,13636,reactivated,2024-09-13,,1,2024-09-13
12531,9257,created,2023-03-19,,1,2023-03-19
12532,9257,canceled,2023-08-19,1,,2023-08-19
12533,9258,reactivated,2023-12-19,,1,2023-12-19
12534,9258,canceled,2024-01-19,1,,2024-01-19
12535,9259,created,2024-10-20,,3,2024-10-20
12536,9260,created,2024-05-28,,6,2024-05-28
12537,9261,created,2023-05-21,,4,2023-05-21
12538,9262,created,2024-01-01,,1,2024-01-01
12539,9263,created,2023-09-05,,1,2023-09-05
12540,9263,canceled,2024-02-05,1,,2024-02-05
12541,9264,reactivated,2024-09-05,,3,2024-09-05
12542,9265,downgraded,2024-11-05,3,1,2024-11-05
12543,9266,created,2024-07-21,,1,2024-07-21
12544,9266,canceled,2024-11-21,1,,2024-11-21
12545,9267,created,2024-01-19,,1,2024-01-19
12546,9267,canceled,2024-09-19,1,,2024-09-19
12547,9268,created,2024-12-24,,1,2025-01-01
12548,9269,created,2022-09-11,,1,2022-09-11
12549,9269,canceled,2023-12-11,1,,2023-12-11
12550,9270,created,2023-11-21,,8,2023-11-21
12551,9271,downgraded,2024-06-21,8,6,2024-06-21
12552,9272,created,2024-02-20,,2,2024-03-01
12553,9273,created,2024-02-16,,1,2024-02-16
12554,9274,created,2023-10-16,,3,2023-10-16
12555,9275,created,2024-07-31,,2,2024-07-31
12556,9276,created,2024-10-09,,1,2024-10-09
12557,9277,created,2024-11-18,,4,2024-11-18
12558,9278,created,2024-09-17,,3,2024-09-17
12559,9278,canceled,2024-11-17,3,,2024-11-17
12560,9279,created,2024-09-07,,1,2024-09-07
12561,9279,canceled,2024-11-07,1,,2024-11-07
12562,15975,created,2024-03-22,,2,2024-03-22
12563,9281,created,2024-09-14,,3,2024-09-14
12564,9282,created,2023-10-07,,4,2023-10-07
12565,9283,created,2023-12-11,,1,2023-12-11
12566,9283,canceled,2024-01-11,1,,2024-01-11
12567,9284,created,2023-10-15,,6,2023-10-15
12568,9284,canceled,2023-11-15,6,,2023-11-15
12569,9285,created,2024-02-17,,1,2024-02-17
12570,9285,canceled,2024-07-17,1,,2024-07-17
12571,9286,created,2023-09-29,,5,2023-09-29
12572,9286,canceled,2024-09-29,5,,2024-09-29
12573,9287,reactivated,2024-11-29,,4,2024-11-29
12574,9288,created,2024-11-07,,1,2024-11-10
12575,9289,created,2023-10-28,,6,2023-10-28
12576,9290,created,2023-02-11,,3,2023-02-11
12577,9291,created,2024-03-24,,1,2024-03-24
12578,9291,canceled,2024-05-24,1,,2024-05-24
12579,9292,created,2022-09-24,,1,2022-09-24
12580,20088,canceled,2023-07-24,1,,2023-07-24
12581,9293,created,2023-03-15,,3,2023-03-15
12582,9293,canceled,2024-06-15,3,,2024-06-15
12583,9294,created,2023-07-07,,1,2023-07-07
12584,9295,upgraded,2024-03-07,1,2,2024-03-07
12585,9296,upgraded,2024-05-07,2,4,2024-05-07
12586,9296,canceled,2024-09-07,4,,2024-09-07
12587,9297,created,2024-01-25,,2,2024-01-25
12588,9297,canceled,2024-04-25,2,,2024-04-25
12589,9298,created,2024-01-08,,2,2024-01-08
12590,9298,canceled,2024-10-08,2,,2024-10-08
12591,9299,created,2024-08-19,,2,2024-08-19
12592,9300,created,2024-07-22,,3,2024-07-22
12593,9300,canceled,2024-09-22,3,,2024-09-22
12594,9301,created,2024-01-30,,1,2024-02-07
12595,9301,canceled,2024-02-29,1,,2024-02-29
12596,9302,created,2023-10-12,,2,2023-10-12
12597,9302,canceled,2024-02-12,2,,2024-02-12
12598,9303,created,2023-10-23,,7,2023-10-23
12599,9304,created,2024-08-22,,1,2024-08-22
12600,9305,created,2022-09-11,,2,2022-09-11
12601,9305,canceled,2024-06-11,2,,2024-06-11
12602,9306,created,2022-02-20,,3,2022-02-20
12603,9307,upgraded,2023-03-20,3,4,2023-03-20
12604,9308,downgraded,2023-04-20,4,2,2023-04-20
12605,9308,canceled,2023-08-20,2,,2023-08-20
12606,9309,created,2024-08-08,,2,2024-08-08
12607,9310,downgraded,2024-09-08,2,1,2024-09-08
12608,9311,created,2024-02-27,,8,2024-02-27
12609,9312,downgraded,2024-06-27,8,6,2024-06-27
12610,9313,downgraded,2024-12-27,6,4,2024-12-27
12611,9314,created,2023-04-24,,6,2023-04-24
12612,9315,upgraded,2023-11-24,6,8,2023-11-24
12613,9315,canceled,2024-01-24,8,,2024-01-24
12614,9316,created,2023-08-12,,4,2023-08-12
12615,9316,canceled,2024-03-12,4,,2024-03-12
12616,9317,created,2024-11-13,,1,2024-11-13
12617,9318,created,2024-09-05,,3,2024-09-13
12618,9318,canceled,2024-11-05,3,,2024-11-05
12619,9319,created,2024-06-06,,1,2024-06-06
12620,9319,canceled,2024-07-06,1,,2024-07-06
12621,9320,created,2024-02-17,,2,2024-02-17
12622,9320,canceled,2024-06-17,2,,2024-06-17
12623,9321,created,2024-03-23,,1,2024-03-23
12624,9322,upgraded,2024-06-23,1,2,2024-06-23
12625,9323,upgraded,2024-07-23,2,5,2024-07-23
12626,9324,upgraded,2024-10-23,5,7,2024-10-23
12627,9325,created,2024-12-03,,1,2024-12-03
12628,9326,created,2024-11-26,,1,2024-11-26
12629,9327,created,2023-07-08,,6,2023-07-08
12630,9328,created,2024-09-30,,3,2024-09-30
12631,9328,canceled,2024-11-30,3,,2024-11-30
12632,9329,created,2023-07-22,,1,2023-07-22
12633,9329,canceled,2024-02-22,1,,2024-02-22
12634,9330,created,2023-07-25,,4,2023-07-25
12635,9331,upgraded,2023-09-25,4,6,2023-09-25
12636,9332,created,2024-06-04,,1,2024-06-04
12637,9332,canceled,2024-11-04,1,,2024-11-04
12638,14404,created,2023-12-13,,3,2023-12-13
12639,9334,upgraded,2024-06-13,3,5,2024-06-13
12640,9335,created,2024-11-22,,1,2024-11-22
12641,9336,created,2023-01-24,,2,2023-01-24
12642,9337,downgraded,2024-02-24,2,1,2024-02-24
12643,9337,canceled,2024-03-24,1,,2024-03-28
12644,9338,created,2024-02-14,,5,2024-02-14
12645,9339,upgraded,2024-06-14,5,6,2024-06-14
12646,9340,created,2024-10-01,,3,2024-10-01
12647,9340,canceled,2024-12-01,3,,2024-12-01
12648,9341,created,2024-10-26,,1,2024-10-26
12649,9342,created,2023-05-20,,1,2023-05-20
12650,9342,canceled,2023-12-20,1,,2023-12-20
12651,9343,created,2023-11-20,,2,2023-11-20
12652,9344,upgraded,2024-03-20,2,5,2024-03-29
12653,9345,downgraded,2024-05-20,5,2,2024-05-20
12654,9346,created,2024-05-08,,1,2024-05-08
12655,9347,created,2023-05-14,,6,2023-05-14
12656,9348,created,2024-11-02,,4,2024-11-02
12657,9349,created,2024-10-18,,2,2024-10-18
12658,9350,downgraded,2024-12-18,2,1,2024-12-18
12659,13711,created,2023-05-23,,5,2023-05-23
12660,9351,canceled,2024-08-23,5,,2024-08-23
12661,9352,created,2023-03-04,,1,2023-03-04
12662,9352,canceled,2023-06-04,1,,2023-06-04
12663,9353,reactivated,2024-10-04,,3,2024-10-04
12664,9353,canceled,2024-12-04,3,,2024-12-04
12665,9354,created,2023-01-26,,4,2023-01-26
12666,9354,canceled,2023-05-26,4,,2023-05-26
12667,9355,created,2024-10-17,,2,2024-10-17
12668,9355,canceled,2024-11-17,2,,2024-11-17
12669,9356,created,2023-06-30,,1,2023-06-30
12670,9356,canceled,2023-10-30,1,,2023-10-30
12671,9357,created,2024-01-05,,1,2024-01-05
12672,9357,canceled,2024-07-05,1,,2024-07-05
12673,9358,created,2024-01-12,,3,2024-01-12
12674,9359,created,2024-04-26,,4,2024-04-26
12675,9360,created,2022-11-16,,1,2022-11-16
12676,9360,canceled,2023-09-16,1,,2023-09-16
12677,9361,created,2023-08-06,,5,2023-08-06
12678,9361,canceled,2024-11-06,5,,2024-11-10
12679,9362,created,2024-11-10,,1,2024-11-10
12680,9363,created,2024-10-07,,3,2024-10-17
12681,9364,created,2024-08-21,,6,2024-08-21
12682,9365,created,2022-03-08,,1,2022-03-08
12683,9366,upgraded,2023-07-08,1,3,2023-07-08
12684,9366,canceled,2024-09-08,3,,2024-09-08
12685,9367,created,2023-10-21,,5,2023-10-21
12686,9368,upgraded,2023-12-21,5,6,2023-12-21
12687,9369,downgraded,2024-04-21,6,5,2024-04-21
12688,9369,canceled,2024-08-21,5,,2024-08-21
12689,9370,created,2024-05-16,,1,2024-05-22
12690,9370,canceled,2024-06-16,1,,2024-06-16
12691,9371,created,2023-09-14,,4,2023-09-14
12692,9371,canceled,2024-03-14,4,,2024-03-14
12693,9372,created,2024-10-30,,4,2024-10-30
12694,9373,created,2024-05-31,,1,2024-05-31
12695,21208,canceled,2024-07-30,1,,2024-07-30
12696,9374,created,2022-11-28,,2,2022-11-28
12697,9375,upgraded,2024-03-28,2,4,2024-03-28
12698,9376,upgraded,2024-05-28,4,6,2024-05-28
12699,9377,created,2024-10-22,,1,2024-10-22
12700,9378,created,2024-11-16,,4,2024-11-16
12701,9379,created,2022-12-19,,3,2022-12-19
12702,9379,canceled,2024-05-19,3,,2024-05-19
12703,9380,created,2024-03-26,,1,2024-04-05
12704,19477,created,2023-10-25,,2,2023-11-02
12705,9382,downgraded,2024-04-25,2,1,2024-04-25
12706,9382,canceled,2024-05-25,1,,2024-05-25
12707,9383,created,2023-12-19,,4,2023-12-19
12708,9384,created,2023-06-21,,5,2023-06-21
12709,9384,canceled,2023-11-21,5,,2023-11-21
12710,9385,created,2024-04-27,,3,2024-04-27
12711,9385,canceled,2024-10-27,3,,2024-10-27
12712,9386,created,2024-11-09,,2,2024-11-09
12713,9387,created,2024-02-06,,1,2024-02-06
12714,9387,canceled,2024-07-06,1,,2024-07-06
12715,9388,created,2023-01-26,,5,2023-01-26
12716,9389,downgraded,2024-01-26,5,2,2024-01-26
12717,9390,created,2024-05-02,,4,2024-05-02
12718,9391,upgraded,2024-06-02,4,6,2024-06-02
12719,9392,upgraded,2024-07-02,6,8,2024-07-02
12720,9393,downgraded,2024-09-02,8,7,2024-09-02
12721,9394,created,2023-11-12,,2,2023-11-12
12722,9394,canceled,2024-10-12,2,,2024-10-12
12723,9395,created,2024-09-13,,1,2024-09-13
12724,9396,created,2024-01-25,,4,2024-01-25
12725,9397,upgraded,2024-06-25,4,6,2024-06-25
12726,9397,canceled,2024-08-25,6,,2024-08-25
12727,9398,created,2023-06-26,,6,2023-06-26
12728,9398,canceled,2024-03-26,6,,2024-03-26
12729,9399,created,2023-06-22,,5,2023-06-22
12730,9400,upgraded,2023-07-22,5,6,2023-07-22
12731,9401,downgraded,2023-12-22,6,4,2023-12-22
12732,9402,downgraded,2024-05-22,4,2,2024-05-22
12733,9402,canceled,2024-12-22,2,,2024-12-22
12734,9403,created,2024-08-24,,1,2024-08-24
12735,9403,canceled,2024-11-24,1,,2024-11-24
12736,9404,created,2023-09-04,,1,2023-09-04
12737,9404,canceled,2023-11-04,1,,2023-11-04
12738,9405,created,2024-08-22,,4,2024-08-22
12739,9406,created,2023-07-25,,2,2023-07-25
12740,9406,canceled,2024-01-25,2,,2024-01-25
12741,9407,created,2023-10-02,,5,2023-10-02
12742,9408,upgraded,2024-03-02,5,7,2024-03-02
12743,9409,created,2024-01-04,,7,2024-01-04
12744,9410,created,2024-11-26,,5,2024-11-26
12745,9411,created,2024-11-07,,2,2024-11-07
12746,9412,created,2023-07-13,,3,2023-07-13
12747,9413,upgraded,2024-08-13,3,4,2024-08-13
12748,9414,created,2023-11-08,,6,2023-11-08
12749,9415,created,2023-05-22,,4,2023-05-22
12750,9416,upgraded,2023-11-22,4,6,2023-11-22
12751,9416,canceled,2024-04-22,6,,2024-04-30
12752,9417,created,2024-02-16,,1,2024-02-16
12753,9417,canceled,2024-04-16,1,,2024-04-16
12754,9418,created,2024-01-15,,3,2024-01-15
12755,9419,upgraded,2024-07-15,3,5,2024-07-15
12756,9419,canceled,2024-12-15,5,,2024-12-15
12757,9420,created,2024-10-16,,1,2024-10-16
12758,9421,created,2024-11-12,,1,2024-11-12
12759,9422,created,2023-12-25,,4,2023-12-25
12760,9423,created,2024-02-04,,1,2024-02-04
12761,9423,canceled,2024-03-04,1,,2024-03-04
12762,9424,created,2024-10-26,,2,2024-10-26
12763,9425,created,2024-09-20,,1,2024-09-20
12764,9426,created,2022-01-17,,1,2022-01-17
12765,9426,canceled,2024-04-17,1,,2024-04-17
12766,9427,created,2023-10-19,,1,2023-10-24
12767,9427,canceled,2024-02-19,1,,2024-02-19
12768,9428,created,2024-01-10,,2,2024-01-10
12769,9428,canceled,2024-04-10,2,,2024-04-10
12770,9429,created,2023-08-16,,4,2023-08-16
12771,9430,created,2023-07-27,,2,2023-07-27
12772,9430,canceled,2024-07-27,2,,2024-07-27
12773,9431,created,2022-07-03,,1,2022-07-03
12774,9431,canceled,2023-04-03,1,,2023-04-03
12775,9432,reactivated,2024-08-03,,1,2024-08-07
12776,9433,created,2024-05-04,,6,2024-05-04
12777,9434,created,2023-09-25,,1,2023-09-25
12778,9434,canceled,2024-05-25,1,,2024-05-25
12779,9435,created,2022-09-13,,1,2022-09-13
12780,9435,canceled,2022-11-13,1,,2022-11-13
12781,9436,reactivated,2024-11-13,,3,2024-11-13
12782,9437,created,2023-08-13,,2,2023-08-13
12783,9438,upgraded,2024-02-13,2,4,2024-02-13
12784,9439,created,2024-08-01,,1,2024-08-01
12785,9440,created,2024-09-07,,1,2024-09-07
12786,9441,upgraded,2024-12-07,1,2,2024-12-07
12787,9442,created,2024-02-10,,2,2024-02-10
12788,9442,canceled,2024-04-10,2,,2024-04-10
12789,9443,created,2024-01-07,,1,2024-01-07
12790,9444,created,2024-12-10,,2,2024-12-10
12791,9445,created,2023-07-26,,1,2023-07-26
12792,9445,canceled,2024-08-26,1,,2024-08-26
12793,9446,created,2023-07-07,,4,2023-07-07
12794,9446,canceled,2024-01-07,4,,2024-01-07
12795,9447,created,2023-09-04,,6,2023-09-04
12796,9448,created,2023-06-22,,4,2023-06-22
12797,9448,canceled,2024-01-22,4,,2024-01-22
12798,9449,reactivated,2024-07-22,,2,2024-07-22
12799,9450,created,2023-11-06,,2,2023-11-06
12800,9451,downgraded,2024-04-06,2,1,2024-04-06
12801,9452,upgraded,2024-08-06,1,2,2024-08-06
12802,9453,upgraded,2024-12-06,2,4,2024-12-06
12803,9454,created,2024-10-18,,1,2024-10-18
12804,9455,created,2024-04-09,,2,2024-04-09
12805,9456,created,2024-01-13,,6,2024-01-13
12806,9457,downgraded,2024-03-13,6,4,2024-03-13
12807,9458,upgraded,2024-05-13,4,6,2024-05-13
12808,9459,created,2024-11-29,,2,2024-11-29
12809,9460,created,2022-08-18,,2,2022-08-18
12810,9461,upgraded,2023-10-18,2,5,2023-10-18
12811,9461,canceled,2024-04-18,5,,2024-04-18
12812,9462,created,2023-07-18,,1,2023-07-18
12813,9463,upgraded,2023-08-18,1,2,2023-08-18
12814,9463,canceled,2023-12-18,2,,2023-12-18
12815,9464,created,2024-03-08,,5,2024-03-08
12816,9465,upgraded,2024-12-08,5,7,2024-12-08
12817,9466,created,2024-04-25,,1,2024-04-25
12818,9466,canceled,2024-07-25,1,,2024-07-25
12819,9467,created,2022-07-05,,2,2022-07-05
12820,9468,upgraded,2022-08-05,2,4,2022-08-05
12821,9469,upgraded,2024-12-05,4,6,2024-12-05
12822,9470,created,2023-12-04,,5,2023-12-04
12823,9471,downgraded,2024-02-04,5,2,2024-02-04
12824,9471,canceled,2024-10-04,2,,2024-10-04
12825,9472,created,2024-05-13,,1,2024-05-13
12826,9472,canceled,2024-10-13,1,,2024-10-13
12827,9473,created,2024-06-30,,7,2024-06-30
12828,9474,created,2024-05-05,,1,2024-05-05
12829,9474,canceled,2024-06-05,1,,2024-06-05
12830,9475,created,2023-10-05,,2,2023-10-05
12831,9476,downgraded,2023-12-05,2,1,2023-12-05
12832,9477,upgraded,2024-06-05,1,3,2024-06-05
12833,9477,canceled,2024-10-05,3,,2024-10-05
12834,9478,created,2023-01-07,,5,2023-01-07
12835,9478,canceled,2023-02-07,5,,2023-02-07
12836,9479,reactivated,2024-11-07,,1,2024-11-07
12837,9480,created,2024-01-19,,4,2024-01-23
12838,9481,created,2023-04-28,,6,2023-04-28
12839,9481,canceled,2024-10-28,6,,2024-10-28
12840,9482,created,2024-11-20,,5,2024-11-20
12841,9483,created,2024-02-09,,1,2024-02-09
12842,9483,canceled,2024-11-09,1,,2024-11-09
12843,9484,created,2023-10-20,,2,2023-10-20
12844,9485,upgraded,2024-06-20,2,5,2024-06-20
12845,9486,created,2024-08-30,,8,2024-08-30
12846,9487,created,2024-02-09,,1,2024-02-09
12847,9487,canceled,2024-12-09,1,,2024-12-09
12848,9488,created,2023-10-14,,1,2023-10-14
12849,9488,canceled,2023-12-14,1,,2023-12-14
12850,9489,created,2024-09-18,,5,2024-09-18
12851,9490,created,2024-10-01,,1,2024-10-01
12852,9491,created,2024-06-22,,4,2024-06-22
12853,9492,downgraded,2024-11-22,4,2,2024-11-22
12854,9493,created,2022-08-28,,2,2022-08-28
12855,9493,canceled,2023-09-28,2,,2023-09-28
12856,9494,created,2024-03-04,,2,2024-03-04
12857,9494,canceled,2024-09-04,2,,2024-09-04
12858,9495,created,2024-08-27,,1,2024-08-27
12859,9496,created,2023-04-25,,5,2023-04-25
12860,9497,created,2023-08-14,,1,2023-08-24
12861,9497,canceled,2024-03-14,1,,2024-03-14
12862,9498,reactivated,2024-10-14,,6,2024-10-14
12863,9499,created,2024-10-03,,1,2024-10-03
12864,9499,canceled,2024-11-03,1,,2024-11-03
12865,9500,created,2022-04-23,,1,2022-04-23
12866,9500,canceled,2022-08-23,1,,2022-08-23
12867,9501,created,2024-07-02,,1,2024-07-02
12868,9502,created,2024-02-02,,1,2024-02-02
12869,9502,canceled,2024-04-02,1,,2024-04-02
12870,9503,created,2024-01-16,,1,2024-01-16
12871,9504,upgraded,2024-03-16,1,2,2024-03-16
12872,9504,canceled,2024-05-16,2,,2024-05-16
12873,9505,created,2022-01-26,,1,2022-01-26
12874,9505,canceled,2023-11-26,1,,2023-11-26
12875,9506,created,2024-09-26,,3,2024-09-26
12876,9507,created,2023-11-26,,1,2023-11-26
12877,9508,created,2024-03-17,,3,2024-03-17
12878,9509,created,2024-06-02,,1,2024-06-02
12879,9510,created,2024-06-16,,2,2024-06-16
12880,9511,created,2024-11-12,,1,2024-11-12
12881,9511,canceled,2024-12-12,1,,2024-12-12
12882,9512,created,2024-03-23,,2,2024-03-23
12883,9513,upgraded,2024-04-23,2,4,2024-04-23
12884,9514,downgraded,2024-07-23,4,3,2024-07-23
12885,9515,created,2023-12-22,,4,2023-12-22
12886,9516,created,2024-11-04,,8,2024-11-04
12887,9517,created,2024-05-07,,1,2024-05-07
12888,9517,canceled,2024-08-07,1,,2024-08-07
12889,9518,created,2023-10-25,,1,2023-10-25
12890,9518,canceled,2024-05-25,1,,2024-05-25
12891,9519,created,2023-03-09,,1,2023-03-09
12892,9519,canceled,2023-07-09,1,,2023-07-09
12893,9520,created,2024-09-11,,4,2024-09-11
12894,9521,created,2023-11-27,,1,2023-11-27
12895,9522,created,2024-05-16,,2,2024-05-16
12896,9522,canceled,2024-09-16,2,,2024-09-16
12897,9523,created,2024-02-04,,4,2024-02-04
12898,9523,canceled,2024-06-04,4,,2024-06-04
12899,9524,created,2023-07-13,,1,2023-07-13
12900,9524,canceled,2023-08-13,1,,2023-08-13
12901,9525,created,2024-04-08,,2,2024-04-08
12902,9526,created,2022-10-27,,2,2022-10-27
12903,9527,downgraded,2023-11-27,2,1,2023-11-27
12904,9527,canceled,2024-08-27,1,,2024-08-27
12905,9528,reactivated,2024-12-27,,1,2024-12-27
12906,9529,created,2024-01-08,,8,2024-01-08
12907,9530,created,2024-03-20,,2,2024-03-20
12908,9530,canceled,2024-06-20,2,,2024-06-20
12909,9531,created,2024-01-20,,2,2024-01-20
12910,9531,canceled,2024-10-20,2,,2024-10-20
12911,9532,created,2024-07-31,,1,2024-07-31
12912,9532,canceled,2024-08-31,1,,2024-08-31
12913,9533,created,2024-09-22,,1,2024-09-22
12914,9534,created,2024-08-15,,3,2024-08-15
12915,9535,upgraded,2024-10-15,3,4,2024-10-15
12916,9536,created,2022-07-18,,1,2022-07-18
12917,16592,canceled,2023-06-18,1,,2023-06-18
12918,9537,created,2023-07-23,,1,2023-07-23
12919,9537,canceled,2023-09-23,1,,2023-09-23
12920,9538,created,2024-03-07,,6,2024-03-07
12921,9539,created,2024-11-14,,4,2024-11-14
12922,9540,created,2024-09-07,,1,2024-09-07
12923,9540,canceled,2024-12-07,1,,2024-12-07
12924,9541,created,2024-09-15,,2,2024-09-25
12925,9542,created,2023-10-22,,2,2023-10-22
12926,9543,upgraded,2024-01-22,2,4,2024-01-22
12927,9544,upgraded,2024-12-22,4,6,2024-12-22
12928,9545,created,2024-01-30,,2,2024-01-30
12929,9546,created,2024-02-06,,1,2024-02-06
12930,9546,canceled,2024-11-06,1,,2024-11-06
12931,9547,created,2023-05-20,,1,2023-05-20
12932,9547,canceled,2023-11-20,1,,2023-11-20
12933,9548,created,2022-05-26,,1,2022-05-26
12934,9548,canceled,2022-12-26,1,,2022-12-26
12935,9549,reactivated,2023-11-26,,1,2023-12-06
12936,9549,canceled,2023-12-26,1,,2023-12-26
12937,9550,created,2024-11-06,,1,2024-11-10
12938,9551,created,2023-08-01,,2,2023-08-01
12939,9551,canceled,2023-10-01,2,,2023-10-01
12940,9552,created,2023-08-10,,1,2023-08-10
12941,9552,canceled,2023-09-10,1,,2023-09-10
12942,9553,created,2023-01-18,,7,2023-01-18
12943,9554,upgraded,2024-09-18,7,8,2024-09-18
12944,9555,created,2024-11-22,,8,2024-11-22
12945,9556,created,2024-04-27,,2,2024-04-27
12946,9557,created,2024-05-15,,7,2024-05-15
12947,9558,created,2024-10-04,,1,2024-10-04
12948,9559,upgraded,2024-11-04,1,3,2024-11-04
12949,9560,created,2023-11-11,,1,2023-11-11
12950,9561,created,2024-05-19,,2,2024-05-19
12951,9561,canceled,2024-07-19,2,,2024-07-19
12952,9562,created,2022-07-20,,7,2022-07-20
12953,9563,downgraded,2022-10-20,7,4,2022-10-20
12954,9564,downgraded,2024-11-20,4,3,2024-11-20
12955,9565,created,2023-06-15,,1,2023-06-15
12956,9565,canceled,2023-10-15,1,,2023-10-15
12957,9566,created,2024-09-10,,2,2024-09-10
12958,9567,created,2024-08-20,,2,2024-08-20
12959,9568,created,2023-11-28,,1,2023-11-28
12960,9568,canceled,2024-03-28,1,,2024-03-28
12961,9569,created,2023-11-01,,2,2023-11-01
12962,9569,canceled,2024-04-01,2,,2024-04-01
12963,9570,reactivated,2024-09-01,,1,2024-09-01
12964,9571,created,2024-03-09,,6,2024-03-09
12965,9572,upgraded,2024-06-09,6,8,2024-06-09
12966,9573,created,2022-01-02,,2,2022-01-02
12967,9574,upgraded,2022-12-02,2,4,2022-12-02
12968,9575,upgraded,2024-08-02,4,6,2024-08-02
12969,9576,upgraded,2024-10-02,6,8,2024-10-02
12970,9577,created,2023-08-23,,1,2023-08-23
12971,9577,canceled,2024-07-23,1,,2024-07-23
12972,9578,created,2023-07-14,,6,2023-07-14
12973,9578,canceled,2024-03-14,6,,2024-03-14
12974,9579,reactivated,2024-11-14,,1,2024-11-14
12975,9580,created,2023-09-08,,2,2023-09-08
12976,9581,created,2024-09-03,,1,2024-09-03
12977,9581,canceled,2024-11-03,1,,2024-11-03
12978,9582,created,2023-09-25,,1,2023-09-25
12979,9582,canceled,2023-12-25,1,,2023-12-25
12980,9583,reactivated,2024-02-25,,1,2024-02-25
12981,9583,canceled,2024-03-25,1,,2024-03-25
12982,9584,created,2023-06-26,,5,2023-06-26
12983,9585,upgraded,2024-03-26,5,6,2024-03-26
12984,9586,upgraded,2024-11-26,6,8,2024-11-26
12985,9587,created,2024-02-21,,7,2024-02-21
12986,9588,created,2024-10-14,,8,2024-10-14
12987,9589,created,2023-08-14,,5,2023-08-14
12988,9590,created,2022-12-18,,3,2022-12-18
12989,9591,upgraded,2023-10-18,3,4,2023-10-18
12990,9591,canceled,2024-03-18,4,,2024-03-18
12991,9592,created,2023-11-16,,1,2023-11-16
12992,9592,canceled,2024-08-16,1,,2024-08-16
12993,9593,created,2024-07-13,,1,2024-07-13
12994,9594,upgraded,2024-11-13,1,2,2024-11-13
12995,9595,created,2024-03-17,,1,2024-03-17
12996,9596,created,2024-09-06,,1,2024-09-06
12997,9597,created,2024-11-20,,1,2024-11-20
12998,9598,created,2024-08-15,,1,2024-08-15
12999,9599,upgraded,2024-11-15,1,3,2024-11-15
13000,9600,created,2024-04-19,,3,2024-04-19
13001,9601,created,2024-02-18,,7,2024-02-18
13002,9602,created,2022-07-12,,5,2022-07-12
13003,9602,canceled,2023-04-12,5,,2023-04-12
13004,9603,reactivated,2024-10-12,,2,2024-10-12
13005,9604,created,2024-12-27,,3,2024-12-27
13006,9605,created,2023-12-26,,2,2023-12-26
13007,9605,canceled,2024-06-26,2,,2024-06-26
13008,9606,created,2023-05-11,,1,2023-05-11
13009,9607,created,2024-05-16,,1,2024-05-16
13010,9607,canceled,2024-12-16,1,,2024-12-16
13011,9608,created,2023-09-26,,3,2023-09-26
13012,9609,downgraded,2023-10-26,3,1,2023-10-26
13013,9609,canceled,2024-04-26,1,,2024-04-26
13014,9610,created,2024-04-19,,1,2024-04-19
13015,9610,canceled,2024-07-19,1,,2024-07-19
13016,9611,created,2024-04-17,,1,2024-04-17
13017,9611,canceled,2024-05-17,1,,2024-05-17
13018,9612,created,2024-01-10,,1,2024-01-10
13019,9612,canceled,2024-07-10,1,,2024-07-10
13020,9613,created,2024-09-13,,3,2024-09-13
13021,9614,created,2023-09-18,,1,2023-09-18
13022,9614,canceled,2024-03-18,1,,2024-03-18
13023,9615,reactivated,2024-05-18,,1,2024-05-18
13024,9616,created,2024-01-23,,4,2024-01-23
13025,9617,created,2024-03-01,,1,2024-03-01
13026,9618,upgraded,2024-08-01,1,2,2024-08-01
13027,9619,created,2024-05-02,,2,2024-05-02
13028,9619,canceled,2024-06-02,2,,2024-06-02
13029,9620,created,2024-08-03,,1,2024-08-03
13030,9620,canceled,2024-10-03,1,,2024-10-03
13031,9621,created,2023-12-17,,2,2023-12-17
13032,9622,upgraded,2024-06-17,2,4,2024-06-17
13033,9623,created,2024-05-31,,4,2024-05-31
13034,9624,created,2023-05-12,,4,2023-05-12
13035,9625,upgraded,2024-07-12,4,7,2024-07-12
13036,9626,downgraded,2024-11-12,7,4,2024-11-12
13037,9627,created,2024-11-11,,8,2024-11-11
13038,9628,created,2023-12-01,,7,2023-12-01
13039,9629,upgraded,2024-06-01,7,8,2024-06-01
13040,9630,downgraded,2024-11-01,8,6,2024-11-01
13041,9631,created,2024-07-09,,1,2024-07-09
13042,9631,canceled,2024-08-09,1,,2024-08-09
13043,9632,created,2022-04-10,,1,2022-04-10
13044,9632,canceled,2023-01-10,1,,2023-01-10
13045,9633,reactivated,2024-03-10,,1,2024-03-10
13046,9634,created,2023-07-29,,2,2023-07-29
13047,9635,upgraded,2024-02-29,2,4,2024-02-29
13048,9635,canceled,2024-05-29,4,,2024-05-29
13049,9636,created,2024-02-01,,2,2024-02-01
13050,9637,created,2024-10-25,,1,2024-10-25
13051,9638,created,2024-03-14,,1,2024-03-14
13052,9638,canceled,2024-12-14,1,,2024-12-14
13053,9639,created,2024-11-16,,5,2024-11-16
13054,9639,canceled,2024-12-16,5,,2024-12-16
13055,9640,created,2024-02-24,,2,2024-02-24
13056,9641,upgraded,2024-11-24,2,4,2024-11-24
13057,9641,canceled,2024-12-24,4,,2024-12-24
13058,9642,created,2024-02-14,,1,2024-02-14
13059,9643,upgraded,2024-09-14,1,2,2024-09-14
13060,9643,canceled,2024-10-14,2,,2024-10-14
13061,9644,created,2023-03-06,,1,2023-03-06
13062,9645,upgraded,2023-12-06,1,2,2023-12-06
13063,9646,created,2024-09-02,,6,2024-09-02
13064,9647,created,2023-08-22,,5,2023-08-22
13065,9648,downgraded,2024-06-22,5,2,2024-06-22
13066,9649,created,2024-10-16,,4,2024-10-16
13067,9650,created,2024-10-27,,2,2024-10-27
13068,9651,created,2024-11-14,,6,2024-11-14
13069,9652,created,2024-03-19,,4,2024-03-19
13070,9652,canceled,2024-04-19,4,,2024-04-19
13071,9653,created,2024-06-28,,1,2024-06-28
13072,9653,canceled,2024-08-28,1,,2024-08-28
13073,9654,created,2024-08-12,,2,2024-08-12
13074,9655,downgraded,2024-09-12,2,1,2024-09-12
13075,9655,canceled,2024-11-12,1,,2024-11-12
13076,9656,created,2023-04-25,,5,2023-04-25
13077,9657,downgraded,2023-07-25,5,2,2023-07-25
13078,9657,canceled,2024-01-25,2,,2024-01-29
13079,9658,created,2024-04-19,,1,2024-04-19
13080,9659,upgraded,2024-10-19,1,2,2024-10-19
13081,9659,canceled,2024-12-19,2,,2024-12-19
13082,9660,created,2022-06-20,,3,2022-06-20
13083,9660,canceled,2022-07-20,3,,2022-07-20
13084,9661,created,2024-02-17,,1,2024-02-17
13085,9662,created,2023-05-23,,2,2023-05-23
13086,9662,canceled,2023-09-23,2,,2023-09-23
13087,9663,created,2023-06-16,,2,2023-06-16
13088,9664,downgraded,2024-01-16,2,1,2024-01-16
13089,9665,created,2023-11-05,,1,2023-11-05
13090,9666,created,2024-01-09,,1,2024-01-09
13091,9666,canceled,2024-03-09,1,,2024-03-09
13092,9667,reactivated,2024-07-09,,2,2024-07-09
13093,9668,created,2024-05-09,,1,2024-05-09
13094,9668,canceled,2024-07-09,1,,2024-07-09
13095,9669,created,2022-11-24,,2,2022-11-24
13096,9669,canceled,2024-08-24,2,,2024-08-24
13097,9670,created,2024-02-22,,1,2024-02-22
13098,9671,created,2023-06-22,,2,2023-06-22
13099,9671,canceled,2024-01-22,2,,2024-01-22
13100,9672,created,2024-04-29,,6,2024-04-29
13101,9673,created,2024-05-29,,1,2024-05-29
13102,9674,created,2024-03-15,,5,2024-03-15
13103,9675,created,2024-07-05,,3,2024-07-05
13104,9675,canceled,2024-11-05,3,,2024-11-05
13105,9676,created,2023-10-11,,3,2023-10-11
13106,9676,canceled,2024-09-11,3,,2024-09-11
13107,9677,created,2024-08-18,,2,2024-08-18
13108,9678,created,2024-01-09,,1,2024-01-09
13109,9678,canceled,2024-03-09,1,,2024-03-09
13110,9679,reactivated,2024-06-09,,2,2024-06-09
13111,9680,created,2024-02-20,,1,2024-02-20
13112,9681,created,2024-05-10,,1,2024-05-10
13113,9681,canceled,2024-10-10,1,,2024-10-10
13114,9682,created,2022-03-12,,1,2022-03-12
13115,9683,upgraded,2022-12-12,1,2,2022-12-12
13116,9683,canceled,2023-04-12,2,,2023-04-12
13117,9684,created,2024-05-09,,3,2024-05-09
13118,9685,created,2024-05-26,,1,2024-05-26
13119,9685,canceled,2024-07-26,1,,2024-07-26
13120,9686,created,2023-10-16,,1,2023-10-16
13121,9686,canceled,2023-11-16,1,,2023-11-16
13122,9687,created,2023-01-31,,1,2023-01-31
13123,9687,canceled,2023-09-28,1,,2023-09-28
13124,9688,created,2023-01-10,,1,2023-01-10
13125,9688,canceled,2023-02-10,1,,2023-02-10
13126,9689,created,2024-11-03,,5,2024-11-03
13127,9690,created,2024-06-25,,1,2024-06-25
13128,9690,canceled,2024-07-25,1,,2024-07-25
13129,9691,created,2023-03-02,,4,2023-03-02
13130,9692,upgraded,2023-12-02,4,6,2023-12-02
13131,9693,created,2023-11-24,,1,2023-11-24
13132,9693,canceled,2023-12-24,1,,2023-12-24
13133,9694,created,2024-04-24,,6,2024-04-24
13134,9695,created,2024-09-09,,2,2024-09-09
13135,9696,created,2022-08-11,,1,2022-08-11
13136,9697,upgraded,2023-07-11,1,2,2023-07-11
13137,9697,canceled,2023-09-11,2,,2023-09-11
13138,9698,created,2023-08-31,,3,2023-08-31
13139,9698,canceled,2024-05-29,3,,2024-05-29
13140,9699,created,2024-10-31,,1,2024-10-31
13141,9700,created,2022-02-22,,6,2022-02-22
13142,9700,canceled,2022-12-22,6,,2022-12-22
13143,9701,created,2023-07-15,,1,2023-07-15
13144,9701,canceled,2024-05-15,1,,2024-05-15
13145,9702,reactivated,2024-11-15,,3,2024-11-15
13146,9703,created,2024-11-03,,1,2024-11-03
13147,9704,created,2024-04-25,,4,2024-04-25
13148,9705,created,2023-09-20,,5,2023-09-20
13149,9706,created,2022-11-24,,2,2022-11-24
13150,9707,upgraded,2024-01-24,2,4,2024-01-24
13151,9708,downgraded,2024-02-24,4,2,2024-02-24
13152,9709,downgraded,2024-06-24,2,1,2024-06-24
13153,9709,canceled,2024-09-24,1,,2024-09-24
13154,9710,created,2022-05-18,,2,2022-05-18
13155,9711,upgraded,2023-06-18,2,5,2023-06-18
13156,9712,created,2023-08-24,,1,2023-08-24
13157,9712,canceled,2024-06-24,1,,2024-06-24
13158,9713,created,2024-10-14,,2,2024-10-14
13159,9714,created,2024-01-14,,4,2024-01-14
13160,9714,canceled,2024-10-14,4,,2024-10-14
13161,9715,created,2024-07-14,,5,2024-07-14
13162,9716,created,2024-10-15,,2,2024-10-15
13163,9717,created,2023-12-28,,4,2023-12-30
13164,9718,created,2023-06-23,,2,2023-06-23
13165,9718,canceled,2023-09-23,2,,2023-09-23
13166,9719,created,2024-02-12,,2,2024-02-12
13167,9720,downgraded,2024-09-12,2,1,2024-09-12
13168,9721,created,2024-10-01,,3,2024-10-01
13169,9722,upgraded,2024-12-01,3,4,2024-12-01
13170,9723,created,2024-09-06,,1,2024-09-06
13171,9724,created,2022-10-06,,1,2022-10-06
13172,9725,upgraded,2023-02-06,1,2,2023-02-06
13173,9726,upgraded,2023-04-06,2,4,2023-04-06
13174,9727,created,2024-06-10,,3,2024-06-10
13175,9728,created,2024-04-22,,1,2024-04-22
13176,9728,canceled,2024-08-22,1,,2024-08-30
13177,9729,created,2024-10-05,,7,2024-10-05
13178,9730,created,2023-03-29,,2,2023-03-29
13179,9731,downgraded,2023-09-29,2,1,2023-09-29
13180,9731,canceled,2024-03-29,1,,2024-03-29
13181,9732,created,2024-03-16,,2,2024-03-16
13182,9732,canceled,2024-08-16,2,,2024-08-16
13183,9733,created,2024-10-19,,1,2024-10-19
13184,9734,created,2024-01-17,,1,2024-01-17
13185,9734,canceled,2024-11-17,1,,2024-11-17
13186,9735,created,2024-02-10,,2,2024-02-10
13187,9736,created,2022-11-09,,3,2022-11-09
13188,9736,canceled,2023-02-09,3,,2023-02-09
13189,9737,reactivated,2024-02-09,,1,2024-02-09
13190,9738,created,2023-09-28,,2,2023-09-28
13191,9738,canceled,2024-07-28,2,,2024-07-28
13192,9739,created,2023-10-17,,1,2023-10-17
13193,9739,canceled,2024-05-17,1,,2024-05-17
13194,9740,created,2024-11-03,,1,2024-11-03
13195,9741,created,2023-09-28,,2,2023-09-28
13196,9742,created,2024-01-16,,1,2024-01-16
13197,9742,canceled,2024-06-16,1,,2024-06-16
13198,9743,created,2024-06-07,,5,2024-06-07
13199,9744,upgraded,2024-09-07,5,6,2024-09-07
13200,9745,created,2023-05-01,,1,2023-05-01
13201,9746,created,2024-02-29,,2,2024-02-29
13202,9746,canceled,2024-04-29,2,,2024-04-29
13203,9747,created,2024-07-27,,1,2024-07-27
13204,9748,created,2024-10-17,,3,2024-10-17
13205,9749,created,2024-05-04,,1,2024-05-04
13206,9749,canceled,2024-09-04,1,,2024-09-12
13207,9750,created,2024-06-20,,2,2024-06-20
13208,9751,upgraded,2024-09-20,2,4,2024-09-20
13209,9752,created,2023-03-10,,6,2023-03-10
13210,9752,canceled,2023-08-10,6,,2023-08-10
13211,9753,created,2024-11-30,,1,2024-11-30
13212,19752,created,2023-04-11,,1,2023-04-11
13213,9754,canceled,2024-03-11,1,,2024-03-11
13214,9755,created,2024-08-28,,2,2024-08-28
13215,9756,created,2023-09-06,,7,2023-09-06
13216,9757,downgraded,2024-12-06,7,5,2024-12-06
13217,9758,created,2024-11-19,,1,2024-11-19
13218,9759,created,2024-07-03,,1,2024-07-03
13219,9760,created,2024-07-02,,2,2024-07-02
13220,9761,created,2023-07-09,,2,2023-07-09
13221,9762,upgraded,2023-09-09,2,4,2023-09-09
13222,9763,created,2024-01-20,,3,2024-01-20
13223,9764,upgraded,2024-06-20,3,5,2024-06-20
13224,9764,canceled,2024-11-20,5,,2024-11-20
13225,9765,created,2024-05-04,,1,2024-05-04
13226,9765,canceled,2024-10-04,1,,2024-10-04
13227,9766,created,2024-08-24,,1,2024-08-24
13228,9767,created,2023-02-27,,1,2023-02-27
13229,9767,canceled,2023-03-27,1,,2023-03-27
13230,9768,reactivated,2024-12-27,,1,2024-12-27
13231,9769,created,2024-11-17,,1,2024-11-17
13232,9770,created,2024-10-03,,1,2024-10-03
13233,9771,created,2023-09-07,,1,2023-09-07
13234,9771,canceled,2024-09-07,1,,2024-09-07
13235,9772,created,2024-09-12,,2,2024-09-12
13236,9773,upgraded,2024-10-12,2,4,2024-10-12
13237,9774,created,2024-03-08,,1,2024-03-08
13238,9775,created,2024-01-01,,3,2024-01-01
13239,9775,canceled,2024-07-01,3,,2024-07-01
13240,9776,reactivated,2024-08-01,,1,2024-08-01
13241,9777,created,2023-10-04,,1,2023-10-04
13242,9778,upgraded,2023-11-04,1,2,2023-11-04
13243,9779,created,2024-04-14,,1,2024-04-14
13244,9780,upgraded,2024-05-14,1,2,2024-05-14
13245,9780,canceled,2024-06-14,2,,2024-06-14
13246,9781,created,2024-07-11,,5,2024-07-11
13247,9782,created,2024-01-14,,5,2024-01-14
13248,9783,upgraded,2024-11-14,5,6,2024-11-14
13249,9784,created,2024-05-29,,6,2024-05-29
13250,9785,created,2024-06-06,,7,2024-06-06
13251,9786,created,2024-06-20,,2,2024-06-20
13252,9787,created,2022-09-02,,2,2022-09-02
13253,9788,downgraded,2023-05-02,2,1,2023-05-02
13254,9788,canceled,2023-06-02,1,,2023-06-02
13255,9789,reactivated,2023-12-02,,3,2023-12-02
13256,9790,created,2024-09-30,,5,2024-09-30
13257,9791,created,2024-01-04,,4,2024-01-12
13258,9792,created,2023-09-13,,2,2023-09-13
13259,14339,canceled,2024-01-13,2,,2024-01-13
13260,9793,created,2023-08-25,,8,2023-08-25
13261,9794,downgraded,2024-03-25,8,6,2024-03-25
13262,9795,created,2024-02-21,,2,2024-02-21
13263,9795,canceled,2024-07-21,2,,2024-07-21
13264,9796,reactivated,2024-10-21,,5,2024-10-21
13265,9797,created,2024-10-24,,1,2024-10-24
13266,9798,created,2023-11-17,,3,2023-11-17
13267,9799,upgraded,2024-07-17,3,4,2024-07-17
13268,9800,upgraded,2024-11-17,4,7,2024-11-17
13269,9801,created,2024-07-26,,2,2024-07-26
13270,9802,created,2023-02-21,,4,2023-02-21
13271,9803,upgraded,2023-04-21,4,6,2023-04-21
13272,9804,downgraded,2024-06-21,6,4,2024-06-21
13273,9804,canceled,2024-10-21,4,,2024-10-21
13274,9805,reactivated,2024-11-21,,5,2024-11-21
13275,9806,created,2024-02-13,,1,2024-02-13
13276,9806,canceled,2024-04-13,1,,2024-04-13
13277,9807,created,2024-12-09,,1,2024-12-09
13278,9808,created,2024-08-24,,3,2024-08-24
13279,9809,created,2023-07-22,,4,2023-07-22
13280,9810,upgraded,2023-10-22,4,6,2023-10-28
13281,9811,upgraded,2024-07-22,6,8,2024-07-22
13282,9812,downgraded,2024-12-22,8,6,2024-12-22
13283,9813,created,2024-02-21,,8,2024-02-21
13284,9814,created,2023-08-21,,5,2023-08-21
13285,9815,upgraded,2024-04-21,5,7,2024-04-21
13286,9816,created,2024-01-01,,4,2024-01-01
13287,9816,canceled,2024-02-01,4,,2024-02-01
13288,9817,created,2024-08-28,,2,2024-08-28
13289,9818,created,2024-08-05,,5,2024-08-05
13290,9819,created,2023-08-04,,1,2023-08-14
13291,9819,canceled,2023-11-04,1,,2023-11-04
13292,9820,created,2024-11-06,,2,2024-11-06
13293,9821,created,2024-04-17,,2,2024-04-17
13294,9822,upgraded,2024-09-17,2,5,2024-09-17
13295,9823,created,2023-11-30,,3,2023-11-30
13296,9823,canceled,2024-01-30,3,,2024-01-30
13297,9824,created,2024-02-01,,1,2024-02-01
13298,9824,canceled,2024-06-01,1,,2024-06-01
13299,9825,created,2024-04-06,,8,2024-04-06
13300,9826,downgraded,2024-05-06,8,6,2024-05-15
13301,9826,canceled,2024-11-06,6,,2024-11-06
13302,9827,created,2024-03-14,,2,2024-03-14
13303,9828,created,2024-02-09,,1,2024-02-09
13304,9829,created,2024-02-20,,3,2024-02-20
13305,9830,created,2023-06-09,,3,2023-06-09
13306,9830,canceled,2023-08-09,3,,2023-08-09
13307,9831,reactivated,2024-07-09,,1,2024-07-09
13308,9832,upgraded,2024-09-09,1,2,2024-09-09
13309,9833,created,2024-09-19,,3,2024-09-19
13310,9834,created,2024-03-09,,4,2024-03-09
13311,9835,created,2023-04-21,,5,2023-04-21
13312,9835,canceled,2023-12-21,5,,2023-12-21
13313,9836,created,2024-08-17,,2,2024-08-17
13314,9837,created,2024-11-15,,1,2024-11-15
13315,9838,created,2024-11-30,,6,2024-11-30
13316,9839,created,2023-11-07,,1,2023-11-07
13317,9840,created,2023-04-05,,1,2023-04-05
13318,9840,canceled,2023-06-05,1,,2023-06-05
13319,9841,reactivated,2024-06-05,,2,2024-06-05
13320,9842,created,2024-03-29,,3,2024-03-29
13321,9843,created,2023-03-07,,1,2023-03-07
13322,9843,canceled,2023-05-07,1,,2023-05-07
13323,9844,created,2024-11-27,,1,2024-11-27
13324,9845,created,2023-06-29,,7,2023-06-29
13325,9846,downgraded,2023-08-29,7,4,2023-08-29
13326,9846,canceled,2023-09-29,4,,2023-09-29
13327,9847,created,2023-09-17,,2,2023-09-17
13328,9848,created,2023-12-24,,3,2023-12-24
13329,9849,upgraded,2024-05-24,3,4,2024-05-24
13330,9850,created,2023-12-25,,2,2023-12-25
13331,9851,created,2024-08-23,,1,2024-08-23
13332,9852,created,2024-01-25,,6,2024-01-25
13333,9852,canceled,2024-05-25,6,,2024-05-25
13334,9853,created,2023-06-02,,2,2023-06-02
13335,9854,upgraded,2024-01-02,2,5,2024-01-02
13336,9855,created,2023-09-18,,3,2023-09-18
13337,9855,canceled,2024-05-18,3,,2024-05-18
13338,9856,created,2024-02-24,,1,2024-02-24
13339,9856,canceled,2024-06-24,1,,2024-06-24
13340,9857,created,2023-05-19,,2,2023-05-19
13341,9858,created,2024-04-13,,1,2024-04-13
13342,9858,canceled,2024-05-13,1,,2024-05-13
13343,9859,created,2024-03-17,,1,2024-03-17
13344,9859,canceled,2024-08-17,1,,2024-08-27
13345,9860,created,2024-07-24,,8,2024-07-24
13346,9861,created,2024-11-23,,2,2024-11-23
13347,9862,created,2024-10-25,,1,2024-10-25
13348,9863,created,2024-11-28,,8,2024-11-28
13349,9864,created,2023-08-18,,3,2023-08-18
13350,9864,canceled,2024-07-18,3,,2024-07-18
13351,9865,created,2023-04-07,,1,2023-04-07
13352,9865,canceled,2023-06-07,1,,2023-06-07
13353,9866,created,2023-10-29,,1,2023-10-29
13354,9866,canceled,2024-02-29,1,,2024-02-29
13355,9867,reactivated,2024-09-29,,2,2024-09-29
13356,9868,created,2024-10-10,,1,2024-10-10
13357,9869,created,2024-12-14,,4,2024-12-14
13358,9870,created,2024-09-13,,3,2024-09-13
13359,9871,created,2023-02-09,,4,2023-02-09
13360,9872,downgraded,2024-04-09,4,3,2024-04-09
13361,9872,canceled,2024-06-09,3,,2024-06-09
13362,9873,created,2024-11-16,,2,2024-11-16
13363,9874,created,2024-01-07,,4,2024-01-07
13364,9875,upgraded,2024-04-07,4,6,2024-04-07
13365,9875,canceled,2024-09-07,6,,2024-09-07
13366,9876,created,2022-02-22,,1,2022-02-22
13367,9876,canceled,2022-10-22,1,,2022-10-22
13368,9877,created,2024-01-30,,4,2024-01-30
13369,9877,canceled,2024-02-29,4,,2024-03-07
13370,9878,reactivated,2024-04-29,,1,2024-04-29
13371,9878,canceled,2024-10-29,1,,2024-10-29
13372,9879,created,2022-08-23,,2,2022-08-23
13373,9880,downgraded,2024-09-23,2,1,2024-09-23
13374,9881,upgraded,2024-12-23,1,2,2024-12-23
13375,9882,created,2024-03-03,,1,2024-03-03
13376,9882,canceled,2024-11-03,1,,2024-11-03
13377,9883,created,2023-10-22,,8,2023-10-22
13378,9884,downgraded,2024-10-22,8,6,2024-10-22
13379,9885,created,2024-02-11,,6,2024-02-11
13380,9886,created,2024-04-26,,4,2024-04-26
13381,9886,canceled,2024-09-26,4,,2024-09-26
13382,9887,created,2024-10-08,,1,2024-10-08
13383,9888,created,2024-05-03,,1,2024-05-03
13384,9888,canceled,2024-11-03,1,,2024-11-03
13385,9889,created,2024-01-29,,8,2024-01-29
13386,9890,created,2024-09-14,,2,2024-09-14
13387,9890,canceled,2024-10-14,2,,2024-10-17
13388,9891,created,2024-10-02,,5,2024-10-02
13389,9892,created,2023-03-27,,1,2023-03-27
13390,9892,canceled,2023-06-27,1,,2023-06-27
13391,9893,reactivated,2023-09-27,,2,2023-09-27
13392,9894,upgraded,2024-04-27,2,4,2024-04-27
13393,9894,canceled,2024-09-27,4,,2024-09-27
13394,9895,created,2024-03-07,,4,2024-03-07
13395,9896,upgraded,2024-04-07,4,6,2024-04-07
13396,9897,created,2023-09-19,,1,2023-09-19
13397,9897,canceled,2023-10-19,1,,2023-10-19
13398,9898,created,2022-08-09,,4,2022-08-09
13399,9899,downgraded,2023-02-09,4,2,2023-02-09
13400,9900,upgraded,2023-03-09,2,4,2023-03-09
13401,9901,created,2024-06-26,,2,2024-06-26
13402,9901,canceled,2024-12-26,2,,2024-12-26
13403,9902,created,2024-09-06,,5,2024-09-06
13404,9903,created,2023-05-21,,3,2023-05-21
13405,9904,upgraded,2023-07-21,3,4,2023-07-21
13406,9904,canceled,2023-09-21,4,,2023-09-21
13407,9905,created,2024-09-02,,2,2024-09-02
13408,9906,created,2024-09-02,,4,2024-09-02
13409,9907,created,2024-10-10,,1,2024-10-10
13410,9908,created,2023-09-28,,3,2023-09-28
13411,9909,downgraded,2024-05-28,3,1,2024-05-28
13412,9910,upgraded,2024-08-28,1,2,2024-08-28
13413,9911,created,2024-10-29,,2,2024-10-29
13414,9912,created,2023-10-04,,6,2023-10-04
13415,9913,upgraded,2023-12-04,6,8,2023-12-04
13416,9914,created,2024-03-29,,1,2024-03-29
13417,18569,upgraded,2024-08-29,1,2,2024-08-29
13418,9916,created,2022-09-13,,1,2022-09-13
13419,9916,canceled,2023-04-13,1,,2023-04-13
13420,9917,created,2022-08-09,,2,2022-08-09
13421,9917,canceled,2022-12-09,2,,2022-12-09
13422,9918,created,2024-07-23,,1,2024-07-23
13423,9918,canceled,2024-09-23,1,,2024-09-23
13424,9919,created,2024-01-24,,8,2024-01-24
13425,9920,created,2023-09-10,,5,2023-09-10
13426,9921,upgraded,2024-03-10,5,7,2024-03-10
13427,9922,downgraded,2024-04-10,7,4,2024-04-10
13428,9922,canceled,2024-05-10,4,,2024-05-10
13429,9923,created,2023-06-05,,2,2023-06-10
13430,9924,upgraded,2023-10-05,2,4,2023-10-05
13431,9925,upgraded,2024-01-05,4,7,2024-01-05
13432,9926,upgraded,2024-09-05,7,8,2024-09-05
13433,9927,created,2024-06-15,,1,2024-06-15
13434,9927,canceled,2024-11-15,1,,2024-11-15
13435,9928,created,2022-01-17,,3,2022-01-17
13436,9928,canceled,2022-04-17,3,,2022-04-17
13437,9929,created,2024-09-29,,2,2024-09-29
13438,9930,created,2022-12-29,,4,2022-12-29
13439,9931,created,2023-06-18,,6,2023-06-18
13440,9932,created,2023-12-11,,1,2023-12-11
13441,9932,canceled,2024-04-11,1,,2024-04-11
13442,9933,created,2024-02-06,,1,2024-02-06
13443,9934,created,2023-11-20,,2,2023-11-20
13444,9935,upgraded,2024-03-20,2,4,2024-03-20
13445,9936,downgraded,2024-06-20,4,2,2024-06-20
13446,9936,canceled,2024-12-20,2,,2024-12-20
13447,9937,created,2023-10-10,,1,2023-10-10
13448,9937,canceled,2024-01-10,1,,2024-01-10
13449,9938,created,2024-11-25,,4,2024-11-25
13450,9939,created,2024-05-03,,4,2024-05-03
13451,9940,created,2022-04-04,,3,2022-04-04
13452,9940,canceled,2022-07-04,3,,2022-07-04
13453,9941,reactivated,2023-02-04,,8,2023-02-08
13454,9942,downgraded,2024-03-04,8,6,2024-03-04
13455,9943,created,2024-01-12,,1,2024-01-12
13456,9943,canceled,2024-07-12,1,,2024-07-12
13457,9944,created,2024-10-10,,2,2024-10-10
13458,9945,created,2023-10-11,,2,2023-10-11
13459,9946,downgraded,2024-01-11,2,1,2024-01-11
13460,9946,canceled,2024-06-11,1,,2024-06-11
13461,9947,created,2023-01-20,,1,2023-01-20
13462,9947,canceled,2023-10-20,1,,2023-10-20
13463,9948,reactivated,2024-04-20,,1,2024-04-20
13464,9948,canceled,2024-08-20,1,,2024-08-20
13465,9949,created,2024-08-08,,4,2024-08-08
13466,9950,downgraded,2024-11-08,4,2,2024-11-08
13467,9951,created,2024-04-16,,4,2024-04-16
13468,9951,canceled,2024-12-16,4,,2024-12-16
13469,9952,created,2024-04-25,,1,2024-04-25
13470,9952,canceled,2024-11-25,1,,2024-11-25
13471,9953,created,2022-09-12,,3,2022-09-12
13472,9953,canceled,2023-04-12,3,,2023-04-12
13473,9954,created,2023-04-26,,7,2023-04-26
13474,9955,upgraded,2023-09-26,7,8,2023-09-26
13475,9956,created,2024-05-25,,8,2024-05-25
13476,9957,downgraded,2024-11-25,8,6,2024-12-04
13477,9958,upgraded,2024-12-25,6,8,2024-12-25
13478,9959,created,2023-07-11,,1,2023-07-11
13479,9959,canceled,2024-01-11,1,,2024-01-11
13480,9960,reactivated,2024-02-11,,2,2024-02-11
13481,9960,canceled,2024-10-11,2,,2024-10-11
13482,9961,created,2024-02-05,,5,2024-02-05
13483,9962,created,2024-03-20,,8,2024-03-20
13484,9963,created,2023-09-23,,2,2023-09-23
13485,9963,canceled,2024-07-23,2,,2024-07-23
13486,9964,created,2024-11-12,,2,2024-11-12
13487,9965,created,2024-09-22,,1,2024-09-22
13488,9966,created,2024-07-09,,1,2024-07-09
13489,9966,canceled,2024-09-09,1,,2024-09-09
13490,9967,created,2022-12-20,,1,2022-12-20
13491,9967,canceled,2023-05-20,1,,2023-05-20
13492,9968,created,2023-02-22,,3,2023-02-22
13493,9968,canceled,2023-03-22,3,,2023-03-22
13494,9969,created,2024-02-12,,2,2024-02-12
13495,9970,created,2023-05-13,,1,2023-05-13
13496,9970,canceled,2024-04-13,1,,2024-04-13
13497,9971,created,2024-12-31,,1,2024-12-31
13498,9972,created,2023-05-18,,1,2023-05-18
13499,9972,canceled,2023-09-18,1,,2023-09-18
13500,9973,created,2024-02-20,,2,2024-02-20
13501,9973,canceled,2024-08-20,2,,2024-08-20
13502,9974,created,2023-11-18,,2,2023-11-18
13503,9975,created,2024-05-27,,4,2024-05-27
13504,9976,created,2023-04-27,,1,2023-04-27
13505,9977,upgraded,2023-05-27,1,2,2023-05-27
13506,9977,canceled,2023-11-27,2,,2023-11-27
13507,9978,created,2024-01-16,,5,2024-01-16
13508,9979,created,2023-09-13,,1,2023-09-13
13509,9979,canceled,2023-10-13,1,,2023-10-13
13510,9980,created,2024-10-25,,2,2024-10-25
13511,9981,created,2022-07-07,,1,2022-07-07
13512,9981,canceled,2023-01-07,1,,2023-01-07
13513,9982,reactivated,2024-03-07,,1,2024-03-07
13514,9982,canceled,2024-11-07,1,,2024-11-07
13515,9983,created,2024-10-21,,1,2024-10-21
13516,9983,canceled,2024-11-21,1,,2024-11-21
13517,9984,created,2024-09-10,,1,2024-09-10
13518,9985,created,2023-10-19,,8,2023-10-19
13519,9986,downgraded,2024-04-19,8,6,2024-04-19
13520,9987,downgraded,2024-05-19,6,4,2024-05-19
13521,9988,created,2024-08-09,,1,2024-08-09
13522,9988,canceled,2024-09-09,1,,2024-09-09
13523,9989,reactivated,2024-11-09,,2,2024-11-09
13524,9990,created,2022-05-24,,2,2022-05-24
13525,9990,canceled,2023-12-24,2,,2023-12-24
13526,9991,created,2024-11-10,,1,2024-11-10
13527,9992,created,2024-03-11,,2,2024-03-11
13528,9992,canceled,2024-04-11,2,,2024-04-11
13529,9993,created,2023-10-31,,6,2023-10-31
13530,9994,created,2023-11-04,,1,2023-11-04
13531,9994,canceled,2024-03-04,1,,2024-03-04
13532,9995,created,2022-10-04,,1,2022-10-04
13533,9996,upgraded,2023-06-04,1,2,2023-06-04
13534,9997,created,2024-12-01,,3,2024-12-01
13535,9998,created,2022-07-24,,4,2022-07-24
13536,9999,downgraded,2023-05-24,4,2,2023-05-24
13537,10000,upgraded,2023-07-24,2,5,2023-07-24
13538,10001,created,2024-05-21,,4,2024-05-21
13539,10002,upgraded,2024-11-21,4,6,2024-11-21
13540,10003,created,2024-01-23,,4,2024-01-23
13541,10003,canceled,2024-06-23,4,,2024-06-23
13542,10004,created,2024-11-22,,1,2024-11-22
13543,10005,created,2023-08-24,,1,2023-08-24
13544,10005,canceled,2024-07-24,1,,2024-07-24
13545,10006,created,2024-03-22,,8,2024-03-22
13546,10007,created,2024-02-15,,3,2024-02-15
13547,10007,canceled,2024-12-15,3,,2024-12-15
13548,10008,created,2024-06-26,,7,2024-06-26
13549,10008,canceled,2024-11-26,7,,2024-11-26
13550,10009,created,2022-11-22,,5,2022-11-22
13551,10009,canceled,2023-07-22,5,,2023-07-22
13552,10010,created,2023-06-02,,5,2023-06-02
13553,10011,upgraded,2024-02-02,5,6,2024-02-05
13554,10012,created,2023-07-18,,2,2023-07-18
13555,10013,downgraded,2024-07-18,2,1,2024-07-18
13556,10013,canceled,2024-09-18,1,,2024-09-18
13557,10014,created,2024-07-08,,1,2024-07-08
13558,10015,upgraded,2024-08-08,1,2,2024-08-08
13559,10016,upgraded,2024-09-08,2,4,2024-09-08
13560,10017,created,2023-06-20,,3,2023-06-20
13561,10017,canceled,2024-04-20,3,,2024-04-20
13562,10018,created,2024-04-15,,2,2024-04-15
13563,10019,created,2023-07-10,,3,2023-07-10
13564,10020,downgraded,2024-01-10,3,1,2024-01-10
13565,10020,canceled,2024-09-10,1,,2024-09-10
13566,10021,created,2024-09-22,,3,2024-09-22
13567,10022,created,2024-11-24,,3,2024-11-24
13568,10022,canceled,2024-12-24,3,,2024-12-24
13569,10023,created,2024-03-03,,2,2024-03-03
13570,10024,created,2023-11-07,,2,2023-11-07
13571,10025,upgraded,2024-01-07,2,4,2024-01-07
13572,10026,upgraded,2024-06-07,4,7,2024-06-07
13573,10027,created,2023-08-01,,3,2023-08-04
13574,10028,created,2022-09-08,,3,2022-09-08
13575,10029,downgraded,2024-09-08,3,1,2024-09-08
13576,10030,upgraded,2024-11-08,1,2,2024-11-08
13577,10031,created,2023-09-12,,2,2023-09-12
13578,10031,canceled,2024-08-12,2,,2024-08-12
13579,10032,created,2024-05-17,,5,2024-05-17
13580,10033,upgraded,2024-06-17,5,6,2024-06-17
13581,10034,created,2024-03-22,,2,2024-03-22
13582,10035,created,2024-11-19,,3,2024-11-19
13583,10036,created,2023-12-05,,6,2023-12-05
13584,10036,canceled,2024-12-05,6,,2024-12-05
13585,10037,created,2024-06-14,,4,2024-06-14
13586,10038,created,2024-02-22,,2,2024-02-22
13587,10038,canceled,2024-04-22,2,,2024-04-22
13588,10039,created,2024-02-03,,3,2024-02-03
13589,10039,canceled,2024-04-03,3,,2024-04-03
13590,10040,reactivated,2024-10-03,,2,2024-10-03
13591,10041,created,2023-09-06,,2,2023-09-06
13592,10041,canceled,2024-05-06,2,,2024-05-06
13593,10042,reactivated,2024-06-06,,1,2024-06-06
13594,10043,created,2024-01-16,,2,2024-01-16
13595,10044,created,2024-02-05,,6,2024-02-05
13596,10045,created,2024-06-13,,2,2024-06-13
13597,10046,created,2024-11-09,,3,2024-11-09
13598,10047,created,2023-10-23,,4,2023-10-23
13599,10047,canceled,2024-05-23,4,,2024-05-23
13600,10048,created,2022-07-09,,5,2022-07-09
13601,10048,canceled,2022-11-09,5,,2022-11-09
13602,10049,reactivated,2023-04-09,,2,2023-04-09
13603,10049,canceled,2023-08-09,2,,2023-08-09
13604,10050,created,2024-02-26,,2,2024-02-26
13605,10051,created,2024-03-29,,1,2024-03-29
13606,10051,canceled,2024-04-29,1,,2024-04-29
13607,10052,created,2023-05-15,,1,2023-05-15
13608,10052,canceled,2023-12-15,1,,2023-12-15
13609,10053,created,2024-08-05,,8,2024-08-05
13610,10054,downgraded,2024-10-05,8,6,2024-10-09
13611,10055,created,2024-12-18,,2,2024-12-18
13612,10056,created,2024-11-24,,5,2024-11-24
13613,10057,created,2023-07-25,,7,2023-07-25
13614,10058,created,2024-10-09,,2,2024-10-09
13615,10059,created,2024-06-03,,2,2024-06-03
13616,10059,canceled,2024-09-03,2,,2024-09-03
13617,10060,created,2024-01-11,,1,2024-01-11
13618,10060,canceled,2024-09-11,1,,2024-09-11
13619,10061,created,2024-03-06,,4,2024-03-06
13620,10062,upgraded,2024-12-06,4,6,2024-12-06
13621,10063,created,2024-09-01,,1,2024-09-01
13622,10064,created,2024-02-13,,1,2024-02-13
13623,10064,canceled,2024-04-13,1,,2024-04-13
13624,10065,created,2023-11-24,,2,2023-11-24
13625,10065,canceled,2024-02-24,2,,2024-02-24
13626,10066,created,2024-02-16,,2,2024-02-16
13627,10067,downgraded,2024-09-16,2,1,2024-09-16
13628,10067,canceled,2024-11-16,1,,2024-11-16
13629,10068,created,2024-04-15,,4,2024-04-15
13630,10069,created,2023-06-16,,2,2023-06-16
13631,10069,canceled,2023-07-16,2,,2023-07-16
13632,10070,created,2024-10-21,,4,2024-10-21
13633,10071,created,2024-06-02,,6,2024-06-02
13634,10072,created,2024-05-18,,1,2024-05-18
13635,10073,created,2023-02-27,,4,2023-02-27
13636,10073,canceled,2023-11-27,4,,2023-11-27
13637,10074,created,2024-04-22,,2,2024-04-22
13638,10075,created,2023-03-26,,2,2023-03-26
13639,10076,upgraded,2024-01-26,2,5,2024-01-26
13640,10077,created,2022-12-04,,1,2022-12-04
13641,10077,canceled,2023-05-04,1,,2023-05-04
13642,10078,created,2024-03-23,,1,2024-03-23
13643,10079,created,2023-12-01,,3,2023-12-01
13644,10080,upgraded,2024-02-01,3,5,2024-02-01
13645,10081,upgraded,2024-07-01,5,6,2024-07-01
13646,10082,created,2024-04-19,,6,2024-04-19
13647,10083,created,2023-01-16,,1,2023-01-16
13648,10083,canceled,2023-06-16,1,,2023-06-16
13649,10084,reactivated,2024-01-16,,3,2024-01-16
13650,10085,created,2024-01-27,,2,2024-01-27
13651,10086,upgraded,2024-12-27,2,4,2024-12-27
13652,10087,created,2023-06-15,,1,2023-06-15
13653,10088,upgraded,2024-03-15,1,2,2024-03-15
13654,10089,upgraded,2024-08-15,2,5,2024-08-15
13655,10090,created,2024-12-28,,2,2024-12-28
13656,10091,created,2024-03-18,,3,2024-03-18
13657,10091,canceled,2024-09-18,3,,2024-09-22
13658,10092,created,2024-06-15,,2,2024-06-15
13659,10093,upgraded,2024-11-15,2,4,2024-11-15
13660,10094,created,2023-10-08,,4,2023-10-10
13661,10094,canceled,2024-12-08,4,,2024-12-08
13662,10095,created,2023-01-24,,8,2023-01-24
13663,10096,downgraded,2024-08-24,8,7,2024-08-24
13664,10097,created,2024-12-13,,2,2024-12-13
13665,10098,created,2023-09-19,,1,2023-09-19
13666,10098,canceled,2024-02-19,1,,2024-02-19
13667,10099,created,2024-01-17,,1,2024-01-17
13668,10099,canceled,2024-06-17,1,,2024-06-17
13669,10100,created,2024-05-05,,6,2024-05-05
13670,10101,created,2022-04-25,,1,2022-04-25
13671,10102,upgraded,2024-02-25,1,3,2024-02-25
13672,10103,upgraded,2024-12-25,3,4,2024-12-25
13673,10104,created,2024-09-27,,1,2024-09-27
13674,10104,canceled,2024-10-27,1,,2024-10-27
13675,10105,created,2024-03-03,,1,2024-03-03
13676,10105,canceled,2024-05-03,1,,2024-05-03
13677,10106,created,2023-09-26,,6,2023-09-26
13678,10107,created,2022-10-30,,1,2022-10-30
13679,10107,canceled,2022-12-30,1,,2022-12-30
13680,10108,created,2023-05-23,,1,2023-05-23
13681,10108,canceled,2024-04-23,1,,2024-04-23
13682,10109,created,2024-10-03,,7,2024-10-03
13683,10110,created,2024-06-05,,4,2024-06-05
13684,10111,created,2023-08-11,,4,2023-08-11
13685,10112,upgraded,2024-10-11,4,6,2024-10-11
13686,10113,created,2022-10-16,,1,2022-10-16
13687,10113,canceled,2023-04-16,1,,2023-04-16
13688,10114,reactivated,2023-10-16,,7,2023-10-16
13689,10115,upgraded,2024-09-16,7,8,2024-09-16
13690,10116,created,2024-06-26,,3,2024-06-26
13691,10117,upgraded,2024-08-26,3,4,2024-08-26
13692,10118,created,2024-04-30,,1,2024-04-30
13693,10119,upgraded,2024-10-30,1,3,2024-11-04
13694,10119,canceled,2024-11-30,3,,2024-11-30
13695,10120,created,2023-12-07,,7,2023-12-07
13696,10121,upgraded,2024-01-07,7,8,2024-01-07
13697,10122,created,2023-11-02,,4,2023-11-02
13698,10123,created,2023-07-30,,8,2023-07-30
13699,10124,downgraded,2023-12-30,8,6,2023-12-30
13700,10124,canceled,2024-01-30,6,,2024-01-30
13701,10125,created,2024-06-13,,1,2024-06-13
13702,10125,canceled,2024-10-13,1,,2024-10-13
13703,10126,created,2024-12-21,,2,2024-12-21
13704,10127,created,2023-06-13,,8,2023-06-13
13705,10128,created,2024-04-25,,1,2024-04-25
13706,10128,canceled,2024-06-25,1,,2024-06-25
13707,10129,created,2024-01-14,,1,2024-01-14
13708,10129,canceled,2024-03-14,1,,2024-03-14
13709,10130,created,2024-01-10,,2,2024-01-10
13710,10131,created,2023-09-30,,1,2023-09-30
13711,19031,canceled,2023-12-30,1,,2023-12-30
13712,10132,reactivated,2024-06-29,,1,2024-06-29
13713,10133,created,2024-09-22,,6,2024-09-22
13714,10134,created,2024-02-16,,8,2024-02-16
13715,10135,created,2024-03-09,,2,2024-03-09
13716,10136,created,2023-10-24,,4,2023-10-24
13717,10137,created,2023-06-29,,2,2023-06-29
13718,10138,downgraded,2024-08-29,2,1,2024-08-29
13719,10138,canceled,2024-09-29,1,,2024-09-29
13720,10139,created,2023-01-25,,4,2023-01-25
13721,10140,created,2024-06-28,,1,2024-06-28
13722,10141,created,2023-07-15,,1,2023-07-15
13723,10141,canceled,2023-09-15,1,,2023-09-15
13724,10142,reactivated,2024-06-15,,2,2024-06-15
13725,10143,upgraded,2024-12-15,2,5,2024-12-15
13726,10144,created,2024-06-03,,4,2024-06-03
13727,10145,created,2023-12-28,,1,2023-12-28
13728,10145,canceled,2024-07-28,1,,2024-07-28
13729,10146,created,2024-01-25,,6,2024-01-25
13730,10147,created,2024-02-19,,2,2024-02-19
13731,10148,upgraded,2024-04-19,2,5,2024-04-19
13732,10149,created,2023-11-27,,1,2023-11-27
13733,10149,canceled,2024-12-27,1,,2024-12-31
13734,10150,created,2023-02-19,,1,2023-02-19
13735,10151,upgraded,2024-04-19,1,3,2024-04-19
13736,10151,canceled,2024-09-19,3,,2024-09-19
13737,22253,created,2023-10-10,,4,2023-10-10
13738,10153,upgraded,2024-04-10,4,6,2024-04-10
13739,10154,upgraded,2024-09-10,6,8,2024-09-10
13740,10155,downgraded,2024-10-10,8,6,2024-10-10
13741,10156,created,2024-05-05,,1,2024-05-05
13742,10157,upgraded,2024-08-05,1,3,2024-08-05
13743,10158,created,2024-05-13,,1,2024-05-18
13744,10159,created,2023-09-09,,1,2023-09-09
13745,10159,canceled,2023-12-09,1,,2023-12-09
13746,10160,created,2024-01-19,,7,2024-01-19
13747,10161,downgraded,2024-12-19,7,4,2024-12-19
13748,10162,created,2023-06-13,,1,2023-06-13
13749,10162,canceled,2023-09-13,1,,2023-09-13
13750,10163,created,2023-07-27,,1,2023-07-27
13751,10163,canceled,2023-09-27,1,,2023-09-27
13752,10164,reactivated,2023-11-27,,1,2023-11-27
13753,10164,canceled,2024-01-27,1,,2024-01-27
13754,10165,created,2022-04-06,,2,2022-04-06
13755,10165,canceled,2022-06-06,2,,2022-06-06
13756,10166,created,2024-10-14,,2,2024-10-14
13757,10167,created,2023-07-26,,1,2023-07-26
13758,10167,canceled,2023-09-26,1,,2023-09-26
13759,10168,reactivated,2023-12-26,,4,2023-12-26
13760,10168,canceled,2024-10-26,4,,2024-10-26
13761,10169,created,2023-08-15,,1,2023-08-15
13762,10170,upgraded,2023-10-15,1,2,2023-10-15
13763,10170,canceled,2024-04-15,2,,2024-04-15
13764,10171,created,2023-09-12,,1,2023-09-12
13765,10171,canceled,2024-07-12,1,,2024-07-12
13766,10172,created,2023-04-19,,4,2023-04-19
13767,10173,created,2024-05-16,,1,2024-05-16
13768,10173,canceled,2024-12-16,1,,2024-12-16
13769,10174,created,2022-11-25,,4,2022-11-25
13770,10174,canceled,2024-01-25,4,,2024-01-25
13771,10175,created,2023-04-02,,1,2023-04-02
13772,10175,canceled,2023-05-02,1,,2023-05-02
13773,10176,created,2024-05-04,,4,2024-05-04
13774,10177,created,2023-11-22,,3,2023-11-22
13775,10178,created,2024-06-21,,4,2024-06-21
13776,10179,created,2024-03-07,,6,2024-03-07
13777,10180,created,2023-09-05,,2,2023-09-05
13778,10180,canceled,2023-10-05,2,,2023-10-05
13779,10181,created,2024-05-09,,1,2024-05-09
13780,10182,created,2023-03-29,,1,2023-03-29
13781,10182,canceled,2023-04-29,1,,2023-04-29
13782,10183,reactivated,2024-03-29,,1,2024-03-29
13783,10183,canceled,2024-08-29,1,,2024-08-29
13784,10184,created,2024-03-19,,6,2024-03-19
13785,10185,upgraded,2024-12-19,6,8,2024-12-19
13786,10186,created,2024-01-30,,2,2024-01-30
13787,10186,canceled,2024-05-29,2,,2024-05-29
13788,10187,created,2023-09-07,,4,2023-09-07
13789,10188,upgraded,2023-10-07,4,6,2023-10-07
13790,10189,created,2024-04-25,,7,2024-04-25
13791,10190,created,2024-10-11,,8,2024-10-11
13792,10191,created,2024-12-26,,2,2024-12-26
13793,10192,created,2024-04-29,,4,2024-04-29
13794,10193,upgraded,2024-08-29,4,7,2024-08-29
13795,10194,created,2023-12-25,,1,2023-12-25
13796,10194,canceled,2024-04-25,1,,2024-04-25
13797,10195,created,2023-08-19,,1,2023-08-19
13798,10195,canceled,2024-06-19,1,,2024-06-19
13799,10196,created,2023-09-01,,1,2023-09-01
13800,10196,canceled,2023-11-01,1,,2023-11-01
13801,10197,reactivated,2024-02-01,,1,2024-02-01
13802,10198,created,2024-02-29,,1,2024-02-29
13803,10199,created,2023-11-15,,1,2023-11-15
13804,10199,canceled,2024-04-15,1,,2024-04-15
13805,10200,created,2024-10-12,,3,2024-10-12
13806,10201,created,2023-11-14,,2,2023-11-22
13807,10202,upgraded,2024-01-14,2,4,2024-01-14
13808,13875,downgraded,2024-02-14,4,3,2024-02-14
13809,10203,canceled,2024-06-14,3,,2024-06-14
13810,10204,created,2023-11-13,,8,2023-11-13
13811,10205,created,2023-12-19,,6,2023-12-19
13812,10205,canceled,2024-04-19,6,,2024-04-19
13813,10206,created,2024-09-03,,2,2024-09-03
13814,10207,created,2024-05-20,,2,2024-05-23
13815,10208,created,2024-04-14,,6,2024-04-14
13816,10209,created,2023-10-22,,3,2023-10-22
13817,10209,canceled,2024-06-22,3,,2024-06-22
13818,10210,created,2024-09-25,,6,2024-09-25
13819,10211,created,2022-07-07,,1,2022-07-07
13820,10211,canceled,2022-10-07,1,,2022-10-07
13821,10212,created,2024-10-06,,1,2024-10-06
13822,10213,created,2024-02-06,,1,2024-02-06
13823,10213,canceled,2024-08-06,1,,2024-08-06
13824,10214,created,2023-12-19,,2,2023-12-19
13825,10214,canceled,2024-04-19,2,,2024-04-19
13826,10215,created,2024-02-08,,2,2024-02-08
13827,10216,upgraded,2024-09-08,2,4,2024-09-08
13828,10216,canceled,2024-11-08,4,,2024-11-08
13829,10217,created,2024-06-01,,3,2024-06-01
13830,10218,created,2022-02-02,,5,2022-02-02
13831,10218,canceled,2023-07-02,5,,2023-07-02
13832,10219,created,2024-10-03,,3,2024-10-03
13833,10220,created,2024-01-24,,1,2024-01-24
13834,10220,canceled,2024-09-24,1,,2024-09-24
13835,10221,created,2023-11-29,,6,2023-11-29
13836,10221,canceled,2024-05-29,6,,2024-05-29
13837,10222,created,2023-04-03,,1,2023-04-03
13838,10222,canceled,2023-10-03,1,,2023-10-03
13839,10223,created,2024-01-22,,2,2024-01-22
13840,10224,downgraded,2024-06-22,2,1,2024-06-22
13841,10224,canceled,2024-08-22,1,,2024-08-22
13842,10225,created,2024-02-09,,1,2024-02-09
13843,10225,canceled,2024-09-09,1,,2024-09-09
13844,10226,created,2023-12-21,,1,2023-12-21
13845,10226,canceled,2024-02-21,1,,2024-02-21
13846,19921,created,2024-06-13,,1,2024-06-13
13847,10228,created,2024-01-06,,1,2024-01-06
13848,10229,created,2024-11-02,,1,2024-11-02
13849,10229,canceled,2024-12-02,1,,2024-12-02
13850,10230,created,2024-04-24,,1,2024-04-24
13851,10230,canceled,2024-10-24,1,,2024-10-24
13852,10231,reactivated,2024-11-24,,3,2024-11-24
13853,10232,created,2024-09-01,,1,2024-09-01
13854,10233,created,2023-02-05,,2,2023-02-05
13855,10233,canceled,2024-07-05,2,,2024-07-05
13856,10234,created,2023-12-18,,1,2023-12-18
13857,10235,upgraded,2024-05-18,1,2,2024-05-18
13858,10236,created,2023-10-03,,2,2023-10-03
13859,10236,canceled,2024-07-03,2,,2024-07-03
13860,10237,created,2024-04-05,,6,2024-04-05
13861,10237,canceled,2024-12-05,6,,2024-12-05
13862,10238,created,2024-09-24,,1,2024-09-24
13863,10238,canceled,2024-10-24,1,,2024-10-24
13864,10239,created,2022-12-20,,4,2022-12-20
13865,10240,upgraded,2023-02-20,4,6,2023-02-20
13866,10241,upgraded,2023-04-20,6,8,2023-04-20
13867,10242,downgraded,2023-08-20,8,6,2023-08-20
13868,10243,created,2022-11-24,,1,2022-11-24
13869,10243,canceled,2022-12-24,1,,2022-12-24
13870,10244,created,2024-09-28,,3,2024-09-28
13871,10245,downgraded,2024-12-28,3,1,2024-12-28
13872,10246,created,2023-07-05,,4,2023-07-05
13873,10247,upgraded,2024-06-05,4,6,2024-06-05
13874,10248,created,2024-06-28,,7,2024-06-28
13875,10249,created,2024-03-05,,1,2024-03-05
13876,10250,created,2024-09-15,,1,2024-09-15
13877,10250,canceled,2024-12-15,1,,2024-12-15
13878,10251,created,2023-03-28,,4,2023-03-28
13879,10251,canceled,2024-04-28,4,,2024-05-05
13880,10252,created,2023-04-06,,6,2023-04-06
13881,10253,created,2024-03-31,,1,2024-03-31
13882,10253,canceled,2024-07-30,1,,2024-07-30
13883,10254,created,2024-11-04,,2,2024-11-04
13884,10255,created,2024-01-21,,4,2024-01-21
13885,10256,created,2023-10-01,,1,2023-10-01
13886,10256,canceled,2024-02-01,1,,2024-02-01
13887,10257,created,2024-04-15,,6,2024-04-15
13888,10258,created,2024-11-10,,2,2024-11-18
13889,10259,created,2024-09-27,,1,2024-09-27
13890,10259,canceled,2024-10-27,1,,2024-10-27
13891,10260,created,2024-12-12,,4,2024-12-12
13892,10261,created,2022-04-23,,1,2022-04-23
13893,10262,upgraded,2022-05-23,1,2,2022-05-23
13894,10262,canceled,2022-11-23,2,,2022-11-23
13895,10263,reactivated,2023-08-23,,7,2023-08-23
13896,10264,created,2023-03-31,,1,2023-03-31
13897,10264,canceled,2023-12-30,1,,2023-12-30
13898,10265,created,2024-04-25,,3,2024-04-25
13899,10266,created,2024-09-16,,6,2024-09-16
13900,10267,created,2023-09-21,,1,2023-09-21
13901,10267,canceled,2024-11-21,1,,2024-11-21
13902,10268,created,2023-08-10,,1,2023-08-10
13903,10269,upgraded,2023-09-10,1,2,2023-09-10
13904,10270,downgraded,2023-10-10,2,1,2023-10-10
13905,10271,upgraded,2023-12-10,1,2,2023-12-10
13906,10272,created,2024-08-20,,1,2024-08-20
13907,10272,canceled,2024-11-20,1,,2024-11-20
13908,10273,created,2022-09-11,,4,2022-09-11
13909,10273,canceled,2024-07-11,4,,2024-07-11
13910,10274,created,2023-11-08,,2,2023-11-08
13911,10275,downgraded,2024-03-08,2,1,2024-03-08
13912,10276,upgraded,2024-07-08,1,2,2024-07-08
13913,10277,created,2024-02-27,,8,2024-02-27
13914,10278,created,2024-03-26,,1,2024-03-26
13915,10278,canceled,2024-04-26,1,,2024-04-26
13916,10279,created,2024-07-21,,5,2024-07-21
13917,10280,created,2023-11-14,,8,2023-11-14
13918,10281,created,2024-04-19,,1,2024-04-19
13919,10281,canceled,2024-07-19,1,,2024-07-19
13920,10282,reactivated,2024-12-19,,4,2024-12-19
13921,10283,created,2024-04-12,,6,2024-04-12
13922,10284,created,2024-03-29,,1,2024-03-29
13923,10285,created,2024-05-23,,1,2024-05-23
13924,10285,canceled,2024-12-23,1,,2024-12-23
13925,10286,created,2023-09-05,,2,2023-09-05
13926,10287,downgraded,2024-03-05,2,1,2024-03-05
13927,10287,canceled,2024-06-05,1,,2024-06-05
13928,10288,created,2023-01-08,,2,2023-01-08
13929,10289,upgraded,2023-05-08,2,5,2023-05-08
13930,10290,upgraded,2024-04-08,5,7,2024-04-08
13931,10291,created,2023-03-09,,1,2023-03-09
13932,10291,canceled,2023-11-09,1,,2023-11-09
13933,18648,created,2023-08-04,,2,2023-08-04
13934,10293,upgraded,2023-09-04,2,5,2023-09-04
13935,10294,upgraded,2024-08-04,5,6,2024-08-04
13936,10295,created,2024-02-23,,1,2024-02-23
13937,10296,created,2024-09-13,,2,2024-09-13
13938,10297,created,2024-06-28,,1,2024-06-28
13939,10297,canceled,2024-10-28,1,,2024-10-28
13940,10298,created,2024-08-29,,6,2024-08-29
13941,10299,upgraded,2024-12-29,6,8,2024-12-29
13942,10300,created,2023-11-30,,2,2023-11-30
13943,10300,canceled,2024-12-29,2,,2024-12-29
13944,10301,created,2023-12-20,,4,2023-12-20
13945,10302,created,2023-12-10,,4,2023-12-10
13946,10303,downgraded,2024-02-10,4,3,2024-02-10
13947,10304,created,2023-06-27,,8,2023-06-27
13948,10305,downgraded,2024-11-27,8,6,2024-11-27
13949,10306,created,2022-10-20,,4,2022-10-20
13950,10306,canceled,2024-11-20,4,,2024-11-20
13951,10307,created,2024-04-26,,1,2024-04-26
13952,10307,canceled,2024-09-26,1,,2024-09-26
13953,10308,created,2024-12-08,,5,2024-12-08
13954,10309,created,2023-05-14,,4,2023-05-14
13955,10309,canceled,2023-08-14,4,,2023-08-14
13956,10310,created,2022-08-24,,6,2022-08-24
13957,10311,created,2024-08-24,,1,2024-08-24
13958,10312,created,2023-09-02,,1,2023-09-02
13959,10312,canceled,2024-11-02,1,,2024-11-02
13960,10313,created,2024-09-27,,3,2024-09-27
13961,10314,created,2024-06-10,,1,2024-06-10
13962,10314,canceled,2024-10-10,1,,2024-10-10
13963,10315,created,2024-11-27,,7,2024-11-27
13964,10316,created,2023-12-31,,2,2023-12-31
13965,10316,canceled,2024-01-31,2,,2024-01-31
13966,10317,reactivated,2024-06-29,,6,2024-06-29
13967,10318,created,2024-05-08,,1,2024-05-08
13968,10319,created,2024-01-24,,1,2024-01-24
13969,10319,canceled,2024-03-24,1,,2024-03-24
13970,10320,created,2024-05-31,,1,2024-05-31
13971,10321,created,2024-01-08,,4,2024-01-08
13972,10322,upgraded,2024-02-08,4,6,2024-02-08
13973,10323,downgraded,2024-03-08,6,5,2024-03-08
13974,10324,upgraded,2024-08-08,5,7,2024-08-08
13975,10325,created,2023-06-19,,2,2023-06-19
13976,10326,downgraded,2024-05-19,2,1,2024-05-19
13977,10326,canceled,2024-07-19,1,,2024-07-19
13978,10327,created,2024-02-07,,2,2024-02-07
13979,10328,downgraded,2024-04-07,2,1,2024-04-07
13980,10329,created,2024-03-26,,1,2024-03-26
13981,10330,upgraded,2024-07-26,1,2,2024-07-26
13982,10330,canceled,2024-08-26,2,,2024-08-26
13983,10331,reactivated,2024-12-26,,1,2024-12-26
13984,10332,created,2024-09-18,,2,2024-09-18
13985,10333,created,2024-07-27,,1,2024-07-27
13986,10334,created,2024-05-08,,6,2024-05-08
13987,10335,upgraded,2024-09-08,6,8,2024-09-08
13988,10336,downgraded,2024-11-08,8,6,2024-11-08
13989,10337,created,2023-03-08,,1,2023-03-08
13990,10337,canceled,2023-09-08,1,,2023-09-08
13991,10338,created,2024-07-06,,1,2024-07-06
13992,10339,created,2024-02-06,,4,2024-02-06
13993,10339,canceled,2024-05-06,4,,2024-05-06
13994,10340,created,2024-10-01,,1,2024-10-01
13995,10341,created,2024-11-27,,5,2024-11-27
13996,10342,created,2022-09-02,,1,2022-09-02
13997,10342,canceled,2022-11-02,1,,2022-11-02
13998,10343,created,2024-09-08,,3,2024-09-08
13999,10344,created,2022-07-16,,4,2022-07-16
14000,10344,canceled,2022-08-16,4,,2022-08-16
14001,10345,reactivated,2024-10-16,,1,2024-10-16
14002,10345,canceled,2024-12-16,1,,2024-12-16
14003,10346,created,2023-11-18,,1,2023-11-18
14004,10347,upgraded,2024-04-18,1,2,2024-04-18
14005,10348,created,2024-03-31,,7,2024-03-31
14006,10349,created,2023-05-05,,2,2023-05-05
14007,10350,upgraded,2023-07-05,2,4,2023-07-05
14008,10351,upgraded,2024-06-05,4,6,2024-06-05
14009,10352,upgraded,2024-11-05,6,8,2024-11-05
14010,10353,created,2024-07-10,,1,2024-07-10
14011,10353,canceled,2024-10-10,1,,2024-10-10
14012,10354,created,2022-02-19,,1,2022-02-19
14013,10354,canceled,2022-05-19,1,,2022-05-28
14014,10355,reactivated,2022-09-19,,2,2022-09-19
14015,10355,canceled,2023-06-19,2,,2023-06-19
14016,10356,reactivated,2024-04-19,,5,2024-04-19
14017,10357,created,2023-05-03,,1,2023-05-03
14018,10358,upgraded,2023-09-03,1,3,2023-09-03
14019,10359,upgraded,2023-12-03,3,4,2023-12-03
14020,10359,canceled,2024-08-03,4,,2024-08-03
14021,10360,created,2024-04-02,,1,2024-04-02
14022,10361,upgraded,2024-06-02,1,2,2024-06-02
14023,10362,downgraded,2024-10-02,2,1,2024-10-02
14024,10362,canceled,2024-11-02,1,,2024-11-02
14025,10363,created,2024-06-03,,1,2024-06-03
14026,10364,upgraded,2024-12-03,1,2,2024-12-03
14027,10365,created,2024-10-29,,1,2024-10-29
14028,10366,created,2024-06-08,,3,2024-06-08
14029,10367,upgraded,2024-07-08,3,4,2024-07-08
14030,10367,canceled,2024-11-08,4,,2024-11-08
14031,10368,created,2024-06-30,,5,2024-06-30
14032,10369,upgraded,2024-11-30,5,7,2024-11-30
14033,10370,created,2023-12-16,,8,2023-12-16
14034,10370,canceled,2024-03-16,8,,2024-03-16
14035,10371,created,2022-01-11,,6,2022-01-11
14036,10372,upgraded,2022-11-11,6,8,2022-11-11
14037,10373,downgraded,2024-10-11,8,7,2024-10-11
14038,10374,created,2023-03-13,,2,2023-03-13
14039,10374,canceled,2023-07-13,2,,2023-07-13
14040,10375,created,2024-03-21,,1,2024-03-21
14041,10375,canceled,2024-05-21,1,,2024-05-21
14042,10376,created,2024-06-01,,1,2024-06-01
14043,10376,canceled,2024-11-01,1,,2024-11-01
14044,10377,created,2024-01-05,,1,2024-01-05
14045,10377,canceled,2024-02-05,1,,2024-02-05
14046,10378,created,2024-07-18,,3,2024-07-18
14047,10379,created,2024-03-08,,1,2024-03-08
14048,10379,canceled,2024-08-08,1,,2024-08-08
14049,10380,reactivated,2024-10-08,,1,2024-10-08
14050,10381,created,2022-11-15,,6,2022-11-15
14051,10382,upgraded,2024-05-15,6,8,2024-05-15
14052,10383,created,2023-06-05,,2,2023-06-09
14053,10384,upgraded,2024-05-05,2,5,2024-05-05
14054,10385,created,2024-09-17,,2,2024-09-17
14055,10386,created,2024-07-15,,2,2024-07-15
14056,10387,created,2024-10-07,,3,2024-10-07
14057,10388,created,2023-03-17,,2,2023-03-17
14058,10389,upgraded,2024-02-17,2,4,2024-02-17
14059,10390,upgraded,2024-05-17,4,6,2024-05-17
14060,10391,upgraded,2024-07-17,6,8,2024-07-17
14061,10392,created,2024-12-02,,4,2024-12-02
14062,10393,created,2023-07-24,,1,2023-07-24
14063,10394,upgraded,2023-08-24,1,3,2023-08-24
14064,10394,canceled,2024-06-24,3,,2024-06-24
14065,10395,created,2022-02-05,,1,2022-02-05
14066,10395,canceled,2022-07-05,1,,2022-07-05
14067,10396,reactivated,2022-11-05,,1,2022-11-12
14068,10396,canceled,2024-09-05,1,,2024-09-05
14069,10397,created,2024-12-04,,6,2024-12-04
14070,10398,created,2023-09-29,,6,2023-09-29
14071,10399,created,2024-06-18,,5,2024-06-18
14072,10400,created,2023-06-23,,4,2023-06-23
14073,10401,upgraded,2023-12-23,4,6,2023-12-23
14074,10402,created,2024-04-22,,2,2024-04-22
14075,10403,created,2024-10-12,,6,2024-10-12
14076,10404,created,2023-10-13,,1,2023-10-13
14077,10404,canceled,2024-04-13,1,,2024-04-13
14078,10405,created,2024-06-16,,2,2024-06-16
14079,10406,created,2023-06-05,,1,2023-06-05
14080,10407,upgraded,2024-07-05,1,3,2024-07-05
14081,10408,created,2024-05-21,,3,2024-05-21
14082,10409,upgraded,2024-06-21,3,4,2024-06-21
14083,10410,upgraded,2024-10-21,4,6,2024-10-21
14084,10411,created,2023-10-28,,4,2023-10-28
14085,10412,upgraded,2024-06-28,4,7,2024-06-28
14086,10413,created,2023-07-07,,1,2023-07-07
14087,10413,canceled,2024-08-07,1,,2024-08-07
14088,10414,created,2023-10-08,,1,2023-10-08
14089,10414,canceled,2024-03-08,1,,2024-03-08
14090,10415,created,2023-06-18,,4,2023-06-18
14091,10416,upgraded,2023-10-18,4,6,2023-10-18
14092,10417,created,2024-10-31,,8,2024-10-31
14093,10418,created,2023-12-19,,5,2023-12-19
14094,10419,upgraded,2024-01-19,5,6,2024-01-19
14095,10420,created,2023-08-10,,3,2023-08-10
14096,10421,upgraded,2024-03-10,3,4,2024-03-10
14097,10422,downgraded,2024-11-10,4,3,2024-11-10
14098,10423,created,2024-01-03,,1,2024-01-03
14099,10424,upgraded,2024-04-03,1,2,2024-04-03
14100,10425,created,2023-10-31,,5,2023-10-31
14101,10426,downgraded,2024-06-29,5,2,2024-06-29
14102,10427,created,2024-07-15,,1,2024-07-15
14103,10428,created,2024-12-16,,1,2024-12-16
14104,10429,created,2024-01-14,,1,2024-01-14
14105,10430,upgraded,2024-03-14,1,2,2024-03-14
14106,10431,upgraded,2024-09-14,2,5,2024-09-14
14107,10432,created,2024-09-27,,2,2024-09-27
14108,10433,upgraded,2024-10-27,2,5,2024-10-27
14109,10434,created,2024-03-25,,1,2024-03-25
14110,10434,canceled,2024-05-25,1,,2024-05-25
14111,10435,reactivated,2024-07-25,,1,2024-07-25
14112,10436,created,2023-05-15,,1,2023-05-15
14113,10436,canceled,2023-09-15,1,,2023-09-15
14114,10437,created,2024-06-02,,1,2024-06-02
14115,10437,canceled,2024-08-02,1,,2024-08-02
14116,10438,created,2024-02-14,,1,2024-02-18
14117,10439,created,2024-05-16,,1,2024-05-16
14118,10439,canceled,2024-06-16,1,,2024-06-16
14119,10440,created,2024-10-22,,2,2024-10-22
14120,10441,created,2024-01-16,,4,2024-01-16
14121,10442,created,2024-10-04,,1,2024-10-04
14122,10442,canceled,2024-11-04,1,,2024-11-04
14123,10443,created,2024-07-01,,2,2024-07-01
14124,10443,canceled,2024-08-01,2,,2024-08-01
14125,10444,created,2024-02-05,,6,2024-02-05
14126,10444,canceled,2024-12-05,6,,2024-12-05
14127,10445,created,2024-04-11,,1,2024-04-11
14128,10445,canceled,2024-06-11,1,,2024-06-11
14129,10446,reactivated,2024-08-11,,1,2024-08-11
14130,10447,created,2023-10-19,,1,2023-10-19
14131,10447,canceled,2024-02-19,1,,2024-02-19
14132,10448,created,2024-12-02,,3,2024-12-02
14133,10449,created,2024-06-07,,2,2024-06-07
14134,10450,created,2022-08-08,,2,2022-08-08
14135,10450,canceled,2023-04-08,2,,2023-04-18
14136,10451,created,2023-10-04,,1,2023-10-04
14137,10451,canceled,2023-12-04,1,,2023-12-04
14138,10452,reactivated,2024-02-04,,2,2024-02-04
14139,10452,canceled,2024-11-04,2,,2024-11-04
14140,10453,created,2024-05-25,,5,2024-05-25
14141,10453,canceled,2024-06-25,5,,2024-06-25
14142,10454,created,2022-09-02,,2,2022-09-02
14143,10455,downgraded,2023-01-02,2,1,2023-01-02
14144,10455,canceled,2023-02-02,1,,2023-02-02
14145,10456,created,2022-04-11,,1,2022-04-11
14146,10456,canceled,2022-09-11,1,,2022-09-11
14147,10457,reactivated,2024-05-11,,6,2024-05-11
14148,10458,created,2024-01-01,,1,2024-01-01
14149,10459,created,2023-10-15,,1,2023-10-20
14150,10459,canceled,2024-01-15,1,,2024-01-15
14151,10460,created,2024-01-11,,1,2024-01-11
14152,10461,created,2023-09-17,,1,2023-09-17
14153,10462,upgraded,2024-07-17,1,2,2024-07-17
14154,10462,canceled,2024-11-17,2,,2024-11-17
14155,10463,created,2023-05-17,,1,2023-05-17
14156,10463,canceled,2023-07-17,1,,2023-07-17
14157,10464,reactivated,2023-10-17,,1,2023-10-17
14158,10464,canceled,2024-05-17,1,,2024-05-17
14159,10465,created,2024-06-05,,6,2024-06-05
14160,10466,downgraded,2024-07-05,6,5,2024-07-05
14161,10467,created,2024-02-01,,1,2024-02-01
14162,10468,upgraded,2024-06-01,1,2,2024-06-01
14163,10469,created,2023-07-29,,1,2023-07-29
14164,10470,upgraded,2023-12-29,1,2,2023-12-29
14165,10471,created,2023-10-15,,1,2023-10-15
14166,10472,upgraded,2024-08-15,1,2,2024-08-15
14167,10473,created,2024-04-06,,2,2024-04-06
14168,10474,downgraded,2024-12-06,2,1,2024-12-06
14169,10475,created,2022-11-24,,2,2022-11-24
14170,10475,canceled,2024-10-24,2,,2024-10-24
14171,10476,created,2023-05-28,,2,2023-05-28
14172,10476,canceled,2023-09-28,2,,2023-10-05
14173,10477,created,2022-11-30,,2,2022-11-30
14174,10477,canceled,2023-03-28,2,,2023-03-28
14175,10478,created,2024-09-02,,1,2024-09-02
14176,10478,canceled,2024-11-02,1,,2024-11-02
14177,10479,created,2024-07-07,,4,2024-07-07
14178,10480,created,2024-07-25,,1,2024-07-25
14179,10480,canceled,2024-12-25,1,,2024-12-25
14180,10481,created,2024-07-18,,4,2024-07-18
14181,10482,created,2024-06-05,,2,2024-06-05
14182,10482,canceled,2024-11-05,2,,2024-11-05
14183,10483,created,2024-02-26,,1,2024-02-26
14184,10483,canceled,2024-10-26,1,,2024-10-26
14185,10484,created,2024-05-05,,1,2024-05-05
14186,10485,created,2022-07-23,,3,2022-07-23
14187,10485,canceled,2023-01-23,3,,2023-01-23
14188,10486,created,2024-05-13,,2,2024-05-13
14189,10487,downgraded,2024-11-13,2,1,2024-11-13
14190,10488,created,2024-08-08,,2,2024-08-08
14191,10488,canceled,2024-12-08,2,,2024-12-08
14192,10489,created,2024-02-03,,6,2024-02-03
14193,10489,canceled,2024-07-03,6,,2024-07-03
14194,10490,created,2023-11-02,,1,2023-11-02
14195,10490,canceled,2024-02-02,1,,2024-02-02
14196,10491,created,2023-09-19,,2,2023-09-19
14197,10491,canceled,2023-10-19,2,,2023-10-19
14198,10492,created,2024-05-20,,1,2024-05-20
14199,10493,created,2024-06-13,,2,2024-06-13
14200,10494,created,2024-10-26,,1,2024-10-26
14201,10495,created,2023-11-04,,2,2023-11-04
14202,10496,created,2024-08-20,,4,2024-08-20
14203,10497,created,2024-03-31,,6,2024-03-31
14204,10498,created,2024-10-24,,1,2024-10-24
14205,10498,canceled,2024-11-24,1,,2024-11-24
14206,10499,created,2024-03-07,,7,2024-03-07
14207,10500,upgraded,2024-07-07,7,8,2024-07-07
14208,10501,created,2024-03-03,,2,2024-03-03
14209,10502,downgraded,2024-05-03,2,1,2024-05-03
14210,10503,created,2024-04-04,,1,2024-04-04
14211,10503,canceled,2024-05-04,1,,2024-05-13
14212,10504,created,2024-07-21,,1,2024-07-21
14213,10504,canceled,2024-09-21,1,,2024-09-21
14214,10505,created,2024-11-30,,4,2024-11-30
14215,10506,created,2022-11-21,,8,2022-11-21
14216,10506,canceled,2023-01-21,8,,2023-01-21
14217,10507,created,2022-09-10,,1,2022-09-10
14218,10508,upgraded,2022-12-10,1,2,2022-12-10
14219,10509,upgraded,2024-05-10,2,4,2024-05-10
14220,10510,created,2024-11-01,,5,2024-11-01
14221,10511,created,2024-03-29,,1,2024-03-29
14222,10512,created,2024-04-17,,6,2024-04-17
14223,10513,created,2024-02-04,,4,2024-02-04
14224,10514,created,2023-01-13,,4,2023-01-13
14225,10515,upgraded,2023-02-13,4,6,2023-02-13
14226,10516,downgraded,2024-07-13,6,4,2024-07-13
14227,10517,downgraded,2024-08-13,4,2,2024-08-13
14228,10518,created,2024-08-05,,6,2024-08-05
14229,10519,created,2024-07-09,,6,2024-07-09
14230,10520,created,2023-10-08,,2,2023-10-08
14231,10520,canceled,2023-11-08,2,,2023-11-08
14232,10521,created,2023-10-09,,8,2023-10-09
14233,10522,created,2024-09-17,,3,2024-09-17
14234,10523,created,2022-11-20,,1,2022-11-20
14235,10523,canceled,2022-12-20,1,,2022-12-20
14236,10524,created,2024-10-20,,4,2024-10-20
14237,10525,created,2023-09-10,,1,2023-09-10
14238,10526,upgraded,2024-04-10,1,2,2024-04-10
14239,10526,canceled,2024-12-10,2,,2024-12-10
14240,10527,created,2024-04-06,,6,2024-04-06
14241,10528,upgraded,2024-08-06,6,8,2024-08-06
14242,10529,created,2024-11-03,,1,2024-11-03
14243,10529,canceled,2024-12-03,1,,2024-12-03
14244,10530,created,2024-06-30,,8,2024-06-30
14245,10531,created,2024-01-02,,1,2024-01-02
14246,10531,canceled,2024-08-02,1,,2024-08-02
14247,10532,created,2024-06-21,,3,2024-06-21
14248,10533,downgraded,2024-10-21,3,1,2024-10-21
14249,10533,canceled,2024-11-21,1,,2024-11-21
14250,10534,created,2023-11-11,,4,2023-11-11
14251,10535,created,2023-09-01,,2,2023-09-01
14252,10535,canceled,2023-11-01,2,,2023-11-01
14253,10536,reactivated,2024-05-01,,4,2024-05-01
14254,10537,created,2024-12-13,,1,2024-12-13
14255,10538,created,2024-07-25,,3,2024-07-25
14256,10538,canceled,2024-12-25,3,,2024-12-25
14257,10539,created,2024-05-09,,6,2024-05-09
14258,10540,created,2023-11-29,,4,2023-11-29
14259,10541,created,2022-09-02,,1,2022-09-02
14260,10541,canceled,2022-10-02,1,,2022-10-02
14261,10542,created,2022-05-25,,5,2022-05-25
14262,10543,upgraded,2023-09-25,5,7,2023-09-25
14263,10543,canceled,2024-04-25,7,,2024-04-25
14264,10544,created,2024-03-28,,3,2024-03-28
14265,10544,canceled,2024-06-28,3,,2024-06-28
14266,10545,created,2024-08-10,,1,2024-08-10
14267,10546,created,2024-03-30,,1,2024-03-30
14268,10546,canceled,2024-05-30,1,,2024-05-30
14269,10547,created,2024-09-29,,4,2024-09-29
14270,10548,created,2022-06-14,,4,2022-06-14
14271,10548,canceled,2024-04-14,4,,2024-04-14
14272,10549,created,2023-11-01,,2,2023-11-01
14273,10549,canceled,2023-12-01,2,,2023-12-01
14274,10550,created,2023-08-03,,1,2023-08-03
14275,10550,canceled,2023-12-03,1,,2023-12-03
14276,10551,created,2024-01-19,,1,2024-01-19
14277,10552,created,2022-11-22,,1,2022-11-22
14278,10552,canceled,2024-02-22,1,,2024-02-22
14279,10553,reactivated,2024-09-22,,6,2024-09-22
14280,10554,created,2024-11-14,,2,2024-11-14
14281,10555,created,2023-08-06,,1,2023-08-06
14282,10555,canceled,2023-10-06,1,,2023-10-06
14283,10556,created,2024-11-22,,4,2024-11-22
14284,10557,created,2024-01-08,,1,2024-01-08
14285,10558,upgraded,2024-12-08,1,2,2024-12-08
14286,10559,created,2024-12-10,,2,2024-12-10
14287,10560,created,2024-03-13,,3,2024-03-13
14288,10560,canceled,2024-12-13,3,,2024-12-13
14289,10561,created,2024-11-13,,1,2024-11-13
14290,10562,created,2022-01-21,,8,2022-01-21
14291,10563,downgraded,2022-06-21,8,6,2022-06-21
14292,10564,downgraded,2023-12-21,6,5,2023-12-21
14293,10565,downgraded,2024-11-21,5,2,2024-11-21
14294,10566,created,2024-07-07,,1,2024-07-07
14295,10566,canceled,2024-11-07,1,,2024-11-07
14296,10567,created,2024-10-23,,1,2024-10-23
14297,10567,canceled,2024-12-23,1,,2024-12-25
14298,10568,created,2023-04-24,,2,2023-04-24
14299,10569,upgraded,2024-03-24,2,4,2024-03-24
14300,10570,created,2023-02-26,,5,2023-02-26
14301,10571,upgraded,2023-03-26,5,7,2023-03-26
14302,10571,canceled,2023-11-26,7,,2023-11-26
14303,10572,created,2024-01-28,,1,2024-01-28
14304,10572,canceled,2024-02-28,1,,2024-02-28
14305,10573,created,2024-11-05,,2,2024-11-05
14306,10574,created,2024-03-15,,1,2024-03-15
14307,10575,created,2024-03-30,,1,2024-03-30
14308,10575,canceled,2024-07-30,1,,2024-07-30
14309,10576,created,2023-04-04,,3,2023-04-04
14310,10576,canceled,2024-08-04,3,,2024-08-04
14311,10577,created,2022-01-15,,1,2022-01-15
14312,10577,canceled,2022-02-15,1,,2022-02-15
14313,10578,reactivated,2022-03-15,,1,2022-03-15
14314,10578,canceled,2022-06-15,1,,2022-06-15
14315,10579,created,2024-09-18,,2,2024-09-18
14316,10580,created,2023-01-11,,2,2023-01-11
14317,10581,downgraded,2023-04-11,2,1,2023-04-11
14318,10581,canceled,2024-02-11,1,,2024-02-11
14319,10582,created,2024-05-04,,3,2024-05-04
14320,10583,created,2024-10-26,,1,2024-10-26
14321,10584,created,2023-07-12,,1,2023-07-12
14322,10584,canceled,2023-08-12,1,,2023-08-12
14323,10585,created,2024-05-27,,4,2024-05-27
14324,10586,created,2022-12-04,,1,2022-12-04
14325,10586,canceled,2023-01-04,1,,2023-01-04
14326,10587,created,2024-04-11,,6,2024-04-11
14327,10588,created,2023-05-20,,2,2023-05-20
14328,10589,created,2024-07-23,,3,2024-07-23
14329,10590,created,2023-10-13,,3,2023-10-13
14330,10591,upgraded,2024-04-13,3,5,2024-04-13
14331,10591,canceled,2024-10-13,5,,2024-10-13
14332,10592,created,2024-01-12,,2,2024-01-12
14333,10592,canceled,2024-04-12,2,,2024-04-12
14334,10593,created,2024-04-02,,2,2024-04-02
14335,10594,created,2023-06-02,,2,2023-06-02
14336,10595,upgraded,2024-06-02,2,5,2024-06-02
14337,10596,created,2024-07-26,,2,2024-07-26
14338,10597,downgraded,2024-09-26,2,1,2024-09-26
14339,10597,canceled,2024-12-26,1,,2024-12-26
14340,10598,created,2023-10-03,,4,2023-10-03
14341,10598,canceled,2024-06-03,4,,2024-06-03
14342,10599,created,2024-05-28,,1,2024-05-28
14343,10599,canceled,2024-08-28,1,,2024-08-28
14344,10600,created,2023-05-09,,2,2023-05-09
14345,10601,upgraded,2023-06-09,2,4,2023-06-09
14346,10602,created,2024-06-03,,1,2024-06-03
14347,10603,created,2023-04-02,,1,2023-04-02
14348,10603,canceled,2023-09-02,1,,2023-09-02
14349,10604,created,2024-01-25,,1,2024-01-25
14350,10604,canceled,2024-07-25,1,,2024-07-25
14351,10605,reactivated,2024-09-25,,5,2024-09-25
14352,10606,created,2023-08-13,,2,2023-08-13
14353,10606,canceled,2024-06-13,2,,2024-06-13
14354,10607,reactivated,2024-10-13,,3,2024-10-13
14355,10608,created,2024-07-22,,4,2024-07-22
14356,10608,canceled,2024-09-22,4,,2024-09-22
14357,10609,created,2023-09-28,,7,2023-09-28
14358,10610,created,2024-10-07,,4,2024-10-07
14359,10611,created,2024-10-04,,2,2024-10-04
14360,10612,upgraded,2024-11-04,2,4,2024-11-04
14361,10613,created,2023-07-31,,1,2023-07-31
14362,10613,canceled,2023-08-31,1,,2023-08-31
14363,10614,reactivated,2023-12-30,,1,2023-12-30
14364,10615,upgraded,2024-10-29,1,2,2024-10-29
14365,10616,created,2024-04-29,,1,2024-04-29
14366,10617,created,2023-01-03,,2,2023-01-03
14367,10618,created,2023-12-17,,6,2023-12-17
14368,10618,canceled,2024-02-17,6,,2024-02-17
14369,10619,reactivated,2024-11-17,,1,2024-11-25
14370,10619,canceled,2024-12-17,1,,2024-12-17
14371,10620,created,2024-06-07,,2,2024-06-07
14372,10621,created,2024-05-27,,1,2024-05-27
14373,10622,created,2024-05-21,,7,2024-05-21
14374,10623,downgraded,2024-07-21,7,5,2024-07-21
14375,10624,upgraded,2024-12-21,5,7,2024-12-21
14376,10625,created,2023-09-05,,1,2023-09-05
14377,10626,created,2023-11-21,,4,2023-11-21
14378,10626,canceled,2024-06-21,4,,2024-06-21
14379,10627,created,2023-02-11,,1,2023-02-11
14380,10628,upgraded,2023-04-11,1,3,2023-04-11
14381,10628,canceled,2023-05-11,3,,2023-05-11
14382,10629,reactivated,2024-03-11,,2,2024-03-11
14383,10629,canceled,2024-09-11,2,,2024-09-11
14384,10630,created,2024-07-28,,1,2024-07-28
14385,10631,created,2024-02-05,,7,2024-02-05
14386,10632,created,2024-06-19,,1,2024-06-19
14387,10633,created,2023-08-05,,1,2023-08-05
14388,10633,canceled,2023-09-05,1,,2023-09-05
14389,10634,reactivated,2024-07-05,,4,2024-07-05
14390,10635,created,2023-10-21,,1,2023-10-21
14391,10636,created,2023-10-06,,8,2023-10-06
14392,10637,downgraded,2024-03-06,8,7,2024-03-06
14393,10638,created,2022-05-09,,2,2022-05-09
14394,10638,canceled,2024-04-09,2,,2024-04-09
14395,10639,created,2023-11-28,,3,2023-11-28
14396,10639,canceled,2024-08-28,3,,2024-08-28
14397,10640,created,2024-09-20,,3,2024-09-20
14398,10641,created,2024-10-17,,6,2024-10-17
14399,10642,created,2024-03-24,,1,2024-03-24
14400,10643,upgraded,2024-06-24,1,2,2024-06-24
14401,10644,created,2024-01-14,,5,2024-01-14
14402,10645,created,2022-05-03,,3,2022-05-03
14403,10645,canceled,2022-08-03,3,,2022-08-03
14404,10646,created,2024-10-14,,1,2024-10-20
14405,10647,created,2022-02-11,,2,2022-02-11
14406,10647,canceled,2022-04-11,2,,2022-04-11
14407,14191,reactivated,2022-06-11,,1,2022-06-11
14408,10648,canceled,2022-10-11,1,,2022-10-11
14409,10649,created,2024-11-11,,2,2024-11-11
14410,10650,created,2024-02-23,,1,2024-02-23
14411,10650,canceled,2024-06-23,1,,2024-06-23
14412,10651,created,2023-11-29,,2,2023-11-29
14413,10651,canceled,2024-01-29,2,,2024-01-29
14414,10652,created,2024-11-20,,1,2024-11-20
14415,10653,created,2022-04-23,,2,2022-04-23
14416,10653,canceled,2022-08-23,2,,2022-08-23
14417,10654,created,2024-04-13,,4,2024-04-13
14418,10655,upgraded,2024-08-13,4,6,2024-08-13
14419,10656,created,2024-03-06,,4,2024-03-06
14420,10657,downgraded,2024-08-06,4,2,2024-08-06
14421,10658,created,2023-07-01,,2,2023-07-01
14422,10659,downgraded,2023-12-01,2,1,2023-12-01
14423,10659,canceled,2024-07-01,1,,2024-07-01
14424,10660,reactivated,2024-08-01,,3,2024-08-01
14425,10661,downgraded,2024-12-01,3,1,2024-12-01
14426,10662,created,2024-01-03,,1,2024-01-03
14427,10662,canceled,2024-06-03,1,,2024-06-03
14428,10663,reactivated,2024-08-03,,6,2024-08-03
14429,10664,downgraded,2024-11-03,6,4,2024-11-03
14430,10665,created,2024-05-12,,7,2024-05-12
14431,18760,created,2024-07-15,,3,2024-07-15
14432,10667,upgraded,2024-09-15,3,5,2024-09-15
14433,10668,created,2022-01-26,,1,2022-01-26
14434,10668,canceled,2022-06-26,1,,2022-06-26
14435,10669,created,2024-11-16,,1,2024-11-16
14436,10670,created,2023-05-19,,4,2023-05-19
14437,10670,canceled,2024-08-19,4,,2024-08-19
14438,10671,created,2023-08-15,,1,2023-08-15
14439,10671,canceled,2023-12-15,1,,2023-12-24
14440,10672,created,2023-09-22,,7,2023-09-22
14441,10673,created,2022-07-01,,1,2022-07-01
14442,10673,canceled,2023-02-01,1,,2023-02-01
14443,10674,created,2023-03-12,,8,2023-03-12
14444,10675,downgraded,2024-01-12,8,6,2024-01-12
14445,10675,canceled,2024-02-12,6,,2024-02-12
14446,10676,created,2024-12-04,,3,2024-12-04
14447,10677,created,2023-10-24,,6,2023-10-24
14448,10678,created,2023-03-01,,1,2023-03-01
14449,10678,canceled,2023-05-01,1,,2023-05-01
14450,10679,reactivated,2024-12-01,,3,2024-12-01
14451,20454,created,2023-02-02,,1,2023-02-02
14452,10680,canceled,2023-10-02,1,,2023-10-02
14453,10681,created,2024-07-31,,1,2024-07-31
14454,10681,canceled,2024-12-30,1,,2024-12-30
14455,10682,created,2024-09-05,,4,2024-09-05
14456,10683,created,2023-09-28,,1,2023-09-28
14457,10683,canceled,2023-10-28,1,,2023-10-28
14458,10684,created,2022-04-22,,1,2022-04-22
14459,10684,canceled,2022-09-22,1,,2022-09-22
14460,10685,reactivated,2024-04-22,,1,2024-04-22
14461,10685,canceled,2024-11-22,1,,2024-11-22
14462,10686,created,2023-08-21,,3,2023-08-21
14463,10687,downgraded,2024-04-21,3,1,2024-04-21
14464,10687,canceled,2024-05-21,1,,2024-05-21
14465,10688,created,2022-09-25,,1,2022-09-25
14466,10688,canceled,2023-11-25,1,,2023-11-28
14467,10689,created,2023-02-01,,4,2023-02-01
14468,10689,canceled,2023-05-01,4,,2023-05-01
14469,10690,created,2024-01-28,,1,2024-01-28
14470,10690,canceled,2024-12-28,1,,2024-12-28
14471,10691,created,2023-08-09,,1,2023-08-09
14472,10691,canceled,2024-08-09,1,,2024-08-09
14473,10692,created,2024-02-06,,1,2024-02-06
14474,10693,created,2023-09-07,,3,2023-09-07
14475,10694,created,2024-11-24,,2,2024-11-24
14476,10695,created,2024-10-23,,4,2024-10-23
14477,10696,created,2024-03-02,,1,2024-03-02
14478,10696,canceled,2024-07-02,1,,2024-07-02
14479,10697,reactivated,2024-12-02,,4,2024-12-02
14480,10698,created,2023-11-25,,3,2023-11-25
14481,10698,canceled,2024-01-25,3,,2024-01-25
14482,10699,created,2023-11-06,,1,2023-11-06
14483,10699,canceled,2023-12-06,1,,2023-12-06
14484,10700,created,2024-01-01,,3,2024-01-01
14485,10701,created,2024-07-02,,1,2024-07-02
14486,10702,upgraded,2024-09-02,1,2,2024-09-02
14487,10703,upgraded,2024-10-02,2,4,2024-10-02
14488,10704,created,2024-01-23,,2,2024-01-23
14489,10705,upgraded,2024-02-23,2,4,2024-02-23
14490,10705,canceled,2024-10-23,4,,2024-10-23
14491,10706,created,2024-09-29,,1,2024-09-29
14492,10706,canceled,2024-12-29,1,,2024-12-29
14493,10707,created,2024-11-11,,2,2024-11-11
14494,10708,created,2023-10-25,,1,2023-10-25
14495,10708,canceled,2024-10-25,1,,2024-10-25
14496,10709,created,2024-03-28,,1,2024-03-28
14497,10710,created,2023-01-08,,6,2023-01-08
14498,10711,upgraded,2023-09-08,6,8,2023-09-08
14499,10712,created,2023-07-20,,2,2023-07-20
14500,10712,canceled,2023-10-20,2,,2023-10-20
14501,10713,reactivated,2024-05-20,,1,2024-05-20
14502,10714,created,2024-01-10,,2,2024-01-10
14503,10715,upgraded,2024-05-10,2,4,2024-05-10
14504,10715,canceled,2024-09-10,4,,2024-09-10
14505,10716,created,2023-07-12,,1,2023-07-12
14506,10717,upgraded,2023-10-12,1,2,2023-10-12
14507,10718,upgraded,2024-05-12,2,4,2024-05-12
14508,10718,canceled,2024-07-12,4,,2024-07-12
14509,10719,created,2024-10-13,,1,2024-10-13
14510,10720,created,2023-05-01,,2,2023-05-01
14511,10720,canceled,2023-10-01,2,,2023-10-01
14512,10721,created,2024-01-24,,1,2024-01-24
14513,10721,canceled,2024-03-24,1,,2024-03-24
14514,10722,created,2024-04-21,,1,2024-04-21
14515,10723,upgraded,2024-05-21,1,2,2024-05-21
14516,10724,upgraded,2024-07-21,2,4,2024-07-21
14517,10725,created,2024-06-14,,2,2024-06-14
14518,10725,canceled,2024-07-14,2,,2024-07-14
14519,10726,reactivated,2024-12-14,,5,2024-12-14
14520,10727,created,2023-12-05,,1,2023-12-05
14521,10727,canceled,2024-07-05,1,,2024-07-05
14522,10728,created,2024-10-27,,1,2024-10-27
14523,10729,created,2024-04-20,,4,2024-04-20
14524,10729,canceled,2024-05-20,4,,2024-05-20
14525,10730,created,2024-01-24,,3,2024-01-24
14526,10731,downgraded,2024-10-24,3,1,2024-10-24
14527,10732,created,2022-11-23,,1,2022-11-23
14528,10732,canceled,2022-12-23,1,,2022-12-23
14529,10733,created,2024-01-06,,1,2024-01-06
14530,10734,created,2024-09-02,,8,2024-09-02
14531,10735,created,2024-04-15,,2,2024-04-15
14532,10736,created,2024-09-30,,2,2024-09-30
14533,10736,canceled,2024-12-30,2,,2024-12-30
14534,10737,created,2024-02-23,,6,2024-02-23
14535,10738,downgraded,2024-11-23,6,4,2024-11-23
14536,10739,created,2023-03-11,,5,2023-03-11
14537,10739,canceled,2023-04-11,5,,2023-04-11
14538,10740,reactivated,2023-10-11,,1,2023-10-11
14539,10740,canceled,2024-04-11,1,,2024-04-11
14540,10741,created,2022-03-02,,3,2022-03-02
14541,10741,canceled,2022-04-02,3,,2022-04-02
14542,10742,reactivated,2024-07-02,,5,2024-07-02
14543,10743,created,2023-10-25,,1,2023-10-25
14544,10743,canceled,2024-08-25,1,,2024-08-25
14545,10744,created,2024-06-14,,4,2024-06-14
14546,10745,created,2024-08-18,,3,2024-08-18
14547,10746,created,2023-10-15,,2,2023-10-15
14548,10747,created,2024-02-01,,2,2024-02-01
14549,10747,canceled,2024-10-01,2,,2024-10-01
14550,10748,created,2024-01-18,,1,2024-01-18
14551,10748,canceled,2024-04-18,1,,2024-04-18
14552,10749,created,2024-01-19,,2,2024-01-19
14553,10749,canceled,2024-04-19,2,,2024-04-19
14554,10750,created,2023-08-26,,3,2023-08-26
14555,10751,created,2023-04-05,,7,2023-04-05
14556,10752,downgraded,2024-10-05,7,4,2024-10-05
14557,10753,created,2023-07-31,,1,2023-07-31
14558,10753,canceled,2024-01-30,1,,2024-01-30
14559,10754,reactivated,2024-08-29,,1,2024-08-29
14560,10754,canceled,2024-09-29,1,,2024-10-04
14561,10755,created,2022-09-22,,1,2022-09-22
14562,10755,canceled,2023-01-22,1,,2023-01-31
14563,10756,created,2023-07-11,,2,2023-07-11
14564,10756,canceled,2023-12-11,2,,2023-12-11
14565,10757,created,2022-02-11,,1,2022-02-11
14566,10757,canceled,2022-03-11,1,,2022-03-11
14567,10758,reactivated,2023-11-11,,1,2023-11-11
14568,10758,canceled,2024-07-11,1,,2024-07-11
14569,10759,created,2024-05-03,,5,2024-05-03
14570,10759,canceled,2024-08-03,5,,2024-08-03
14571,10760,created,2023-10-19,,1,2023-10-19
14572,10761,created,2024-12-25,,2,2024-12-25
14573,10762,created,2023-06-28,,2,2023-06-28
14574,10762,canceled,2024-09-28,2,,2024-09-28
14575,10763,created,2023-11-03,,1,2023-11-03
14576,10764,upgraded,2024-02-03,1,2,2024-02-03
14577,10765,upgraded,2024-08-03,2,4,2024-08-06
14578,10766,created,2023-11-29,,1,2023-11-29
14579,10767,created,2022-02-02,,4,2022-02-02
14580,10768,upgraded,2022-06-02,4,6,2022-06-02
14581,10769,upgraded,2023-01-02,6,8,2023-01-02
14582,10770,created,2024-09-30,,2,2024-09-30
14583,10771,created,2022-06-07,,1,2022-06-07
14584,10771,canceled,2022-12-07,1,,2022-12-07
14585,10772,reactivated,2023-10-07,,3,2023-10-07
14586,10773,created,2024-11-02,,1,2024-11-02
14587,10774,created,2024-10-14,,1,2024-10-14
14588,10774,canceled,2024-11-14,1,,2024-11-14
14589,10775,created,2024-03-21,,1,2024-03-21
14590,10776,created,2024-03-08,,8,2024-03-08
14591,10777,downgraded,2024-11-08,8,6,2024-11-08
14592,10778,created,2024-05-13,,1,2024-05-13
14593,10779,created,2023-12-24,,1,2023-12-24
14594,10779,canceled,2024-07-24,1,,2024-07-24
14595,10780,created,2024-05-19,,1,2024-05-19
14596,10780,canceled,2024-09-19,1,,2024-09-19
14597,10781,created,2022-08-04,,2,2022-08-09
14598,10782,downgraded,2023-02-04,2,1,2023-02-04
14599,10782,canceled,2023-03-04,1,,2023-03-04
14600,10783,created,2022-09-30,,8,2022-09-30
14601,10784,downgraded,2023-06-28,8,6,2023-06-28
14602,10785,downgraded,2024-07-28,6,5,2024-07-28
14603,10785,canceled,2024-12-28,5,,2024-12-28
14604,10786,created,2024-01-07,,4,2024-01-07
14605,10786,canceled,2024-06-07,4,,2024-06-07
14606,10787,created,2024-03-17,,6,2024-03-17
14607,10788,downgraded,2024-12-17,6,4,2024-12-20
14608,10789,created,2024-10-12,,7,2024-10-12
14609,10790,created,2023-02-20,,1,2023-02-28
14610,10790,canceled,2023-09-20,1,,2023-09-20
14611,10791,reactivated,2024-01-20,,5,2024-01-20
14612,10792,downgraded,2024-02-20,5,2,2024-02-20
14613,10793,created,2024-09-25,,1,2024-09-25
14614,10794,created,2023-07-15,,1,2023-07-15
14615,10794,canceled,2023-10-15,1,,2023-10-15
14616,10795,created,2023-12-29,,2,2023-12-29
14617,10796,upgraded,2024-04-29,2,4,2024-04-29
14618,10797,upgraded,2024-12-29,4,6,2024-12-29
14619,10798,created,2023-10-16,,1,2023-10-16
14620,10798,canceled,2024-06-16,1,,2024-06-21
14621,10799,created,2023-12-28,,1,2023-12-28
14622,10800,upgraded,2024-01-28,1,3,2024-01-28
14623,10801,created,2023-05-26,,1,2023-05-26
14624,10801,canceled,2024-06-26,1,,2024-06-26
14625,10802,created,2024-02-22,,3,2024-02-22
14626,10803,downgraded,2024-05-22,3,1,2024-05-22
14627,10803,canceled,2024-08-22,1,,2024-08-22
14628,10804,created,2024-08-28,,6,2024-08-28
14629,10805,created,2024-01-27,,1,2024-01-27
14630,10805,canceled,2024-03-27,1,,2024-03-27
14631,10806,created,2024-02-25,,6,2024-02-25
14632,10807,created,2024-09-25,,2,2024-09-25
14633,10808,created,2024-06-23,,1,2024-06-23
14634,10808,canceled,2024-07-23,1,,2024-07-23
14635,10809,created,2024-02-08,,1,2024-02-08
14636,10809,canceled,2024-03-08,1,,2024-03-10
14637,10810,reactivated,2024-09-08,,1,2024-09-08
14638,10811,created,2023-09-30,,1,2023-09-30
14639,10811,canceled,2024-04-29,1,,2024-04-29
14640,10812,created,2024-10-23,,2,2024-10-23
14641,10813,downgraded,2024-11-23,2,1,2024-11-30
14642,10814,created,2024-04-20,,8,2024-04-22
14643,10814,canceled,2024-06-20,8,,2024-06-20
14644,10815,created,2023-08-17,,1,2023-08-17
14645,10815,canceled,2024-01-17,1,,2024-01-17
14646,10816,reactivated,2024-10-17,,2,2024-10-17
14647,10817,upgraded,2024-12-17,2,4,2024-12-17
14648,10818,created,2023-09-30,,7,2023-09-30
14649,10819,downgraded,2024-04-29,7,4,2024-04-29
14650,10820,downgraded,2024-05-29,4,2,2024-05-29
14651,10821,created,2024-09-26,,3,2024-09-26
14652,10822,created,2022-08-27,,1,2022-08-27
14653,10823,created,2024-12-27,,2,2024-12-27
14654,10824,created,2023-04-21,,3,2023-04-21
14655,10824,canceled,2023-12-21,3,,2023-12-21
14656,10825,created,2024-08-15,,4,2024-08-15
14657,10826,created,2023-12-21,,6,2023-12-21
14658,10827,upgraded,2024-02-21,6,8,2024-02-21
14659,10828,created,2024-02-21,,1,2024-02-21
14660,10828,canceled,2024-04-21,1,,2024-04-21
14661,10829,created,2024-10-19,,3,2024-10-19
14662,10830,created,2024-01-17,,6,2024-01-17
14663,10830,canceled,2024-03-17,6,,2024-03-17
14664,10831,created,2024-03-14,,4,2024-03-14
14665,10831,canceled,2024-09-14,4,,2024-09-14
14666,10832,created,2022-09-18,,1,2022-09-18
14667,10832,canceled,2023-03-18,1,,2023-03-18
14668,10833,reactivated,2024-11-18,,2,2024-11-18
14669,10834,created,2022-01-08,,2,2022-01-08
14670,10834,canceled,2022-07-08,2,,2022-07-13
14671,10835,created,2023-08-27,,7,2023-08-27
14672,10835,canceled,2024-12-27,7,,2024-12-27
14673,10836,created,2024-06-15,,2,2024-06-15
14674,10836,canceled,2024-10-15,2,,2024-10-15
14675,10837,reactivated,2024-12-15,,2,2024-12-17
14676,10838,created,2023-03-26,,3,2023-03-26
14677,10839,created,2023-03-20,,7,2023-03-20
14678,10840,downgraded,2023-07-20,7,4,2023-07-20
14679,10840,canceled,2023-12-20,4,,2023-12-20
14680,10841,created,2024-01-08,,2,2024-01-08
14681,10842,created,2024-05-26,,1,2024-05-26
14682,10842,canceled,2024-06-26,1,,2024-06-26
14683,10843,created,2024-06-23,,2,2024-06-23
14684,10844,created,2023-06-02,,3,2023-06-02
14685,10845,upgraded,2023-09-02,3,5,2023-09-02
14686,10846,created,2022-12-04,,6,2022-12-04
14687,10847,upgraded,2023-11-04,6,8,2023-11-04
14688,10848,created,2024-11-10,,2,2024-11-10
14689,10849,created,2023-09-09,,5,2023-09-09
14690,10850,created,2024-09-06,,1,2024-09-06
14691,10851,created,2024-10-20,,2,2024-10-20
14692,10852,upgraded,2024-11-20,2,4,2024-11-20
14693,10853,created,2024-08-24,,4,2024-08-24
14694,10854,created,2023-05-01,,1,2023-05-01
14695,10854,canceled,2024-07-01,1,,2024-07-01
14696,10855,reactivated,2024-11-01,,1,2024-11-01
14697,10856,created,2024-09-06,,1,2024-09-06
14698,10856,canceled,2024-10-06,1,,2024-10-12
14699,10857,created,2024-08-08,,3,2024-08-08
14700,10858,created,2024-04-10,,4,2024-04-10
14701,10859,created,2023-10-22,,1,2023-10-22
14702,10859,canceled,2023-12-22,1,,2023-12-22
14703,10860,reactivated,2024-07-22,,5,2024-07-22
14704,10861,created,2023-09-26,,6,2023-09-26
14705,10862,created,2023-03-14,,2,2023-03-14
14706,10863,upgraded,2023-08-14,2,4,2023-08-14
14707,10864,created,2024-02-16,,4,2024-02-16
14708,10865,created,2024-04-10,,1,2024-04-10
14709,10866,created,2023-11-16,,1,2023-11-16
14710,10866,canceled,2024-05-16,1,,2024-05-16
14711,10867,created,2024-02-20,,4,2024-02-25
14712,10868,created,2023-11-01,,1,2023-11-11
14713,10869,created,2024-05-13,,7,2024-05-13
14714,10870,created,2024-10-27,,2,2024-10-27
14715,10871,created,2023-05-19,,1,2023-05-19
14716,10871,canceled,2023-06-19,1,,2023-06-19
14717,10872,reactivated,2023-11-19,,1,2023-11-19
14718,10873,created,2023-11-02,,3,2023-11-02
14719,10874,created,2023-04-01,,3,2023-04-01
14720,10875,upgraded,2023-07-01,3,4,2023-07-01
14721,10876,created,2024-05-14,,5,2024-05-14
14722,10877,downgraded,2024-10-14,5,2,2024-10-14
14723,10878,created,2024-07-24,,1,2024-07-24
14724,10879,created,2024-11-02,,6,2024-11-02
14725,10880,created,2023-09-10,,4,2023-09-10
14726,10881,created,2024-11-29,,8,2024-11-29
14727,10882,created,2022-10-03,,1,2022-10-03
14728,10882,canceled,2023-12-03,1,,2023-12-03
14729,10883,reactivated,2024-08-03,,1,2024-08-03
14730,10884,created,2024-04-22,,1,2024-04-22
14731,10885,upgraded,2024-11-22,1,2,2024-11-22
14732,10886,created,2022-09-27,,6,2022-09-27
14733,10886,canceled,2023-08-27,6,,2023-08-27
14734,10887,created,2024-10-13,,1,2024-10-13
14735,10888,created,2024-03-28,,1,2024-03-28
14736,10888,canceled,2024-05-28,1,,2024-05-28
14737,10889,created,2024-06-06,,2,2024-06-06
14738,10890,created,2024-09-18,,1,2024-09-18
14739,10891,created,2023-05-15,,1,2023-05-15
14740,10891,canceled,2024-07-15,1,,2024-07-15
14741,10892,created,2022-07-02,,1,2022-07-02
14742,10892,canceled,2024-03-02,1,,2024-03-02
14743,10893,created,2024-10-24,,1,2024-10-24
14744,10894,created,2023-10-29,,2,2023-10-29
14745,10895,upgraded,2024-05-29,2,4,2024-05-29
14746,10895,canceled,2024-07-29,4,,2024-07-29
14747,10896,created,2023-04-05,,6,2023-04-05
14748,10897,upgraded,2024-02-05,6,8,2024-02-05
14749,10898,created,2024-02-24,,1,2024-02-24
14750,10899,created,2024-04-06,,3,2024-04-06
14751,10899,canceled,2024-05-06,3,,2024-05-06
14752,10900,reactivated,2024-11-06,,2,2024-11-06
14753,10901,created,2022-05-10,,6,2022-05-10
14754,10902,upgraded,2023-08-10,6,8,2023-08-10
14755,10903,created,2023-09-19,,1,2023-09-19
14756,10903,canceled,2024-01-19,1,,2024-01-19
14757,10904,created,2022-06-14,,1,2022-06-14
14758,10904,canceled,2024-09-14,1,,2024-09-14
14759,10905,created,2024-01-27,,1,2024-01-27
14760,10905,canceled,2024-04-27,1,,2024-04-27
14761,10906,created,2024-10-09,,1,2024-10-09
14762,10907,created,2024-12-27,,8,2024-12-27
14763,10908,created,2024-05-15,,1,2024-05-15
14764,10908,canceled,2024-12-15,1,,2024-12-15
14765,10909,created,2023-05-18,,1,2023-05-28
14766,10910,upgraded,2023-06-18,1,2,2023-06-18
14767,10911,downgraded,2024-03-18,2,1,2024-03-18
14768,10911,canceled,2024-04-18,1,,2024-04-18
14769,10912,created,2024-10-26,,3,2024-10-26
14770,10913,created,2024-02-16,,2,2024-02-16
14771,10914,upgraded,2024-09-16,2,5,2024-09-16
14772,10914,canceled,2024-11-16,5,,2024-11-16
14773,10915,created,2023-05-14,,6,2023-05-14
14774,10916,created,2024-11-20,,1,2024-11-20
14775,10917,created,2024-08-05,,1,2024-08-05
14776,10918,upgraded,2024-11-05,1,2,2024-11-05
14777,10919,created,2024-07-17,,6,2024-07-27
14778,10919,canceled,2024-12-17,6,,2024-12-17
14779,10920,created,2024-06-24,,1,2024-06-24
14780,10921,created,2023-07-04,,1,2023-07-04
14781,10921,canceled,2023-08-04,1,,2023-08-04
14782,10922,created,2023-07-16,,1,2023-07-16
14783,10922,canceled,2023-09-16,1,,2023-09-16
14784,10923,reactivated,2024-05-16,,2,2024-05-16
14785,10924,created,2024-06-11,,1,2024-06-11
14786,10925,created,2023-08-01,,4,2023-08-01
14787,10926,downgraded,2024-12-01,4,2,2024-12-01
14788,10927,created,2024-01-21,,1,2024-01-21
14789,10927,canceled,2024-06-21,1,,2024-06-21
14790,10928,created,2024-08-28,,2,2024-08-28
14791,10929,created,2024-08-15,,1,2024-08-15
14792,10929,canceled,2024-09-15,1,,2024-09-15
14793,10930,created,2024-01-06,,7,2024-01-06
14794,10931,created,2024-08-22,,1,2024-08-22
14795,10932,created,2024-09-09,,1,2024-09-09
14796,10933,created,2024-05-19,,4,2024-05-19
14797,10934,downgraded,2024-07-19,4,2,2024-07-19
14798,10935,created,2023-08-09,,1,2023-08-09
14799,10935,canceled,2024-12-09,1,,2024-12-09
14800,10936,created,2023-09-23,,3,2023-09-23
14801,10937,upgraded,2024-10-23,3,5,2024-10-23
14802,10938,created,2023-10-24,,1,2023-10-24
14803,10938,canceled,2024-08-24,1,,2024-08-26
14804,10939,created,2023-03-12,,2,2023-03-12
14805,10939,canceled,2023-06-12,2,,2023-06-12
14806,10940,reactivated,2023-09-12,,4,2023-09-12
14807,10941,upgraded,2024-05-12,4,6,2024-05-12
14808,10942,created,2023-09-24,,2,2023-09-24
14809,10942,canceled,2024-01-24,2,,2024-01-24
14810,10943,created,2023-07-10,,1,2023-07-10
14811,10943,canceled,2024-09-10,1,,2024-09-10
14812,10944,created,2024-01-12,,2,2024-01-12
14813,10945,created,2024-10-05,,5,2024-10-05
14814,10946,created,2023-02-02,,5,2023-02-02
14815,10947,upgraded,2024-04-02,5,6,2024-04-02
14816,10948,created,2024-07-27,,1,2024-07-27
14817,10948,canceled,2024-08-27,1,,2024-09-06
14818,10949,created,2024-06-02,,1,2024-06-02
14819,10950,upgraded,2024-08-02,1,2,2024-08-02
14820,10951,downgraded,2024-09-02,2,1,2024-09-02
14821,10952,created,2023-01-01,,1,2023-01-01
14822,10952,canceled,2023-02-01,1,,2023-02-01
14823,10953,created,2024-11-12,,7,2024-11-12
14824,10954,created,2024-04-25,,1,2024-04-25
14825,10954,canceled,2024-08-25,1,,2024-08-25
14826,10955,created,2023-11-06,,3,2023-11-06
14827,10956,upgraded,2024-02-06,3,4,2024-02-06
14828,10957,created,2024-07-20,,1,2024-07-20
14829,10958,created,2023-09-26,,4,2023-09-26
14830,10959,upgraded,2024-11-26,4,6,2024-11-26
14831,10960,created,2024-06-23,,2,2024-06-23
14832,10961,created,2022-07-08,,1,2022-07-08
14833,10962,created,2024-09-24,,3,2024-09-24
14834,10963,created,2024-01-25,,2,2024-01-25
14835,10963,canceled,2024-06-25,2,,2024-06-25
14836,10964,created,2024-05-22,,1,2024-05-22
14837,10965,created,2023-08-06,,2,2023-08-06
14838,10966,upgraded,2024-11-06,2,5,2024-11-06
14839,10967,upgraded,2024-12-06,5,6,2024-12-06
14840,10968,created,2024-06-12,,6,2024-06-12
14841,10969,upgraded,2024-11-12,6,8,2024-11-12
14842,10970,created,2024-08-31,,1,2024-08-31
14843,10971,created,2024-02-29,,2,2024-02-29
14844,10972,created,2024-05-25,,1,2024-05-25
14845,10972,canceled,2024-11-25,1,,2024-11-25
14846,10973,created,2024-01-26,,1,2024-01-26
14847,10973,canceled,2024-03-26,1,,2024-03-26
14848,10974,created,2024-10-25,,4,2024-10-25
14849,10975,created,2024-02-04,,4,2024-02-04
14850,10975,canceled,2024-04-04,4,,2024-04-04
14851,10976,created,2024-09-01,,1,2024-09-01
14852,10976,canceled,2024-12-01,1,,2024-12-01
14853,10977,created,2024-08-03,,3,2024-08-03
14854,10977,canceled,2024-09-03,3,,2024-09-03
14855,10978,created,2024-01-02,,6,2024-01-02
14856,10979,upgraded,2024-11-02,6,8,2024-11-02
14857,10980,created,2023-08-13,,3,2023-08-13
14858,10980,canceled,2024-01-13,3,,2024-01-13
14859,10981,reactivated,2024-06-13,,1,2024-06-13
14860,10982,created,2023-12-20,,1,2023-12-20
14861,10982,canceled,2024-03-20,1,,2024-03-20
14862,10983,created,2024-09-26,,2,2024-09-26
14863,10984,created,2023-08-02,,1,2023-08-02
14864,10984,canceled,2023-09-02,1,,2023-09-02
14865,10985,reactivated,2024-04-02,,4,2024-04-02
14866,10986,upgraded,2024-10-02,4,6,2024-10-02
14867,10987,created,2024-03-01,,1,2024-03-01
14868,10987,canceled,2024-05-01,1,,2024-05-01
14869,20207,created,2024-09-06,,1,2024-09-06
14870,10989,created,2023-11-15,,3,2023-11-15
14871,10990,created,2024-05-03,,1,2024-05-03
14872,10990,canceled,2024-12-03,1,,2024-12-03
14873,10991,created,2023-08-12,,2,2023-08-15
14874,10992,created,2023-02-09,,3,2023-02-09
14875,10992,canceled,2023-04-09,3,,2023-04-09
14876,10993,reactivated,2024-06-09,,5,2024-06-09
14877,10993,canceled,2024-12-09,5,,2024-12-09
14878,10994,created,2024-08-18,,3,2024-08-18
14879,10995,created,2023-02-27,,2,2023-02-27
14880,10995,canceled,2024-01-27,2,,2024-01-27
14881,10996,created,2023-09-14,,3,2023-09-14
14882,10996,canceled,2024-01-14,3,,2024-01-14
14883,10997,reactivated,2024-10-14,,1,2024-10-14
14884,10998,created,2024-09-22,,1,2024-09-22
14885,10999,created,2023-11-23,,2,2023-11-23
14886,10999,canceled,2024-12-23,2,,2024-12-23
14887,11000,created,2024-12-02,,1,2024-12-02
14888,11001,created,2024-12-09,,2,2024-12-09
14889,11002,created,2023-09-22,,2,2023-09-22
14890,11002,canceled,2024-06-22,2,,2024-06-22
14891,11003,reactivated,2024-10-22,,1,2024-10-22
14892,11003,canceled,2024-12-22,1,,2024-12-22
14893,11004,created,2022-07-10,,1,2022-07-10
14894,19370,canceled,2022-08-10,1,,2022-08-10
14895,11005,created,2024-06-28,,1,2024-06-28
14896,11005,canceled,2024-07-28,1,,2024-07-28
14897,11006,created,2024-01-28,,1,2024-01-28
14898,11006,canceled,2024-02-28,1,,2024-02-28
14899,11007,created,2023-02-28,,2,2023-02-28
14900,11007,canceled,2023-05-28,2,,2023-05-28
14901,11008,created,2024-06-09,,2,2024-06-09
14902,11008,canceled,2024-07-09,2,,2024-07-09
14903,11009,created,2022-05-13,,1,2022-05-13
14904,11010,upgraded,2022-08-13,1,2,2022-08-13
14905,11010,canceled,2022-12-13,2,,2022-12-13
14906,11011,created,2024-10-15,,3,2024-10-15
14907,11012,created,2023-04-09,,2,2023-04-09
14908,11013,created,2023-04-03,,1,2023-04-03
14909,11013,canceled,2023-06-03,1,,2023-06-03
14910,11014,created,2023-06-11,,2,2023-06-11
14911,11015,upgraded,2023-08-11,2,5,2023-08-11
14912,11016,created,2024-11-05,,1,2024-11-05
14913,11017,created,2024-06-28,,1,2024-06-28
14914,11018,upgraded,2024-09-28,1,3,2024-09-28
14915,11019,created,2024-08-17,,2,2024-08-17
14916,11020,created,2023-12-17,,4,2023-12-17
14917,11021,created,2023-10-11,,1,2023-10-11
14918,11021,canceled,2024-06-11,1,,2024-06-11
14919,11022,created,2023-08-31,,1,2023-08-31
14920,11022,canceled,2024-04-29,1,,2024-04-29
14921,11023,created,2024-02-20,,1,2024-02-20
14922,11023,canceled,2024-03-20,1,,2024-03-20
14923,11024,created,2024-03-23,,1,2024-03-23
14924,11024,canceled,2024-04-23,1,,2024-04-23
14925,11025,created,2024-05-01,,2,2024-05-01
14926,21575,upgraded,2024-08-01,2,4,2024-08-01
14927,11027,created,2023-09-23,,2,2023-09-23
14928,11027,canceled,2023-11-23,2,,2023-11-23
14929,11028,created,2024-11-23,,2,2024-11-23
14930,11029,created,2023-06-17,,6,2023-06-17
14931,11030,upgraded,2024-08-17,6,8,2024-08-17
14932,11031,created,2024-11-27,,1,2024-11-27
14933,11032,created,2022-03-20,,4,2022-03-20
14934,11032,canceled,2022-05-20,4,,2022-05-20
14935,11033,reactivated,2023-09-20,,6,2023-09-20
14936,11034,downgraded,2024-11-20,6,5,2024-11-20
14937,11035,created,2024-02-14,,5,2024-02-14
14938,11035,canceled,2024-03-14,5,,2024-03-14
14939,11036,reactivated,2024-07-14,,2,2024-07-14
14940,11036,canceled,2024-09-14,2,,2024-09-14
14941,11037,created,2023-10-14,,4,2023-10-14
14942,11038,created,2024-01-23,,1,2024-01-23
14943,11039,created,2024-04-26,,7,2024-04-26
14944,11040,created,2024-01-09,,1,2024-01-09
14945,11040,canceled,2024-10-09,1,,2024-10-09
14946,11041,created,2024-01-04,,1,2024-01-04
14947,11041,canceled,2024-09-04,1,,2024-09-04
14948,11042,created,2024-07-21,,2,2024-07-21
14949,11042,canceled,2024-09-21,2,,2024-09-21
14950,11043,created,2024-06-27,,2,2024-06-27
14951,11044,downgraded,2024-09-27,2,1,2024-09-27
14952,11044,canceled,2024-10-27,1,,2024-10-27
14953,11045,created,2024-09-30,,2,2024-09-30
14954,11046,created,2023-08-18,,2,2023-08-18
14955,11046,canceled,2024-07-18,2,,2024-07-18
14956,11047,reactivated,2024-09-18,,4,2024-09-18
14957,11048,created,2024-04-15,,1,2024-04-15
14958,11048,canceled,2024-05-15,1,,2024-05-15
14959,11049,created,2024-04-03,,5,2024-04-03
14960,11050,created,2023-11-07,,1,2023-11-07
14961,11051,upgraded,2024-05-07,1,2,2024-05-07
14962,11052,created,2024-02-06,,2,2024-02-09
14963,11052,canceled,2024-04-06,2,,2024-04-06
14964,22316,reactivated,2024-08-06,,2,2024-08-06
14965,11053,canceled,2024-12-06,2,,2024-12-06
14966,11054,created,2023-10-02,,2,2023-10-08
14967,11054,canceled,2024-01-02,2,,2024-01-02
14968,11055,created,2023-04-29,,1,2023-04-29
14969,11055,canceled,2023-06-29,1,,2023-06-29
14970,11056,created,2023-07-17,,2,2023-07-17
14971,11056,canceled,2024-11-17,2,,2024-11-17
14972,11057,created,2023-02-23,,7,2023-02-23
14973,11058,downgraded,2023-04-23,7,4,2023-04-25
14974,11059,upgraded,2024-10-23,4,6,2024-10-23
14975,11060,created,2024-06-06,,4,2024-06-06
14976,11061,created,2024-05-11,,1,2024-05-11
14977,11062,upgraded,2024-11-11,1,2,2024-11-11
14978,11063,created,2024-11-17,,1,2024-11-17
14979,11064,created,2024-07-30,,1,2024-07-30
14980,11065,upgraded,2024-09-30,1,2,2024-09-30
14981,11066,created,2022-09-13,,5,2022-09-13
14982,11067,upgraded,2023-06-13,5,7,2023-06-13
14983,11068,upgraded,2024-11-13,7,8,2024-11-13
14984,11069,created,2024-10-10,,1,2024-10-10
14985,11070,created,2024-09-23,,1,2024-09-23
14986,11071,created,2024-01-02,,2,2024-01-02
14987,11072,upgraded,2024-11-02,2,5,2024-11-02
14988,11073,created,2024-04-08,,3,2024-04-08
14989,11074,created,2024-12-18,,2,2024-12-18
14990,11075,created,2024-03-25,,1,2024-03-25
14991,11076,created,2024-10-01,,3,2024-10-01
14992,11077,created,2023-01-14,,1,2023-01-14
14993,11078,upgraded,2023-03-14,1,3,2023-03-14
14994,11078,canceled,2024-01-14,3,,2024-01-14
14995,11079,created,2023-06-28,,1,2023-06-28
14996,11080,upgraded,2024-01-28,1,2,2024-01-28
14997,11080,canceled,2024-03-28,2,,2024-03-28
14998,11081,created,2024-01-31,,2,2024-01-31
14999,11082,downgraded,2024-12-29,2,1,2024-12-29
15000,11083,created,2024-04-16,,1,2024-04-16
15001,11083,canceled,2024-11-16,1,,2024-11-16
15002,11084,created,2024-09-01,,4,2024-09-01
15003,11085,created,2024-12-30,,2,2024-12-30
15004,11086,created,2023-12-15,,7,2023-12-15
15005,11087,upgraded,2024-04-15,7,8,2024-04-15
15006,11088,created,2022-08-06,,1,2022-08-06
15007,11089,upgraded,2022-10-06,1,2,2022-10-06
15008,11090,upgraded,2023-01-06,2,4,2023-01-06
15009,11091,upgraded,2023-04-06,4,7,2023-04-06
15010,11092,upgraded,2024-07-06,7,8,2024-07-06
15011,11093,downgraded,2024-09-06,8,7,2024-09-06
15012,11094,created,2024-08-21,,1,2024-08-21
15013,11095,created,2024-04-21,,3,2024-04-21
15014,11096,upgraded,2024-05-21,3,5,2024-05-21
15015,11096,canceled,2024-07-21,5,,2024-07-21
15016,11097,created,2023-07-14,,4,2023-07-14
15017,11098,upgraded,2023-12-14,4,6,2023-12-14
15018,11099,created,2024-02-26,,1,2024-02-26
15019,11099,canceled,2024-03-26,1,,2024-03-26
15020,11100,created,2024-07-25,,1,2024-07-25
15021,11101,upgraded,2024-08-25,1,3,2024-08-25
15022,11101,canceled,2024-11-25,3,,2024-11-25
15023,11102,created,2024-08-17,,1,2024-08-17
15024,11103,created,2024-02-05,,2,2024-02-05
15025,11104,created,2023-10-27,,2,2023-11-04
15026,11104,canceled,2024-02-27,2,,2024-02-27
15027,11105,reactivated,2024-12-27,,5,2024-12-27
15028,11106,created,2024-12-26,,1,2024-12-26
15029,11107,created,2024-05-06,,1,2024-05-06
15030,11107,canceled,2024-09-06,1,,2024-09-06
15031,11108,created,2023-12-05,,3,2023-12-14
15032,11109,downgraded,2024-02-05,3,1,2024-02-05
15033,11109,canceled,2024-11-05,1,,2024-11-05
15034,11110,created,2023-09-17,,4,2023-09-17
15035,11111,created,2024-07-19,,4,2024-07-19
15036,11112,downgraded,2024-09-19,4,3,2024-09-19
15037,11113,created,2023-08-21,,1,2023-08-21
15038,11113,canceled,2024-01-21,1,,2024-01-21
15039,11114,created,2023-06-18,,6,2023-06-18
15040,11115,upgraded,2023-08-18,6,8,2023-08-18
15041,11116,downgraded,2024-05-18,8,7,2024-05-18
15042,11117,created,2024-03-19,,1,2024-03-19
15043,11117,canceled,2024-05-19,1,,2024-05-19
15044,11118,created,2023-09-28,,1,2023-09-28
15045,11118,canceled,2024-02-28,1,,2024-02-28
15046,11119,created,2024-05-26,,1,2024-05-26
15047,11119,canceled,2024-07-26,1,,2024-07-26
15048,11120,reactivated,2024-10-26,,1,2024-10-26
15049,11120,canceled,2024-11-26,1,,2024-11-26
15050,11121,created,2023-03-10,,1,2023-03-10
15051,11121,canceled,2023-07-10,1,,2023-07-10
15052,11122,created,2024-05-29,,1,2024-05-29
15053,11123,created,2023-09-08,,2,2023-09-08
15054,11124,upgraded,2024-08-08,2,4,2024-08-08
15055,11125,created,2022-01-03,,1,2022-01-03
15056,11125,canceled,2023-01-03,1,,2023-01-03
15057,11126,created,2023-03-11,,7,2023-03-11
15058,11126,canceled,2023-04-11,7,,2023-04-11
15059,11127,reactivated,2024-09-11,,1,2024-09-11
15060,11128,created,2024-11-01,,1,2024-11-01
15061,11129,created,2024-10-08,,1,2024-10-08
15062,11130,created,2023-08-27,,4,2023-08-27
15063,11131,upgraded,2024-08-27,4,6,2024-08-27
15064,11132,created,2024-08-14,,2,2024-08-14
15065,11133,created,2024-04-18,,1,2024-04-18
15066,11134,created,2024-12-31,,7,2024-12-31
15067,11135,created,2023-11-19,,2,2023-11-19
15068,11136,created,2024-06-17,,8,2024-06-17
15069,11137,created,2022-10-18,,4,2022-10-18
15070,11137,canceled,2023-08-18,4,,2023-08-18
15071,11138,reactivated,2023-09-18,,1,2023-09-18
15072,11138,canceled,2024-01-18,1,,2024-01-18
15073,11139,created,2023-12-02,,1,2023-12-02
15074,11139,canceled,2024-12-02,1,,2024-12-02
15075,11140,created,2024-11-03,,1,2024-11-03
15076,11141,created,2024-03-12,,3,2024-03-12
15077,11141,canceled,2024-07-12,3,,2024-07-12
15078,11142,created,2023-09-26,,1,2023-09-26
15079,11143,created,2023-03-21,,1,2023-03-21
15080,11143,canceled,2023-05-21,1,,2023-05-21
15081,11144,reactivated,2024-04-21,,4,2024-04-21
15082,11145,created,2024-06-15,,4,2024-06-15
15083,11146,created,2024-05-20,,1,2024-05-20
15084,11147,created,2023-11-30,,2,2023-11-30
15085,11148,upgraded,2023-12-30,2,5,2023-12-30
15086,11149,created,2024-11-16,,6,2024-11-16
15087,11150,created,2022-04-12,,3,2022-04-12
15088,11150,canceled,2022-07-12,3,,2022-07-12
15089,11151,created,2023-10-08,,3,2023-10-08
15090,11152,created,2024-11-21,,1,2024-11-21
15091,11153,created,2023-10-29,,5,2023-10-29
15092,11154,created,2023-09-18,,6,2023-09-18
15093,11154,canceled,2024-10-18,6,,2024-10-28
15094,11155,created,2024-03-11,,3,2024-03-11
15095,11156,upgraded,2024-06-11,3,4,2024-06-11
15096,11157,created,2024-09-05,,1,2024-09-07
15097,11158,created,2023-02-22,,7,2023-02-22
15098,11159,created,2024-11-25,,1,2024-11-25
15099,11160,created,2024-08-28,,2,2024-08-28
15100,11161,created,2023-06-10,,3,2023-06-10
15101,11161,canceled,2024-11-10,3,,2024-11-10
15102,11162,created,2024-06-10,,1,2024-06-10
15103,11162,canceled,2024-10-10,1,,2024-10-10
15104,11163,created,2023-12-26,,2,2023-12-26
15105,11164,created,2023-12-25,,1,2023-12-25
15106,11164,canceled,2024-01-25,1,,2024-01-25
15107,11165,created,2024-08-17,,2,2024-08-17
15108,11165,canceled,2024-10-17,2,,2024-10-17
15109,11166,created,2024-11-02,,2,2024-11-02
15110,11167,created,2023-03-08,,4,2023-03-08
15111,17806,downgraded,2023-10-08,4,2,2023-10-08
15112,11169,downgraded,2024-04-08,2,1,2024-04-08
15113,11170,created,2024-01-24,,1,2024-02-01
15114,11171,created,2024-02-24,,5,2024-02-24
15115,11172,created,2023-11-14,,2,2023-11-14
15116,11173,downgraded,2024-10-14,2,1,2024-10-14
15117,11174,created,2023-11-01,,5,2023-11-01
15118,11175,created,2022-09-03,,1,2022-09-03
15119,11175,canceled,2022-11-03,1,,2022-11-03
15120,11176,created,2024-06-27,,2,2024-06-27
15121,11177,downgraded,2024-11-27,2,1,2024-11-27
15122,11178,created,2024-01-19,,2,2024-01-19
15123,11178,canceled,2024-03-19,2,,2024-03-19
15124,11179,created,2023-07-27,,1,2023-07-27
15125,11180,created,2024-09-26,,1,2024-09-26
15126,11181,upgraded,2024-10-26,1,3,2024-10-26
15127,11182,created,2024-08-10,,1,2024-08-10
15128,11182,canceled,2024-10-10,1,,2024-10-10
15129,11183,created,2024-02-03,,1,2024-02-03
15130,11183,canceled,2024-03-03,1,,2024-03-03
15131,11184,reactivated,2024-04-03,,1,2024-04-03
15132,11184,canceled,2024-05-03,1,,2024-05-03
15133,11185,reactivated,2024-08-03,,4,2024-08-03
15134,11186,created,2023-10-10,,4,2023-10-10
15135,11187,created,2024-05-26,,1,2024-05-26
15136,11187,canceled,2024-07-26,1,,2024-07-26
15137,11188,created,2023-09-07,,6,2023-09-07
15138,11189,created,2023-08-06,,1,2023-08-06
15139,11190,created,2024-07-06,,6,2024-07-06
15140,11191,created,2022-07-25,,5,2022-07-25
15141,11192,downgraded,2022-10-25,5,2,2022-10-25
15142,11193,downgraded,2023-03-25,2,1,2023-03-25
15143,11194,upgraded,2024-07-25,1,2,2024-07-25
15144,11194,canceled,2024-12-25,2,,2024-12-25
15145,11195,created,2023-01-03,,1,2023-01-03
15146,11195,canceled,2023-02-03,1,,2023-02-03
15147,11196,created,2022-01-08,,2,2022-01-08
15148,11196,canceled,2022-05-08,2,,2022-05-08
15149,11197,reactivated,2023-02-08,,1,2023-02-08
15150,11198,created,2023-05-18,,2,2023-05-20
15151,11199,created,2022-11-02,,2,2022-11-02
15152,11199,canceled,2024-06-02,2,,2024-06-02
15153,11200,created,2024-12-19,,2,2024-12-19
15154,11201,created,2023-09-06,,1,2023-09-06
15155,11202,created,2023-05-19,,3,2023-05-19
15156,11202,canceled,2023-07-19,3,,2023-07-19
15157,11203,reactivated,2023-12-19,,2,2023-12-19
15158,11203,canceled,2024-10-19,2,,2024-10-19
15159,11204,reactivated,2024-12-19,,2,2024-12-19
15160,11205,created,2023-08-22,,6,2023-08-22
15161,11206,created,2024-11-24,,6,2024-11-24
15162,11207,upgraded,2024-12-24,6,8,2024-12-24
15163,11208,created,2024-03-05,,2,2024-03-05
15164,11209,upgraded,2024-04-05,2,4,2024-04-05
15165,11210,created,2023-11-13,,4,2023-11-13
15166,11210,canceled,2024-01-13,4,,2024-01-13
15167,11211,created,2024-10-23,,1,2024-10-23
15168,11212,created,2023-12-03,,2,2023-12-03
15169,11212,canceled,2024-05-03,2,,2024-05-03
15170,11213,created,2023-10-29,,3,2023-10-29
15171,11214,upgraded,2024-04-29,3,5,2024-04-29
15172,11215,created,2023-07-26,,1,2023-07-26
15173,11216,created,2023-11-28,,6,2023-11-28
15174,11217,created,2023-10-06,,6,2023-10-06
15175,11218,created,2024-06-26,,8,2024-06-26
15176,11219,downgraded,2024-12-26,8,6,2024-12-26
15177,11220,created,2023-09-16,,8,2023-09-16
15178,11221,downgraded,2024-11-16,8,6,2024-11-16
15179,11222,created,2024-04-13,,3,2024-04-13
15180,11223,downgraded,2024-07-13,3,1,2024-07-13
15181,11224,created,2022-10-12,,4,2022-10-12
15182,11224,canceled,2024-03-12,4,,2024-03-12
15183,11225,created,2023-06-21,,5,2023-06-24
15184,11226,downgraded,2024-11-21,5,2,2024-11-21
15185,11227,created,2023-12-25,,1,2023-12-25
15186,11227,canceled,2024-11-25,1,,2024-11-25
15187,11228,created,2024-11-07,,4,2024-11-07
15188,11228,canceled,2024-12-07,4,,2024-12-07
15189,11229,created,2023-11-03,,4,2023-11-03
15190,11229,canceled,2024-05-03,4,,2024-05-03
15191,11230,created,2024-05-25,,7,2024-05-25
15192,11231,created,2023-09-15,,7,2023-09-15
15193,11232,downgraded,2024-06-15,7,4,2024-06-15
15194,11233,created,2023-03-25,,4,2023-03-25
15195,11234,upgraded,2024-09-25,4,6,2024-09-25
15196,11235,created,2022-10-07,,6,2022-10-07
15197,11236,upgraded,2023-03-07,6,8,2023-03-07
15198,11237,downgraded,2023-04-07,8,6,2023-04-07
15199,11238,created,2023-10-01,,1,2023-10-01
15200,11238,canceled,2024-02-01,1,,2024-02-01
15201,11239,created,2023-05-20,,1,2023-05-20
15202,11239,canceled,2024-05-20,1,,2024-05-20
15203,11240,created,2023-06-20,,2,2023-06-26
15204,11241,upgraded,2024-01-20,2,4,2024-01-20
15205,11242,created,2024-08-08,,7,2024-08-08
15206,11243,created,2022-03-04,,2,2022-03-04
15207,11243,canceled,2023-03-04,2,,2023-03-04
15208,11244,reactivated,2023-07-04,,1,2023-07-04
15209,11244,canceled,2023-08-04,1,,2023-08-04
15210,11245,created,2024-03-26,,5,2024-03-26
15211,11246,created,2023-11-09,,1,2023-11-09
15212,11246,canceled,2024-01-09,1,,2024-01-17
15213,11247,created,2024-02-06,,7,2024-02-06
15214,11248,created,2024-03-25,,5,2024-03-25
15215,11249,created,2023-10-10,,2,2023-10-10
15216,11250,upgraded,2024-04-10,2,4,2024-04-10
15217,11251,downgraded,2024-06-10,4,2,2024-06-10
15218,11252,created,2023-10-18,,2,2023-10-18
15219,11252,canceled,2024-06-18,2,,2024-06-18
15220,11253,created,2024-07-15,,4,2024-07-15
15221,11254,upgraded,2024-08-15,4,6,2024-08-15
15222,11255,created,2024-10-16,,1,2024-10-16
15223,11256,created,2023-06-30,,6,2023-06-30
15224,11257,downgraded,2023-09-30,6,5,2023-09-30
15225,11257,canceled,2024-11-29,5,,2024-11-29
15226,11258,created,2023-02-18,,1,2023-02-18
15227,11259,upgraded,2023-06-18,1,3,2023-06-18
15228,11260,downgraded,2023-12-18,3,1,2023-12-22
15229,11260,canceled,2024-01-18,1,,2024-01-18
15230,11261,created,2024-10-28,,1,2024-10-28
15231,11262,created,2023-11-19,,1,2023-11-19
15232,11262,canceled,2024-01-19,1,,2024-01-19
15233,11263,reactivated,2024-06-19,,1,2024-06-19
15234,11264,upgraded,2024-10-19,1,3,2024-10-19
15235,11264,canceled,2024-11-19,3,,2024-11-19
15236,11265,created,2024-03-30,,8,2024-03-30
15237,11266,created,2023-11-08,,1,2023-11-08
15238,11266,canceled,2024-04-08,1,,2024-04-08
15239,11267,reactivated,2024-12-08,,2,2024-12-08
15240,11268,created,2023-03-18,,5,2023-03-18
15241,11269,created,2024-04-27,,1,2024-04-27
15242,11269,canceled,2024-06-27,1,,2024-06-27
15243,11270,created,2024-03-01,,7,2024-03-01
15244,11271,upgraded,2024-06-01,7,8,2024-06-01
15245,11272,created,2023-07-15,,1,2023-07-15
15246,11272,canceled,2024-04-15,1,,2024-04-15
15247,11273,created,2024-01-26,,2,2024-01-26
15248,11274,downgraded,2024-02-26,2,1,2024-02-26
15249,11274,canceled,2024-04-26,1,,2024-04-26
15250,11275,created,2024-08-23,,2,2024-08-23
15251,11276,created,2024-04-03,,8,2024-04-03
15252,11277,created,2023-02-11,,1,2023-02-11
15253,11277,canceled,2024-02-11,1,,2024-02-11
15254,11278,created,2024-03-13,,6,2024-03-13
15255,11279,upgraded,2024-05-13,6,8,2024-05-13
15256,11280,downgraded,2024-06-13,8,6,2024-06-13
15257,11281,created,2024-06-01,,1,2024-06-01
15258,11281,canceled,2024-08-01,1,,2024-08-01
15259,11282,created,2024-08-09,,1,2024-08-09
15260,11282,canceled,2024-11-09,1,,2024-11-09
15261,11283,created,2024-05-04,,4,2024-05-04
15262,11284,downgraded,2024-06-04,4,3,2024-06-04
15263,11285,upgraded,2024-07-04,3,4,2024-07-04
15264,11286,created,2023-05-29,,2,2023-05-29
15265,11286,canceled,2024-02-29,2,,2024-02-29
15266,11287,created,2024-06-04,,5,2024-06-04
15267,11288,created,2024-06-29,,8,2024-06-29
15268,11289,downgraded,2024-12-29,8,6,2024-12-29
15269,11290,created,2022-04-13,,1,2022-04-13
15270,11290,canceled,2024-08-13,1,,2024-08-13
15271,11291,created,2024-01-11,,2,2024-01-11
15272,11292,created,2023-10-30,,3,2023-10-30
15273,11293,downgraded,2023-12-30,3,1,2023-12-30
15274,11293,canceled,2024-02-29,1,,2024-02-29
15275,11294,reactivated,2024-11-29,,2,2024-11-29
15276,11295,created,2024-06-08,,3,2024-06-08
15277,11296,created,2023-07-31,,2,2023-07-31
15278,11296,canceled,2024-11-29,2,,2024-11-29
15279,11297,created,2024-04-15,,4,2024-04-15
15280,11298,created,2024-10-10,,2,2024-10-10
15281,11299,created,2024-08-11,,2,2024-08-11
15282,11300,created,2024-11-22,,1,2024-11-22
15283,11301,created,2024-12-01,,4,2024-12-01
15284,11302,created,2022-02-21,,2,2022-02-21
15285,11303,upgraded,2023-05-21,2,5,2023-05-21
15286,11303,canceled,2024-07-21,5,,2024-07-21
15287,11304,created,2024-05-31,,2,2024-05-31
15288,11305,created,2024-01-16,,1,2024-01-16
15289,11305,canceled,2024-08-16,1,,2024-08-16
15290,11306,created,2024-09-21,,1,2024-09-21
15291,11307,created,2023-09-28,,1,2023-09-28
15292,11308,upgraded,2024-03-28,1,2,2024-03-28
15293,11309,upgraded,2024-11-28,2,4,2024-11-28
15294,11310,created,2024-12-18,,4,2024-12-18
15295,11311,created,2024-04-19,,2,2024-04-19
15296,11311,canceled,2024-05-19,2,,2024-05-19
15297,11312,reactivated,2024-08-19,,2,2024-08-19
15298,11313,created,2024-08-26,,1,2024-08-26
15299,11313,canceled,2024-12-26,1,,2024-12-26
15300,11314,created,2023-01-20,,1,2023-01-20
15301,11314,canceled,2023-07-20,1,,2023-07-20
15302,11315,created,2023-06-12,,2,2023-06-12
15303,11315,canceled,2023-11-12,2,,2023-11-12
15304,11316,created,2024-08-26,,8,2024-08-26
15305,11317,created,2022-04-25,,1,2022-04-25
15306,11317,canceled,2022-10-25,1,,2022-10-25
15307,11318,reactivated,2022-11-25,,2,2022-11-25
15308,11318,canceled,2024-06-25,2,,2024-06-25
15309,11319,reactivated,2024-07-25,,8,2024-07-25
15310,11320,created,2024-09-21,,3,2024-09-21
15311,11321,upgraded,2024-12-21,3,4,2024-12-21
15312,11322,created,2022-03-31,,2,2022-03-31
15313,11322,canceled,2022-06-30,2,,2022-06-30
15314,11323,created,2024-05-14,,5,2024-05-14
15315,11324,created,2023-11-23,,3,2023-11-23
15316,11324,canceled,2024-07-23,3,,2024-07-23
15317,11325,created,2024-04-10,,1,2024-04-10
15318,11325,canceled,2024-05-10,1,,2024-05-10
15319,11326,reactivated,2024-10-10,,1,2024-10-19
15320,11327,created,2024-06-10,,2,2024-06-13
15321,11327,canceled,2024-12-10,2,,2024-12-10
15322,14859,created,2023-11-10,,4,2023-11-17
15323,11328,canceled,2024-05-10,4,,2024-05-10
15324,11329,created,2023-02-23,,2,2023-02-23
15325,11329,canceled,2024-02-23,2,,2024-02-23
15326,11330,created,2022-11-28,,1,2022-11-28
15327,11330,canceled,2024-01-28,1,,2024-01-28
15328,11331,created,2024-04-01,,8,2024-04-01
15329,11332,created,2024-03-24,,2,2024-03-24
15330,11332,canceled,2024-05-24,2,,2024-05-24
15331,11333,created,2024-07-03,,1,2024-07-03
15332,11334,created,2024-02-15,,2,2024-02-15
15333,20871,created,2024-01-11,,1,2024-01-11
15334,11335,canceled,2024-02-11,1,,2024-02-11
15335,11336,created,2023-12-27,,1,2023-12-27
15336,11336,canceled,2024-02-27,1,,2024-02-27
15337,11337,created,2022-05-06,,6,2022-05-06
15338,11337,canceled,2024-12-06,6,,2024-12-06
15339,11338,created,2023-10-16,,2,2023-10-16
15340,11339,upgraded,2024-03-16,2,4,2024-03-16
15341,11340,upgraded,2024-04-16,4,6,2024-04-16
15342,11340,canceled,2024-05-16,6,,2024-05-16
15343,11341,created,2024-12-02,,1,2024-12-02
15344,11342,created,2024-10-31,,1,2024-10-31
15345,11343,created,2023-10-10,,2,2023-10-10
15346,11344,created,2024-04-03,,2,2024-04-03
15347,11344,canceled,2024-07-03,2,,2024-07-03
15348,11345,created,2024-09-28,,1,2024-09-28
15349,11346,created,2024-01-18,,1,2024-01-18
15350,11347,created,2022-03-06,,2,2022-03-06
15351,11348,downgraded,2022-08-06,2,1,2022-08-06
15352,11348,canceled,2022-11-06,1,,2022-11-06
15353,11349,created,2022-11-26,,1,2022-11-26
15354,11349,canceled,2022-12-26,1,,2022-12-26
15355,11350,reactivated,2024-08-26,,6,2024-08-26
15356,11351,created,2024-02-26,,5,2024-02-26
15357,11352,created,2024-11-21,,5,2024-11-21
15358,11353,downgraded,2024-12-21,5,2,2024-12-21
15359,11354,created,2024-06-16,,3,2024-06-16
15360,11355,created,2022-11-19,,3,2022-11-19
15361,11355,canceled,2023-06-19,3,,2023-06-19
15362,11356,reactivated,2024-05-19,,2,2024-05-21
15363,11357,upgraded,2024-07-19,2,4,2024-07-19
15364,11358,created,2023-06-30,,1,2023-06-30
15365,11358,canceled,2023-09-30,1,,2023-09-30
15366,11359,created,2024-08-21,,1,2024-08-21
15367,11360,created,2024-09-03,,2,2024-09-03
15368,11360,canceled,2024-10-03,2,,2024-10-03
15369,11361,created,2024-05-24,,5,2024-05-24
15370,11361,canceled,2024-11-24,5,,2024-11-24
15371,11362,created,2024-05-31,,1,2024-05-31
15372,11362,canceled,2024-06-30,1,,2024-06-30
15373,11363,created,2022-05-26,,8,2022-05-26
15374,11364,downgraded,2023-04-26,8,6,2023-04-26
15375,11365,created,2024-09-01,,1,2024-09-01
15376,11365,canceled,2024-11-01,1,,2024-11-01
15377,11366,created,2024-08-14,,1,2024-08-14
15378,11366,canceled,2024-12-14,1,,2024-12-14
15379,11367,created,2023-09-09,,1,2023-09-09
15380,11368,created,2024-06-19,,2,2024-06-19
15381,11369,downgraded,2024-10-19,2,1,2024-10-19
15382,11370,created,2023-07-15,,4,2023-07-15
15383,11371,created,2022-07-10,,1,2022-07-10
15384,11371,canceled,2022-10-10,1,,2022-10-10
15385,11372,reactivated,2023-10-10,,2,2023-10-10
15386,11373,created,2023-07-27,,1,2023-07-27
15387,11373,canceled,2023-11-27,1,,2023-11-27
15388,11374,created,2023-06-21,,1,2023-06-21
15389,11374,canceled,2023-11-21,1,,2023-11-21
15390,11375,created,2023-10-16,,2,2023-10-16
15391,11375,canceled,2024-02-16,2,,2024-02-16
15392,11376,created,2024-01-18,,1,2024-01-18
15393,11376,canceled,2024-08-18,1,,2024-08-18
15394,11377,created,2024-02-01,,2,2024-02-01
15395,11378,downgraded,2024-10-01,2,1,2024-10-01
15396,11379,created,2024-02-21,,1,2024-02-21
15397,11379,canceled,2024-06-21,1,,2024-06-21
15398,11380,created,2023-09-04,,1,2023-09-04
15399,11381,upgraded,2024-06-04,1,2,2024-06-04
15400,11382,downgraded,2024-10-04,2,1,2024-10-04
15401,11383,created,2022-05-18,,1,2022-05-18
15402,11383,canceled,2022-12-18,1,,2022-12-18
15403,11384,reactivated,2023-08-18,,3,2023-08-23
15404,11384,canceled,2023-11-18,3,,2023-11-26
15405,11385,created,2024-04-06,,3,2024-04-06
15406,11386,created,2023-12-20,,5,2023-12-20
15407,11387,created,2023-10-05,,7,2023-10-05
15408,11388,upgraded,2024-01-05,7,8,2024-01-05
15409,11389,downgraded,2024-04-05,8,6,2024-04-05
15410,11390,upgraded,2024-12-05,6,8,2024-12-13
15411,11391,created,2024-10-07,,7,2024-10-07
15412,11392,created,2024-07-12,,1,2024-07-12
15413,11393,created,2024-09-27,,1,2024-09-27
15414,11394,created,2024-02-23,,1,2024-02-23
15415,11395,upgraded,2024-06-23,1,2,2024-06-23
15416,11396,created,2023-04-24,,1,2023-04-24
15417,11396,canceled,2023-12-24,1,,2023-12-24
15418,11397,created,2024-06-27,,1,2024-06-27
15419,11398,upgraded,2024-09-27,1,3,2024-09-27
15420,11399,created,2023-07-16,,3,2023-07-16
15421,11400,upgraded,2024-04-16,3,5,2024-04-16
15422,11401,upgraded,2024-12-16,5,7,2024-12-16
15423,11402,created,2024-01-25,,1,2024-01-25
15424,11403,created,2022-10-14,,1,2022-10-14
15425,11403,canceled,2023-02-14,1,,2023-02-14
15426,11404,created,2024-09-02,,1,2024-09-02
15427,11405,created,2023-03-02,,5,2023-03-02
15428,11405,canceled,2023-12-02,5,,2023-12-02
15429,11406,created,2024-10-09,,4,2024-10-09
15430,11406,canceled,2024-11-09,4,,2024-11-09
15431,11407,created,2024-10-23,,3,2024-10-23
15432,11408,created,2024-01-28,,3,2024-01-28
15433,11409,created,2024-07-12,,2,2024-07-12
15434,11410,created,2024-05-28,,2,2024-05-28
15435,11411,created,2024-09-05,,3,2024-09-05
15436,11412,created,2024-01-03,,4,2024-01-03
15437,11413,created,2024-08-15,,6,2024-08-19
15438,11414,created,2024-01-12,,3,2024-01-12
15439,11415,created,2024-11-10,,3,2024-11-10
15440,11416,created,2024-02-06,,1,2024-02-06
15441,11416,canceled,2024-05-06,1,,2024-05-06
15442,11417,reactivated,2024-11-06,,8,2024-11-06
15443,11418,created,2024-01-08,,1,2024-01-08
15444,11418,canceled,2024-02-08,1,,2024-02-08
15445,11419,created,2024-08-22,,2,2024-08-22
15446,11420,downgraded,2024-09-22,2,1,2024-09-22
15447,11421,created,2024-09-30,,4,2024-09-30
15448,11422,created,2024-03-20,,5,2024-03-20
15449,11423,created,2023-06-15,,4,2023-06-15
15450,11423,canceled,2023-07-15,4,,2023-07-15
15451,11424,created,2024-02-02,,2,2024-02-02
15452,11424,canceled,2024-08-02,2,,2024-08-02
15453,11425,created,2024-11-17,,1,2024-11-17
15454,11426,created,2024-07-13,,3,2024-07-13
15455,11427,created,2024-09-23,,3,2024-09-23
15456,11428,created,2022-06-19,,3,2022-06-19
15457,11429,upgraded,2022-12-19,3,4,2022-12-19
15458,11429,canceled,2023-02-19,4,,2023-02-19
15459,11430,reactivated,2023-06-19,,4,2023-06-19
15460,11431,upgraded,2024-02-19,4,6,2024-02-19
15461,11432,downgraded,2024-03-19,6,4,2024-03-19
15462,11433,downgraded,2024-08-19,4,3,2024-08-19
15463,11434,upgraded,2024-12-19,3,4,2024-12-19
15464,11435,created,2024-02-27,,1,2024-02-27
15465,11435,canceled,2024-04-27,1,,2024-04-27
15466,11436,reactivated,2024-06-27,,8,2024-06-27
15467,11437,created,2024-05-25,,1,2024-05-25
15468,11437,canceled,2024-08-25,1,,2024-08-25
15469,11438,reactivated,2024-09-25,,1,2024-09-25
15470,11439,upgraded,2024-10-25,1,3,2024-10-25
15471,11440,created,2024-09-16,,1,2024-09-16
15472,11441,created,2022-09-05,,1,2022-09-10
15473,17158,upgraded,2023-01-05,1,2,2023-01-05
15474,11442,canceled,2023-06-05,2,,2023-06-05
15475,11443,created,2024-09-25,,3,2024-09-25
15476,11444,created,2024-03-29,,3,2024-03-29
15477,11445,upgraded,2024-06-29,3,4,2024-06-29
15478,11446,created,2023-07-22,,1,2023-07-22
15479,11447,created,2023-10-04,,1,2023-10-04
15480,11447,canceled,2023-11-04,1,,2023-11-04
15481,11448,reactivated,2023-12-04,,6,2023-12-04
15482,11449,upgraded,2024-09-04,6,8,2024-09-04
15483,11450,created,2023-09-27,,1,2023-09-27
15484,11450,canceled,2024-06-27,1,,2024-06-27
15485,11451,created,2024-03-01,,3,2024-03-01
15486,11452,upgraded,2024-07-01,3,4,2024-07-01
15487,11453,created,2022-09-07,,7,2022-09-07
15488,11454,created,2023-05-15,,2,2023-05-15
15489,11455,upgraded,2023-11-15,2,4,2023-11-15
15490,11456,created,2024-09-25,,3,2024-09-25
15491,11457,created,2023-04-29,,1,2023-04-29
15492,11457,canceled,2023-09-29,1,,2023-09-29
15493,11458,created,2023-08-13,,1,2023-08-13
15494,11459,upgraded,2023-12-13,1,2,2023-12-13
15495,11460,upgraded,2024-09-13,2,4,2024-09-13
15496,11461,created,2024-01-21,,2,2024-01-21
15497,11462,upgraded,2024-06-21,2,5,2024-06-21
15498,11462,canceled,2024-10-21,5,,2024-10-21
15499,11463,created,2024-02-09,,1,2024-02-09
15500,11463,canceled,2024-08-09,1,,2024-08-09
15501,11464,created,2024-08-26,,1,2024-08-26
15502,11465,created,2024-01-22,,3,2024-01-22
15503,11465,canceled,2024-02-22,3,,2024-02-22
15504,11466,created,2024-08-22,,2,2024-08-22
15505,11467,created,2024-05-21,,2,2024-05-21
15506,11467,canceled,2024-10-21,2,,2024-10-21
15507,11468,created,2023-03-10,,1,2023-03-10
15508,11468,canceled,2024-06-10,1,,2024-06-10
15509,11469,created,2023-05-12,,1,2023-05-12
15510,11469,canceled,2023-07-12,1,,2023-07-12
15511,11470,created,2024-01-15,,8,2024-01-15
15512,11471,created,2023-12-11,,1,2023-12-11
15513,11471,canceled,2024-02-11,1,,2024-02-11
15514,11472,created,2024-07-07,,1,2024-07-07
15515,11473,created,2024-04-17,,1,2024-04-17
15516,11474,upgraded,2024-06-17,1,2,2024-06-17
15517,19852,canceled,2024-12-17,2,,2024-12-17
15518,11475,created,2023-12-31,,2,2023-12-31
15519,11475,canceled,2024-08-29,2,,2024-08-29
15520,11476,created,2023-06-26,,1,2023-07-03
15521,11476,canceled,2024-07-26,1,,2024-07-26
15522,11477,created,2023-08-30,,1,2023-08-30
15523,11477,canceled,2023-09-30,1,,2023-09-30
15524,11478,reactivated,2024-01-30,,2,2024-01-30
15525,11478,canceled,2024-02-29,2,,2024-02-29
15526,11479,reactivated,2024-12-29,,3,2024-12-29
15527,11480,created,2024-04-17,,7,2024-04-17
15528,11481,created,2024-01-12,,1,2024-01-12
15529,11481,canceled,2024-06-12,1,,2024-06-12
15530,11482,created,2024-02-12,,2,2024-02-12
15531,11482,canceled,2024-04-12,2,,2024-04-12
15532,11483,created,2023-06-12,,1,2023-06-12
15533,11483,canceled,2024-06-12,1,,2024-06-12
15534,11484,created,2024-05-24,,1,2024-05-24
15535,11485,created,2024-09-14,,2,2024-09-14
15536,11486,created,2023-09-21,,3,2023-09-21
15537,11486,canceled,2024-02-21,3,,2024-02-21
15538,11487,created,2024-02-08,,3,2024-02-08
15539,11488,upgraded,2024-06-08,3,5,2024-06-08
15540,11489,created,2024-12-28,,4,2024-12-28
15541,11490,created,2023-10-14,,4,2023-10-14
15542,11491,created,2024-04-20,,2,2024-04-20
15543,11492,created,2023-01-11,,1,2023-01-11
15544,11492,canceled,2023-06-11,1,,2023-06-11
15545,11493,created,2024-04-06,,4,2024-04-06
15546,11494,upgraded,2024-05-06,4,6,2024-05-06
15547,11495,created,2023-01-13,,1,2023-01-13
15548,11496,upgraded,2024-04-13,1,2,2024-04-13
15549,11497,downgraded,2024-05-13,2,1,2024-05-13
15550,11497,canceled,2024-08-13,1,,2024-08-13
15551,11498,created,2024-11-19,,1,2024-11-19
15552,11499,created,2024-07-09,,1,2024-07-09
15553,11500,created,2024-08-07,,2,2024-08-07
15554,11501,upgraded,2024-10-07,2,5,2024-10-07
15555,11502,created,2024-06-10,,1,2024-06-10
15556,11502,canceled,2024-08-10,1,,2024-08-10
15557,11503,reactivated,2024-12-10,,1,2024-12-10
15558,11504,created,2024-04-12,,1,2024-04-12
15559,11504,canceled,2024-10-12,1,,2024-10-12
15560,11505,created,2024-01-07,,5,2024-01-07
15561,11506,upgraded,2024-04-07,5,6,2024-04-07
15562,11507,created,2024-09-01,,1,2024-09-01
15563,11508,created,2024-11-07,,1,2024-11-07
15564,11509,created,2024-02-06,,3,2024-02-06
15565,11510,upgraded,2024-08-06,3,5,2024-08-06
15566,11511,created,2024-11-07,,1,2024-11-07
15567,11512,created,2024-04-24,,1,2024-04-24
15568,11512,canceled,2024-09-24,1,,2024-09-24
15569,11513,created,2024-03-19,,6,2024-03-19
15570,11513,canceled,2024-07-19,6,,2024-07-19
15571,11514,created,2024-01-13,,1,2024-01-13
15572,11514,canceled,2024-03-13,1,,2024-03-13
15573,11515,created,2023-07-20,,3,2023-07-22
15574,11516,created,2022-01-24,,1,2022-01-24
15575,11516,canceled,2022-07-24,1,,2022-07-24
15576,11517,reactivated,2023-05-24,,1,2023-05-24
15577,11518,upgraded,2023-12-24,1,2,2023-12-24
15578,11519,downgraded,2024-02-24,2,1,2024-03-03
15579,11519,canceled,2024-09-24,1,,2024-09-24
15580,11520,created,2023-08-28,,1,2023-08-28
15581,11521,upgraded,2024-07-28,1,2,2024-07-28
15582,11522,upgraded,2024-11-28,2,4,2024-11-28
15583,11523,created,2024-02-25,,3,2024-02-25
15584,11524,created,2023-11-21,,1,2023-11-21
15585,11524,canceled,2024-01-21,1,,2024-01-21
15586,11525,reactivated,2024-05-21,,5,2024-05-21
15587,11526,created,2024-01-20,,6,2024-01-20
15588,11527,created,2024-12-14,,2,2024-12-14
15589,11528,created,2023-11-01,,1,2023-11-01
15590,11529,created,2024-01-10,,2,2024-01-10
15591,11529,canceled,2024-02-10,2,,2024-02-10
15592,11530,reactivated,2024-08-10,,1,2024-08-15
15593,11531,created,2023-04-12,,6,2023-04-12
15594,11531,canceled,2023-10-12,6,,2023-10-12
15595,11532,reactivated,2024-12-12,,4,2024-12-12
15596,11533,created,2022-08-12,,1,2022-08-12
15597,11533,canceled,2023-04-12,1,,2023-04-12
15598,11534,created,2024-08-14,,4,2024-08-14
15599,11535,created,2024-04-30,,1,2024-04-30
15600,11535,canceled,2024-05-30,1,,2024-05-30
15601,11536,created,2024-08-08,,1,2024-08-08
15602,11537,created,2023-05-24,,1,2023-05-24
15603,11537,canceled,2023-12-24,1,,2023-12-24
15604,11538,created,2024-04-05,,1,2024-04-14
15605,11538,canceled,2024-05-05,1,,2024-05-05
15606,11539,created,2023-09-13,,1,2023-09-13
15607,11539,canceled,2024-01-13,1,,2024-01-13
15608,11540,created,2023-08-07,,2,2023-08-07
15609,11540,canceled,2023-10-07,2,,2023-10-07
15610,11541,created,2022-02-15,,8,2022-02-15
15611,11542,created,2023-04-18,,3,2023-04-18
15612,11542,canceled,2023-08-18,3,,2023-08-18
15613,11543,reactivated,2024-08-18,,5,2024-08-18
15614,11544,downgraded,2024-10-18,5,2,2024-10-18
15615,11545,created,2023-10-27,,1,2023-10-27
15616,11545,canceled,2024-10-27,1,,2024-10-27
15617,11546,created,2023-03-17,,3,2023-03-17
15618,11546,canceled,2023-04-17,3,,2023-04-17
15619,11547,reactivated,2023-07-17,,1,2023-07-17
15620,11547,canceled,2023-10-17,1,,2023-10-17
15621,11548,created,2024-12-06,,3,2024-12-06
15622,11549,created,2023-10-17,,1,2023-10-17
15623,11550,created,2023-04-13,,5,2023-04-13
15624,11551,created,2023-07-06,,2,2023-07-06
15625,15122,canceled,2024-10-06,2,,2024-10-06
15626,11552,created,2024-04-08,,1,2024-04-08
15627,11553,created,2022-10-06,,2,2022-10-06
15628,11554,downgraded,2022-11-06,2,1,2022-11-06
15629,11554,canceled,2023-05-06,1,,2023-05-06
15630,11555,created,2024-09-12,,6,2024-09-12
15631,11556,created,2024-11-03,,7,2024-11-03
15632,11557,created,2023-08-28,,8,2023-08-28
15633,11558,downgraded,2023-10-28,8,7,2023-10-28
15634,11559,upgraded,2023-12-28,7,8,2023-12-28
15635,11560,downgraded,2024-02-28,8,6,2024-02-28
15636,11560,canceled,2024-07-28,6,,2024-07-28
15637,11561,created,2024-01-01,,1,2024-01-01
15638,11561,canceled,2024-03-01,1,,2024-03-01
15639,11562,created,2022-04-16,,6,2022-04-16
15640,11563,upgraded,2023-12-16,6,8,2023-12-16
15641,11564,created,2024-05-24,,3,2024-05-29
15642,11565,created,2024-01-03,,4,2024-01-03
15643,11566,upgraded,2024-06-03,4,6,2024-06-03
15644,11567,created,2023-09-11,,1,2023-09-11
15645,11567,canceled,2023-11-11,1,,2023-11-11
15646,11568,created,2023-07-27,,2,2023-07-27
15647,11569,created,2024-05-18,,4,2024-05-18
15648,11570,created,2024-01-23,,1,2024-01-23
15649,11570,canceled,2024-02-23,1,,2024-02-23
15650,11571,created,2023-06-02,,3,2023-06-02
15651,11571,canceled,2024-10-02,3,,2024-10-02
15652,11572,created,2024-06-20,,1,2024-06-20
15653,11573,created,2024-03-18,,2,2024-03-18
15654,11574,downgraded,2024-08-18,2,1,2024-08-18
15655,11575,created,2024-09-04,,2,2024-09-04
15656,11575,canceled,2024-10-04,2,,2024-10-04
15657,11576,created,2023-03-01,,2,2023-03-01
15658,11577,upgraded,2023-08-01,2,5,2023-08-01
15659,11578,upgraded,2024-02-01,5,7,2024-02-01
15660,11579,upgraded,2024-03-01,7,8,2024-03-01
15661,11580,downgraded,2024-04-01,8,6,2024-04-01
15662,11581,created,2024-08-26,,1,2024-08-26
15663,11581,canceled,2024-09-26,1,,2024-09-26
15664,11582,created,2024-06-04,,1,2024-06-04
15665,11582,canceled,2024-09-04,1,,2024-09-04
15666,11583,created,2023-03-28,,1,2023-03-28
15667,11583,canceled,2023-05-28,1,,2023-05-28
15668,11584,created,2024-06-18,,3,2024-06-18
15669,11585,created,2024-01-24,,1,2024-01-24
15670,11585,canceled,2024-03-24,1,,2024-03-24
15671,11586,created,2024-11-20,,3,2024-11-20
15672,11587,created,2023-04-13,,3,2023-04-13
15673,11588,downgraded,2023-09-13,3,1,2023-09-13
15674,11588,canceled,2024-02-13,1,,2024-02-13
15675,11589,created,2024-05-12,,1,2024-05-12
15676,11590,created,2023-11-24,,1,2023-11-24
15677,11590,canceled,2024-10-24,1,,2024-10-24
15678,11591,created,2024-11-14,,6,2024-11-14
15679,11592,created,2023-10-22,,2,2023-10-22
15680,11592,canceled,2023-12-22,2,,2023-12-22
15681,11593,created,2024-11-21,,3,2024-11-21
15682,11594,created,2024-10-07,,6,2024-10-07
15683,11595,created,2023-09-28,,1,2023-09-28
15684,11596,upgraded,2024-03-28,1,2,2024-03-28
15685,11597,upgraded,2024-04-28,2,4,2024-04-28
15686,11598,upgraded,2024-06-28,4,6,2024-06-28
15687,11599,upgraded,2024-08-28,6,8,2024-08-28
15688,11600,created,2024-09-30,,1,2024-09-30
15689,11601,created,2024-12-23,,1,2024-12-23
15690,11602,created,2023-09-19,,4,2023-09-19
15691,11603,upgraded,2024-12-19,4,6,2024-12-19
15692,11604,created,2024-01-07,,7,2024-01-07
15693,11605,created,2024-03-02,,2,2024-03-02
15694,11606,created,2023-09-09,,6,2023-09-09
15695,11607,upgraded,2024-06-09,6,8,2024-06-09
15696,11608,created,2022-03-07,,1,2022-03-07
15697,11608,canceled,2022-07-07,1,,2022-07-07
15698,11609,reactivated,2024-02-07,,1,2024-02-07
15699,11610,upgraded,2024-11-07,1,2,2024-11-07
15700,11611,created,2023-08-16,,3,2023-08-16
15701,11612,created,2023-09-05,,1,2023-09-05
15702,11612,canceled,2023-10-05,1,,2023-10-05
15703,11613,reactivated,2024-09-05,,2,2024-09-05
15704,11614,downgraded,2024-10-05,2,1,2024-10-07
15705,11615,created,2024-01-13,,1,2024-01-13
15706,11616,created,2023-06-06,,4,2023-06-06
15707,11616,canceled,2023-12-06,4,,2023-12-06
15708,11617,reactivated,2024-06-06,,1,2024-06-06
15709,11617,canceled,2024-09-06,1,,2024-09-06
15710,11618,created,2024-10-24,,2,2024-10-24
15711,11619,downgraded,2024-12-24,2,1,2024-12-24
15712,11620,created,2024-06-13,,2,2024-06-13
15713,11620,canceled,2024-09-13,2,,2024-09-13
15714,11621,created,2023-01-14,,4,2023-01-14
15715,11621,canceled,2023-07-14,4,,2023-07-14
15716,11622,created,2024-05-04,,3,2024-05-04
15717,11622,canceled,2024-06-04,3,,2024-06-04
15718,11623,created,2024-05-18,,3,2024-05-18
15719,11624,created,2024-11-28,,1,2024-11-28
15720,11625,created,2022-01-22,,3,2022-01-22
15721,11625,canceled,2022-02-22,3,,2022-02-22
15722,11626,reactivated,2022-04-22,,1,2022-04-22
15723,11626,canceled,2022-12-22,1,,2022-12-22
15724,11627,reactivated,2023-07-22,,4,2023-07-22
15725,11627,canceled,2024-03-22,4,,2024-03-22
15726,11628,created,2023-08-02,,1,2023-08-02
15727,11628,canceled,2024-08-02,1,,2024-08-02
15728,11629,created,2024-11-17,,2,2024-11-17
15729,11630,created,2024-11-02,,4,2024-11-02
15730,11630,canceled,2024-12-02,4,,2024-12-02
15731,11631,created,2024-07-10,,3,2024-07-10
15732,11632,created,2024-08-22,,2,2024-08-22
15733,11633,created,2023-01-27,,2,2023-01-27
15734,11634,upgraded,2023-12-27,2,4,2023-12-27
15735,11635,upgraded,2024-05-27,4,6,2024-05-27
15736,11636,created,2024-02-13,,3,2024-02-20
15737,11637,downgraded,2024-05-13,3,1,2024-05-13
15738,11637,canceled,2024-10-13,1,,2024-10-13
15739,11638,created,2023-08-18,,2,2023-08-18
15740,11639,created,2023-06-06,,2,2023-06-06
15741,11640,upgraded,2023-10-06,2,4,2023-10-06
15742,11640,canceled,2024-03-06,4,,2024-03-06
15743,18984,created,2024-09-07,,1,2024-09-07
15744,11641,canceled,2024-10-07,1,,2024-10-07
15745,11642,created,2023-04-26,,2,2023-04-26
15746,11642,canceled,2023-05-26,2,,2023-05-26
15747,11643,created,2024-02-18,,4,2024-02-18
15748,11644,upgraded,2024-10-18,4,6,2024-10-18
15749,11645,created,2024-11-26,,4,2024-11-26
15750,11646,created,2023-06-03,,1,2023-06-03
15751,11646,canceled,2024-04-03,1,,2024-04-03
15752,11647,created,2024-12-02,,8,2024-12-02
15753,11648,created,2024-12-14,,1,2024-12-14
15754,11649,created,2024-03-12,,1,2024-03-12
15755,11649,canceled,2024-11-12,1,,2024-11-12
15756,11650,created,2023-06-26,,8,2023-06-26
15757,11651,downgraded,2024-02-26,8,7,2024-02-26
15758,11652,downgraded,2024-08-26,7,4,2024-08-26
15759,11653,downgraded,2024-10-26,4,3,2024-10-26
15760,11654,created,2023-10-17,,1,2023-10-17
15761,11655,upgraded,2024-03-17,1,3,2024-03-17
15762,11656,created,2024-01-15,,1,2024-01-15
15763,11656,canceled,2024-06-15,1,,2024-06-15
15764,11657,created,2023-10-08,,1,2023-10-08
15765,11657,canceled,2024-01-08,1,,2024-01-08
15766,11658,reactivated,2024-09-08,,1,2024-09-08
15767,11658,canceled,2024-12-08,1,,2024-12-08
15768,11659,created,2023-09-12,,3,2023-09-12
15769,11660,downgraded,2024-02-12,3,1,2024-02-12
15770,11660,canceled,2024-04-12,1,,2024-04-21
15771,11661,reactivated,2024-11-12,,5,2024-11-12
15772,11662,created,2024-12-20,,5,2024-12-20
15773,11663,created,2023-05-20,,2,2023-05-20
15774,11664,created,2024-07-30,,2,2024-07-30
15775,11665,created,2022-01-06,,1,2022-01-06
15776,11665,canceled,2024-03-06,1,,2024-03-06
15777,11666,created,2024-04-18,,3,2024-04-18
15778,11667,upgraded,2024-06-18,3,4,2024-06-18
15779,11668,created,2024-10-03,,1,2024-10-03
15780,11669,upgraded,2024-11-03,1,2,2024-11-03
15781,11670,created,2023-09-04,,2,2023-09-04
15782,11670,canceled,2023-11-04,2,,2023-11-04
15783,11671,created,2023-06-05,,1,2023-06-05
15784,11672,upgraded,2023-08-05,1,2,2023-08-05
15785,11672,canceled,2024-08-05,2,,2024-08-05
15786,11673,reactivated,2024-12-05,,1,2024-12-05
15787,11674,created,2024-05-10,,2,2024-05-10
15788,11675,created,2024-06-19,,1,2024-06-19
15789,11676,created,2024-06-22,,2,2024-06-22
15790,11677,created,2023-10-13,,1,2023-10-13
15791,11678,upgraded,2023-11-13,1,3,2023-11-13
15792,11678,canceled,2024-03-13,3,,2024-03-13
15793,11679,created,2023-09-25,,8,2023-09-25
15794,11680,created,2024-11-07,,1,2024-11-07
15795,11681,created,2024-11-13,,2,2024-11-13
15796,11682,created,2024-01-26,,4,2024-01-26
15797,11683,created,2024-09-13,,5,2024-09-13
15798,11684,created,2024-01-16,,2,2024-01-16
15799,11685,created,2024-01-29,,1,2024-01-29
15800,11686,created,2023-05-07,,1,2023-05-07
15801,11686,canceled,2023-08-07,1,,2023-08-07
15802,11687,created,2024-01-09,,2,2024-01-09
15803,11688,created,2024-03-27,,3,2024-04-01
15804,11689,created,2022-04-11,,1,2022-04-11
15805,11689,canceled,2023-04-11,1,,2023-04-11
15806,11690,created,2024-01-20,,8,2024-01-20
15807,11691,created,2024-08-12,,4,2024-08-12
15808,11692,created,2024-06-01,,2,2024-06-01
15809,11693,created,2024-05-11,,1,2024-05-11
15810,11693,canceled,2024-07-11,1,,2024-07-11
15811,11694,created,2024-10-17,,1,2024-10-17
15812,11694,canceled,2024-11-17,1,,2024-11-17
15813,11695,created,2022-03-20,,2,2022-03-20
15814,11696,upgraded,2022-04-20,2,4,2022-04-30
15815,11697,created,2024-03-05,,2,2024-03-05
15816,11698,created,2024-08-04,,4,2024-08-04
15817,11698,canceled,2024-10-04,4,,2024-10-04
15818,11699,created,2024-03-29,,2,2024-03-29
15819,11700,created,2023-10-08,,1,2023-10-08
15820,11700,canceled,2024-12-08,1,,2024-12-08
15821,11701,created,2023-04-23,,8,2023-04-23
15822,11702,downgraded,2024-02-23,8,6,2024-02-23
15823,11703,upgraded,2024-05-23,6,8,2024-05-23
15824,11704,created,2024-10-26,,1,2024-10-26
15825,11705,upgraded,2024-12-26,1,2,2024-12-26
15826,11706,created,2024-02-08,,1,2024-02-08
15827,11706,canceled,2024-05-08,1,,2024-05-08
15828,11707,created,2024-10-22,,2,2024-10-22
15829,11708,created,2024-04-19,,3,2024-04-19
15830,11708,canceled,2024-11-19,3,,2024-11-19
15831,11709,created,2024-06-02,,1,2024-06-02
15832,11709,canceled,2024-12-02,1,,2024-12-02
15833,11710,created,2024-09-30,,1,2024-09-30
15834,11710,canceled,2024-12-30,1,,2024-12-30
15835,11711,created,2024-05-20,,3,2024-05-20
15836,11712,created,2023-12-17,,2,2023-12-17
15837,11713,upgraded,2024-04-17,2,4,2024-04-17
15838,11714,created,2024-02-02,,3,2024-02-02
15839,11715,created,2024-09-10,,6,2024-09-10
15840,11716,created,2023-11-17,,1,2023-11-17
15841,11716,canceled,2024-08-17,1,,2024-08-17
15842,11717,created,2023-12-07,,4,2023-12-07
15843,11717,canceled,2024-07-07,4,,2024-07-07
15844,11718,created,2023-01-10,,1,2023-01-10
15845,11718,canceled,2023-08-10,1,,2023-08-10
15846,11719,reactivated,2024-02-10,,5,2024-02-10
15847,11720,created,2024-10-14,,4,2024-10-14
15848,11721,created,2023-01-31,,2,2023-01-31
15849,11722,upgraded,2023-05-28,2,4,2023-05-28
15850,11723,created,2024-05-16,,8,2024-05-16
15851,11724,created,2024-01-24,,2,2024-01-24
15852,18186,created,2023-12-04,,4,2023-12-04
15853,11725,canceled,2024-10-04,4,,2024-10-04
15854,11726,created,2024-06-18,,1,2024-06-18
15855,11727,created,2022-11-08,,3,2022-11-08
15856,11728,upgraded,2022-12-08,3,5,2022-12-08
15857,11728,canceled,2024-10-08,5,,2024-10-08
15858,11729,created,2024-04-17,,4,2024-04-17
15859,11729,canceled,2024-05-17,4,,2024-05-17
15860,11730,created,2024-08-09,,2,2024-08-09
15861,11730,canceled,2024-09-09,2,,2024-09-09
15862,11731,created,2024-09-13,,2,2024-09-13
15863,11731,canceled,2024-12-13,2,,2024-12-13
15864,11732,created,2023-06-16,,1,2023-06-16
15865,14798,canceled,2023-07-16,1,,2023-07-16
15866,11733,reactivated,2024-11-16,,2,2024-11-16
15867,11734,created,2024-10-15,,2,2024-10-15
15868,11734,canceled,2024-11-15,2,,2024-11-15
15869,11735,created,2024-05-16,,4,2024-05-16
15870,11736,created,2024-10-07,,1,2024-10-07
15871,11737,created,2024-02-07,,2,2024-02-07
15872,11737,canceled,2024-08-07,2,,2024-08-07
15873,11738,created,2024-03-13,,2,2024-03-13
15874,11739,downgraded,2024-05-13,2,1,2024-05-13
15875,11739,canceled,2024-11-13,1,,2024-11-13
15876,11740,created,2024-11-27,,4,2024-11-27
15877,11741,created,2024-10-26,,1,2024-10-26
15878,11741,canceled,2024-12-26,1,,2024-12-26
15879,11742,created,2024-01-04,,1,2024-01-04
15880,11742,canceled,2024-03-04,1,,2024-03-04
15881,11743,created,2023-09-10,,2,2023-09-10
15882,11743,canceled,2024-02-10,2,,2024-02-10
15883,11744,created,2023-12-13,,1,2023-12-13
15884,11744,canceled,2024-12-13,1,,2024-12-13
15885,11745,created,2023-12-09,,1,2023-12-09
15886,11745,canceled,2024-04-09,1,,2024-04-09
15887,11746,created,2023-09-20,,3,2023-09-20
15888,11746,canceled,2024-09-20,3,,2024-09-20
15889,11747,reactivated,2024-10-20,,1,2024-10-20
15890,11748,upgraded,2024-11-20,1,2,2024-11-20
15891,11749,created,2023-09-28,,4,2023-09-28
15892,11750,created,2024-09-09,,4,2024-09-19
15893,11751,created,2022-11-14,,1,2022-11-14
15894,11751,canceled,2023-11-14,1,,2023-11-14
15895,11752,reactivated,2023-12-14,,1,2023-12-14
15896,11752,canceled,2024-01-14,1,,2024-01-14
15897,11753,created,2024-06-25,,5,2024-06-25
15898,11754,created,2023-06-08,,2,2023-06-08
15899,11754,canceled,2023-11-08,2,,2023-11-08
15900,11755,created,2023-11-24,,1,2023-11-24
15901,11755,canceled,2023-12-24,1,,2023-12-24
15902,11756,reactivated,2024-11-24,,5,2024-11-24
15903,11757,created,2022-10-23,,4,2022-10-23
15904,11757,canceled,2023-04-23,4,,2023-04-23
15905,11758,reactivated,2023-10-23,,1,2023-10-23
15906,11758,canceled,2024-04-23,1,,2024-04-23
15907,11759,created,2023-09-17,,4,2023-09-17
15908,11759,canceled,2023-10-17,4,,2023-10-17
15909,11760,created,2024-08-02,,2,2024-08-02
15910,11761,created,2024-10-05,,1,2024-10-05
15911,11762,created,2023-08-20,,6,2023-08-20
15912,11762,canceled,2024-08-20,6,,2024-08-20
15913,11763,reactivated,2024-09-20,,3,2024-09-20
15914,11764,created,2024-01-08,,4,2024-01-08
15915,11765,created,2024-02-28,,6,2024-02-28
15916,11766,created,2024-10-06,,5,2024-10-06
15917,11767,created,2024-08-09,,1,2024-08-09
15918,11768,upgraded,2024-10-09,1,3,2024-10-09
15919,11769,created,2024-02-10,,1,2024-02-10
15920,11769,canceled,2024-03-10,1,,2024-03-10
15921,11770,created,2024-06-24,,5,2024-06-24
15922,11771,created,2024-09-07,,1,2024-09-07
15923,11771,canceled,2024-10-07,1,,2024-10-07
15924,11772,created,2022-02-16,,1,2022-02-16
15925,11772,canceled,2024-03-16,1,,2024-03-16
15926,11773,created,2023-12-01,,8,2023-12-01
15927,11774,created,2024-10-25,,4,2024-10-25
15928,11775,created,2024-07-15,,3,2024-07-15
15929,11776,upgraded,2024-09-15,3,5,2024-09-15
15930,11777,created,2024-03-18,,4,2024-03-18
15931,11778,downgraded,2024-11-18,4,2,2024-11-18
15932,11778,canceled,2024-12-18,2,,2024-12-18
15933,11779,created,2024-03-26,,1,2024-03-26
15934,11779,canceled,2024-07-26,1,,2024-07-26
15935,11780,created,2023-11-27,,6,2023-11-27
15936,11781,created,2024-03-28,,4,2024-03-28
15937,11782,created,2024-05-09,,1,2024-05-09
15938,11782,canceled,2024-10-09,1,,2024-10-09
15939,11783,created,2024-01-26,,1,2024-01-26
15940,20952,canceled,2024-02-26,1,,2024-02-26
15941,11784,created,2024-06-30,,2,2024-06-30
15942,11785,upgraded,2024-07-30,2,4,2024-07-30
15943,11786,created,2024-09-27,,1,2024-09-27
15944,11787,created,2023-05-29,,8,2023-05-29
15945,11788,created,2024-01-29,,2,2024-01-29
15946,11789,created,2023-12-06,,4,2023-12-06
15947,11790,upgraded,2024-09-06,4,6,2024-09-06
15948,11791,created,2024-06-11,,1,2024-06-11
15949,11791,canceled,2024-07-11,1,,2024-07-11
15950,11792,created,2023-08-18,,6,2023-08-18
15951,11792,canceled,2024-10-18,6,,2024-10-18
15952,11793,created,2024-05-28,,3,2024-05-28
15953,11793,canceled,2024-10-28,3,,2024-10-28
15954,11794,created,2024-10-09,,2,2024-10-09
15955,11795,created,2024-01-08,,2,2024-01-08
15956,11795,canceled,2024-09-08,2,,2024-09-08
15957,11796,created,2024-10-23,,4,2024-10-23
15958,11797,created,2024-12-08,,4,2024-12-08
15959,11798,created,2023-02-04,,3,2023-02-04
15960,11798,canceled,2023-09-04,3,,2023-09-04
15961,11799,created,2023-08-12,,1,2023-08-12
15962,11799,canceled,2024-01-12,1,,2024-01-12
15963,11800,reactivated,2024-06-12,,1,2024-06-12
15964,11801,created,2024-11-26,,6,2024-11-26
15965,11802,created,2024-11-06,,3,2024-11-06
15966,11803,created,2023-02-07,,3,2023-02-07
15967,11804,downgraded,2023-03-07,3,1,2023-03-07
15968,11804,canceled,2023-05-07,1,,2023-05-07
15969,11805,created,2022-03-07,,1,2022-03-17
15970,11805,canceled,2022-05-07,1,,2022-05-07
15971,11806,reactivated,2022-10-07,,4,2022-10-07
15972,11806,canceled,2022-11-07,4,,2022-11-07
15973,11807,created,2023-05-06,,1,2023-05-06
15974,11807,canceled,2023-07-06,1,,2023-07-06
15975,11808,created,2024-12-16,,1,2024-12-16
15976,11809,created,2023-06-18,,1,2023-06-18
15977,11809,canceled,2024-06-18,1,,2024-06-18
15978,11810,created,2024-02-03,,1,2024-02-03
15979,11810,canceled,2024-06-03,1,,2024-06-03
15980,11811,created,2024-09-12,,8,2024-09-12
15981,11812,created,2022-04-18,,2,2022-04-18
15982,11812,canceled,2024-01-18,2,,2024-01-18
15983,11813,created,2024-04-26,,2,2024-04-26
15984,11813,canceled,2024-05-26,2,,2024-05-26
15985,18116,created,2023-09-20,,2,2023-09-20
15986,11815,created,2024-09-04,,3,2024-09-04
15987,11815,canceled,2024-10-04,3,,2024-10-04
15988,11816,created,2023-09-03,,1,2023-09-03
15989,11816,canceled,2024-05-03,1,,2024-05-03
15990,11817,created,2024-06-01,,1,2024-06-01
15991,11817,canceled,2024-08-01,1,,2024-08-01
15992,11818,created,2024-06-09,,3,2024-06-09
15993,11819,created,2023-08-19,,3,2023-08-19
15994,11819,canceled,2024-04-19,3,,2024-04-19
15995,11820,created,2022-06-17,,2,2022-06-17
15996,11821,upgraded,2022-09-17,2,4,2022-09-17
15997,11821,canceled,2023-03-17,4,,2023-03-17
15998,11822,created,2024-01-25,,1,2024-01-25
15999,11823,created,2023-09-23,,1,2023-09-23
16000,11823,canceled,2023-10-23,1,,2023-10-23
16001,11824,created,2024-09-26,,1,2024-09-26
16002,11825,created,2024-08-29,,2,2024-08-29
16003,16052,canceled,2024-12-29,2,,2024-12-29
16004,11826,created,2024-01-13,,2,2024-01-13
16005,11827,created,2024-04-22,,2,2024-04-22
16006,11828,created,2024-04-19,,6,2024-04-19
16007,11829,upgraded,2024-10-19,6,8,2024-10-19
16008,11830,created,2024-09-25,,1,2024-09-25
16009,11831,created,2024-01-22,,1,2024-01-22
16010,11831,canceled,2024-09-22,1,,2024-09-22
16011,11832,created,2023-09-19,,1,2023-09-19
16012,11832,canceled,2024-10-19,1,,2024-10-19
16013,11833,created,2023-09-30,,1,2023-09-30
16014,11833,canceled,2024-12-29,1,,2024-12-29
16015,11834,created,2024-03-28,,4,2024-03-28
16016,11835,upgraded,2024-09-28,4,6,2024-09-28
16017,11835,canceled,2024-10-28,6,,2024-10-28
16018,11836,created,2024-01-15,,1,2024-01-25
16019,11837,created,2024-01-15,,3,2024-01-15
16020,11838,created,2023-01-22,,4,2023-01-22
16021,11839,downgraded,2024-05-22,4,2,2024-05-22
16022,11839,canceled,2024-10-22,2,,2024-10-22
16023,11840,created,2024-07-16,,3,2024-07-16
16024,11841,created,2023-07-28,,1,2023-07-28
16025,11841,canceled,2024-12-28,1,,2024-12-28
16026,11842,created,2023-07-17,,1,2023-07-17
16027,11842,canceled,2024-04-17,1,,2024-04-17
16028,11843,created,2024-01-28,,1,2024-01-28
16029,11843,canceled,2024-05-28,1,,2024-05-28
16030,11844,created,2023-08-02,,6,2023-08-02
16031,11845,created,2024-04-16,,2,2024-04-16
16032,11846,created,2023-11-16,,1,2023-11-16
16033,11846,canceled,2024-04-16,1,,2024-04-16
16034,11847,created,2024-01-10,,3,2024-01-10
16035,11848,downgraded,2024-09-10,3,1,2024-09-10
16036,11848,canceled,2024-11-10,1,,2024-11-10
16037,11849,created,2024-03-28,,1,2024-03-28
16038,11849,canceled,2024-11-28,1,,2024-11-28
16039,11850,created,2023-07-06,,2,2023-07-06
16040,11850,canceled,2024-04-06,2,,2024-04-06
16041,11851,created,2023-05-16,,4,2023-05-16
16042,11852,upgraded,2023-12-16,4,6,2023-12-16
16043,11853,created,2024-10-12,,1,2024-10-12
16044,11854,created,2024-01-24,,2,2024-01-24
16045,11855,downgraded,2024-03-24,2,1,2024-03-24
16046,11855,canceled,2024-05-24,1,,2024-05-24
16047,14569,created,2024-01-13,,1,2024-01-13
16048,11857,upgraded,2024-03-13,1,2,2024-03-13
16049,11858,upgraded,2024-05-13,2,4,2024-05-13
16050,11859,downgraded,2024-08-13,4,2,2024-08-13
16051,11859,canceled,2024-09-13,2,,2024-09-13
16052,11860,created,2022-06-15,,8,2022-06-15
16053,11860,canceled,2023-08-15,8,,2023-08-15
16054,11861,reactivated,2024-05-15,,1,2024-05-15
16055,11861,canceled,2024-06-15,1,,2024-06-18
16056,11862,created,2024-02-26,,2,2024-02-26
16057,11863,downgraded,2024-04-26,2,1,2024-04-26
16058,11864,upgraded,2024-10-26,1,2,2024-10-26
16059,11865,created,2024-03-09,,4,2024-03-09
16060,11865,canceled,2024-08-09,4,,2024-08-09
16061,11866,created,2024-03-05,,1,2024-03-05
16062,11867,upgraded,2024-11-05,1,2,2024-11-05
16063,11868,created,2024-06-16,,1,2024-06-16
16064,11868,canceled,2024-11-16,1,,2024-11-16
16065,11869,created,2023-06-09,,6,2023-06-09
16066,11870,downgraded,2024-10-09,6,4,2024-10-12
16067,11871,created,2023-09-11,,4,2023-09-11
16068,11872,upgraded,2024-02-11,4,6,2024-02-11
16069,11873,upgraded,2024-12-11,6,8,2024-12-11
16070,11874,created,2024-09-29,,8,2024-09-29
16071,11875,downgraded,2024-10-29,8,7,2024-10-29
16072,11876,created,2024-11-09,,1,2024-11-09
16073,11877,created,2023-04-16,,2,2023-04-16
16074,11877,canceled,2024-05-16,2,,2024-05-16
16075,11878,created,2024-02-07,,5,2024-02-07
16076,11879,created,2023-07-07,,2,2023-07-07
16077,11879,canceled,2023-08-07,2,,2023-08-07
16078,11880,created,2022-10-20,,1,2022-10-20
16079,11880,canceled,2022-12-20,1,,2022-12-20
16080,11881,created,2023-10-23,,8,2023-10-23
16081,11882,downgraded,2023-11-23,8,6,2023-11-23
16082,11883,created,2023-04-08,,7,2023-04-08
16083,11884,upgraded,2023-06-08,7,8,2023-06-08
16084,11885,downgraded,2023-07-08,8,7,2023-07-08
16085,11886,upgraded,2023-10-08,7,8,2023-10-08
16086,11887,created,2024-06-09,,1,2024-06-09
16087,11887,canceled,2024-09-09,1,,2024-09-09
16088,11888,created,2024-03-07,,1,2024-03-07
16089,11888,canceled,2024-07-07,1,,2024-07-07
16090,11889,created,2023-04-01,,1,2023-04-01
16091,11890,upgraded,2023-06-01,1,3,2023-06-01
16092,11891,downgraded,2023-12-01,3,1,2023-12-01
16093,11891,canceled,2024-09-01,1,,2024-09-01
16094,11892,created,2022-02-05,,2,2022-02-05
16095,11893,downgraded,2023-03-05,2,1,2023-03-05
16096,11893,canceled,2023-11-05,1,,2023-11-05
16097,11894,created,2024-09-15,,4,2024-09-15
16098,11895,created,2023-06-10,,4,2023-06-10
16099,11896,created,2024-04-09,,1,2024-04-09
16100,11896,canceled,2024-09-09,1,,2024-09-09
16101,11897,reactivated,2024-10-09,,3,2024-10-09
16102,11898,created,2023-10-13,,1,2023-10-13
16103,11899,upgraded,2024-02-13,1,2,2024-02-13
16104,11899,canceled,2024-03-13,2,,2024-03-13
16105,11900,created,2024-04-28,,2,2024-04-28
16106,11901,created,2023-10-27,,1,2023-10-27
16107,11901,canceled,2023-11-27,1,,2023-11-27
16108,11902,created,2023-01-11,,1,2023-01-11
16109,11903,upgraded,2023-11-11,1,2,2023-11-11
16110,11904,upgraded,2024-08-11,2,4,2024-08-11
16111,11904,canceled,2024-10-11,4,,2024-10-11
16112,11905,created,2023-08-25,,1,2023-08-25
16113,11906,upgraded,2024-10-25,1,2,2024-10-25
16114,11907,created,2023-06-29,,2,2023-06-29
16115,11908,created,2024-01-02,,1,2024-01-02
16116,11908,canceled,2024-07-02,1,,2024-07-02
16117,11909,reactivated,2024-11-02,,1,2024-11-02
16118,11910,created,2024-05-20,,2,2024-05-20
16119,11911,downgraded,2024-07-20,2,1,2024-07-20
16120,11911,canceled,2024-11-20,1,,2024-11-20
16121,11912,created,2023-09-09,,1,2023-09-09
16122,11912,canceled,2024-08-09,1,,2024-08-09
16123,11913,reactivated,2024-11-09,,5,2024-11-09
16124,11914,created,2022-02-16,,1,2022-02-16
16125,11914,canceled,2022-07-16,1,,2022-07-16
16126,11915,reactivated,2024-09-16,,1,2024-09-16
16127,11915,canceled,2024-11-16,1,,2024-11-21
16128,11916,created,2024-03-27,,2,2024-03-27
16129,11916,canceled,2024-05-27,2,,2024-05-27
16130,11917,created,2024-04-29,,6,2024-04-29
16131,11918,created,2024-11-23,,1,2024-11-23
16132,11919,created,2024-04-11,,3,2024-04-11
16133,11920,created,2024-02-25,,6,2024-02-25
16134,11921,created,2024-04-06,,4,2024-04-06
16135,11922,upgraded,2024-09-06,4,7,2024-09-06
16136,11923,created,2024-11-17,,1,2024-11-17
16137,11924,created,2024-09-16,,7,2024-09-20
16138,11925,created,2023-10-22,,1,2023-10-22
16139,11925,canceled,2024-07-22,1,,2024-07-22
16140,11926,reactivated,2024-08-22,,2,2024-08-22
16141,11927,created,2023-08-08,,4,2023-08-08
16142,11928,downgraded,2024-02-08,4,2,2024-02-08
16143,11929,upgraded,2024-03-08,2,4,2024-03-08
16144,11929,canceled,2024-07-08,4,,2024-07-08
16145,11930,created,2023-09-07,,8,2023-09-07
16146,11931,created,2024-02-09,,2,2024-02-09
16147,11931,canceled,2024-03-09,2,,2024-03-09
16148,11932,reactivated,2024-04-09,,1,2024-04-09
16149,11932,canceled,2024-08-09,1,,2024-08-09
16150,11933,created,2024-07-10,,1,2024-07-10
16151,11933,canceled,2024-10-10,1,,2024-10-10
16152,11934,created,2024-02-07,,1,2024-02-07
16153,11934,canceled,2024-03-07,1,,2024-03-07
16154,11935,created,2022-11-17,,3,2022-11-17
16155,11936,downgraded,2023-09-17,3,1,2023-09-17
16156,11936,canceled,2024-02-17,1,,2024-02-17
16157,11937,reactivated,2024-09-17,,2,2024-09-17
16158,11938,created,2024-07-25,,2,2024-07-25
16159,11939,created,2024-09-02,,6,2024-09-02
16160,11940,created,2023-09-12,,1,2023-09-12
16161,11940,canceled,2023-12-12,1,,2023-12-12
16162,11941,created,2024-05-02,,1,2024-05-02
16163,11942,created,2024-01-25,,5,2024-01-25
16164,11943,created,2024-10-24,,2,2024-10-24
16165,11944,created,2024-09-08,,3,2024-09-08
16166,11945,created,2024-03-07,,2,2024-03-07
16167,11946,upgraded,2024-07-07,2,4,2024-07-07
16168,11947,created,2024-06-23,,2,2024-06-23
16169,11948,created,2024-10-20,,2,2024-10-20
16170,11949,created,2024-02-01,,1,2024-02-01
16171,11950,upgraded,2024-11-01,1,2,2024-11-01
16172,11951,created,2023-10-27,,4,2023-10-27
16173,11952,created,2024-07-26,,5,2024-07-26
16174,11953,created,2023-08-14,,2,2023-08-14
16175,11954,created,2023-12-17,,3,2023-12-17
16176,11955,created,2024-10-29,,3,2024-10-29
16177,11956,created,2024-07-11,,4,2024-07-11
16178,11957,created,2023-12-06,,3,2023-12-06
16179,11957,canceled,2024-08-06,3,,2024-08-06
16180,11958,created,2023-07-12,,3,2023-07-12
16181,11958,canceled,2023-11-12,3,,2023-11-12
16182,11959,reactivated,2024-09-12,,4,2024-09-12
16183,11960,created,2023-11-05,,2,2023-11-05
16184,11960,canceled,2023-12-05,2,,2023-12-05
16185,11961,created,2023-09-24,,2,2023-09-24
16186,11961,canceled,2024-06-24,2,,2024-06-24
16187,11962,created,2023-06-02,,7,2023-06-02
16188,11963,created,2024-07-20,,1,2024-07-20
16189,11964,created,2023-09-20,,4,2023-09-25
16190,11965,created,2024-01-28,,1,2024-01-28
16191,11965,canceled,2024-04-28,1,,2024-04-28
16192,11966,created,2023-12-08,,1,2023-12-08
16193,11966,canceled,2024-01-08,1,,2024-01-08
16194,11967,created,2024-12-26,,8,2024-12-26
16195,11968,created,2023-12-26,,1,2023-12-26
16196,11968,canceled,2024-06-26,1,,2024-06-26
16197,11969,created,2022-12-01,,1,2022-12-01
16198,11969,canceled,2023-05-01,1,,2023-05-01
16199,11970,created,2023-01-12,,1,2023-01-12
16200,11971,upgraded,2023-11-12,1,2,2023-11-12
16201,11971,canceled,2024-08-12,2,,2024-08-12
16202,11972,created,2024-04-01,,3,2024-04-01
16203,11973,created,2024-04-18,,6,2024-04-18
16204,11974,upgraded,2024-06-18,6,8,2024-06-18
16205,11975,downgraded,2024-10-18,8,6,2024-10-18
16206,11976,created,2024-01-28,,5,2024-01-28
16207,11976,canceled,2024-02-28,5,,2024-03-02
16208,11977,created,2024-01-02,,1,2024-01-02
16209,11977,canceled,2024-07-02,1,,2024-07-02
16210,11978,created,2022-09-02,,1,2022-09-02
16211,11978,canceled,2023-02-02,1,,2023-02-02
16212,11979,reactivated,2024-01-02,,6,2024-01-02
16213,11980,created,2024-02-12,,5,2024-02-12
16214,11981,created,2024-02-17,,1,2024-02-17
16215,11981,canceled,2024-08-17,1,,2024-08-17
16216,11982,reactivated,2024-12-17,,1,2024-12-17
16217,11983,created,2023-05-15,,4,2023-05-15
16218,11984,upgraded,2024-05-15,4,6,2024-05-15
16219,11985,created,2023-02-24,,1,2023-02-24
16220,11985,canceled,2023-10-24,1,,2023-10-24
16221,11986,reactivated,2024-01-24,,2,2024-01-24
16222,11987,upgraded,2024-07-24,2,4,2024-07-24
16223,11988,created,2023-03-22,,2,2023-03-22
16224,11988,canceled,2023-05-22,2,,2023-05-22
16225,11989,created,2023-02-28,,1,2023-02-28
16226,11989,canceled,2024-04-28,1,,2024-04-28
16227,11990,created,2024-04-22,,2,2024-04-22
16228,11990,canceled,2024-07-22,2,,2024-07-22
16229,11991,created,2023-07-30,,4,2023-07-30
16230,11992,created,2023-09-04,,1,2023-09-04
16231,11992,canceled,2024-01-04,1,,2024-01-04
16232,11993,created,2023-06-21,,1,2023-06-21
16233,11993,canceled,2024-02-21,1,,2024-02-21
16234,11994,created,2024-11-17,,1,2024-11-17
16235,11995,created,2024-09-19,,1,2024-09-19
16236,11995,canceled,2024-12-19,1,,2024-12-19
16237,11996,created,2023-08-19,,1,2023-08-19
16238,11997,upgraded,2024-07-19,1,2,2024-07-19
16239,11998,created,2023-10-11,,1,2023-10-11
16240,11998,canceled,2024-01-11,1,,2024-01-11
16241,11999,created,2023-07-13,,1,2023-07-13
16242,11999,canceled,2023-09-13,1,,2023-09-13
16243,12000,created,2024-02-23,,1,2024-02-23
16244,12000,canceled,2024-05-23,1,,2024-05-23
16245,12001,reactivated,2024-11-23,,1,2024-11-23
16246,12002,created,2022-04-24,,5,2022-04-24
16247,12003,upgraded,2022-05-24,5,7,2022-05-24
16248,12004,upgraded,2024-09-24,7,8,2024-09-24
16249,12005,created,2024-06-01,,3,2024-06-01
16250,12006,downgraded,2024-09-01,3,1,2024-09-01
16251,12007,created,2024-03-14,,2,2024-03-14
16252,12008,upgraded,2024-07-14,2,4,2024-07-14
16253,12009,upgraded,2024-09-14,4,6,2024-09-14
16254,12010,downgraded,2024-11-14,6,4,2024-11-14
16255,12011,created,2024-10-01,,6,2024-10-01
16256,12012,created,2023-05-12,,4,2023-05-12
16257,12013,created,2024-09-25,,2,2024-09-25
16258,12014,created,2024-08-17,,8,2024-08-17
16259,12015,created,2023-03-05,,5,2023-03-05
16260,12015,canceled,2024-11-05,5,,2024-11-05
16261,12016,created,2023-12-10,,1,2023-12-10
16262,12016,canceled,2024-04-10,1,,2024-04-10
16263,12017,created,2023-06-30,,2,2023-06-30
16264,12018,upgraded,2024-08-29,2,4,2024-08-29
16265,12018,canceled,2024-09-29,4,,2024-09-29
16266,12019,created,2023-09-12,,1,2023-09-12
16267,12019,canceled,2023-11-12,1,,2023-11-12
16268,12020,created,2023-09-17,,1,2023-09-17
16269,12021,created,2024-03-26,,1,2024-03-26
16270,12021,canceled,2024-08-26,1,,2024-08-26
16271,12022,created,2024-01-02,,4,2024-01-02
16272,12023,downgraded,2024-05-02,4,3,2024-05-02
16273,12024,created,2024-11-11,,5,2024-11-11
16274,12025,created,2023-03-27,,1,2023-03-27
16275,12025,canceled,2023-04-27,1,,2023-04-27
16276,12026,created,2024-12-29,,1,2024-12-29
16277,12027,created,2023-08-14,,1,2023-08-14
16278,12027,canceled,2023-12-14,1,,2023-12-14
16279,12028,reactivated,2024-04-14,,3,2024-04-14
16280,12028,canceled,2024-05-14,3,,2024-05-14
16281,12029,created,2024-08-26,,5,2024-08-26
16282,12030,created,2023-10-11,,1,2023-10-11
16283,12030,canceled,2024-09-11,1,,2024-09-11
16284,12031,created,2023-04-30,,1,2023-04-30
16285,12031,canceled,2023-05-30,1,,2023-05-30
16286,12032,reactivated,2023-06-30,,2,2023-06-30
16287,12032,canceled,2023-07-30,2,,2023-07-30
16288,12033,created,2024-09-20,,1,2024-09-20
16289,12033,canceled,2024-10-20,1,,2024-10-22
16290,12034,created,2023-10-26,,6,2023-10-26
16291,12034,canceled,2024-05-26,6,,2024-05-26
16292,12035,created,2024-05-05,,2,2024-05-05
16293,12036,created,2024-03-03,,3,2024-03-03
16294,12036,canceled,2024-05-03,3,,2024-05-03
16295,12037,created,2024-02-23,,1,2024-02-23
16296,12037,canceled,2024-03-23,1,,2024-03-23
16297,12038,reactivated,2024-07-23,,1,2024-07-26
16298,12039,created,2024-02-21,,4,2024-02-21
16299,12040,downgraded,2024-06-21,4,3,2024-06-21
16300,12040,canceled,2024-09-21,3,,2024-09-21
16301,21440,created,2024-07-12,,3,2024-07-12
16302,12042,created,2023-01-12,,1,2023-01-12
16303,12042,canceled,2023-09-12,1,,2023-09-12
16304,12043,created,2024-06-30,,1,2024-06-30
16305,12044,created,2024-10-18,,1,2024-10-18
16306,12045,created,2022-09-26,,4,2022-09-26
16307,12045,canceled,2023-11-26,4,,2023-11-26
16308,12046,created,2023-04-28,,2,2023-04-28
16309,12046,canceled,2023-12-28,2,,2023-12-28
16310,12047,created,2024-07-27,,6,2024-07-27
16311,12048,created,2024-01-26,,1,2024-01-26
16312,12048,canceled,2024-03-26,1,,2024-03-26
16313,12049,created,2023-12-25,,2,2023-12-25
16314,12049,canceled,2024-04-25,2,,2024-04-25
16315,12050,created,2023-04-03,,3,2023-04-03
16316,12050,canceled,2023-08-03,3,,2023-08-03
16317,12051,created,2024-02-11,,1,2024-02-19
16318,12051,canceled,2024-04-11,1,,2024-04-11
16319,12052,created,2023-03-15,,2,2023-03-15
16320,12053,upgraded,2023-11-15,2,5,2023-11-15
16321,12053,canceled,2024-08-15,5,,2024-08-15
16322,12054,created,2024-02-29,,1,2024-02-29
16323,12054,canceled,2024-11-29,1,,2024-11-29
16324,12055,created,2024-08-08,,1,2024-08-08
16325,12055,canceled,2024-11-08,1,,2024-11-08
16326,12056,created,2023-09-17,,1,2023-09-17
16327,12056,canceled,2024-02-17,1,,2024-02-17
16328,12057,created,2024-02-17,,1,2024-02-17
16329,12058,created,2024-12-03,,5,2024-12-03
16330,12059,created,2024-06-07,,3,2024-06-07
16331,12060,created,2024-09-07,,1,2024-09-07
16332,12061,created,2024-01-02,,1,2024-01-02
16333,12062,created,2024-08-08,,1,2024-08-08
16334,12062,canceled,2024-11-08,1,,2024-11-08
16335,12063,created,2022-07-16,,2,2022-07-16
16336,12063,canceled,2022-08-16,2,,2022-08-16
16337,12064,reactivated,2023-01-16,,4,2023-01-16
16338,12065,upgraded,2023-04-16,4,7,2023-04-16
16339,12066,created,2023-03-22,,1,2023-03-22
16340,12066,canceled,2023-04-22,1,,2023-04-22
16341,12067,reactivated,2024-01-22,,4,2024-01-22
16342,12068,created,2023-07-17,,1,2023-07-17
16343,12068,canceled,2024-04-17,1,,2024-04-17
16344,12069,created,2023-12-18,,1,2023-12-18
16345,12070,created,2024-09-15,,2,2024-09-15
16346,12071,created,2023-11-15,,4,2023-11-15
16347,12072,upgraded,2024-07-15,4,7,2024-07-15
16348,12073,created,2024-05-29,,2,2024-05-29
16349,12074,created,2024-06-08,,2,2024-06-08
16350,12074,canceled,2024-10-08,2,,2024-10-08
16351,12075,created,2024-04-06,,1,2024-04-06
16352,12076,created,2023-11-09,,4,2023-11-09
16353,12077,upgraded,2024-09-09,4,6,2024-09-09
16354,12078,created,2024-04-28,,2,2024-04-28
16355,12079,upgraded,2024-08-28,2,4,2024-08-28
16356,12080,created,2023-11-25,,1,2023-11-25
16357,12081,created,2023-01-27,,1,2023-01-27
16358,12081,canceled,2023-02-27,1,,2023-02-27
16359,12082,created,2024-12-21,,2,2024-12-21
16360,12083,created,2023-03-16,,1,2023-03-16
16361,12084,upgraded,2023-04-16,1,2,2023-04-21
16362,12085,upgraded,2024-02-16,2,4,2024-02-20
16363,12086,created,2022-11-19,,1,2022-11-19
16364,12086,canceled,2024-02-19,1,,2024-02-19
16365,12087,created,2024-10-03,,1,2024-10-03
16366,12087,canceled,2024-11-03,1,,2024-11-03
16367,12088,created,2023-10-20,,1,2023-10-20
16368,12088,canceled,2024-09-20,1,,2024-09-20
16369,12089,reactivated,2024-12-20,,1,2024-12-23
16370,12090,created,2024-05-11,,1,2024-05-11
16371,12091,created,2023-10-14,,1,2023-10-14
16372,12091,canceled,2023-12-14,1,,2023-12-14
16373,12092,created,2023-12-09,,1,2023-12-09
16374,12092,canceled,2024-02-09,1,,2024-02-09
16375,12093,created,2023-09-26,,1,2023-09-26
16376,12093,canceled,2023-11-26,1,,2023-11-26
16377,12094,created,2023-11-19,,1,2023-11-19
16378,12094,canceled,2024-05-19,1,,2024-05-19
16379,12095,created,2024-01-13,,1,2024-01-13
16380,12096,created,2024-07-03,,1,2024-07-03
16381,12096,canceled,2024-10-03,1,,2024-10-03
16382,12097,created,2024-02-06,,1,2024-02-06
16383,12097,canceled,2024-03-06,1,,2024-03-06
16384,12098,created,2024-11-08,,3,2024-11-08
16385,12099,created,2022-07-21,,1,2022-07-21
16386,12099,canceled,2022-09-21,1,,2022-09-21
16387,12100,reactivated,2023-11-21,,1,2023-11-21
16388,12101,created,2024-02-06,,5,2024-02-06
16389,12101,canceled,2024-06-06,5,,2024-06-06
16390,12102,created,2024-04-16,,1,2024-04-16
16391,12103,created,2024-11-13,,2,2024-11-13
16392,12104,created,2022-09-16,,1,2022-09-16
16393,12105,upgraded,2022-12-16,1,2,2022-12-16
16394,12105,canceled,2023-05-16,2,,2023-05-16
16395,12106,reactivated,2024-11-16,,1,2024-11-16
16396,12107,created,2024-04-11,,1,2024-04-11
16397,12107,canceled,2024-10-11,1,,2024-10-11
16398,12108,created,2024-09-26,,1,2024-09-26
16399,12109,created,2023-08-30,,2,2023-08-30
16400,12110,upgraded,2024-09-29,2,4,2024-09-29
16401,12111,created,2024-10-13,,2,2024-10-13
16402,12112,created,2022-03-12,,1,2022-03-12
16403,12112,canceled,2022-04-12,1,,2022-04-20
16404,12113,reactivated,2022-07-12,,4,2022-07-12
16405,12114,upgraded,2023-05-12,4,6,2023-05-12
16406,12115,upgraded,2023-07-12,6,8,2023-07-12
16407,12116,downgraded,2024-05-12,8,7,2024-05-12
16408,12116,canceled,2024-11-12,7,,2024-11-12
16409,12117,created,2024-07-22,,1,2024-07-22
16410,12118,created,2024-11-28,,5,2024-11-28
16411,12119,created,2024-05-16,,2,2024-05-16
16412,12119,canceled,2024-06-16,2,,2024-06-16
16413,12120,created,2024-01-20,,6,2024-01-20
16414,12120,canceled,2024-09-20,6,,2024-09-20
16415,12121,created,2022-08-06,,2,2022-08-06
16416,12122,created,2024-11-14,,1,2024-11-14
16417,12123,created,2024-02-06,,3,2024-02-06
16418,12124,upgraded,2024-10-06,3,4,2024-10-06
16419,12125,created,2022-05-22,,1,2022-05-22
16420,12125,canceled,2022-07-22,1,,2022-07-22
16421,12126,reactivated,2023-03-22,,3,2023-03-22
16422,12127,downgraded,2024-11-22,3,1,2024-11-22
16423,12128,created,2024-06-04,,1,2024-06-04
16424,12128,canceled,2024-09-04,1,,2024-09-04
16425,12129,created,2024-02-03,,4,2024-02-03
16426,12129,canceled,2024-11-03,4,,2024-11-03
16427,12130,created,2023-03-12,,2,2023-03-12
16428,12130,canceled,2023-04-12,2,,2023-04-12
16429,12131,created,2023-07-14,,5,2023-07-14
16430,12132,upgraded,2024-07-14,5,7,2024-07-14
16431,12133,created,2022-10-29,,1,2022-10-29
16432,12133,canceled,2023-01-29,1,,2023-01-29
16433,12134,created,2024-04-21,,1,2024-04-21
16434,12135,created,2024-05-06,,3,2024-05-06
16435,12136,upgraded,2024-09-06,3,4,2024-09-06
16436,12137,created,2024-02-29,,1,2024-02-29
16437,12137,canceled,2024-04-29,1,,2024-04-29
16438,12138,created,2024-09-28,,2,2024-09-28
16439,12139,created,2024-09-25,,1,2024-09-25
16440,12139,canceled,2024-11-25,1,,2024-11-25
16441,12140,created,2024-04-01,,1,2024-04-01
16442,12140,canceled,2024-06-01,1,,2024-06-01
16443,12141,created,2022-02-17,,7,2022-02-17
16444,12141,canceled,2023-03-17,7,,2023-03-17
16445,12142,reactivated,2024-03-17,,1,2024-03-17
16446,12142,canceled,2024-08-17,1,,2024-08-24
16447,12143,created,2024-06-02,,1,2024-06-02
16448,12143,canceled,2024-07-02,1,,2024-07-02
16449,12144,created,2024-01-17,,1,2024-01-17
16450,12144,canceled,2024-02-17,1,,2024-02-17
16451,12145,reactivated,2024-04-17,,4,2024-04-17
16452,12146,created,2024-03-25,,1,2024-03-25
16453,12146,canceled,2024-08-25,1,,2024-08-25
16454,12147,created,2024-05-14,,2,2024-05-23
16455,12147,canceled,2024-10-14,2,,2024-10-14
16456,12148,created,2023-11-05,,1,2023-11-05
16457,12149,upgraded,2023-12-05,1,2,2023-12-05
16458,12150,created,2024-10-20,,1,2024-10-20
16459,12151,created,2023-04-07,,1,2023-04-07
16460,12151,canceled,2024-03-07,1,,2024-03-07
16461,12152,created,2024-06-02,,2,2024-06-02
16462,12153,created,2022-01-16,,6,2022-01-16
16463,12153,canceled,2023-01-16,6,,2023-01-16
16464,12154,reactivated,2024-01-16,,6,2024-01-16
16465,12154,canceled,2024-10-16,6,,2024-10-16
16466,12155,created,2024-11-08,,6,2024-11-08
16467,12156,created,2023-03-05,,1,2023-03-05
16468,12156,canceled,2023-08-05,1,,2023-08-05
16469,12157,reactivated,2024-09-05,,2,2024-09-05
16470,12158,created,2023-01-18,,6,2023-01-18
16471,12159,created,2023-10-07,,1,2023-10-07
16472,12159,canceled,2023-11-07,1,,2023-11-07
16473,12160,created,2023-11-08,,2,2023-11-08
16474,12161,upgraded,2024-04-08,2,4,2024-04-08
16475,12162,created,2023-07-03,,2,2023-07-03
16476,12162,canceled,2024-12-03,2,,2024-12-03
16477,12163,created,2024-04-03,,2,2024-04-03
16478,12163,canceled,2024-11-03,2,,2024-11-03
16479,12164,created,2024-01-28,,1,2024-01-28
16480,12164,canceled,2024-03-28,1,,2024-03-28
16481,12165,reactivated,2024-04-28,,8,2024-04-28
16482,12166,created,2022-06-29,,6,2022-06-29
16483,12167,downgraded,2023-02-28,6,4,2023-02-28
16484,12168,created,2023-10-14,,3,2023-10-14
16485,12168,canceled,2024-04-14,3,,2024-04-14
16486,12169,created,2024-09-11,,1,2024-09-11
16487,12170,created,2024-06-02,,8,2024-06-12
16488,12171,created,2024-07-24,,5,2024-07-24
16489,12172,upgraded,2024-08-24,5,7,2024-08-24
16490,12173,upgraded,2024-12-24,7,8,2024-12-24
16491,12174,created,2024-06-01,,1,2024-06-01
16492,12175,created,2023-10-28,,2,2023-10-28
16493,12176,created,2023-02-16,,5,2023-02-16
16494,12177,upgraded,2023-12-16,5,6,2023-12-16
16495,12178,created,2023-09-03,,1,2023-09-03
16496,12178,canceled,2023-12-03,1,,2023-12-03
16497,12179,created,2024-09-17,,6,2024-09-17
16498,12180,created,2024-12-20,,6,2024-12-20
16499,12181,created,2024-02-26,,4,2024-02-26
16500,12181,canceled,2024-07-26,4,,2024-07-26
16501,12182,created,2022-02-23,,6,2022-03-01
16502,12183,upgraded,2022-08-23,6,8,2022-08-23
16503,12183,canceled,2023-08-23,8,,2023-08-23
16504,12184,created,2023-04-09,,2,2023-04-09
16505,12185,created,2023-10-31,,6,2023-10-31
16506,12185,canceled,2024-08-29,6,,2024-08-29
16507,12186,created,2024-04-27,,3,2024-04-27
16508,12187,created,2022-11-05,,5,2022-11-05
16509,12188,upgraded,2023-10-05,5,6,2023-10-05
16510,12189,upgraded,2024-03-05,6,8,2024-03-05
16511,12190,downgraded,2024-08-05,8,7,2024-08-05
16512,12191,created,2024-11-05,,1,2024-11-05
16513,12192,created,2023-11-24,,1,2023-11-24
16514,12192,canceled,2024-04-24,1,,2024-04-24
16515,12193,created,2024-10-11,,1,2024-10-11
16516,12194,created,2024-08-02,,2,2024-08-02
16517,12195,created,2024-07-03,,6,2024-07-03
16518,12196,created,2024-04-25,,6,2024-04-25
16519,12197,upgraded,2024-10-25,6,8,2024-10-25
16520,12198,created,2024-05-10,,8,2024-05-10
16521,12199,created,2024-05-14,,4,2024-05-14
16522,12200,created,2024-05-23,,2,2024-05-23
16523,12201,created,2024-03-23,,1,2024-03-23
16524,12201,canceled,2024-06-23,1,,2024-06-23
16525,12202,created,2024-12-29,,4,2024-12-29
16526,12203,created,2024-07-08,,1,2024-07-08
16527,12204,created,2024-08-05,,1,2024-08-05
16528,12204,canceled,2024-10-05,1,,2024-10-05
16529,12205,created,2024-10-24,,6,2024-10-24
16530,12206,created,2023-07-11,,1,2023-07-11
16531,12206,canceled,2024-03-11,1,,2024-03-11
16532,12207,created,2023-01-29,,2,2023-01-29
16533,12207,canceled,2023-02-28,2,,2023-02-28
16534,12208,created,2024-02-21,,8,2024-02-21
16535,12209,created,2024-02-21,,2,2024-02-21
16536,12210,created,2024-09-04,,2,2024-09-04
16537,12211,created,2024-01-12,,1,2024-01-12
16538,12211,canceled,2024-06-12,1,,2024-06-12
16539,12212,created,2024-04-23,,3,2024-04-23
16540,12213,created,2024-03-03,,8,2024-03-03
16541,12214,created,2022-07-29,,5,2022-07-29
16542,12214,canceled,2022-09-29,5,,2022-09-29
16543,12215,reactivated,2022-10-29,,1,2022-10-29
16544,12216,upgraded,2023-05-28,1,3,2023-05-28
16545,12217,created,2024-04-25,,6,2024-04-25
16546,12218,created,2024-09-16,,3,2024-09-16
16547,12219,created,2023-05-21,,1,2023-05-21
16548,12220,upgraded,2023-07-21,1,3,2023-07-21
16549,12221,created,2024-04-09,,4,2024-04-09
16550,12222,upgraded,2024-07-09,4,7,2024-07-09
16551,12223,created,2024-04-23,,5,2024-04-23
16552,12224,created,2023-05-12,,7,2023-05-12
16553,12225,created,2023-03-07,,2,2023-03-07
16554,12226,upgraded,2024-03-07,2,5,2024-03-07
16555,12227,downgraded,2024-07-07,5,3,2024-07-07
16556,12228,upgraded,2024-12-07,3,4,2024-12-07
16557,12229,created,2024-12-16,,7,2024-12-16
16558,12230,created,2023-12-01,,1,2023-12-01
16559,12231,created,2023-08-16,,6,2023-08-16
16560,12232,downgraded,2024-01-16,6,4,2024-01-16
16561,12233,created,2023-06-21,,1,2023-06-21
16562,12233,canceled,2024-01-21,1,,2024-01-21
16563,12234,reactivated,2024-06-21,,2,2024-06-21
16564,12235,created,2024-06-22,,2,2024-06-25
16565,12236,downgraded,2024-09-22,2,1,2024-09-22
16566,12236,canceled,2024-10-22,1,,2024-10-22
16567,12237,created,2024-04-30,,3,2024-04-30
16568,12238,upgraded,2024-05-30,3,4,2024-05-30
16569,12239,upgraded,2024-09-30,4,6,2024-09-30
16570,12240,downgraded,2024-10-30,6,4,2024-10-30
16571,12241,created,2024-05-27,,8,2024-05-27
16572,12242,created,2023-01-28,,7,2023-01-28
16573,12243,downgraded,2023-08-28,7,5,2023-08-28
16574,12244,downgraded,2024-04-28,5,2,2024-04-28
16575,12245,created,2024-10-20,,1,2024-10-20
16576,12245,canceled,2024-11-20,1,,2024-11-20
16577,12246,created,2023-12-01,,3,2023-12-01
16578,12246,canceled,2024-02-01,3,,2024-02-01
16579,12247,created,2023-10-19,,1,2023-10-19
16580,12248,upgraded,2023-11-19,1,2,2023-11-19
16581,12249,upgraded,2024-09-19,2,4,2024-09-19
16582,12250,created,2024-01-02,,1,2024-01-02
16583,12250,canceled,2024-06-02,1,,2024-06-02
16584,12251,reactivated,2024-11-02,,1,2024-11-02
16585,12252,created,2023-12-23,,1,2023-12-23
16586,12252,canceled,2024-07-23,1,,2024-07-23
16587,12253,created,2024-10-30,,1,2024-10-30
16588,12254,upgraded,2024-12-30,1,3,2024-12-30
16589,12255,created,2024-11-15,,6,2024-11-15
16590,17112,created,2023-10-02,,1,2023-10-02
16591,12256,canceled,2024-07-02,1,,2024-07-02
16592,12257,created,2024-10-23,,3,2024-10-23
16593,12258,created,2024-08-04,,1,2024-08-04
16594,12259,created,2024-11-24,,5,2024-11-24
16595,12260,created,2023-08-31,,4,2023-08-31
16596,12260,canceled,2024-05-29,4,,2024-05-29
16597,12261,reactivated,2024-12-29,,1,2024-12-29
16598,12262,created,2024-04-20,,7,2024-04-20
16599,12262,canceled,2024-12-20,7,,2024-12-20
16600,12263,created,2023-09-04,,2,2023-09-04
16601,12263,canceled,2024-04-04,2,,2024-04-04
16602,12264,created,2024-09-12,,5,2024-09-12
16603,12265,downgraded,2024-11-12,5,3,2024-11-12
16604,12266,created,2022-01-07,,1,2022-01-07
16605,12267,upgraded,2023-02-07,1,2,2023-02-07
16606,12268,downgraded,2023-10-07,2,1,2023-10-07
16607,12268,canceled,2024-02-07,1,,2024-02-07
16608,12269,created,2024-03-27,,1,2024-03-27
16609,12270,created,2023-10-10,,2,2023-10-10
16610,12270,canceled,2024-06-10,2,,2024-06-10
16611,12271,created,2023-10-12,,1,2023-10-12
16612,12272,upgraded,2024-05-12,1,2,2024-05-12
16613,12273,created,2024-05-15,,1,2024-05-15
16614,12273,canceled,2024-11-15,1,,2024-11-15
16615,12274,created,2024-09-14,,1,2024-09-14
16616,12275,created,2024-04-18,,2,2024-04-18
16617,12275,canceled,2024-09-18,2,,2024-09-18
16618,12276,created,2024-09-09,,4,2024-09-09
16619,12277,created,2023-09-15,,1,2023-09-15
16620,12277,canceled,2024-11-15,1,,2024-11-15
16621,12278,created,2024-03-30,,1,2024-03-30
16622,12278,canceled,2024-09-30,1,,2024-09-30
16623,12279,created,2024-01-18,,5,2024-01-18
16624,12280,upgraded,2024-06-18,5,7,2024-06-18
16625,12280,canceled,2024-11-18,7,,2024-11-18
16626,12281,created,2022-02-20,,4,2022-02-20
16627,12282,downgraded,2022-07-20,4,2,2022-07-20
16628,12283,upgraded,2022-11-20,2,5,2022-11-20
16629,12284,created,2024-03-12,,4,2024-03-12
16630,12284,canceled,2024-07-12,4,,2024-07-12
16631,12285,created,2024-05-07,,2,2024-05-07
16632,12285,canceled,2024-09-07,2,,2024-09-07
16633,12286,created,2024-04-21,,2,2024-04-21
16634,12286,canceled,2024-06-21,2,,2024-06-21
16635,12287,created,2024-07-04,,2,2024-07-04
16636,12287,canceled,2024-12-04,2,,2024-12-04
16637,12288,created,2024-04-19,,1,2024-04-19
16638,12289,created,2022-11-07,,2,2022-11-07
16639,12290,downgraded,2023-03-07,2,1,2023-03-07
16640,12290,canceled,2023-10-07,1,,2023-10-07
16641,14126,created,2023-03-18,,1,2023-03-18
16642,12291,canceled,2023-08-18,1,,2023-08-18
16643,12292,created,2024-04-05,,1,2024-04-05
16644,12292,canceled,2024-08-05,1,,2024-08-05
16645,12293,created,2023-09-12,,2,2023-09-12
16646,12294,created,2022-12-14,,1,2022-12-14
16647,12294,canceled,2024-05-14,1,,2024-05-14
16648,12295,created,2024-01-09,,3,2024-01-09
16649,12296,downgraded,2024-06-09,3,1,2024-06-09
16650,12296,canceled,2024-08-09,1,,2024-08-09
16651,12297,created,2024-03-17,,1,2024-03-17
16652,12297,canceled,2024-05-17,1,,2024-05-17
16653,12298,created,2023-10-19,,1,2023-10-19
16654,12298,canceled,2024-04-19,1,,2024-04-19
16655,12299,created,2024-07-12,,1,2024-07-12
16656,12300,created,2024-05-26,,1,2024-05-26
16657,12300,canceled,2024-06-26,1,,2024-06-26
16658,12301,created,2023-10-21,,2,2023-10-21
16659,12301,canceled,2024-12-21,2,,2024-12-21
16660,12302,created,2024-07-01,,7,2024-07-01
16661,12303,upgraded,2024-11-01,7,8,2024-11-01
16662,12304,created,2024-05-24,,2,2024-05-24
16663,12305,created,2024-05-21,,1,2024-05-21
16664,12305,canceled,2024-07-21,1,,2024-07-21
16665,12306,created,2024-03-23,,6,2024-03-23
16666,12307,upgraded,2024-10-23,6,8,2024-10-23
16667,12308,created,2022-02-19,,4,2022-02-19
16668,12308,canceled,2022-08-19,4,,2022-08-19
16669,12309,reactivated,2024-06-19,,5,2024-06-19
16670,12309,canceled,2024-12-19,5,,2024-12-19
16671,12310,created,2024-06-05,,6,2024-06-05
16672,12311,created,2023-11-07,,8,2023-11-07
16673,12312,created,2024-11-03,,3,2024-11-03
16674,12313,created,2024-09-19,,1,2024-09-19
16675,12313,canceled,2024-11-19,1,,2024-11-19
16676,12314,created,2024-04-20,,2,2024-04-20
16677,12315,upgraded,2024-12-20,2,4,2024-12-20
16678,12316,created,2023-09-13,,2,2023-09-13
16679,12317,downgraded,2024-05-13,2,1,2024-05-13
16680,12318,upgraded,2024-06-13,1,2,2024-06-13
16681,12318,canceled,2024-07-13,2,,2024-07-13
16682,12319,created,2023-07-12,,1,2023-07-12
16683,12320,upgraded,2024-01-12,1,3,2024-01-12
16684,12320,canceled,2024-03-12,3,,2024-03-12
16685,12321,reactivated,2024-10-12,,1,2024-10-12
16686,12321,canceled,2024-11-12,1,,2024-11-12
16687,12322,created,2023-11-07,,1,2023-11-07
16688,12322,canceled,2024-05-07,1,,2024-05-07
16689,12323,created,2024-02-29,,2,2024-02-29
16690,12323,canceled,2024-09-29,2,,2024-09-29
16691,12324,created,2023-10-17,,4,2023-10-17
16692,12325,created,2024-02-25,,1,2024-02-25
16693,12325,canceled,2024-04-25,1,,2024-04-25
16694,12326,reactivated,2024-07-25,,3,2024-07-25
16695,12327,created,2023-05-30,,3,2023-05-30
16696,12328,upgraded,2024-05-29,3,4,2024-05-29
16697,12329,upgraded,2024-09-29,4,6,2024-09-29
16698,12330,upgraded,2024-11-29,6,8,2024-11-29
16699,12331,created,2024-12-23,,7,2024-12-23
16700,12332,created,2023-02-25,,4,2023-02-25
16701,12333,upgraded,2023-08-25,4,6,2023-08-25
16702,12333,canceled,2023-09-25,6,,2023-09-25
16703,12334,created,2024-11-12,,1,2024-11-12
