subscription_id,customer_id,plan_id,start_date,end_date,status
1,1,6,2023-11-21,,active
2,2,3,2024-11-05,,active
3,3,7,2024-07-03,,active
4,4,2,2024-04-08,,active
5,5,4,2023-05-21,,active
6,6,2,2023-05-09,2024-03-09,canceled
7,7,2,2022-10-23,2022-12-23,canceled
8,8,3,2024-10-25,,active
9,9,1,2024-04-28,2024-06-28,canceled
10,10,5,2024-06-15,,active
11,11,3,2022-04-18,2022-05-18,canceled
12,12,2,2024-12-12,,active
13,13,4,2024-09-08,,active
14,14,5,2023-07-28,,active
15,15,2,2023-06-12,2023-08-12,canceled
16,16,1,2023-06-23,2023-10-23,canceled
17,16,3,2023-12-23,,active
18,17,1,2023-10-06,2024-04-06,canceled
19,18,4,2024-03-09,2024-05-09,canceled
20,19,1,2024-01-22,,active
21,20,6,2023-09-27,2024-07-27,superseded
22,20,8,2024-07-27,,active
23,21,1,2024-04-07,2024-06-07,superseded
24,21,3,2024-06-07,2024-08-07,superseded
25,21,1,2024-08-07,2024-09-07,canceled
26,22,1,2023-04-07,2024-02-07,canceled
27,23,1,2023-09-15,2023-10-15,superseded
28,23,2,2023-10-15,,active
29,24,7,2023-11-18,2024-07-18,superseded
30,24,4,2024-07-18,,active
31,25,4,2024-01-13,2024-03-13,canceled
32,26,4,2024-08-16,,active
33,27,1,2023-07-21,2023-10-21,canceled
34,28,1,2024-02-13,2024-03-13,canceled
35,29,3,2024-04-18,,active
36,30,3,2022-08-22,2023-02-22,superseded
37,30,5,2023-02-22,2023-03-22,superseded
38,30,6,2023-03-22,2024-01-22,superseded
39,30,8,2024-01-22,,active
40,31,6,2024-04-11,,active
41,32,3,2023-06-24,2024-01-24,canceled
42,33,4,2022-10-06,2023-05-06,canceled
43,33,1,2023-06-06,2023-10-06,canceled
44,34,4,2024-11-27,,active
45,35,2,2024-11-25,,active
46,36,3,2024-09-30,,active
47,37,3,2023-10-30,2024-02-29,canceled
48,38,1,2023-02-08,2023-04-08,canceled
49,39,4,2024-06-03,2024-08-03,canceled
50,39,3,2024-12-03,,active
51,40,1,2024-01-18,2024-10-18,superseded
52,40,3,2024-10-18,,active
53,41,4,2023-03-18,2023-08-18,superseded
54,41,2,2023-08-18,2024-01-18,canceled
55,42,1,2024-02-07,,active
56,43,2,2022-06-23,2022-12-23,superseded
57,43,4,2022-12-23,2023-04-23,superseded
58,43,2,2023-04-23,2023-09-23,superseded
59,43,4,2023-09-23,,active
60,44,1,2024-10-15,,active
61,45,1,2023-09-03,2023-10-03,canceled
62,45,2,2023-12-03,2024-09-03,canceled
63,46,1,2024-05-08,2024-08-08,canceled
64,47,6,2023-10-03,2024-06-03,superseded
65,47,8,2024-06-03,,active
66,48,5,2024-03-08,2024-06-08,superseded
67,48,2,2024-06-08,,active
68,49,4,2024-03-24,,active
69,50,1,2023-06-26,2023-08-26,canceled
70,51,1,2024-12-22,,active
71,52,2,2024-08-24,,active
72,53,2,2024-11-02,,active
73,54,1,2024-10-08,,active
74,55,7,2024-04-06,,active
75,56,1,2024-11-15,,active
76,57,2,2023-01-21,2024-01-21,superseded
77,57,4,2024-01-21,,active
78,58,2,2023-07-30,2023-10-30,superseded
79,58,5,2023-10-30,2024-03-29,superseded
80,58,6,2024-03-29,,active
81,59,4,2022-08-16,2022-10-16,superseded
82,59,6,2022-10-16,2022-11-16,superseded
83,59,8,2022-11-16,2024-02-16,superseded
84,59,6,2024-02-16,,active
85,60,2,2023-10-13,2024-03-13,canceled
86,61,1,2023-12-26,2024-02-26,canceled
87,61,1,2024-09-26,,active
88,62,1,2023-09-26,2024-05-26,superseded
89,62,2,2024-05-26,,active
90,63,1,2024-09-10,2024-11-10,superseded
91,63,2,2024-11-10,,active
92,64,2,2023-11-02,2024-05-02,superseded
93,64,1,2024-05-02,2024-08-02,canceled
94,65,5,2023-09-17,,active
95,66,1,2024-03-17,,active
96,67,6,2023-04-22,2024-12-22,canceled
97,68,2,2024-08-19,,active
98,69,4,2022-11-14,2024-06-14,canceled
99,70,3,2024-12-09,,active
100,71,1,2024-08-13,2024-09-13,superseded
101,71,3,2024-09-13,2024-11-13,canceled
102,72,2,2023-07-30,,active
103,73,6,2022-01-19,2024-08-19,superseded
104,73,8,2024-08-19,,active
105,74,3,2024-09-09,,active
106,75,4,2024-06-08,2024-07-08,superseded
107,75,2,2024-07-08,,active
108,76,2,2024-07-23,,active
109,77,8,2024-08-17,,active
110,78,1,2022-11-22,2023-02-22,canceled
111,78,4,2024-03-22,,active
112,79,4,2023-11-29,2024-07-29,superseded
113,79,7,2024-07-29,2024-11-29,superseded
114,79,5,2024-11-29,,active
115,80,2,2023-03-20,2023-06-20,canceled
116,81,2,2024-09-28,,active
117,82,2,2024-05-28,,active
118,83,7,2023-10-02,,active
119,84,2,2022-10-09,2024-10-09,canceled
120,85,4,2023-10-18,2024-09-18,canceled
121,86,7,2023-10-29,2024-02-29,canceled
122,86,1,2024-03-29,,active
123,87,1,2024-07-18,,active
124,88,1,2024-05-29,,active
125,89,1,2024-10-12,2024-12-12,superseded
126,89,2,2024-12-12,,active
127,90,1,2024-02-25,2024-09-25,canceled
128,91,3,2023-03-24,2024-04-24,canceled
129,92,1,2024-06-26,2024-09-26,canceled
130,93,1,2024-08-24,,active
131,94,2,2024-03-22,2024-10-22,canceled
132,95,1,2024-08-26,2024-12-26,canceled
133,96,3,2024-02-16,2024-03-16,canceled
134,97,2,2024-03-10,2024-04-10,superseded
135,97,1,2024-04-10,,active
136,98,2,2024-01-22,2024-05-22,canceled
137,99,6,2022-04-25,2022-10-25,superseded
138,99,8,2022-10-25,2023-05-25,superseded
139,99,7,2023-05-25,2024-08-25,canceled
140,100,2,2023-02-27,2024-04-27,superseded
141,100,4,2024-04-27,,active
142,101,4,2022-05-09,2022-07-09,superseded
143,101,2,2022-07-09,,active
144,102,4,2024-05-04,2024-10-04,superseded
145,102,6,2024-10-04,,active
146,103,2,2023-10-14,2024-02-14,superseded
147,103,4,2024-02-14,2024-03-14,superseded
148,103,7,2024-03-14,2024-10-14,canceled
149,104,2,2024-02-19,2024-06-19,canceled
150,105,2,2024-10-17,,active
151,106,6,2023-08-24,2023-09-24,superseded
152,106,4,2023-09-24,2024-04-24,superseded
153,106,6,2024-04-24,,active
154,107,1,2024-01-31,2024-04-29,superseded
155,107,2,2024-04-29,2024-12-29,superseded
156,107,4,2024-12-29,,active
157,108,3,2024-07-28,2024-09-28,canceled
158,109,2,2023-08-22,2023-09-22,superseded
159,109,4,2023-09-22,,active
160,110,2,2022-12-05,2023-01-05,canceled
161,111,1,2023-09-24,2024-10-24,canceled
162,111,3,2024-11-24,,active
163,112,1,2023-05-18,2024-07-18,canceled
164,113,1,2024-11-26,,active
165,114,4,2024-09-15,,active
166,115,1,2024-05-31,2024-08-30,canceled
167,116,1,2024-10-17,2024-12-17,canceled
168,117,1,2024-09-25,2024-10-25,canceled
169,118,1,2023-06-05,2023-09-05,canceled
170,119,6,2024-10-28,,active
171,120,5,2024-03-19,,active
172,121,1,2024-09-08,2024-10-08,superseded
173,121,2,2024-10-08,,active
174,122,1,2024-10-28,,active
175,123,4,2023-10-06,,active
176,124,1,2023-02-18,2023-09-18,canceled
177,124,1,2024-12-18,,active
178,125,6,2023-08-26,2023-12-26,superseded
179,125,8,2023-12-26,2024-05-26,superseded
180,125,7,2024-05-26,2024-09-26,superseded
181,125,8,2024-09-26,,active
182,126,2,2024-01-11,2024-02-11,canceled
183,127,1,2024-09-24,,active
184,128,2,2024-09-15,,active
185,129,1,2022-01-09,2022-02-09,canceled
186,129,2,2023-11-09,,active
187,130,2,2024-02-25,2024-06-25,canceled
188,131,2,2024-01-03,2024-02-03,superseded
189,131,4,2024-02-03,2024-04-03,superseded
190,131,6,2024-04-03,2024-11-03,canceled
191,132,1,2023-08-29,2023-09-29,canceled
192,132,1,2024-09-29,2024-10-29,canceled
193,133,4,2023-03-23,2023-04-23,canceled
194,133,1,2024-09-23,2024-10-23,superseded
195,133,3,2024-10-23,,active
196,134,2,2023-10-11,2024-10-11,canceled
197,135,3,2024-11-14,2024-12-14,superseded
198,135,1,2024-12-14,,active
199,136,1,2023-10-01,2024-01-01,canceled
200,137,5,2024-03-01,,active
201,138,2,2024-06-29,,active
202,139,1,2023-11-18,,active
203,140,1,2024-12-09,,active
204,141,4,2024-11-22,,active
205,142,5,2023-09-30,2024-06-29,superseded
206,142,6,2024-06-29,2024-10-29,superseded
207,142,4,2024-10-29,2024-12-29,canceled
208,143,1,2024-02-13,2024-10-13,superseded
209,143,2,2024-10-13,,active
210,144,1,2023-10-14,2023-12-14,canceled
211,144,3,2024-02-14,2024-05-14,superseded
212,144,1,2024-05-14,2024-09-14,canceled
213,145,2,2023-09-13,2024-08-13,canceled
214,145,1,2024-11-13,,active
215,146,1,2022-06-29,2022-08-29,canceled
216,147,1,2024-04-09,2024-09-09,canceled
217,148,1,2024-02-02,2024-06-02,canceled
218,149,1,2022-09-25,2023-07-25,canceled
219,150,2,2023-09-08,2023-11-08,superseded
220,150,4,2023-11-08,2024-09-08,superseded
221,150,2,2024-09-08,,active
222,151,3,2024-10-05,2024-11-05,superseded
223,151,4,2024-11-05,,active
224,152,1,2023-08-15,2024-01-15,canceled
225,153,2,2023-04-20,2024-06-20,canceled
226,154,2,2024-02-06,,active
227,155,6,2024-12-10,,active
228,156,2,2023-08-31,2024-01-30,canceled
229,157,1,2024-06-21,,active
230,158,1,2024-08-22,,active
231,159,3,2023-08-26,2024-02-26,superseded
232,159,5,2024-02-26,2024-11-26,canceled
233,160,1,2024-07-03,2024-12-03,canceled
234,161,8,2023-11-27,,active
235,162,1,2024-05-29,,active
236,163,1,2024-05-24,2024-06-24,canceled
237,164,1,2024-03-30,2024-05-30,canceled
238,165,8,2023-01-24,2024-04-24,superseded
239,165,6,2024-04-24,,active
240,166,2,2024-09-30,2024-12-30,canceled
241,167,1,2023-10-15,2024-08-15,canceled
242,168,4,2023-06-16,2023-07-16,canceled
243,169,1,2022-07-26,2022-12-26,canceled
244,169,8,2024-02-26,,active
245,170,2,2024-04-29,,active
246,171,2,2024-06-03,,active
247,172,1,2022-03-08,2022-04-08,canceled
248,173,7,2024-02-26,2024-05-26,canceled
249,174,1,2023-08-08,2024-05-08,canceled
250,175,3,2024-05-17,,active
251,176,4,2023-06-12,2023-07-12,canceled
252,177,1,2024-06-04,2024-12-04,canceled
253,178,5,2023-12-31,,active
254,179,4,2024-11-16,,active
255,180,6,2023-04-20,2023-05-20,superseded
256,180,5,2023-05-20,,active
257,181,3,2023-11-08,,active
258,182,4,2023-03-05,2023-05-05,canceled
259,183,7,2024-11-23,,active
260,184,4,2024-10-04,,active
261,185,1,2023-09-15,,active
262,186,1,2024-05-28,2024-07-28,canceled
263,187,6,2024-09-03,,active
264,188,4,2024-03-26,,active
265,189,2,2024-03-04,2024-08-04,superseded
266,189,1,2024-08-04,2024-12-04,canceled
267,190,3,2023-08-20,2024-02-20,superseded
268,190,4,2024-02-20,2024-06-20,superseded
269,190,6,2024-06-20,,active
270,191,4,2023-01-15,2023-10-15,superseded
271,191,2,2023-10-15,,active
272,192,1,2024-10-19,,active
273,193,2,2024-10-31,,active
274,194,2,2024-05-03,,active
275,195,1,2023-10-01,2024-02-01,superseded
276,195,2,2024-02-01,,active
277,196,3,2023-11-02,2024-03-02,superseded
278,196,1,2024-03-02,,active
279,197,4,2024-07-15,2024-11-15,superseded
280,197,2,2024-11-15,,active
281,198,4,2024-10-26,,active
282,199,1,2024-10-14,,active
283,200,4,2024-08-09,,active
284,201,7,2024-05-10,,active
285,202,1,2023-01-15,2023-09-15,canceled
286,203,3,2023-05-31,2024-02-29,canceled
287,204,2,2024-10-20,,active
288,205,1,2024-04-09,,active
289,206,1,2022-02-28,2023-07-28,superseded
290,206,3,2023-07-28,,active
291,207,2,2023-02-22,2023-05-22,canceled
292,207,1,2023-11-22,2024-11-22,canceled
293,208,2,2024-05-06,2024-08-06,superseded
294,208,1,2024-08-06,,active
295,209,1,2022-01-06,2022-02-06,superseded
296,209,3,2022-02-06,2022-08-06,canceled
297,210,7,2023-05-03,2024-11-03,superseded
298,210,8,2024-11-03,,active
299,211,1,2024-03-04,2024-04-04,canceled
300,212,1,2024-06-10,2024-09-10,canceled
301,213,5,2024-05-02,2024-06-02,superseded
302,213,7,2024-06-02,,active
303,214,2,2023-08-25,2023-10-25,canceled
304,215,2,2024-06-22,2024-11-22,canceled
305,216,1,2023-08-17,,active
306,217,2,2023-10-25,,active
307,218,5,2024-07-10,,active
308,219,1,2024-05-21,2024-09-21,canceled
309,220,1,2024-09-18,2024-11-18,canceled
310,221,1,2024-05-27,2024-09-27,canceled
311,222,5,2024-04-27,,active
312,223,2,2023-01-23,,active
313,224,2,2023-11-08,,active
314,225,2,2023-09-20,2024-05-20,canceled
315,226,1,2023-08-09,2023-10-09,canceled
316,226,2,2024-08-09,,active
317,227,5,2024-12-26,,active
318,228,1,2023-12-10,,active
319,229,1,2024-10-28,,active
320,230,1,2024-05-18,2024-07-18,canceled
321,230,3,2024-09-18,,active
322,231,6,2024-08-28,2024-10-28,canceled
323,232,1,2024-02-08,2024-03-08,canceled
324,233,1,2024-04-16,2024-09-16,canceled
325,234,1,2024-02-22,2024-09-22,canceled
326,235,1,2023-07-31,2024-05-29,superseded
327,235,2,2024-05-29,,active
328,236,1,2024-07-28,,active
329,237,1,2023-09-30,,active
330,238,1,2022-04-21,2022-06-21,canceled
331,238,2,2024-04-21,,active
332,239,5,2024-05-09,2024-10-09,canceled
333,240,1,2023-06-28,2023-09-28,canceled
334,241,2,2024-11-11,,active
335,242,2,2024-11-18,,active
336,243,4,2024-10-30,,active
337,244,1,2023-11-04,2024-03-04,canceled
338,245,3,2022-03-06,2022-08-06,canceled
339,245,7,2023-07-06,2023-09-06,superseded
340,245,8,2023-09-06,2024-01-06,superseded
341,245,6,2024-01-06,2024-06-06,superseded
342,245,8,2024-06-06,,active
343,246,1,2024-11-26,,active
344,247,1,2024-01-08,2024-04-08,superseded
345,247,2,2024-04-08,2024-05-08,canceled
346,248,2,2024-11-06,,active
347,249,2,2024-11-22,,active
348,250,5,2024-09-15,,active
349,251,1,2023-09-29,2023-12-29,canceled
350,252,2,2023-12-06,2024-01-06,superseded
351,252,1,2024-01-06,2024-02-06,canceled
352,253,4,2024-09-10,2024-11-10,canceled
353,254,1,2023-10-28,2024-01-28,canceled
354,254,4,2024-11-28,,active
355,255,2,2023-06-04,,active
356,256,6,2024-03-23,2024-06-23,superseded
357,256,4,2024-06-23,,active
358,257,1,2024-11-09,,active
359,258,7,2024-06-02,,active
360,259,1,2024-04-29,2024-10-29,canceled
361,260,1,2023-02-12,2024-04-12,canceled
362,260,1,2024-09-12,2024-10-12,canceled
363,261,1,2024-04-25,2024-07-25,canceled
364,262,4,2024-12-21,,active
365,263,6,2023-04-26,2024-11-26,superseded
366,263,4,2024-11-26,,active
367,264,1,2024-03-03,2024-04-03,canceled
368,264,1,2024-06-03,2024-07-03,canceled
369,265,4,2024-10-07,,active
370,266,1,2024-07-17,2024-09-17,canceled
371,267,5,2024-06-30,,active
372,268,2,2024-06-24,2024-07-24,superseded
373,268,4,2024-07-24,,active
374,269,2,2023-11-03,2024-06-03,canceled
375,270,2,2023-09-24,2024-08-24,canceled
376,271,8,2024-09-18,2024-11-18,superseded
377,271,6,2024-11-18,,active
378,272,5,2024-09-18,,active
379,273,2,2024-10-09,,active
380,274,2,2024-10-04,,active
381,275,1,2024-02-18,2024-07-18,canceled
382,276,1,2024-02-21,,active
383,277,4,2024-08-14,2024-12-14,canceled
384,278,5,2024-05-16,,active
385,279,4,2024-06-13,,active
386,280,8,2024-08-31,,active
387,281,4,2024-10-29,,active
388,282,1,2023-10-14,2023-11-14,canceled
389,283,3,2023-11-07,,active
390,284,2,2023-01-04,2023-05-04,canceled
391,285,3,2024-04-21,,active
392,286,2,2022-06-04,2022-10-04,superseded
393,286,4,2022-10-04,2023-02-04,superseded
394,286,6,2023-02-04,2024-02-04,superseded
395,286,8,2024-02-04,,active
396,287,3,2024-01-07,2024-12-07,canceled
397,288,3,2024-03-26,,active
398,289,3,2023-09-07,2024-04-07,superseded
399,289,4,2024-04-07,2024-10-07,canceled
400,290,3,2024-04-07,2024-10-07,superseded
401,290,1,2024-10-07,,active
402,291,1,2022-05-26,2022-10-26,superseded
403,291,3,2022-10-26,2023-01-26,superseded
404,291,4,2023-01-26,2023-04-26,canceled
405,292,5,2022-06-05,2022-09-05,canceled
406,293,6,2024-09-04,,active
407,294,3,2023-11-26,,active
408,295,4,2023-03-09,2024-06-09,superseded
409,295,6,2024-06-09,,active
410,296,4,2024-03-24,,active
411,297,2,2024-08-19,,active
412,298,2,2023-07-02,2024-01-02,superseded
413,298,4,2024-01-02,2024-08-02,superseded
414,298,3,2024-08-02,2024-09-02,canceled
415,299,6,2024-05-10,,active
416,300,1,2023-01-16,2023-07-16,canceled
417,300,2,2024-01-16,2024-12-16,canceled
418,301,2,2022-09-23,2022-10-23,canceled
419,302,5,2024-03-20,2024-10-20,superseded
420,302,2,2024-10-20,,active
421,303,6,2024-03-19,,active
422,304,3,2024-05-17,2024-12-17,superseded
423,304,1,2024-12-17,,active
424,305,8,2024-07-26,2024-12-26,superseded
425,305,6,2024-12-26,,active
426,306,4,2024-12-25,,active
427,307,1,2024-02-29,2024-03-29,superseded
428,307,2,2024-03-29,2024-04-29,superseded
429,307,1,2024-04-29,,active
430,308,1,2023-10-14,2024-03-14,canceled
431,309,1,2024-08-09,,active
432,310,4,2023-09-03,,active
433,311,1,2024-01-24,,active
434,312,1,2022-12-19,2023-04-19,canceled
435,312,2,2023-05-19,2023-10-19,superseded
436,312,5,2023-10-19,,active
437,313,6,2022-04-14,2022-09-14,canceled
438,314,7,2024-11-28,,active
439,315,6,2024-09-10,,active
440,316,1,2024-06-22,,active
441,317,5,2023-12-18,2024-03-18,canceled
442,318,2,2023-06-26,2024-10-26,canceled
443,319,1,2023-05-20,2023-06-20,canceled
444,320,1,2023-09-30,2024-01-30,canceled
445,320,1,2024-12-29,,active
446,321,4,2024-03-09,2024-07-09,superseded
447,321,6,2024-07-09,2024-11-09,superseded
448,321,4,2024-11-09,,active
449,322,8,2024-07-01,,active
450,323,7,2024-05-03,,active
451,324,6,2023-09-24,2024-02-24,superseded
452,324,8,2024-02-24,,active
453,325,2,2024-11-06,,active
454,326,3,2024-07-19,,active
455,327,2,2024-03-25,2024-06-25,canceled
456,327,1,2024-07-25,2024-12-25,canceled
457,328,1,2024-04-22,2024-06-22,canceled
458,328,1,2024-07-22,2024-08-22,canceled
459,329,3,2024-01-07,2024-03-07,canceled
460,330,1,2023-08-10,2023-10-10,canceled
461,331,1,2023-11-10,2024-02-10,canceled
462,332,3,2024-08-01,2024-10-01,canceled
463,333,2,2022-03-25,2023-06-25,canceled
464,334,5,2023-03-24,2023-10-24,canceled
465,335,1,2022-08-08,2023-09-08,canceled
466,336,2,2022-07-03,2022-11-03,canceled
467,336,8,2023-07-03,2023-09-03,superseded
468,336,6,2023-09-03,2024-10-03,canceled
469,337,1,2024-09-15,,active
470,338,3,2024-06-19,2024-12-19,canceled
471,339,3,2024-02-13,2024-10-13,superseded
472,339,1,2024-10-13,,active
473,340,3,2023-02-20,2023-07-20,canceled
474,341,2,2024-02-14,,active
475,342,1,2024-02-17,2024-06-17,canceled
476,342,3,2024-08-17,,active
477,343,2,2023-06-08,2024-01-08,superseded
478,343,4,2024-01-08,,active
479,344,2,2024-01-04,,active
480,345,2,2023-12-12,2024-05-12,superseded
481,345,4,2024-05-12,2024-12-12,canceled
482,346,1,2024-04-08,2024-09-08,canceled
483,347,6,2024-05-05,2024-06-05,superseded
484,347,4,2024-06-05,,active
485,348,2,2022-08-25,2023-01-25,canceled
486,349,1,2023-11-19,2024-04-19,canceled
487,350,1,2024-05-21,2024-10-21,canceled
488,351,1,2024-02-11,2024-08-11,superseded
489,351,2,2024-08-11,2024-12-11,canceled
490,352,2,2024-09-10,,active
491,353,2,2024-05-03,2024-11-03,canceled
492,354,8,2023-05-27,,active
493,355,1,2022-11-03,2022-12-03,superseded
494,355,2,2022-12-03,2023-05-03,canceled
495,356,6,2024-05-18,,active
496,357,3,2022-05-30,2022-08-30,superseded
497,357,5,2022-08-30,2024-06-28,canceled
498,357,6,2024-08-28,2024-09-28,superseded
499,357,8,2024-09-28,,active
500,358,2,2024-04-16,2024-11-16,canceled
501,359,1,2024-11-26,,active
502,360,1,2024-04-17,2024-05-17,superseded
503,360,2,2024-05-17,,active
504,361,1,2023-12-15,2024-05-15,canceled
505,362,7,2024-05-30,2024-07-30,superseded
506,362,8,2024-07-30,,active
507,363,1,2024-01-20,2024-03-20,superseded
508,363,2,2024-03-20,2024-07-20,superseded
509,363,1,2024-07-20,2024-08-20,canceled
510,364,4,2024-03-11,,active
511,365,8,2024-11-24,,active
512,366,1,2023-12-05,,active
513,367,2,2024-11-12,,active
514,368,1,2024-10-05,,active
515,369,4,2023-07-13,2023-08-13,canceled
516,370,1,2022-11-23,,active
517,371,1,2023-02-17,2023-05-17,canceled
518,372,2,2022-03-01,2023-02-01,superseded
519,372,5,2023-02-01,2023-08-01,superseded
520,372,6,2023-08-01,2024-06-01,superseded
521,372,8,2024-06-01,2024-08-01,superseded
522,372,6,2024-08-01,,active
523,373,1,2023-01-31,2024-09-28,superseded
524,373,2,2024-09-28,,active
525,374,5,2024-06-05,,active
526,375,4,2022-11-25,2023-04-25,canceled
527,376,2,2023-10-22,,active
528,377,4,2024-09-13,,active
529,378,1,2022-04-20,2022-11-20,superseded
530,378,2,2022-11-20,2023-05-20,canceled
531,379,5,2024-09-14,,active
532,380,1,2023-09-20,2023-10-20,canceled
533,381,2,2023-03-18,2023-05-18,canceled
534,382,4,2024-06-29,,active
535,383,2,2024-05-15,,active
536,384,4,2024-10-17,,active
537,385,8,2024-07-20,2024-08-20,superseded
538,385,7,2024-08-20,,active
539,386,1,2024-09-28,,active
540,387,3,2023-09-17,,active
541,388,1,2023-06-09,2024-07-09,canceled
542,389,1,2024-07-03,2024-09-03,canceled
543,390,1,2024-09-12,2024-10-12,superseded
544,390,2,2024-10-12,,active
545,391,1,2024-12-12,,active
546,392,4,2024-01-01,2024-09-01,superseded
547,392,6,2024-09-01,,active
548,393,1,2023-11-11,,active
549,394,1,2024-08-27,2024-10-27,canceled
550,395,1,2023-11-16,2024-10-16,canceled
551,396,1,2024-11-09,,active
552,397,1,2024-09-20,,active
553,398,2,2024-01-10,,active
554,399,1,2024-07-20,,active
555,400,2,2024-07-20,,active
556,401,4,2023-02-23,2023-06-23,canceled
557,402,1,2024-10-08,,active
558,403,1,2024-02-17,,active
559,404,2,2024-09-17,,active
560,405,6,2023-10-28,,active
561,406,3,2024-10-09,,active
562,407,1,2023-12-08,2024-01-08,canceled
563,407,6,2024-06-08,,active
564,408,1,2022-02-24,2022-06-24,canceled
565,408,2,2023-05-24,2023-09-24,canceled
566,409,4,2024-10-11,,active
567,410,2,2023-01-15,2024-07-15,canceled
568,411,3,2023-10-05,2023-12-05,superseded
569,411,1,2023-12-05,2024-07-05,superseded
570,411,2,2024-07-05,,active
571,412,2,2024-11-10,,active
572,413,1,2024-11-11,2024-12-11,superseded
573,413,2,2024-12-11,,active
574,414,1,2024-04-18,2024-07-18,superseded
575,414,2,2024-07-18,2024-08-18,superseded
576,414,5,2024-08-18,,active
577,415,2,2024-05-10,,active
578,416,4,2024-01-11,2024-06-11,canceled
579,417,1,2023-09-13,2023-10-13,canceled
580,418,6,2023-10-06,2023-11-06,superseded
581,418,8,2023-11-06,,active
582,419,3,2024-06-17,2024-09-17,superseded
583,419,1,2024-09-17,2024-12-17,superseded
584,419,3,2024-12-17,,active
585,420,1,2024-07-14,,active
586,421,2,2024-08-11,2024-10-11,canceled
587,421,1,2024-12-11,,active
588,422,1,2024-08-15,2024-11-15,canceled
589,423,5,2023-01-12,2023-06-12,superseded
590,423,6,2023-06-12,2024-03-12,canceled
591,424,1,2024-02-20,2024-04-20,canceled
592,425,1,2022-09-02,2022-12-02,canceled
593,425,2,2023-05-02,2024-04-02,canceled
594,426,1,2024-03-26,2024-08-26,canceled
595,427,2,2024-01-28,2024-03-28,canceled
596,428,2,2024-10-03,,active
597,429,6,2023-11-19,2024-12-19,superseded
598,429,8,2024-12-19,,active
599,430,3,2023-03-12,2023-09-12,canceled
600,431,5,2023-04-17,2023-06-17,canceled
601,431,2,2023-09-17,2024-06-17,superseded
602,431,1,2024-06-17,2024-10-17,canceled
603,432,8,2024-08-31,,active
604,433,6,2024-05-13,,active
605,434,1,2023-02-23,2023-07-23,canceled
606,435,4,2023-01-30,2023-02-28,superseded
607,435,6,2023-02-28,,active
608,436,1,2024-06-03,2024-08-03,superseded
609,436,3,2024-08-03,,active
610,437,1,2022-11-03,2023-03-03,canceled
611,438,1,2024-09-22,2024-10-22,canceled
612,439,1,2024-06-29,2024-09-29,canceled
613,440,4,2022-12-23,2024-07-23,superseded
614,440,6,2024-07-23,2024-08-23,superseded
615,440,8,2024-08-23,,active
616,441,2,2023-01-04,2024-03-04,superseded
617,441,1,2024-03-04,2024-11-04,canceled
618,442,1,2024-12-16,,active
619,443,3,2023-11-26,2024-02-26,canceled
620,444,1,2023-11-03,2024-05-03,superseded
621,444,2,2024-05-03,,active
622,445,6,2024-09-17,,active
623,446,2,2024-11-05,,active
624,447,2,2024-12-22,,active
625,448,2,2024-07-18,,active
626,449,1,2023-11-14,,active
627,450,1,2023-01-17,2023-05-17,canceled
628,451,2,2024-08-23,2024-09-23,canceled
629,452,1,2024-03-10,,active
630,453,1,2024-01-18,2024-05-18,superseded
631,453,2,2024-05-18,,active
632,454,3,2024-10-03,,active
633,455,4,2023-03-05,2023-08-05,superseded
634,455,6,2023-08-05,,active
635,456,3,2024-02-11,,active
636,457,3,2022-02-01,2023-07-01,superseded
637,457,4,2023-07-01,2024-09-01,superseded
638,457,3,2024-09-01,,active
639,458,2,2024-02-09,,active
640,459,6,2022-09-21,2023-02-21,superseded
641,459,8,2023-02-21,2024-12-21,superseded
642,459,6,2024-12-21,,active
643,460,1,2023-03-21,2024-01-21,canceled
644,461,4,2023-03-22,2023-10-22,canceled
645,462,7,2024-05-06,,active
646,463,3,2024-07-20,2024-08-20,canceled
647,464,1,2024-04-28,,active
648,465,1,2024-11-17,,active
649,466,4,2023-11-09,,active
650,467,3,2023-09-13,2024-03-13,canceled
651,467,2,2024-08-13,,active
652,468,2,2024-10-29,,active
653,469,2,2023-08-11,2023-10-11,canceled
654,469,1,2024-08-11,,active
655,470,1,2024-11-15,,active
656,471,1,2022-02-13,2022-09-13,canceled
657,472,2,2024-12-12,,active
658,473,4,2022-08-27,2024-04-27,superseded
659,473,2,2024-04-27,2024-10-27,canceled
660,474,2,2024-10-28,,active
661,475,1,2024-03-12,2024-06-12,canceled
662,475,1,2024-11-12,2024-12-12,canceled
663,476,1,2024-12-19,,active
664,477,1,2022-11-13,2023-07-13,canceled
665,477,1,2024-09-13,2024-12-13,canceled
666,478,1,2024-03-20,2024-06-20,canceled
667,479,1,2024-11-13,,active
668,480,2,2024-03-12,2024-07-12,superseded
669,480,1,2024-07-12,2024-08-12,canceled
670,481,6,2024-05-17,,active
671,482,1,2024-06-26,,active
672,483,1,2024-01-17,2024-06-17,canceled
673,484,5,2024-05-13,2024-08-13,superseded
674,484,6,2024-08-13,2024-11-13,superseded
675,484,8,2024-11-13,2024-12-13,superseded
676,484,6,2024-12-13,,active
677,485,6,2024-04-11,,active
678,486,4,2024-10-19,,active
679,487,1,2022-08-22,2022-09-22,superseded
680,487,3,2022-09-22,2023-05-22,canceled
681,487,2,2024-06-22,,active
682,488,1,2023-09-29,2024-01-29,canceled
683,489,2,2024-11-16,,active
684,490,1,2024-10-19,,active
685,491,1,2024-01-06,2024-09-06,canceled
686,492,7,2024-05-13,,active
687,493,1,2023-09-23,2024-09-23,canceled
688,494,6,2023-06-05,,active
689,495,2,2024-01-20,,active
690,496,2,2023-11-02,2024-10-02,canceled
691,497,2,2024-04-22,,active
692,498,1,2022-12-15,2023-09-15,canceled
693,499,1,2024-12-25,,active
694,500,1,2024-12-09,,active
695,501,3,2024-06-18,,active
696,502,1,2024-03-25,2024-07-25,superseded
697,502,2,2024-07-25,,active
698,503,2,2023-10-11,2024-09-11,canceled
699,503,1,2024-11-11,,active
700,504,2,2024-09-24,2024-12-24,canceled
701,505,4,2024-06-13,,active
702,506,1,2023-05-25,,active
703,507,1,2024-10-23,,active
704,508,2,2024-09-24,,active
705,509,1,2024-11-30,,active
706,510,2,2024-07-24,,active
707,511,2,2024-04-17,,active
708,512,1,2024-01-11,2024-04-11,canceled
709,513,1,2024-11-01,,active
710,514,8,2024-10-21,,active
711,515,4,2022-08-07,2023-06-07,superseded
712,515,6,2023-06-07,2023-11-07,superseded
713,515,4,2023-11-07,,active
714,516,1,2022-05-02,2022-10-02,canceled
715,516,1,2022-11-02,,active
716,517,1,2023-11-18,2023-12-18,canceled
717,518,2,2024-09-30,,active
718,519,1,2024-12-30,,active
719,520,1,2023-05-06,2023-12-06,canceled
720,521,2,2024-04-29,,active
721,522,6,2023-11-30,2024-06-29,superseded
722,522,5,2024-06-29,2024-08-29,superseded
723,522,6,2024-08-29,,active
724,523,5,2024-12-18,,active
725,524,2,2024-09-17,2024-11-17,superseded
726,524,1,2024-11-17,,active
727,525,1,2024-09-06,,active
728,526,1,2024-02-01,2024-09-01,canceled
729,527,1,2024-01-25,2024-08-25,canceled
730,527,2,2024-12-25,,active
731,528,4,2023-09-13,2024-05-13,superseded
732,528,2,2024-05-13,2024-12-13,superseded
733,528,1,2024-12-13,,active
734,529,5,2022-09-22,2023-08-22,superseded
735,529,6,2023-08-22,2023-11-22,superseded
736,529,4,2023-11-22,2024-07-22,superseded
737,529,2,2024-07-22,2024-10-22,superseded
738,529,4,2024-10-22,,active
739,530,1,2024-10-30,2024-12-30,canceled
740,531,2,2024-09-25,,active
741,532,6,2024-12-19,,active
742,533,1,2024-12-02,,active
743,534,7,2024-03-22,2024-07-22,superseded
744,534,8,2024-07-22,,active
745,535,4,2024-08-10,,active
746,536,1,2024-11-12,,active
747,537,1,2024-09-05,2024-12-05,canceled
748,538,4,2023-08-23,2023-11-23,superseded
749,538,6,2023-11-23,,active
750,539,1,2024-01-22,2024-09-22,canceled
751,540,6,2023-04-20,,active
752,541,1,2024-11-23,,active
753,542,5,2024-04-27,2024-12-27,canceled
754,543,2,2023-08-05,2023-11-05,canceled
755,544,1,2024-06-22,2024-11-22,canceled
756,545,1,2024-05-17,2024-12-17,superseded
757,545,2,2024-12-17,,active
758,546,4,2023-11-14,,active
759,547,3,2023-03-26,2024-03-26,canceled
760,548,1,2024-06-01,,active
761,549,1,2024-03-12,2024-06-12,canceled
762,550,7,2024-08-29,,active
763,551,2,2024-03-14,2024-08-14,canceled
764,552,1,2024-09-24,2024-10-24,canceled
765,553,8,2024-03-13,2024-09-13,superseded
766,553,6,2024-09-13,,active
767,554,1,2024-03-03,2024-07-03,canceled
768,555,2,2024-10-21,2024-12-21,canceled
769,556,1,2023-12-13,2024-04-13,superseded
770,556,2,2024-04-13,2024-08-13,canceled
771,557,1,2023-04-01,2023-07-01,canceled
772,558,4,2022-05-24,2022-10-24,superseded
773,558,2,2022-10-24,2023-06-24,superseded
774,558,5,2023-06-24,2023-10-24,superseded
775,558,6,2023-10-24,,active
776,559,2,2024-07-08,2024-10-08,canceled
777,560,3,2024-05-29,2024-07-29,canceled
778,561,2,2024-06-14,2024-07-14,canceled
779,562,2,2023-07-08,2024-11-08,superseded
780,562,4,2024-11-08,,active
781,563,3,2023-04-20,2023-06-20,superseded
782,563,4,2023-06-20,2023-09-20,superseded
783,563,2,2023-09-20,2023-11-20,canceled
784,564,3,2022-03-02,2023-07-02,canceled
785,565,1,2023-11-28,2024-12-28,canceled
786,566,1,2024-04-08,2024-08-08,canceled
787,567,2,2023-12-20,2024-06-20,canceled
788,568,1,2024-01-29,,active
789,569,1,2024-10-10,,active
790,570,4,2023-11-24,,active
791,571,1,2024-02-16,,active
792,572,2,2024-08-13,2024-09-13,superseded
793,572,4,2024-09-13,,active
794,573,6,2023-12-05,2024-04-05,canceled
795,573,6,2024-08-05,,active
796,574,1,2024-05-08,,active
797,575,1,2024-09-26,2024-12-26,canceled
798,576,1,2024-11-14,,active
799,577,1,2023-05-07,2023-06-07,canceled
800,578,3,2024-11-12,,active
801,579,5,2024-02-09,,active
802,580,6,2023-09-03,2024-03-03,canceled
803,581,1,2024-01-18,,active
804,582,2,2024-12-10,,active
805,583,2,2024-02-24,2024-06-24,superseded
806,583,4,2024-06-24,,active
807,584,6,2023-10-08,,active
808,585,2,2024-05-08,,active
809,586,2,2023-08-18,2024-04-18,canceled
810,587,1,2022-12-29,2023-07-28,canceled
811,588,3,2023-04-16,,active
812,589,2,2023-04-11,2024-08-11,canceled
813,590,1,2023-05-05,2024-04-05,canceled
814,591,6,2023-04-24,2023-07-24,superseded
815,591,8,2023-07-24,2024-06-24,superseded
816,591,6,2024-06-24,2024-07-24,canceled
817,592,1,2024-05-13,,active
818,593,3,2023-06-22,2023-09-22,superseded
819,593,1,2023-09-22,2024-03-22,canceled
820,594,1,2023-11-24,2024-06-24,canceled
821,595,4,2024-10-26,,active
822,596,2,2024-02-06,2024-07-06,canceled
823,597,1,2024-06-02,2024-08-02,superseded
824,597,3,2024-08-02,,active
825,598,1,2023-06-27,2024-01-27,canceled
826,599,2,2023-06-27,2023-09-27,canceled
827,599,4,2024-03-27,,active
828,600,8,2022-07-07,,active
829,601,2,2023-05-22,2023-07-22,canceled
830,602,4,2023-09-01,2024-06-01,superseded
831,602,6,2024-06-01,2024-09-01,superseded
832,602,4,2024-09-01,,active
833,603,1,2023-06-17,2023-08-17,superseded
834,603,3,2023-08-17,2024-06-17,canceled
835,604,1,2023-01-17,2023-02-17,canceled
836,605,1,2023-03-30,2023-04-30,superseded
837,605,2,2023-04-30,2024-03-29,canceled
838,605,4,2024-09-29,,active
839,606,2,2024-01-08,,active
840,607,1,2023-07-09,2024-01-09,canceled
841,608,1,2023-11-15,2024-05-15,canceled
842,608,1,2024-10-15,2024-11-15,canceled
843,609,4,2024-02-22,2024-05-22,canceled
844,610,6,2024-06-21,,active
845,611,4,2022-07-18,2023-01-18,superseded
846,611,6,2023-01-18,,active
847,612,3,2024-08-03,2024-12-03,superseded
848,612,4,2024-12-03,,active
849,613,1,2024-05-19,,active
850,614,1,2023-01-30,2023-04-28,canceled
851,615,8,2024-10-29,,active
852,616,3,2024-11-22,,active
853,617,2,2022-10-02,2024-02-02,canceled
854,618,1,2023-09-07,2024-12-07,canceled
855,619,1,2024-09-13,2024-10-13,superseded
856,619,2,2024-10-13,2024-11-13,canceled
857,620,1,2024-07-19,2024-11-19,canceled
858,621,6,2023-06-11,2023-12-11,superseded
859,621,8,2023-12-11,2024-01-11,superseded
860,621,7,2024-01-11,2024-08-11,superseded
861,621,8,2024-08-11,,active
862,622,4,2023-07-23,,active
863,623,6,2023-11-02,,active
864,624,2,2024-02-20,,active
865,625,6,2024-05-25,,active
866,626,2,2023-11-15,2024-01-15,canceled
867,626,1,2024-06-15,,active
868,627,5,2024-01-14,,active
869,628,4,2024-07-25,,active
870,629,2,2022-06-03,2023-01-03,canceled
871,629,1,2024-12-03,,active
872,630,3,2023-09-05,2023-10-05,superseded
873,630,4,2023-10-05,,active
874,631,2,2024-06-01,2024-07-01,canceled
875,632,1,2024-10-04,,active
876,633,2,2024-02-18,2024-04-18,superseded
877,633,4,2024-04-18,,active
878,634,5,2024-03-18,2024-12-18,canceled
879,635,1,2023-02-13,2023-05-13,canceled
880,635,4,2023-09-13,,active
881,636,7,2024-01-24,,active
882,637,3,2024-03-19,,active
883,638,2,2023-08-09,2024-02-09,canceled
884,639,1,2023-09-14,2024-05-14,canceled
885,640,1,2023-11-12,2023-12-12,canceled
886,641,2,2022-04-20,2023-07-20,canceled
887,642,2,2023-10-01,2024-03-01,canceled
888,643,2,2023-07-26,2024-02-26,canceled
889,644,4,2023-10-27,,active
890,645,2,2023-03-11,2024-07-11,canceled
891,646,1,2024-10-06,2024-12-06,canceled
892,647,2,2024-04-23,,active
893,648,8,2024-06-11,2024-11-11,superseded
894,648,7,2024-11-11,,active
895,649,2,2024-08-04,2024-12-04,canceled
896,650,3,2024-02-06,2024-05-06,canceled
897,651,3,2023-01-15,2023-07-15,canceled
898,652,1,2024-03-27,,active
899,653,2,2024-04-14,2024-07-14,canceled
900,654,1,2024-07-09,2024-08-09,canceled
901,655,4,2024-01-03,,active
902,656,4,2023-04-18,2023-06-18,canceled
903,657,7,2023-09-18,2024-09-18,superseded
904,657,8,2024-09-18,,active
905,658,2,2023-11-26,2024-01-26,superseded
906,658,4,2024-01-26,,active
907,659,1,2024-05-25,2024-11-25,canceled
908,660,1,2024-04-20,2024-10-20,canceled
909,661,5,2023-11-13,2023-12-13,canceled
910,662,1,2024-12-04,,active
911,663,1,2024-04-17,2024-06-17,canceled
912,664,8,2023-08-12,,active
913,665,3,2023-02-17,2023-08-17,canceled
914,666,4,2023-05-10,2024-07-10,canceled
915,667,1,2023-08-31,2023-11-30,superseded
916,667,3,2023-11-30,2024-04-29,superseded
917,667,5,2024-04-29,2024-05-29,canceled
918,667,2,2024-12-29,,active
919,668,1,2023-05-26,2024-01-26,canceled
920,669,2,2023-06-15,2024-01-15,canceled
921,670,2,2023-09-02,2024-09-02,superseded
922,670,4,2024-09-02,,active
923,671,6,2023-06-21,,active
924,672,2,2024-10-24,,active
925,673,5,2022-12-18,2023-05-18,canceled
926,673,1,2023-09-18,2023-11-18,superseded
927,673,2,2023-11-18,2024-12-18,canceled
928,674,2,2024-03-21,,active
929,675,2,2024-01-01,2024-03-01,canceled
930,676,1,2024-12-14,,active
931,677,1,2023-03-25,2023-09-25,canceled
932,677,3,2024-04-25,2024-07-25,canceled
933,678,2,2023-12-26,,active
934,679,2,2024-11-15,,active
935,680,1,2024-10-31,,active
936,681,1,2024-09-19,2024-11-19,superseded
937,681,3,2024-11-19,,active
938,682,2,2023-09-06,2024-01-06,canceled
939,683,3,2023-06-20,2024-06-20,canceled
940,684,4,2024-06-08,2024-12-08,canceled
941,685,2,2024-11-17,,active
942,686,2,2024-03-14,,active
943,687,1,2024-04-21,2024-05-21,canceled
944,687,1,2024-09-21,,active
945,688,8,2023-09-10,,active
946,689,1,2024-08-02,,active
947,690,4,2023-06-07,,active
948,691,1,2023-10-16,2024-03-16,canceled
949,692,3,2024-01-15,2024-04-15,canceled
950,693,7,2024-02-25,2024-08-25,superseded
951,693,4,2024-08-25,,active
952,694,1,2023-08-10,2023-10-10,canceled
953,695,1,2023-03-25,2023-04-25,superseded
954,695,2,2023-04-25,,active
955,696,1,2024-04-09,,active
956,697,1,2023-09-27,2023-10-27,canceled
957,698,8,2024-04-07,,active
958,699,4,2023-05-25,2023-12-25,superseded
959,699,2,2023-12-25,2024-04-25,canceled
960,700,3,2024-02-09,2024-04-09,canceled
961,701,4,2024-03-04,,active
962,702,1,2022-09-19,2023-09-19,canceled
963,702,5,2023-12-19,2024-09-19,canceled
964,702,1,2024-10-19,,active
965,703,1,2023-10-14,2024-05-14,canceled
966,704,6,2023-04-07,2023-06-07,superseded
967,704,8,2023-06-07,2023-10-07,superseded
968,704,7,2023-10-07,2024-01-07,superseded
969,704,8,2024-01-07,,active
970,705,4,2022-10-20,2022-11-20,canceled
971,705,1,2023-09-20,2023-12-20,canceled
972,705,1,2024-03-20,2024-08-20,canceled
973,706,6,2024-12-10,,active
974,707,4,2023-10-29,,active
975,708,1,2024-09-26,2024-10-26,canceled
976,708,5,2024-12-26,,active
977,709,5,2023-09-21,2023-10-21,superseded
978,709,2,2023-10-21,,active
979,710,7,2024-06-23,2024-10-23,canceled
980,711,3,2024-08-13,2024-11-13,superseded
981,711,5,2024-11-13,,active
982,712,1,2024-04-14,,active
983,713,1,2024-02-25,,active
984,714,2,2024-01-30,,active
985,715,2,2023-11-19,,active
986,716,4,2024-11-24,,active
987,717,2,2024-09-28,2024-12-28,superseded
988,717,4,2024-12-28,,active
989,718,2,2024-11-14,,active
990,719,2,2023-03-10,2023-12-10,canceled
991,720,1,2024-07-16,2024-08-16,canceled
992,721,2,2024-11-02,2024-12-02,canceled
993,722,1,2023-06-04,2023-08-04,canceled
994,722,2,2024-03-04,,active
995,723,6,2022-10-31,2024-10-28,superseded
996,723,8,2024-10-28,,active
997,724,5,2024-07-29,2024-10-29,superseded
998,724,2,2024-10-29,,active
999,725,4,2024-04-09,2024-06-09,superseded
1000,725,7,2024-06-09,,active
1001,726,1,2024-09-22,,active
1002,727,1,2023-04-10,2023-05-10,canceled
1003,728,1,2024-08-03,,active
1004,729,7,2023-07-05,2024-12-05,superseded
1005,729,4,2024-12-05,,active
1006,730,2,2023-05-01,,active
1007,731,3,2023-05-14,2023-09-14,superseded
1008,731,4,2023-09-14,2024-09-14,superseded
1009,731,2,2024-09-14,,active
1010,732,5,2024-09-03,2024-11-03,superseded
1011,732,2,2024-11-03,2024-12-03,canceled
1012,733,7,2024-05-29,,active
1013,734,1,2024-03-28,2024-08-28,superseded
1014,734,3,2024-08-28,2024-09-28,canceled
1015,735,2,2023-11-17,2024-11-17,canceled
1016,736,2,2024-10-12,,active
1017,737,1,2023-12-14,,active
1018,738,1,2024-09-29,,active
1019,739,5,2024-01-13,2024-11-13,canceled
1020,740,3,2023-11-08,2024-12-08,superseded
1021,740,1,2024-12-08,,active
1022,741,4,2024-01-20,,active
1023,742,7,2023-10-01,2024-06-01,superseded
1024,742,4,2024-06-01,,active
1025,743,2,2024-07-17,2024-11-17,canceled
1026,744,6,2024-02-21,2024-09-21,canceled
1027,745,1,2023-08-16,2024-06-16,canceled
1028,746,4,2024-10-03,,active
1029,747,3,2023-12-30,2024-01-30,canceled
1030,748,8,2024-03-14,2024-05-14,superseded
1031,748,6,2024-05-14,2024-10-14,superseded
1032,748,4,2024-10-14,,active
1033,749,1,2024-10-31,,active
1034,750,2,2024-05-01,2024-07-01,canceled
1035,751,2,2023-03-26,2024-09-26,canceled
1036,752,1,2024-11-25,,active
1037,753,1,2024-05-18,2024-10-18,canceled
1038,754,1,2023-10-03,2024-09-03,canceled
1039,755,1,2023-04-18,2024-03-18,canceled
1040,756,4,2024-08-21,,active
1041,757,3,2024-05-24,2024-09-24,canceled
1042,758,2,2024-03-30,2024-06-30,superseded
1043,758,5,2024-06-30,2024-08-30,superseded
1044,758,3,2024-08-30,,active
1045,759,3,2024-10-10,,active
1046,760,1,2024-08-01,2024-12-01,superseded
1047,760,2,2024-12-01,,active
1048,761,1,2023-05-31,2024-01-30,canceled
1049,761,1,2024-07-29,,active
1050,762,2,2023-10-09,2024-03-09,canceled
1051,763,4,2023-08-09,,active
1052,764,1,2024-07-11,2024-09-11,canceled
1053,765,2,2022-06-23,2022-11-23,superseded
1054,765,1,2022-11-23,2024-02-23,canceled
1055,766,1,2024-04-17,,active
1056,767,4,2024-08-12,2024-09-12,superseded
1057,767,6,2024-09-12,,active
1058,768,5,2024-10-22,2024-11-22,canceled
1059,769,2,2023-11-02,2024-03-02,canceled
1060,770,5,2024-09-12,2024-11-12,superseded
1061,770,6,2024-11-12,,active
1062,771,2,2023-03-28,2024-03-28,superseded
1063,771,4,2024-03-28,2024-10-28,superseded
1064,771,2,2024-10-28,,active
1065,772,1,2024-09-21,,active
1066,773,1,2023-04-24,2023-05-24,canceled
1067,774,1,2023-12-04,2024-03-04,canceled
1068,775,2,2024-08-26,2024-09-26,superseded
1069,775,1,2024-09-26,2024-10-26,canceled
1070,776,2,2023-05-29,2023-06-29,canceled
1071,777,1,2023-08-11,2024-02-11,superseded
1072,777,2,2024-02-11,2024-03-11,canceled
1073,778,2,2024-07-10,2024-12-10,canceled
1074,779,4,2024-07-15,,active
1075,780,1,2024-05-25,2024-09-25,canceled
1076,781,8,2024-06-08,2024-08-08,superseded
1077,781,6,2024-08-08,,active
1078,782,1,2024-03-18,2024-04-18,superseded
1079,782,2,2024-04-18,,active
1080,783,1,2023-09-11,2023-11-11,canceled
1081,783,1,2024-05-11,2024-11-11,canceled
1082,784,2,2023-11-24,2024-04-24,superseded
1083,784,5,2024-04-24,2024-08-24,canceled
1084,785,2,2023-06-14,2023-12-14,canceled
1085,786,4,2024-10-23,,active
1086,787,3,2024-04-28,,active
1087,788,2,2023-12-24,2024-01-24,superseded
1088,788,5,2024-01-24,,active
1089,789,4,2024-01-27,,active
1090,790,2,2024-11-22,,active
1091,791,2,2023-05-11,,active
1092,792,3,2024-04-11,2024-07-11,canceled
1093,793,1,2024-02-07,2024-03-07,canceled
1094,794,1,2024-04-04,2024-05-04,superseded
1095,794,3,2024-05-04,2024-12-04,canceled
1096,795,4,2022-03-18,2022-09-18,superseded
1097,795,6,2022-09-18,2022-11-18,superseded
1098,795,8,2022-11-18,2022-12-18,canceled
1099,796,1,2024-10-15,,active
1100,797,3,2024-11-22,,active
1101,798,1,2024-03-07,2024-07-07,superseded
1102,798,2,2024-07-07,2024-08-07,superseded
1103,798,4,2024-08-07,2024-12-07,canceled
1104,799,3,2024-06-08,,active
1105,800,1,2024-11-10,2024-12-10,canceled
1106,801,2,2024-06-13,,active
1107,802,6,2023-05-04,2023-11-04,superseded
1108,802,8,2023-11-04,2024-12-04,superseded
1109,802,6,2024-12-04,,active
1110,803,1,2024-04-01,,active
1111,804,1,2024-04-07,2024-07-07,canceled
1112,805,8,2024-01-21,2024-05-21,superseded
1113,805,6,2024-05-21,,active
1114,806,3,2024-07-03,,active
1115,807,1,2024-11-15,2024-12-15,canceled
1116,808,5,2024-11-26,,active
1117,809,6,2024-01-06,,active
1118,810,5,2023-03-16,,active
1119,811,1,2024-12-07,,active
1120,812,7,2024-09-05,,active
1121,813,1,2023-03-10,2023-05-10,canceled
1122,813,1,2024-10-10,2024-12-10,canceled
1123,814,2,2024-11-03,,active
1124,815,2,2024-10-29,,active
1125,816,2,2024-03-18,2024-12-18,canceled
1126,817,1,2024-04-12,,active
1127,818,6,2023-12-19,,active
1128,819,1,2022-09-11,2023-07-11,canceled
1129,820,5,2023-10-09,2024-01-09,canceled
1130,820,1,2024-04-09,,active
1131,821,3,2024-09-25,2024-11-25,superseded
1132,821,4,2024-11-25,2024-12-25,canceled
1133,822,6,2022-01-08,2022-09-08,canceled
1134,822,2,2024-03-08,2024-11-08,canceled
1135,823,1,2023-10-30,2024-03-29,canceled
1136,823,6,2024-06-29,,active
1137,824,3,2023-12-19,2024-05-19,canceled
1138,825,2,2024-03-27,,active
1139,826,4,2024-11-11,,active
1140,827,3,2023-11-01,2024-03-01,canceled
1141,828,1,2023-11-05,2024-05-05,canceled
1142,828,1,2024-10-05,,active
1143,829,2,2024-07-29,,active
1144,830,3,2024-01-02,,active
1145,831,2,2023-08-17,,active
1146,832,2,2024-01-26,2024-05-26,canceled
1147,833,5,2023-04-28,2023-06-28,superseded
1148,833,7,2023-06-28,,active
1149,834,1,2023-06-23,2024-01-23,canceled
1150,835,8,2024-02-28,,active
1151,836,4,2024-01-22,,active
1152,837,3,2024-10-05,,active
1153,838,8,2023-11-21,,active
1154,839,1,2024-04-18,2024-07-18,canceled
1155,840,1,2024-05-08,2024-11-08,canceled
1156,841,1,2022-02-24,2022-07-24,canceled
1157,842,1,2024-05-31,2024-10-30,canceled
1158,843,2,2023-06-25,2024-12-25,canceled
1159,844,1,2024-11-30,2024-12-30,canceled
1160,845,2,2023-05-04,2023-09-04,superseded
1161,845,1,2023-09-04,2023-10-04,canceled
1162,845,2,2024-02-04,,active
1163,846,1,2024-01-08,,active
1164,847,3,2023-01-31,2023-02-28,superseded
1165,847,4,2023-02-28,2023-11-28,superseded
1166,847,3,2023-11-28,2024-09-28,superseded
1167,847,1,2024-09-28,2024-11-28,superseded
1168,847,2,2024-11-28,,active
1169,848,2,2024-12-29,,active
1170,849,5,2024-02-23,2024-05-23,superseded
1171,849,7,2024-05-23,,active
1172,850,1,2024-04-01,,active
1173,851,1,2022-11-06,2022-12-06,canceled
1174,851,1,2023-01-06,2023-06-06,canceled
1175,851,1,2024-11-06,,active
1176,852,5,2024-07-18,,active
1177,853,2,2023-07-19,2024-12-19,superseded
1178,853,1,2024-12-19,,active
1179,854,2,2024-10-03,,active
1180,855,8,2023-07-09,,active
1181,856,5,2023-06-13,2024-04-13,superseded
1182,856,3,2024-04-13,,active
1183,857,3,2022-06-03,2022-10-03,canceled
1184,858,6,2024-02-23,,active
1185,859,6,2024-03-29,2024-04-29,canceled
1186,860,6,2022-10-07,,active
1187,861,2,2024-08-18,,active
1188,862,1,2024-01-02,2024-11-02,canceled
1189,863,1,2024-03-02,2024-11-02,canceled
1190,864,6,2024-01-22,2024-10-22,superseded
1191,864,8,2024-10-22,,active
1192,865,1,2023-12-07,2024-04-07,canceled
1193,866,2,2024-03-28,,active
1194,867,1,2023-05-29,2024-01-29,canceled
1195,867,1,2024-11-29,,active
1196,868,2,2023-06-06,2024-04-06,superseded
1197,868,4,2024-04-06,,active
1198,869,1,2024-09-02,2024-12-02,canceled
1199,870,6,2024-11-09,,active
1200,871,2,2023-11-04,2023-12-04,superseded
1201,871,1,2023-12-04,2024-04-04,canceled
1202,872,1,2023-09-25,2023-12-25,canceled
1203,873,1,2024-05-27,,active
1204,874,3,2023-12-30,2024-01-30,canceled
1205,875,1,2022-04-03,2022-06-03,canceled
1206,876,3,2023-05-19,2024-05-19,canceled
1207,877,2,2024-07-20,2024-11-20,superseded
1208,877,4,2024-11-20,,active
1209,878,3,2024-05-31,2024-12-30,canceled
1210,879,4,2022-05-05,2023-02-05,superseded
1211,879,3,2023-02-05,2023-05-05,canceled
1212,879,1,2024-05-05,2024-11-05,canceled
1213,880,1,2023-08-07,2023-12-07,canceled
1214,880,4,2024-04-07,,active
1215,881,3,2023-08-09,2024-03-09,superseded
1216,881,4,2024-03-09,2024-08-09,canceled
1217,882,1,2024-06-03,,active
1218,883,1,2022-04-09,2022-05-09,canceled
1219,884,1,2023-02-23,2023-05-23,canceled
1220,884,2,2023-06-23,2024-02-23,superseded
1221,884,4,2024-02-23,,active
1222,885,1,2024-08-14,2024-10-14,canceled
1223,886,2,2023-06-04,2023-08-04,canceled
1224,886,6,2024-12-04,,active
1225,887,1,2024-05-10,2024-08-10,canceled
1226,887,2,2024-09-10,,active
1227,888,2,2023-08-09,2024-11-09,canceled
1228,889,4,2023-02-02,2023-06-02,superseded
1229,889,2,2023-06-02,2024-09-02,canceled
1230,890,2,2023-08-22,2024-01-22,canceled
1231,890,4,2024-04-22,2024-08-22,superseded
1232,890,6,2024-08-22,,active
1233,891,1,2024-07-11,,active
1234,892,6,2024-09-09,,active
1235,893,1,2024-09-10,,active
1236,894,1,2023-12-22,2024-02-22,canceled
1237,895,1,2024-06-24,,active
1238,896,5,2023-07-14,2024-07-14,superseded
1239,896,2,2024-07-14,,active
1240,897,1,2023-09-30,2023-10-30,canceled
1241,898,1,2024-10-28,,active
1242,899,1,2022-02-03,2022-03-03,canceled
1243,900,4,2023-01-28,2023-04-28,superseded
1244,900,6,2023-04-28,,active
1245,901,1,2023-07-29,2024-01-29,superseded
1246,901,2,2024-01-29,2024-03-29,superseded
1247,901,1,2024-03-29,2024-04-29,canceled
1248,902,3,2022-05-15,2023-02-15,superseded
1249,902,4,2023-02-15,2023-05-15,canceled
1250,902,8,2023-12-15,,active
1251,903,1,2023-06-12,2023-07-12,canceled
1252,903,1,2023-08-12,2023-10-12,canceled
1253,904,2,2024-04-04,2024-09-04,canceled
1254,905,2,2024-01-15,,active
1255,906,3,2024-10-12,2024-11-12,canceled
1256,907,1,2024-09-27,,active
1257,908,1,2023-11-06,2023-12-06,canceled
1258,909,1,2023-09-08,2024-06-08,canceled
1259,910,2,2023-11-14,,active
1260,911,1,2024-04-22,,active
1261,912,2,2023-09-20,2023-12-20,superseded
1262,912,4,2023-12-20,2024-01-20,superseded
1263,912,2,2024-01-20,2024-08-20,superseded
1264,912,4,2024-08-20,,active
1265,913,6,2024-05-31,2024-06-30,superseded
1266,913,8,2024-06-30,,active
1267,914,1,2024-01-14,2024-05-14,superseded
1268,914,3,2024-05-14,,active
1269,915,1,2024-03-07,2024-04-07,canceled
1270,916,1,2024-01-13,2024-04-13,superseded
1271,916,2,2024-04-13,2024-05-13,canceled
1272,917,3,2023-09-27,2024-05-27,canceled
1273,918,1,2024-11-10,2024-12-10,canceled
1274,919,3,2024-08-09,,active
1275,920,4,2023-04-23,2023-05-23,superseded
1276,920,6,2023-05-23,2024-02-23,superseded
1277,920,8,2024-02-23,,active
1278,921,4,2024-10-17,,active
1279,922,4,2024-02-26,2024-04-26,superseded
1280,922,3,2024-04-26,2024-11-26,canceled
1281,923,2,2024-10-05,,active
1282,924,1,2024-08-09,,active
1283,925,6,2024-01-19,2024-10-19,superseded
1284,925,8,2024-10-19,2024-11-19,superseded
1285,925,6,2024-11-19,,active
1286,926,1,2022-04-24,2022-10-24,canceled
1287,927,2,2023-09-16,2024-05-16,canceled
1288,927,2,2024-10-16,2024-12-16,canceled
1289,928,1,2024-03-28,2024-09-28,canceled
1290,929,2,2024-05-10,,active
1291,930,1,2023-09-26,2024-04-26,canceled
1292,931,1,2023-04-29,2023-07-29,canceled
1293,932,1,2024-09-24,,active
1294,933,2,2024-12-12,,active
1295,934,1,2024-03-16,2024-09-16,canceled
1296,935,1,2023-06-20,2023-08-20,canceled
1297,936,8,2023-09-28,,active
1298,937,4,2022-03-28,,active
1299,938,7,2024-10-14,,active
1300,939,3,2023-03-05,2024-09-05,canceled
1301,940,2,2024-04-16,,active
1302,941,2,2023-09-02,2024-01-02,canceled
1303,942,5,2024-03-06,,active
1304,943,2,2024-05-25,2024-06-25,canceled
1305,944,3,2024-09-13,2024-10-13,canceled
1306,945,1,2023-07-18,2023-09-18,canceled
1307,946,1,2022-02-11,2022-09-11,canceled
1308,947,1,2023-04-01,2024-08-01,canceled
1309,948,6,2024-10-12,,active
1310,949,1,2024-10-10,,active
1311,950,2,2024-04-10,2024-07-10,superseded
1312,950,4,2024-07-10,2024-11-10,canceled
1313,951,2,2024-04-14,,active
1314,952,3,2024-05-29,2024-06-29,canceled
1315,953,1,2023-06-30,2023-07-30,canceled
1316,954,5,2024-10-24,,active
1317,955,1,2024-01-17,2024-08-17,canceled
1318,956,2,2023-12-02,2024-04-02,canceled
1319,957,1,2024-03-20,2024-05-20,canceled
1320,958,4,2022-08-21,2022-11-21,superseded
1321,958,6,2022-11-21,2023-04-21,canceled
1322,959,1,2023-05-15,2023-06-15,canceled
1323,959,4,2024-01-15,2024-07-15,canceled
1324,960,2,2024-07-05,2024-08-05,canceled
1325,961,3,2023-01-14,2023-06-14,canceled
1326,962,6,2024-04-20,2024-05-20,canceled
1327,963,5,2023-08-17,2023-10-17,superseded
1328,963,7,2023-10-17,2024-10-17,canceled
1329,964,4,2023-12-04,2024-10-04,superseded
1330,964,6,2024-10-04,,active
1331,965,1,2023-09-27,2024-03-27,canceled
1332,966,2,2023-11-10,,active
1333,967,2,2024-07-23,,active
1334,968,2,2023-10-22,2024-07-22,superseded
1335,968,4,2024-07-22,,active
1336,969,1,2024-03-16,2024-05-16,canceled
1337,970,2,2024-02-24,2024-06-24,superseded
1338,970,5,2024-06-24,,active
1339,971,7,2024-05-15,,active
1340,972,1,2024-11-04,,active
1341,973,5,2024-07-12,,active
1342,974,3,2023-07-04,2023-09-04,canceled
1343,974,2,2023-11-04,2024-03-04,superseded
1344,974,4,2024-03-04,,active
1345,975,4,2022-05-05,2024-02-05,superseded
1346,975,6,2024-02-05,,active
1347,976,1,2023-09-15,2024-01-15,canceled
1348,976,6,2024-04-15,,active
1349,977,4,2024-04-12,,active
1350,978,2,2022-09-15,2024-04-15,superseded
1351,978,1,2024-04-15,,active
1352,979,8,2024-02-26,2024-07-26,superseded
1353,979,7,2024-07-26,2024-10-26,canceled
1354,980,1,2024-04-05,,active
1355,981,1,2023-10-06,,active
1356,982,3,2024-08-19,,active
1357,983,1,2023-02-12,2023-05-12,canceled
1358,984,4,2022-11-24,2024-01-24,canceled
1359,985,1,2024-07-04,,active
1360,986,3,2024-02-21,2024-04-21,canceled
1361,986,6,2024-07-21,2024-08-21,superseded
1362,986,8,2024-08-21,,active
1363,987,4,2024-06-25,,active
1364,988,8,2024-01-31,,active
1365,989,2,2023-08-23,2023-09-23,superseded
1366,989,5,2023-09-23,,active
1367,990,1,2024-09-16,,active
1368,991,1,2024-08-27,,active
1369,992,1,2024-06-01,,active
1370,993,2,2023-09-28,2024-01-28,superseded
1371,993,5,2024-01-28,,active
1372,994,1,2024-04-11,,active
1373,995,4,2023-11-08,,active
1374,996,2,2023-01-03,2023-03-03,superseded
1375,996,4,2023-03-03,2023-10-03,superseded
1376,996,6,2023-10-03,2024-08-03,superseded
1377,996,8,2024-08-03,2024-11-03,superseded
1378,996,7,2024-11-03,,active
1379,997,2,2024-10-28,2024-12-28,superseded
1380,997,1,2024-12-28,,active
1381,998,1,2023-04-24,2024-05-24,canceled
1382,999,1,2024-11-18,,active
1383,1000,1,2024-01-31,2024-03-29,canceled
1384,1001,2,2023-06-07,2024-07-07,superseded
1385,1001,4,2024-07-07,,active
1386,1002,5,2024-03-27,,active
1387,1003,3,2024-10-18,2024-11-18,canceled
1388,1004,1,2024-07-12,2024-11-12,canceled
1389,1005,2,2024-09-08,,active
1390,1006,1,2024-05-26,2024-07-26,canceled
1391,1007,2,2024-06-02,2024-11-02,superseded
1392,1007,1,2024-11-02,2024-12-02,canceled
1393,1008,1,2024-09-24,2024-11-24,canceled
1394,1009,1,2023-08-07,2023-10-07,canceled
1395,1010,1,2024-02-27,2024-11-27,canceled
1396,1011,5,2023-08-14,2023-11-14,superseded
1397,1011,7,2023-11-14,,active
1398,1012,1,2024-12-04,,active
1399,1013,4,2024-11-17,,active
1400,1014,1,2022-07-02,2023-09-02,superseded
1401,1014,2,2023-09-02,2024-10-02,canceled
1402,1015,2,2024-06-30,2024-09-30,canceled
1403,1016,7,2024-11-19,,active
1404,1017,2,2023-06-22,2024-04-22,superseded
1405,1017,5,2024-04-22,2024-09-22,superseded
1406,1017,6,2024-09-22,,active
1407,1018,1,2024-03-13,2024-09-13,canceled
1408,1019,2,2024-10-08,,active
1409,1020,4,2022-06-15,2023-05-15,superseded
1410,1020,6,2023-05-15,2024-01-15,superseded
1411,1020,4,2024-01-15,2024-02-15,superseded
1412,1020,2,2024-02-15,,active
1413,1021,6,2024-06-29,2024-07-29,superseded
1414,1021,8,2024-07-29,,active
1415,1022,2,2023-10-28,,active
1416,1023,3,2024-11-07,,active
1417,1024,5,2024-12-12,,active
1418,1025,1,2024-11-06,,active
1419,1026,3,2024-02-04,2024-08-04,superseded
1420,1026,4,2024-08-04,,active
1421,1027,1,2024-09-22,,active
1422,1028,1,2024-09-18,2024-10-18,canceled
1423,1029,1,2023-10-17,2024-01-17,canceled
1424,1030,2,2024-09-02,2024-12-02,canceled
1425,1031,1,2022-06-10,2023-01-10,canceled
1426,1031,1,2023-05-10,2023-09-10,canceled
1427,1031,1,2024-02-10,2024-04-10,canceled
1428,1032,1,2024-04-26,2024-11-26,canceled
1429,1033,7,2023-08-27,2024-04-27,canceled
1430,1034,6,2023-03-18,2023-07-18,superseded
1431,1034,8,2023-07-18,,active
1432,1035,8,2022-12-08,,active
1433,1036,3,2024-06-23,2024-09-23,superseded
1434,1036,5,2024-09-23,2024-12-23,canceled
1435,1037,1,2023-11-26,2024-02-26,canceled
1436,1038,8,2024-07-01,2024-08-01,superseded
1437,1038,6,2024-08-01,,active
1438,1039,1,2022-10-28,2023-01-28,canceled
1439,1040,5,2023-10-23,,active
1440,1041,2,2024-03-24,2024-12-24,superseded
1441,1041,4,2024-12-24,,active
1442,1042,1,2024-08-10,,active
1443,1043,2,2023-10-31,2024-03-29,canceled
1444,1044,1,2024-05-14,2024-07-14,canceled
1445,1045,1,2024-10-28,,active
1446,1046,4,2024-04-05,,active
1447,1047,4,2023-08-25,2023-10-25,superseded
1448,1047,6,2023-10-25,2024-08-25,superseded
1449,1047,8,2024-08-25,,active
1450,1048,2,2022-04-16,2022-08-16,superseded
1451,1048,4,2022-08-16,2023-05-16,superseded
1452,1048,2,2023-05-16,2023-06-16,superseded
1453,1048,1,2023-06-16,2024-02-16,canceled
1454,1049,1,2024-10-23,2024-12-23,canceled
1455,1050,4,2022-04-03,2023-02-03,superseded
1456,1050,2,2023-02-03,2023-03-03,superseded
1457,1050,1,2023-03-03,2024-10-03,canceled
1458,1051,1,2024-10-13,,active
1459,1052,2,2024-03-11,,active
1460,1053,5,2024-11-20,,active
1461,1054,5,2024-08-21,,active
1462,1055,6,2024-12-29,,active
1463,1056,7,2023-11-02,,active
1464,1057,2,2024-08-31,,active
1465,1058,1,2023-12-01,2024-05-01,superseded
1466,1058,2,2024-05-01,2024-08-01,canceled
1467,1059,2,2024-02-26,2024-04-26,canceled
1468,1060,1,2024-05-21,2024-10-21,canceled
1469,1061,2,2024-10-06,,active
1470,1062,5,2024-12-21,,active
1471,1063,6,2024-08-28,,active
1472,1064,7,2024-01-27,2024-03-27,canceled
1473,1065,4,2024-01-21,,active
1474,1066,1,2024-07-01,2024-08-01,canceled
1475,1066,6,2024-12-01,,active
1476,1067,1,2023-08-02,2024-04-02,canceled
1477,1068,5,2023-03-27,2024-08-27,superseded
1478,1068,6,2024-08-27,,active
1479,1069,1,2023-11-21,2024-03-21,canceled
1480,1070,8,2023-09-04,2024-01-04,superseded
1481,1070,6,2024-01-04,2024-03-04,superseded
1482,1070,8,2024-03-04,,active
1483,1071,1,2023-10-25,2024-02-25,canceled
1484,1072,5,2023-08-12,2024-12-12,canceled
1485,1073,6,2022-07-10,2022-11-10,canceled
1486,1074,3,2022-03-13,2022-05-13,canceled
1487,1074,5,2024-11-13,,active
1488,1075,1,2024-12-18,,active
1489,1076,5,2024-01-28,,active
1490,1077,1,2023-12-22,2024-07-22,canceled
1491,1077,2,2024-11-22,,active
1492,1078,3,2024-06-21,2024-09-21,canceled
1493,1079,1,2023-07-18,2023-10-18,canceled
1494,1080,4,2024-11-13,,active
1495,1081,5,2024-08-24,2024-09-24,canceled
1496,1082,4,2023-01-29,2023-10-28,canceled
1497,1083,2,2024-01-08,2024-08-08,superseded
1498,1083,4,2024-08-08,,active
1499,1084,6,2024-10-22,,active
1500,1085,1,2024-11-30,,active
1501,1086,1,2024-02-03,,active
1502,1087,6,2024-04-24,2024-09-24,superseded
1503,1087,8,2024-09-24,,active
1504,1088,2,2023-05-22,2024-04-22,canceled
1505,1089,1,2024-12-29,,active
1506,1090,1,2023-08-22,,active
1507,1091,1,2024-11-12,,active
1508,1092,2,2024-05-11,2024-08-11,superseded
1509,1092,4,2024-08-11,,active
1510,1093,2,2024-04-14,2024-08-14,superseded
1511,1093,4,2024-08-14,,active
1512,1094,2,2024-02-11,2024-05-11,canceled
1513,1094,1,2024-12-11,,active
1514,1095,4,2023-08-10,,active
1515,1096,1,2023-06-03,2023-12-03,canceled
1516,1097,4,2023-08-18,2023-10-18,superseded
1517,1097,3,2023-10-18,,active
1518,1098,2,2023-06-24,2023-09-24,canceled
1519,1099,5,2024-08-01,,active
1520,1100,3,2023-11-07,2024-03-07,superseded
1521,1100,5,2024-03-07,2024-12-07,superseded
1522,1100,6,2024-12-07,,active
1523,1101,1,2022-09-18,2023-01-18,superseded
1524,1101,3,2023-01-18,2024-03-18,canceled
1525,1102,8,2024-11-08,,active
1526,1103,4,2024-10-05,,active
1527,1104,1,2024-11-17,,active
1528,1105,2,2024-12-20,,active
1529,1106,3,2023-06-06,2024-01-06,canceled
1530,1107,1,2023-12-31,2024-01-31,canceled
1531,1108,8,2024-08-02,,active
1532,1109,1,2024-06-12,2024-12-12,canceled
1533,1110,4,2023-05-26,2023-07-26,superseded
1534,1110,6,2023-07-26,2024-06-26,superseded
1535,1110,4,2024-06-26,,active
1536,1111,1,2024-09-02,,active
1537,1112,6,2023-08-31,2023-09-30,superseded
1538,1112,8,2023-09-30,2024-11-29,superseded
1539,1112,6,2024-11-29,,active
1540,1113,1,2023-08-09,2024-04-09,canceled
1541,1114,1,2024-03-13,,active
1542,1115,2,2024-04-17,2024-12-17,superseded
1543,1115,1,2024-12-17,,active
1544,1116,1,2024-04-13,2024-10-13,canceled
1545,1117,1,2023-01-16,2023-11-16,canceled
1546,1118,1,2024-10-15,,active
1547,1119,8,2023-09-07,2024-01-07,superseded
1548,1119,7,2024-01-07,,active
1549,1120,2,2023-04-27,2024-01-27,canceled
1550,1121,2,2024-10-24,,active
1551,1122,5,2024-11-19,,active
1552,1123,2,2024-09-02,2024-12-02,superseded
1553,1123,4,2024-12-02,,active
1554,1124,3,2024-09-17,,active
1555,1125,2,2024-05-09,,active
1556,1126,1,2024-03-19,,active
1557,1127,5,2023-01-27,2023-09-27,superseded
1558,1127,6,2023-09-27,2023-10-27,superseded
1559,1127,8,2023-10-27,2024-07-27,superseded
1560,1127,6,2024-07-27,,active
1561,1128,3,2023-12-16,,active
1562,1129,1,2023-11-20,2024-01-20,canceled
1563,1130,1,2023-09-20,2024-04-20,canceled
1564,1131,4,2024-07-11,,active
1565,1132,1,2024-02-13,2024-05-13,canceled
1566,1132,1,2024-08-13,,active
1567,1133,1,2022-12-28,2023-06-28,canceled
1568,1134,1,2023-08-20,2023-12-20,superseded
1569,1134,3,2023-12-20,,active
1570,1135,1,2024-06-02,2024-08-02,canceled
1571,1136,6,2022-12-03,2023-11-03,superseded
1572,1136,8,2023-11-03,,active
1573,1137,1,2024-09-27,2024-10-27,superseded
1574,1137,2,2024-10-27,2024-12-27,superseded
1575,1137,4,2024-12-27,,active
1576,1138,8,2024-02-14,,active
1577,1139,1,2024-02-17,2024-09-17,canceled
1578,1140,4,2024-04-25,2024-06-25,canceled
1579,1141,6,2024-09-25,,active
1580,1142,1,2023-11-09,2023-12-09,canceled
1581,1143,1,2024-06-10,2024-09-10,canceled
1582,1144,7,2024-03-01,,active
1583,1145,2,2023-09-04,,active
1584,1146,2,2024-10-26,,active
1585,1147,4,2024-08-21,,active
1586,1148,5,2024-05-19,2024-12-19,superseded
1587,1148,6,2024-12-19,,active
1588,1149,1,2024-09-25,,active
1589,1150,5,2024-10-06,,active
1590,1151,2,2024-06-10,2024-09-10,superseded
1591,1151,5,2024-09-10,,active
1592,1152,3,2024-09-05,,active
1593,1153,2,2024-06-15,2024-11-15,canceled
1594,1154,8,2024-06-17,,active
1595,1155,1,2024-05-23,2024-06-23,canceled
1596,1156,7,2024-07-21,,active
1597,1157,2,2023-05-30,2023-09-30,superseded
1598,1157,1,2023-09-30,2024-03-29,superseded
1599,1157,2,2024-03-29,2024-08-29,canceled
1600,1157,2,2024-11-29,,active
1601,1158,6,2024-10-12,,active
1602,1159,3,2024-10-13,,active
1603,1160,1,2022-05-20,2023-04-20,canceled
1604,1161,1,2024-09-16,,active
1605,1162,4,2023-04-26,2023-11-26,superseded
1606,1162,6,2023-11-26,2024-06-26,canceled
1607,1163,2,2023-10-17,2024-10-17,canceled
1608,1164,1,2024-07-02,2024-09-02,canceled
1609,1165,3,2023-05-03,2023-09-03,superseded
1610,1165,4,2023-09-03,2024-01-03,canceled
1611,1166,1,2024-09-13,,active
1612,1167,4,2024-09-23,,active
1613,1168,2,2024-02-27,2024-05-27,superseded
1614,1168,5,2024-05-27,,active
1615,1169,6,2022-01-27,2022-08-27,superseded
1616,1169,4,2022-08-27,2022-09-27,superseded
1617,1169,6,2022-09-27,2023-06-27,superseded
1618,1169,8,2023-06-27,,active
1619,1170,1,2023-09-30,2024-04-29,canceled
1620,1171,4,2024-04-17,2024-12-17,canceled
1621,1172,2,2024-12-31,,active
1622,1173,5,2024-05-18,,active
1623,1174,5,2023-09-13,2024-08-13,canceled
1624,1175,8,2024-05-31,,active
1625,1176,3,2024-03-28,,active
1626,1177,1,2024-08-21,,active
1627,1178,4,2023-02-26,2023-12-26,superseded
1628,1178,6,2023-12-26,2024-12-26,superseded
1629,1178,8,2024-12-26,,active
1630,1179,2,2024-08-01,,active
1631,1180,4,2024-03-13,,active
1632,1181,3,2024-11-30,,active
1633,1182,8,2023-11-19,,active
1634,1183,2,2024-05-30,2024-09-30,superseded
1635,1183,1,2024-09-30,2024-10-30,canceled
1636,1184,1,2024-11-08,,active
1637,1185,5,2023-02-08,2023-03-08,superseded
1638,1185,6,2023-03-08,,active
1639,1186,1,2024-11-04,,active
1640,1187,1,2024-06-20,2024-09-20,canceled
1641,1188,5,2022-11-28,2023-05-28,superseded
1642,1188,6,2023-05-28,2023-11-28,superseded
1643,1188,4,2023-11-28,2024-08-28,superseded
1644,1188,3,2024-08-28,,active
1645,1189,2,2023-10-29,2024-01-29,superseded
1646,1189,4,2024-01-29,,active
1647,1190,1,2024-06-25,,active
1648,1191,2,2022-11-19,2024-08-19,superseded
1649,1191,4,2024-08-19,2024-11-19,canceled
1650,1192,1,2024-04-18,2024-07-18,superseded
1651,1192,3,2024-07-18,,active
1652,1193,6,2023-11-25,,active
1653,1194,2,2024-05-15,2024-07-15,superseded
1654,1194,4,2024-07-15,2024-09-15,canceled
1655,1195,1,2022-08-13,2023-04-13,canceled
1656,1195,1,2023-11-13,2024-08-13,canceled
1657,1196,1,2024-10-09,,active
1658,1197,6,2024-12-31,,active
1659,1198,1,2024-11-07,,active
1660,1199,1,2024-07-13,2024-10-13,canceled
1661,1200,2,2023-04-19,2023-07-19,superseded
1662,1200,4,2023-07-19,,active
1663,1201,7,2024-08-26,,active
1664,1202,2,2022-04-05,2022-07-05,canceled
1665,1202,4,2024-10-05,,active
1666,1203,4,2022-04-01,2022-05-01,superseded
1667,1203,2,2022-05-01,,active
1668,1204,2,2023-10-28,2023-11-28,canceled
1669,1205,1,2024-02-16,2024-11-16,canceled
1670,1206,1,2024-08-13,,active
1671,1207,2,2024-06-09,,active
1672,1208,1,2024-01-11,2024-04-11,superseded
1673,1208,2,2024-04-11,2024-11-11,canceled
1674,1209,2,2023-09-26,,active
1675,1210,2,2024-12-28,,active
1676,1211,1,2024-01-21,2024-12-21,canceled
1677,1212,2,2024-01-12,,active
1678,1213,3,2023-05-15,2024-01-15,canceled
1679,1214,1,2024-08-21,2024-11-21,canceled
1680,1215,1,2024-06-30,2024-08-30,canceled
1681,1216,1,2023-08-28,2023-11-28,superseded
1682,1216,3,2023-11-28,2024-02-28,canceled
1683,1217,8,2023-01-11,,active
1684,1218,3,2024-06-21,2024-08-21,canceled
1685,1219,4,2024-05-31,2024-08-30,canceled
1686,1220,1,2023-09-14,,active
1687,1221,1,2024-11-08,,active
1688,1222,1,2023-05-03,2023-06-03,canceled
1689,1222,3,2024-09-03,,active
1690,1223,3,2024-01-30,2024-03-29,superseded
1691,1223,4,2024-03-29,2024-08-29,canceled
1692,1224,5,2024-11-13,,active
1693,1225,2,2024-01-20,2024-07-20,superseded
1694,1225,4,2024-07-20,,active
1695,1226,1,2024-05-10,2024-11-10,canceled
1696,1227,1,2023-12-05,2024-02-05,canceled
1697,1228,1,2023-09-22,2024-07-22,superseded
1698,1228,3,2024-07-22,,active
1699,1229,2,2024-12-15,,active
1700,1230,2,2024-01-15,2024-05-15,canceled
1701,1231,1,2024-10-19,,active
1702,1232,7,2023-08-19,,active
1703,1233,5,2023-07-30,2023-10-30,superseded
1704,1233,6,2023-10-30,,active
1705,1234,2,2022-05-15,2022-09-15,canceled
1706,1234,1,2023-06-15,2023-09-15,canceled
1707,1235,1,2024-05-01,2024-06-01,canceled
1708,1236,1,2023-11-12,2024-04-12,canceled
1709,1237,2,2024-10-16,,active
1710,1238,1,2024-02-14,2024-10-14,superseded
1711,1238,2,2024-10-14,,active
1712,1239,1,2024-11-18,,active
1713,1240,4,2023-06-13,2023-08-13,canceled
1714,1241,6,2024-10-27,2024-12-27,superseded
1715,1241,4,2024-12-27,,active
1716,1242,4,2024-08-08,2024-09-08,superseded
1717,1242,3,2024-09-08,2024-10-08,canceled
1718,1243,1,2024-08-23,,active
1719,1244,1,2024-09-26,2024-11-26,canceled
1720,1245,1,2024-08-05,2024-12-05,canceled
1721,1246,1,2024-05-09,,active
1722,1247,1,2023-04-05,2023-05-05,canceled
1723,1248,4,2022-06-04,2022-11-04,superseded
1724,1248,6,2022-11-04,2023-01-04,superseded
1725,1248,4,2023-01-04,2024-04-04,canceled
1726,1248,2,2024-09-04,2024-12-04,superseded
1727,1248,4,2024-12-04,,active
1728,1249,7,2024-11-01,,active
1729,1250,3,2024-04-11,2024-06-11,superseded
1730,1250,4,2024-06-11,,active
1731,1251,6,2024-08-12,2024-10-12,canceled
1732,1252,4,2024-02-27,,active
1733,1253,1,2023-03-13,2023-04-13,canceled
1734,1254,1,2023-03-27,2023-04-27,canceled
1735,1254,1,2023-09-27,2023-10-27,canceled
1736,1255,4,2024-06-25,,active
1737,1256,2,2024-01-08,,active
1738,1257,1,2023-07-25,2023-12-25,canceled
1739,1258,4,2024-02-13,,active
1740,1259,4,2022-10-21,2023-10-21,superseded
1741,1259,6,2023-10-21,2024-03-21,superseded
1742,1259,8,2024-03-21,,active
1743,1260,1,2024-04-04,2024-05-04,canceled
1744,1261,8,2023-09-29,2024-02-29,superseded
1745,1261,6,2024-02-29,,active
1746,1262,2,2024-08-08,2024-11-08,superseded
1747,1262,4,2024-11-08,,active
1748,1263,1,2023-10-09,2024-12-09,canceled
1749,1264,1,2024-01-02,2024-05-02,canceled
1750,1265,2,2022-02-05,2022-06-05,canceled
1751,1266,1,2022-11-03,2023-05-03,canceled
1752,1267,4,2023-12-25,2024-01-25,canceled
1753,1268,1,2024-02-23,2024-05-23,canceled
1754,1269,2,2024-04-11,2024-05-11,superseded
1755,1269,1,2024-05-11,,active
1756,1270,1,2023-09-26,,active
1757,1271,2,2024-06-13,,active
1758,1272,1,2024-09-16,,active
1759,1273,2,2024-08-16,,active
1760,1274,3,2022-07-24,2022-10-24,superseded
1761,1274,1,2022-10-24,2022-12-24,superseded
1762,1274,2,2022-12-24,2023-03-24,canceled
1763,1275,2,2024-02-28,2024-05-28,canceled
1764,1276,1,2023-02-10,2023-06-10,superseded
1765,1276,3,2023-06-10,2024-04-10,superseded
1766,1276,1,2024-04-10,2024-11-10,canceled
1767,1276,1,2024-12-10,,active
1768,1277,4,2023-08-25,2024-03-25,superseded
1769,1277,6,2024-03-25,2024-12-25,superseded
1770,1277,4,2024-12-25,,active
1771,1278,6,2024-12-01,,active
1772,1279,8,2023-04-11,,active
1773,1280,2,2024-02-13,2024-05-13,canceled
1774,1281,3,2024-05-05,2024-09-05,canceled
1775,1282,1,2024-06-04,2024-10-04,canceled
1776,1283,1,2024-03-31,2024-11-30,canceled
1777,1284,1,2022-02-16,2022-08-16,canceled
1778,1284,4,2023-11-16,2024-10-16,superseded
1779,1284,2,2024-10-16,,active
1780,1285,1,2023-10-13,2024-01-13,canceled
1781,1286,3,2024-03-09,2024-04-09,superseded
1782,1286,4,2024-04-09,2024-11-09,superseded
1783,1286,6,2024-11-09,,active
1784,1287,8,2023-01-01,2023-06-01,canceled
1785,1287,6,2024-01-01,2024-02-01,superseded
1786,1287,5,2024-02-01,2024-10-01,canceled
1787,1288,2,2023-11-29,,active
1788,1289,2,2022-06-12,2022-07-12,canceled
1789,1289,2,2024-09-12,2024-11-12,superseded
1790,1289,4,2024-11-12,,active
1791,1290,2,2022-12-12,2023-11-12,canceled
1792,1291,2,2023-12-17,2024-05-17,superseded
1793,1291,4,2024-05-17,,active
1794,1292,5,2023-04-07,2024-07-07,superseded
1795,1292,2,2024-07-07,,active
1796,1293,1,2024-03-18,2024-04-18,superseded
1797,1293,3,2024-04-18,2024-11-18,superseded
1798,1293,1,2024-11-18,,active
1799,1294,3,2024-06-19,,active
1800,1295,5,2024-08-14,,active
1801,1296,6,2023-07-22,2024-08-22,superseded
1802,1296,8,2024-08-22,,active
1803,1297,3,2023-05-06,2023-08-06,canceled
1804,1298,3,2023-02-22,2023-10-22,superseded
1805,1298,1,2023-10-22,2024-03-22,canceled
1806,1299,6,2024-05-12,,active
1807,1300,1,2024-06-28,,active
1808,1301,4,2022-06-24,2022-10-24,superseded
1809,1301,6,2022-10-24,,active
1810,1302,7,2024-11-13,,active
1811,1303,4,2022-09-15,2023-12-15,superseded
1812,1303,2,2023-12-15,2024-03-15,superseded
1813,1303,1,2024-03-15,2024-04-15,canceled
1814,1304,3,2024-03-10,,active
1815,1305,3,2024-06-10,,active
1816,1306,4,2024-10-11,2024-12-11,canceled
1817,1307,4,2024-06-09,,active
1818,1308,1,2024-08-19,2024-10-19,canceled
1819,1309,5,2023-11-05,2024-01-05,superseded
1820,1309,7,2024-01-05,2024-03-05,superseded
1821,1309,8,2024-03-05,,active
1822,1310,6,2024-09-09,,active
1823,1311,4,2022-12-30,2023-04-28,superseded
1824,1311,6,2023-04-28,2024-03-28,canceled
1825,1312,2,2024-10-16,2024-11-16,canceled
1826,1313,2,2024-03-19,2024-07-19,canceled
1827,1314,2,2024-09-02,,active
1828,1315,1,2024-01-02,2024-02-02,canceled
1829,1316,4,2024-05-14,,active
1830,1317,4,2024-03-08,2024-06-08,superseded
1831,1317,6,2024-06-08,,active
1832,1318,2,2024-07-21,,active
1833,1319,5,2023-01-02,2023-10-02,canceled
1834,1320,1,2022-10-23,2023-01-23,canceled
1835,1320,1,2024-06-23,2024-12-23,superseded
1836,1320,2,2024-12-23,,active
1837,1321,7,2023-08-13,2024-02-13,canceled
1838,1322,1,2023-05-03,2023-08-03,canceled
1839,1322,1,2023-09-03,2023-12-03,canceled
1840,1323,1,2024-10-05,,active
1841,1324,3,2023-07-18,2023-11-18,canceled
1842,1324,1,2024-09-18,,active
1843,1325,1,2024-12-25,,active
1844,1326,5,2023-10-07,,active
1845,1327,1,2023-06-20,2024-03-20,canceled
1846,1328,1,2024-08-09,2024-12-09,canceled
1847,1329,8,2024-05-03,,active
1848,1330,6,2024-02-07,,active
1849,1331,1,2024-03-10,2024-04-10,canceled
1850,1332,5,2024-07-26,,active
1851,1333,2,2023-08-27,2023-10-27,canceled
1852,1334,3,2024-12-24,,active
1853,1335,1,2024-12-31,,active
1854,1336,1,2024-05-10,,active
1855,1337,1,2023-07-15,2023-09-15,canceled
1856,1338,2,2024-06-07,2024-12-07,superseded
1857,1338,4,2024-12-07,,active
1858,1339,5,2022-11-16,2024-09-16,superseded
1859,1339,6,2024-09-16,,active
1860,1340,2,2022-05-22,2023-04-22,superseded
1861,1340,5,2023-04-22,2023-07-22,superseded
1862,1340,6,2023-07-22,2024-05-22,canceled
1863,1341,1,2023-09-02,2024-02-02,canceled
1864,1342,1,2024-01-23,2024-02-23,superseded
1865,1342,2,2024-02-23,,active
1866,1343,2,2024-10-01,,active
1867,1344,7,2024-07-30,,active
1868,1345,3,2024-07-28,,active
1869,1346,3,2024-01-17,,active
1870,1347,2,2023-11-28,2024-04-28,superseded
1871,1347,5,2024-04-28,,active
1872,1348,1,2023-11-15,2024-03-15,canceled
1873,1349,8,2024-12-30,,active
1874,1350,2,2022-07-06,2023-02-06,superseded
1875,1350,4,2023-02-06,2023-05-06,canceled
1876,1351,1,2024-10-10,,active
1877,1352,1,2024-04-26,2024-05-26,canceled
1878,1353,1,2024-01-27,2024-09-27,canceled
1879,1354,1,2024-07-08,,active
1880,1355,1,2024-02-03,2024-09-03,canceled
1881,1356,4,2024-10-28,,active
1882,1357,2,2024-10-05,,active
1883,1358,1,2024-01-15,,active
1884,1359,1,2023-09-18,2024-08-18,canceled
1885,1360,4,2024-04-23,2024-10-23,canceled
1886,1361,1,2024-10-30,2024-12-30,canceled
1887,1362,2,2023-07-30,,active
1888,1363,1,2024-05-24,,active
1889,1364,1,2024-05-24,,active
1890,1365,2,2024-07-31,2024-09-30,superseded
1891,1365,4,2024-09-30,,active
1892,1366,1,2023-04-29,2023-10-29,canceled
1893,1367,1,2024-07-07,,active
1894,1368,1,2024-10-20,,active
1895,1369,2,2023-06-20,2023-07-20,canceled
1896,1370,1,2023-08-23,2024-05-23,canceled
1897,1371,5,2024-12-16,,active
1898,1372,2,2023-06-16,2023-12-16,canceled
1899,1373,3,2024-09-14,2024-11-14,superseded
1900,1373,5,2024-11-14,,active
1901,1374,1,2024-02-14,,active
1902,1375,2,2023-08-07,2024-01-07,canceled
1903,1376,6,2024-10-28,,active
1904,1377,1,2024-01-29,2024-02-29,canceled
1905,1378,3,2024-02-24,,active
1906,1379,5,2023-11-24,2024-03-24,superseded
1907,1379,2,2024-03-24,2024-05-24,canceled
1908,1380,6,2024-04-23,,active
1909,1381,8,2023-05-27,2023-06-27,superseded
1910,1381,6,2023-06-27,2024-03-27,superseded
1911,1381,5,2024-03-27,,active
1912,1382,7,2023-12-18,,active
1913,1383,1,2024-11-17,,active
1914,1384,1,2023-09-15,2024-02-15,canceled
1915,1384,2,2024-09-15,,active
1916,1385,1,2024-05-15,,active
1917,1386,1,2023-10-23,2024-07-23,canceled
1918,1387,5,2024-08-15,2024-10-15,canceled
1919,1388,3,2023-04-19,2023-05-19,canceled
1920,1389,1,2024-12-14,,active
1921,1390,6,2024-01-29,,active
1922,1391,2,2023-08-09,2024-01-09,canceled
1923,1392,4,2022-11-06,2023-04-06,canceled
1924,1393,2,2023-06-15,2023-11-15,superseded
1925,1393,5,2023-11-15,2024-02-15,canceled
1926,1394,5,2024-03-24,,active
1927,1395,1,2023-10-13,2024-07-13,canceled
1928,1396,1,2024-09-11,2024-12-11,canceled
1929,1397,4,2024-01-28,2024-07-28,canceled
1930,1398,2,2023-08-10,2023-11-10,canceled
1931,1399,4,2024-04-21,2024-08-21,superseded
1932,1399,2,2024-08-21,2024-09-21,superseded
1933,1399,4,2024-09-21,,active
1934,1400,1,2024-06-01,2024-07-01,canceled
1935,1401,3,2023-05-28,2023-06-28,canceled
1936,1402,3,2023-05-16,2023-06-16,superseded
1937,1402,5,2023-06-16,2024-10-16,canceled
1938,1403,1,2022-06-14,2022-12-14,canceled
1939,1403,4,2023-08-14,,active
1940,1404,4,2024-07-29,2024-12-29,superseded
1941,1404,6,2024-12-29,,active
1942,1405,1,2024-05-27,,active
1943,1406,1,2024-02-12,2024-06-12,canceled
1944,1406,2,2024-09-12,2024-10-12,canceled
1945,1407,2,2024-09-27,2024-11-27,canceled
1946,1408,1,2024-09-04,,active
1947,1409,4,2024-04-20,2024-06-20,canceled
1948,1410,2,2024-10-18,,active
1949,1411,3,2023-07-30,2023-08-30,superseded
1950,1411,5,2023-08-30,2024-11-29,canceled
1951,1412,3,2023-03-29,2023-05-29,canceled
1952,1413,7,2023-09-18,2023-10-18,superseded
1953,1413,8,2023-10-18,2024-06-18,superseded
1954,1413,7,2024-06-18,,active
1955,1414,8,2022-09-28,,active
1956,1415,3,2024-03-23,,active
1957,1416,2,2024-11-21,,active
1958,1417,2,2022-07-20,2023-02-20,canceled
1959,1418,1,2023-03-20,,active
1960,1419,1,2024-01-20,2024-06-20,canceled
1961,1420,2,2024-11-17,2024-12-17,superseded
1962,1420,1,2024-12-17,,active
1963,1421,1,2023-10-29,2023-12-29,canceled
1964,1422,1,2024-02-01,2024-09-01,canceled
1965,1423,2,2022-07-24,2023-11-24,superseded
1966,1423,4,2023-11-24,2024-01-24,canceled
1967,1424,2,2023-05-14,2023-06-14,canceled
1968,1425,1,2024-12-07,,active
1969,1426,2,2024-11-26,,active
1970,1427,1,2022-01-25,2022-03-25,canceled
1971,1428,1,2024-11-24,,active
1972,1429,1,2024-05-07,,active
1973,1430,5,2024-10-30,,active
1974,1431,3,2024-01-05,,active
1975,1432,2,2024-02-11,2024-05-11,canceled
1976,1433,1,2024-02-02,,active
1977,1434,4,2024-05-11,,active
1978,1435,1,2023-04-11,2024-07-11,canceled
1979,1436,1,2022-05-05,2022-07-05,canceled
1980,1436,2,2024-05-05,,active
1981,1437,1,2023-10-21,2024-02-21,superseded
1982,1437,2,2024-02-21,2024-10-21,canceled
1983,1438,1,2024-06-06,2024-10-06,canceled
1984,1439,7,2023-07-23,2024-04-23,canceled
1985,1439,2,2024-06-23,,active
1986,1440,1,2024-06-03,,active
1987,1441,1,2024-12-31,,active
1988,1442,3,2023-01-12,2023-04-12,canceled
1989,1443,1,2024-06-15,2024-07-15,superseded
1990,1443,3,2024-07-15,,active
1991,1444,1,2024-01-05,2024-03-05,canceled
1992,1445,1,2024-10-17,,active
1993,1446,1,2023-06-04,2024-06-04,canceled
1994,1447,2,2024-06-05,2024-12-05,superseded
1995,1447,1,2024-12-05,,active
1996,1448,5,2024-09-28,2024-10-28,canceled
1997,1449,2,2024-11-22,,active
1998,1450,8,2024-06-29,,active
1999,1451,1,2024-02-10,2024-08-10,canceled
2000,1452,1,2024-05-07,2024-12-07,canceled
2001,1453,2,2024-10-11,2024-11-11,superseded
2002,1453,5,2024-11-11,,active
2003,1454,3,2024-04-06,,active
2004,1455,1,2022-05-17,2023-11-17,canceled
2005,1456,4,2024-11-09,,active
2006,1457,3,2024-06-08,2024-11-08,canceled
2007,1458,1,2024-06-18,2024-11-18,superseded
2008,1458,3,2024-11-18,,active
2009,1459,1,2023-07-22,,active
2010,1460,3,2024-05-13,2024-06-13,canceled
2011,1461,2,2023-12-27,2024-08-27,canceled
2012,1462,3,2024-05-11,2024-06-11,superseded
2013,1462,1,2024-06-11,2024-07-11,canceled
2014,1463,1,2023-02-18,2023-04-18,canceled
2015,1464,1,2024-05-19,,active
2016,1465,1,2024-12-15,,active
2017,1466,1,2022-08-25,2023-12-25,canceled
2018,1466,3,2024-06-25,,active
2019,1467,1,2024-12-28,,active
2020,1468,1,2023-12-06,2024-05-06,canceled
2021,1469,2,2024-10-29,,active
2022,1470,4,2024-08-04,2024-09-04,canceled
2023,1471,1,2024-03-25,2024-10-25,superseded
2024,1471,2,2024-10-25,,active
2025,1472,5,2024-07-13,,active
2026,1473,2,2024-10-21,2024-12-21,superseded
2027,1473,1,2024-12-21,,active
2028,1474,1,2023-12-19,2024-04-19,canceled
2029,1475,1,2023-10-16,2024-03-16,canceled
2030,1476,6,2024-06-19,,active
2031,1477,4,2024-09-11,2024-11-11,canceled
2032,1478,4,2024-08-03,2024-10-03,superseded
2033,1478,6,2024-10-03,,active
2034,1479,4,2024-08-04,,active
2035,1480,6,2024-01-27,2024-02-27,canceled
2036,1481,1,2024-09-20,,active
2037,1482,2,2023-03-13,2023-07-13,superseded
2038,1482,5,2023-07-13,2023-12-13,superseded
2039,1482,2,2023-12-13,2024-02-13,superseded
2040,1482,4,2024-02-13,,active
2041,1483,2,2024-03-07,2024-10-07,canceled
2042,1484,6,2022-01-21,2022-08-21,superseded
2043,1484,8,2022-08-21,2023-04-21,superseded
2044,1484,6,2023-04-21,2024-05-21,superseded
2045,1484,4,2024-05-21,,active
2046,1485,4,2023-10-15,2024-10-15,canceled
2047,1486,1,2023-11-07,2024-03-07,canceled
2048,1486,4,2024-07-07,,active
2049,1487,3,2023-12-26,2024-01-26,superseded
2050,1487,1,2024-01-26,,active
2051,1488,1,2024-06-14,,active
2052,1489,1,2023-12-19,2024-04-19,canceled
2053,1490,4,2024-01-05,2024-03-05,superseded
2054,1490,2,2024-03-05,2024-07-05,superseded
2055,1490,1,2024-07-05,,active
2056,1491,1,2023-08-31,2023-09-30,canceled
2057,1492,2,2023-11-12,2024-02-12,canceled
2058,1493,2,2023-08-14,,active
2059,1494,1,2022-11-13,2023-03-13,canceled
2060,1495,1,2024-04-06,2024-08-06,canceled
2061,1496,3,2024-06-30,,active
2062,1497,1,2024-05-28,2024-10-28,canceled
2063,1498,1,2024-01-01,2024-03-01,canceled
2064,1499,2,2023-11-05,2024-04-05,canceled
2065,1500,1,2024-10-15,,active
2066,1501,2,2024-03-20,2024-11-20,superseded
2067,1501,4,2024-11-20,,active
2068,1502,1,2024-02-15,2024-06-15,canceled
2069,1503,2,2022-05-01,2023-06-01,superseded
2070,1503,5,2023-06-01,,active
2071,1504,4,2023-11-17,2024-02-17,canceled
2072,1505,4,2023-11-02,2024-02-02,canceled
2073,1506,1,2023-12-04,2024-01-04,canceled
2074,1507,1,2024-04-24,,active
2075,1508,1,2024-03-25,2024-06-25,canceled
2076,1509,2,2024-04-20,,active
2077,1510,2,2024-08-31,,active
2078,1511,1,2024-09-19,,active
2079,1512,2,2024-07-25,2024-08-25,canceled
2080,1513,8,2024-11-19,,active
2081,1514,4,2022-03-26,,active
2082,1515,4,2023-07-20,2024-04-20,canceled
2083,1516,1,2022-02-02,2022-04-02,canceled
2084,1517,4,2024-05-22,,active
2085,1518,1,2024-10-10,,active
2086,1519,5,2023-08-26,,active
2087,1520,4,2024-11-28,,active
2088,1521,2,2022-10-30,2022-12-30,canceled
2089,1522,4,2024-11-26,,active
2090,1523,5,2023-11-06,2024-10-06,canceled
2091,1524,2,2023-02-03,2023-06-03,canceled
2092,1525,1,2024-02-27,2024-05-27,canceled
2093,1526,1,2023-09-08,,active
2094,1527,1,2023-09-19,2023-12-19,canceled
2095,1528,5,2023-10-25,,active
2096,1529,2,2024-09-16,2024-11-16,canceled
2097,1530,4,2024-03-18,,active
2098,1531,1,2023-10-09,2023-11-09,canceled
2099,1532,1,2024-04-30,2024-08-30,canceled
2100,1532,1,2024-11-30,2024-12-30,canceled
2101,1533,1,2024-07-17,,active
2102,1534,3,2023-09-21,2024-02-21,canceled
2103,1535,4,2024-01-21,,active
2104,1536,1,2023-03-04,2023-12-04,canceled
2105,1537,1,2023-06-22,2024-05-22,canceled
2106,1538,4,2024-06-07,,active
2107,1539,1,2023-06-11,2024-01-11,canceled
2108,1539,1,2024-11-11,,active
2109,1540,1,2024-03-01,2024-05-01,canceled
2110,1541,1,2024-06-12,,active
2111,1542,6,2023-02-01,2023-03-01,canceled
2112,1543,8,2024-03-29,2024-05-29,superseded
2113,1543,6,2024-05-29,2024-06-29,canceled
2114,1544,2,2023-09-23,2024-06-23,canceled
2115,1545,2,2024-11-13,,active
2116,1546,1,2024-02-06,2024-06-06,canceled
2117,1547,8,2024-09-15,,active
2118,1548,1,2024-03-09,,active
2119,1549,6,2022-08-25,2022-10-25,canceled
2120,1550,4,2024-05-25,,active
2121,1551,4,2024-11-09,,active
2122,1552,2,2024-04-16,2024-05-16,canceled
2123,1553,6,2024-09-21,2024-10-21,canceled
2124,1554,3,2024-10-07,,active
2125,1555,2,2023-08-09,,active
2126,1556,1,2023-07-09,2024-04-09,canceled
2127,1557,4,2024-04-21,2024-09-21,canceled
2128,1557,1,2024-10-21,,active
2129,1558,3,2024-01-09,2024-04-09,superseded
2130,1558,5,2024-04-09,,active
2131,1559,3,2024-09-01,2024-12-01,canceled
2132,1560,1,2024-10-14,,active
2133,1561,1,2023-11-03,2024-02-03,canceled
2134,1561,1,2024-08-03,2024-10-03,canceled
2135,1562,1,2023-08-27,2024-05-27,canceled
2136,1563,1,2024-08-12,2024-11-12,canceled
2137,1564,1,2023-09-21,2023-10-21,canceled
2138,1565,3,2024-09-03,,active
2139,1566,2,2024-01-07,,active
2140,1567,4,2024-06-07,,active
2141,1568,1,2023-01-23,2023-02-23,canceled
2142,1568,2,2024-05-23,,active
2143,1569,1,2024-05-24,2024-11-24,canceled
2144,1570,1,2024-01-19,2024-08-19,superseded
2145,1570,2,2024-08-19,2024-10-19,canceled
2146,1571,4,2024-04-21,2024-05-21,canceled
2147,1572,5,2023-05-15,2024-07-15,superseded
2148,1572,2,2024-07-15,,active
2149,1573,6,2024-07-11,,active
2150,1574,1,2024-09-26,,active
2151,1575,2,2023-07-28,2023-08-28,canceled
2152,1576,2,2023-01-30,2023-06-28,superseded
2153,1576,4,2023-06-28,2024-02-28,canceled
2154,1577,1,2022-04-01,2022-11-01,canceled
2155,1577,2,2024-03-01,2024-10-01,superseded
2156,1577,1,2024-10-01,2024-12-01,canceled
2157,1578,4,2024-05-23,,active
2158,1579,2,2024-04-29,2024-08-29,canceled
2159,1580,4,2024-03-06,2024-09-06,canceled
2160,1581,5,2023-08-04,2024-08-04,superseded
2161,1581,7,2024-08-04,,active
2162,1582,1,2023-12-26,2024-02-26,canceled
2163,1583,2,2024-04-24,2024-08-24,superseded
2164,1583,4,2024-08-24,,active
2165,1584,2,2024-02-19,2024-06-19,superseded
2166,1584,4,2024-06-19,2024-12-19,canceled
2167,1585,1,2024-12-07,,active
2168,1586,1,2023-04-04,2023-05-04,canceled
2169,1587,2,2024-06-12,,active
2170,1588,1,2023-12-02,2024-05-02,canceled
2171,1589,2,2024-01-13,2024-09-13,canceled
2172,1590,1,2024-07-01,,active
2173,1591,6,2024-06-19,,active
2174,1592,1,2024-12-25,,active
2175,1593,2,2023-04-09,2024-09-09,superseded
2176,1593,4,2024-09-09,2024-12-09,superseded
2177,1593,6,2024-12-09,,active
2178,1594,6,2023-02-20,2024-04-20,superseded
2179,1594,8,2024-04-20,2024-06-20,superseded
2180,1594,6,2024-06-20,2024-11-20,superseded
2181,1594,8,2024-11-20,,active
2182,1595,2,2024-07-20,2024-11-20,superseded
2183,1595,4,2024-11-20,,active
2184,1596,1,2024-04-12,2024-12-12,superseded
2185,1596,2,2024-12-12,,active
2186,1597,1,2023-09-17,2023-10-17,canceled
2187,1598,1,2022-12-18,2023-01-18,canceled
2188,1598,2,2023-09-18,2023-10-18,canceled
2189,1599,6,2023-01-07,2024-05-07,superseded
2190,1599,8,2024-05-07,,active
2191,1600,2,2024-10-22,2024-12-22,superseded
2192,1600,1,2024-12-22,,active
2193,1601,2,2023-06-06,2023-09-06,superseded
2194,1601,5,2023-09-06,,active
2195,1602,1,2023-10-10,2024-08-10,canceled
2196,1603,1,2023-08-29,2023-10-29,canceled
2197,1604,1,2023-11-30,2024-04-29,canceled
2198,1605,5,2022-11-17,2023-03-17,canceled
2199,1606,2,2024-03-19,,active
2200,1607,4,2022-11-29,2023-06-28,superseded
2201,1607,6,2023-06-28,2024-03-28,superseded
2202,1607,8,2024-03-28,2024-09-28,superseded
2203,1607,6,2024-09-28,,active
2204,1608,1,2024-08-04,,active
2205,1609,2,2023-08-29,,active
2206,1610,2,2024-03-29,,active
2207,1611,2,2024-10-06,,active
2208,1612,1,2024-05-21,2024-09-21,canceled
2209,1613,1,2024-03-02,,active
2210,1614,1,2023-10-28,2023-11-28,canceled
2211,1615,4,2023-10-08,,active
2212,1616,2,2024-06-21,2024-12-21,superseded
2213,1616,4,2024-12-21,,active
2214,1617,1,2024-12-18,,active
2215,1618,7,2024-05-16,2024-10-16,superseded
2216,1618,8,2024-10-16,,active
2217,1619,2,2024-03-15,2024-04-15,superseded
2218,1619,5,2024-04-15,2024-05-15,superseded
2219,1619,2,2024-05-15,2024-12-15,canceled
2220,1620,1,2024-07-08,,active
2221,1621,2,2024-01-30,,active
2222,1622,4,2022-10-01,2024-01-01,superseded
2223,1622,6,2024-01-01,2024-11-01,canceled
2224,1623,2,2024-03-24,,active
2225,1624,1,2024-11-16,,active
2226,1625,1,2023-06-16,2023-10-16,canceled
2227,1626,2,2024-06-24,2024-10-24,canceled
2228,1627,1,2023-07-08,2024-07-08,canceled
2229,1628,2,2024-03-10,2024-04-10,canceled
2230,1629,1,2023-02-19,2024-10-19,canceled
2231,1630,1,2024-01-28,2024-06-28,superseded
2232,1630,2,2024-06-28,,active
2233,1631,7,2024-07-21,,active
2234,1632,7,2023-11-03,2024-12-03,canceled
2235,1633,4,2024-05-10,,active
2236,1634,1,2024-08-18,,active
2237,1635,1,2024-11-20,,active
2238,1636,7,2023-08-31,2023-11-30,superseded
2239,1636,8,2023-11-30,2024-05-29,superseded
2240,1636,6,2024-05-29,,active
2241,1637,1,2023-12-13,,active
2242,1638,1,2023-05-06,2024-04-06,canceled
2243,1639,1,2024-12-25,,active
2244,1640,1,2024-11-04,,active
2245,1641,2,2024-03-28,2024-11-28,superseded
2246,1641,1,2024-11-28,,active
2247,1642,1,2024-09-08,,active
2248,1643,2,2024-03-14,,active
2249,1644,5,2024-05-16,2024-09-16,superseded
2250,1644,6,2024-09-16,,active
2251,1645,1,2023-01-18,2023-05-18,canceled
2252,1646,1,2024-07-20,2024-11-20,canceled
2253,1647,1,2023-04-29,,active
2254,1648,4,2024-09-03,,active
2255,1649,3,2024-08-03,,active
2256,1650,2,2024-06-16,2024-11-16,superseded
2257,1650,4,2024-11-16,,active
2258,1651,6,2022-06-01,2024-01-01,superseded
2259,1651,4,2024-01-01,,active
2260,1652,2,2023-10-05,2024-12-05,superseded
2261,1652,4,2024-12-05,,active
2262,1653,2,2023-09-01,2024-07-01,canceled
2263,1654,1,2023-11-08,,active
2264,1655,2,2023-01-19,2023-07-19,superseded
2265,1655,5,2023-07-19,2024-01-19,superseded
2266,1655,2,2024-01-19,2024-11-19,canceled
2267,1656,2,2024-11-19,,active
2268,1657,4,2024-03-15,2024-07-15,canceled
2269,1658,4,2023-10-06,,active
2270,1659,1,2023-12-10,2024-06-10,canceled
2271,1660,4,2024-01-15,,active
2272,1661,4,2024-04-18,2024-07-18,superseded
2273,1661,6,2024-07-18,,active
2274,1662,1,2024-02-23,2024-07-23,canceled
2275,1663,2,2024-11-04,,active
2276,1664,2,2024-02-09,2024-04-09,canceled
2277,1665,3,2024-12-22,,active
2278,1666,1,2024-09-18,,active
2279,1667,1,2023-07-01,2024-04-01,superseded
2280,1667,2,2024-04-01,,active
2281,1668,2,2024-11-15,,active
2282,1669,1,2023-03-18,2023-06-18,canceled
2283,1670,2,2024-09-16,2024-12-16,superseded
2284,1670,4,2024-12-16,,active
2285,1671,5,2023-11-19,2024-01-19,canceled
2286,1672,8,2024-10-30,,active
2287,1673,8,2024-10-29,,active
2288,1674,1,2024-09-01,,active
2289,1675,6,2024-08-03,,active
2290,1676,4,2023-10-17,,active
2291,1677,1,2022-12-01,2023-08-01,canceled
2292,1678,1,2023-12-31,2024-12-29,canceled
2293,1679,6,2023-06-11,,active
2294,1680,2,2024-06-22,2024-07-22,canceled
2295,1681,1,2023-11-12,2023-12-12,canceled
2296,1682,1,2024-12-10,,active
2297,1683,1,2024-05-24,,active
2298,1684,1,2024-09-15,,active
2299,1685,3,2023-04-14,2023-09-14,canceled
2300,1686,3,2024-09-20,2024-10-20,superseded
2301,1686,4,2024-10-20,,active
2302,1687,2,2024-11-28,,active
2303,1688,3,2024-02-19,,active
2304,1689,3,2024-04-30,2024-06-30,superseded
2305,1689,1,2024-06-30,,active
2306,1690,1,2024-08-19,2024-11-19,canceled
2307,1691,4,2023-06-13,,active
2308,1692,2,2024-02-10,2024-03-10,canceled
2309,1692,4,2024-11-10,,active
2310,1693,1,2023-12-15,2024-06-15,canceled
2311,1694,1,2023-04-10,2023-06-10,superseded
2312,1694,2,2023-06-10,2024-05-10,superseded
2313,1694,4,2024-05-10,2024-07-10,canceled
2314,1695,1,2023-11-21,2024-01-21,superseded
2315,1695,2,2024-01-21,2024-02-21,superseded
2316,1695,5,2024-02-21,2024-04-21,canceled
2317,1696,3,2022-11-30,2023-05-28,canceled
2318,1697,1,2022-05-09,2022-06-09,canceled
2319,1697,1,2022-09-09,2022-11-09,canceled
2320,1697,2,2023-03-09,2023-05-09,superseded
2321,1697,5,2023-05-09,2023-09-09,superseded
2322,1697,6,2023-09-09,2024-09-09,canceled
2323,1698,6,2023-04-12,,active
2324,1699,6,2024-11-21,,active
2325,1700,4,2024-03-12,2024-05-12,canceled
2326,1701,4,2024-11-06,2024-12-06,superseded
2327,1701,7,2024-12-06,,active
2328,1702,2,2024-01-23,,active
2329,1703,2,2023-10-14,2023-12-14,superseded
2330,1703,1,2023-12-14,2024-10-14,superseded
2331,1703,2,2024-10-14,,active
2332,1704,4,2024-02-10,,active
2333,1705,3,2024-01-25,,active
2334,1706,1,2023-02-06,2023-11-06,canceled
2335,1706,2,2024-09-06,,active
2336,1707,5,2024-05-22,,active
2337,1708,2,2023-07-12,,active
2338,1709,1,2024-05-01,2024-06-01,canceled
2339,1710,3,2024-05-14,2024-11-14,canceled
2340,1711,4,2023-05-05,,active
2341,1712,2,2022-10-18,2023-10-18,canceled
2342,1713,2,2024-08-18,,active
2343,1714,8,2024-01-14,2024-12-14,superseded
2344,1714,6,2024-12-14,,active
2345,1715,2,2022-10-30,2022-12-30,canceled
2346,1715,1,2023-06-28,2023-07-28,canceled
2347,1716,2,2024-12-05,,active
2348,1717,1,2022-09-25,2023-10-25,canceled
2349,1717,1,2024-09-25,2024-12-25,canceled
2350,1718,6,2024-06-24,,active
2351,1719,1,2024-12-05,,active
2352,1720,7,2023-08-03,2024-01-03,canceled
2353,1720,2,2024-04-03,,active
2354,1721,2,2023-04-01,2024-04-01,superseded
2355,1721,4,2024-04-01,2024-11-01,superseded
2356,1721,7,2024-11-01,2024-12-01,superseded
2357,1721,8,2024-12-01,,active
2358,1722,1,2023-03-04,2023-04-04,canceled
2359,1722,1,2023-10-04,2023-12-04,superseded
2360,1722,2,2023-12-04,,active
2361,1723,2,2023-10-16,2024-06-16,superseded
2362,1723,5,2024-06-16,,active
2363,1724,8,2023-02-22,2024-03-22,superseded
2364,1724,7,2024-03-22,2024-04-22,superseded
2365,1724,4,2024-04-22,,active
2366,1725,6,2024-06-20,,active
2367,1726,4,2022-10-12,2024-08-12,superseded
2368,1726,7,2024-08-12,,active
2369,1727,1,2024-02-09,2024-09-09,superseded
2370,1727,3,2024-09-09,,active
2371,1728,4,2024-12-17,,active
2372,1729,3,2024-09-03,2024-12-03,superseded
2373,1729,5,2024-12-03,,active
2374,1730,4,2024-04-07,,active
2375,1731,2,2023-10-25,2023-11-25,superseded
2376,1731,5,2023-11-25,2023-12-25,superseded
2377,1731,3,2023-12-25,2024-02-25,superseded
2378,1731,1,2024-02-25,,active
2379,1732,2,2024-05-07,,active
2380,1733,1,2024-03-23,2024-06-23,canceled
2381,1734,6,2024-01-06,2024-02-06,canceled
2382,1735,2,2023-04-17,2023-10-17,canceled
2383,1736,2,2024-10-04,2024-11-04,superseded
2384,1736,4,2024-11-04,,active
2385,1737,1,2024-01-12,2024-10-12,canceled
2386,1738,1,2023-07-11,2023-10-11,canceled
2387,1739,2,2023-11-24,2023-12-24,canceled
2388,1740,3,2024-01-18,2024-03-18,canceled
2389,1741,1,2024-09-28,,active
2390,1742,5,2024-07-22,2024-11-22,canceled
2391,1743,2,2024-08-22,,active
2392,1744,2,2022-02-03,2022-05-03,superseded
2393,1744,4,2022-05-03,2023-02-03,superseded
2394,1744,7,2023-02-03,2023-06-03,superseded
2395,1744,8,2023-06-03,2024-05-03,superseded
2396,1744,7,2024-05-03,,active
2397,1745,2,2024-01-04,2024-07-04,superseded
2398,1745,4,2024-07-04,,active
2399,1746,2,2024-02-12,,active
2400,1747,2,2022-03-13,2023-11-13,canceled
2401,1748,1,2023-09-09,2024-11-09,canceled
2402,1749,6,2024-08-25,,active
2403,1750,3,2023-04-16,2024-02-16,superseded
2404,1750,4,2024-02-16,,active
2405,1751,2,2024-03-17,,active
2406,1752,1,2023-07-09,2023-10-09,canceled
2407,1753,1,2022-02-01,2022-07-01,canceled
2408,1754,1,2023-08-22,2023-09-22,canceled
2409,1755,7,2024-12-11,,active
2410,1756,6,2024-08-03,,active
2411,1757,7,2024-11-15,2024-12-15,superseded
2412,1757,8,2024-12-15,,active
2413,1758,8,2024-02-09,2024-07-09,canceled
2414,1759,1,2023-02-01,,active
2415,1760,2,2024-03-30,,active
2416,1761,3,2024-01-15,2024-12-15,superseded
2417,1761,4,2024-12-15,,active
2418,1762,1,2024-09-28,,active
2419,1763,4,2023-02-14,2023-07-14,canceled
2420,1764,6,2024-02-04,,active
2421,1765,2,2023-05-18,,active
2422,1766,4,2023-10-17,2024-05-17,superseded
2423,1766,2,2024-05-17,2024-08-17,superseded
2424,1766,5,2024-08-17,2024-11-17,canceled
2425,1767,6,2024-07-13,,active
2426,1768,4,2024-02-11,2024-07-11,superseded
2427,1768,6,2024-07-11,,active
2428,1769,2,2023-11-12,2024-05-12,superseded
2429,1769,4,2024-05-12,,active
2430,1770,1,2023-12-29,,active
2431,1771,1,2024-01-12,2024-03-12,canceled
2432,1772,4,2024-08-08,,active
2433,1773,1,2024-10-03,,active
2434,1774,2,2024-11-18,,active
2435,1775,1,2024-08-19,2024-09-19,canceled
2436,1776,1,2023-10-16,2024-07-16,canceled
2437,1777,1,2024-06-13,2024-11-13,canceled
2438,1778,1,2024-01-23,2024-06-23,canceled
2439,1779,1,2023-09-25,2024-04-25,canceled
2440,1780,1,2024-09-14,,active
2441,1781,1,2022-07-03,2022-09-03,canceled
2442,1782,1,2024-10-02,,active
2443,1783,1,2024-01-20,2024-08-20,canceled
2444,1784,2,2024-05-04,,active
2445,1785,6,2024-05-17,2024-06-17,superseded
2446,1785,8,2024-06-17,2024-09-17,superseded
2447,1785,7,2024-09-17,2024-12-17,superseded
2448,1785,8,2024-12-17,,active
2449,1786,2,2024-10-21,,active
2450,1787,2,2024-05-22,2024-12-22,superseded
2451,1787,4,2024-12-22,,active
2452,1788,5,2024-04-20,,active
2453,1789,2,2022-10-29,2023-12-28,canceled
2454,1789,3,2024-06-28,,active
2455,1790,1,2024-03-19,2024-08-19,canceled
2456,1791,2,2023-05-31,2024-01-30,superseded
2457,1791,4,2024-01-30,2024-12-29,superseded
2458,1791,2,2024-12-29,,active
2459,1792,4,2024-07-20,2024-08-20,superseded
2460,1792,7,2024-08-20,2024-10-20,canceled
2461,1792,8,2024-11-20,,active
2462,1793,2,2024-02-24,,active
2463,1794,3,2024-06-05,2024-12-05,superseded
2464,1794,1,2024-12-05,,active
2465,1795,2,2022-07-28,2022-10-28,canceled
2466,1796,4,2023-01-03,2024-11-03,canceled
2467,1797,2,2024-07-10,,active
2468,1798,4,2022-11-13,2023-01-13,canceled
2469,1799,1,2022-11-26,2023-01-26,canceled
2470,1799,5,2023-12-26,2024-07-26,superseded
2471,1799,6,2024-07-26,2024-08-26,superseded
2472,1799,8,2024-08-26,,active
2473,1800,5,2022-02-14,2022-04-14,canceled
2474,1800,1,2022-09-14,2024-05-14,canceled
2475,1800,6,2024-09-14,,active
2476,1801,5,2024-11-09,,active
2477,1802,2,2024-07-22,,active
2478,1803,1,2023-11-24,2023-12-24,superseded
2479,1803,2,2023-12-24,,active
2480,1804,2,2023-10-03,2024-02-03,canceled
2481,1805,1,2023-11-14,2024-04-14,canceled
2482,1806,2,2024-08-13,,active
2483,1807,1,2024-05-04,2024-08-04,canceled
2484,1807,2,2024-10-04,,active
2485,1808,1,2023-06-22,2023-07-22,canceled
2486,1808,3,2024-10-22,,active
2487,1809,1,2023-06-09,2023-08-09,superseded
2488,1809,3,2023-08-09,2024-05-09,superseded
2489,1809,4,2024-05-09,2024-12-09,canceled
2490,1810,3,2023-02-25,2024-03-25,canceled
2491,1811,1,2024-05-13,,active
2492,1812,6,2024-08-07,,active
2493,1813,3,2023-09-15,2024-01-15,canceled
2494,1813,4,2024-08-15,,active
2495,1814,1,2022-04-18,2022-08-18,canceled
2496,1814,3,2023-05-18,2023-12-18,canceled
2497,1814,1,2024-10-18,2024-11-18,superseded
2498,1814,2,2024-11-18,,active
2499,1815,2,2023-01-14,2023-03-14,superseded
2500,1815,1,2023-03-14,2023-07-14,canceled
2501,1816,1,2024-11-26,,active
2502,1817,1,2023-10-27,,active
2503,1818,1,2024-08-02,,active
2504,1819,2,2024-05-23,2024-12-23,canceled
2505,1820,1,2023-11-13,2024-04-13,canceled
2506,1821,4,2023-07-26,2024-01-26,superseded
2507,1821,6,2024-01-26,2024-04-26,superseded
2508,1821,5,2024-04-26,,active
2509,1822,2,2023-03-15,2023-12-15,canceled
2510,1822,3,2024-09-15,2024-11-15,superseded
2511,1822,5,2024-11-15,,active
2512,1823,1,2024-04-30,2024-09-30,canceled
2513,1824,1,2024-08-08,,active
2514,1825,3,2024-05-15,2024-08-15,canceled
2515,1826,2,2024-03-14,2024-06-14,superseded
2516,1826,4,2024-06-14,2024-09-14,canceled
2517,1827,1,2022-07-25,2023-06-25,canceled
2518,1828,3,2024-11-27,,active
2519,1829,4,2024-08-04,,active
2520,1830,3,2023-09-12,2024-09-12,canceled
2521,1831,6,2024-12-11,,active
2522,1832,3,2024-04-21,2024-09-21,superseded
2523,1832,4,2024-09-21,,active
2524,1833,1,2024-04-01,2024-05-01,canceled
2525,1834,6,2024-07-03,,active
2526,1835,1,2024-09-25,2024-11-25,canceled
2527,1836,3,2024-05-22,2024-07-22,superseded
2528,1836,1,2024-07-22,,active
2529,1837,1,2023-04-28,2023-11-28,canceled
2530,1838,4,2023-10-27,2024-04-27,canceled
2531,1839,4,2024-11-12,,active
2532,1840,5,2023-08-29,,active
2533,1841,1,2023-11-18,2024-05-18,canceled
2534,1841,1,2024-10-18,2024-11-18,canceled
2535,1842,4,2024-01-15,2024-06-15,canceled
2536,1843,6,2024-01-13,2024-03-13,superseded
2537,1843,4,2024-03-13,,active
2538,1844,1,2024-04-12,2024-06-12,superseded
2539,1844,2,2024-06-12,2024-12-12,canceled
2540,1845,4,2024-11-17,,active
2541,1846,1,2023-08-22,2023-12-22,canceled
2542,1847,1,2023-03-31,2024-08-29,canceled
2543,1848,1,2023-07-16,2023-09-16,canceled
2544,1849,1,2024-10-07,,active
2545,1850,1,2024-05-14,2024-12-14,canceled
2546,1851,4,2023-09-09,2024-10-09,superseded
2547,1851,6,2024-10-09,,active
2548,1852,3,2024-09-19,2024-12-19,superseded
2549,1852,4,2024-12-19,,active
2550,1853,1,2024-09-05,,active
2551,1854,1,2024-09-07,2024-12-07,canceled
2552,1855,4,2024-11-09,,active
2553,1856,6,2023-09-30,,active
2554,1857,1,2024-07-31,2024-08-31,canceled
2555,1858,5,2024-01-26,2024-10-26,superseded
2556,1858,6,2024-10-26,,active
2557,1859,1,2024-09-10,,active
2558,1860,1,2024-07-29,2024-11-29,canceled
2559,1861,1,2024-08-17,2024-10-17,superseded
2560,1861,3,2024-10-17,2024-12-17,canceled
2561,1862,4,2024-05-03,2024-10-03,canceled
2562,1863,5,2023-06-04,2024-09-04,canceled
2563,1864,2,2024-03-27,,active
2564,1865,4,2024-12-29,,active
2565,1866,1,2024-11-09,,active
2566,1867,2,2022-08-24,2022-10-24,superseded
2567,1867,1,2022-10-24,2023-04-24,superseded
2568,1867,3,2023-04-24,2024-07-24,superseded
2569,1867,4,2024-07-24,,active
2570,1868,4,2023-05-28,,active
2571,1869,5,2023-04-07,,active
2572,1870,6,2024-07-09,,active
2573,1871,5,2024-09-29,2024-12-29,superseded
2574,1871,2,2024-12-29,,active
2575,1872,4,2023-07-23,2023-08-23,superseded
2576,1872,7,2023-08-23,2024-05-23,superseded
2577,1872,4,2024-05-23,2024-09-23,canceled
2578,1873,1,2024-02-24,2024-03-24,canceled
2579,1874,7,2024-09-28,2024-12-28,superseded
2580,1874,8,2024-12-28,,active
2581,1875,7,2024-07-27,2024-08-27,superseded
2582,1875,8,2024-08-27,2024-10-27,superseded
2583,1875,6,2024-10-27,2024-11-27,superseded
2584,1875,8,2024-11-27,,active
2585,1876,1,2024-03-19,2024-04-19,superseded
2586,1876,2,2024-04-19,2024-11-19,superseded
2587,1876,1,2024-11-19,,active
2588,1877,2,2024-04-06,2024-07-06,canceled
2589,1878,2,2024-02-22,2024-08-22,superseded
2590,1878,1,2024-08-22,2024-11-22,canceled
2591,1879,6,2023-10-22,,active
2592,1880,2,2024-03-04,2024-04-04,canceled
2593,1880,1,2024-06-04,2024-09-04,canceled
2594,1881,1,2024-06-27,2024-07-27,canceled
2595,1882,2,2024-10-09,,active
2596,1883,3,2024-05-21,,active
2597,1884,1,2024-08-24,2024-09-24,superseded
2598,1884,2,2024-09-24,,active
2599,1885,1,2023-05-28,2023-08-28,superseded
2600,1885,2,2023-08-28,2024-08-28,canceled
2601,1886,4,2024-01-02,2024-02-02,canceled
2602,1887,2,2022-02-03,2022-05-03,superseded
2603,1887,1,2022-05-03,2022-07-03,canceled
2604,1888,7,2023-08-28,2024-02-28,superseded
2605,1888,8,2024-02-28,2024-04-28,canceled
2606,1889,1,2024-07-13,,active
2607,1890,2,2024-12-21,,active
2608,1891,2,2023-02-24,2024-08-24,canceled
2609,1892,8,2023-12-05,2024-12-05,canceled
2610,1893,1,2024-08-07,2024-11-07,canceled
2611,1894,2,2023-07-19,2024-06-19,canceled
2612,1895,1,2024-03-12,2024-11-12,canceled
2613,1896,2,2024-07-02,2024-08-02,canceled
2614,1897,1,2024-04-21,2024-05-21,canceled
2615,1898,1,2023-06-21,2023-09-21,canceled
2616,1899,6,2023-11-03,2024-11-03,superseded
2617,1899,8,2024-11-03,,active
2618,1900,4,2024-08-05,,active
2619,1901,1,2024-03-14,2024-06-14,superseded
2620,1901,2,2024-06-14,2024-10-14,superseded
2621,1901,1,2024-10-14,,active
2622,1902,1,2022-01-02,2022-04-02,canceled
2623,1903,1,2024-08-15,2024-11-15,canceled
2624,1904,1,2022-06-09,2022-07-09,canceled
2625,1904,1,2023-01-09,2023-06-09,canceled
2626,1905,1,2024-07-24,2024-10-24,canceled
2627,1906,2,2023-07-13,2023-09-13,canceled
2628,1906,2,2024-05-13,,active
2629,1907,1,2024-11-11,,active
2630,1908,1,2023-11-20,2024-11-20,superseded
2631,1908,2,2024-11-20,,active
2632,1909,8,2023-10-26,2024-11-26,superseded
2633,1909,6,2024-11-26,,active
2634,1910,1,2023-05-20,2024-01-20,canceled
2635,1911,1,2023-10-01,2024-05-01,canceled
2636,1912,1,2024-10-16,2024-11-16,canceled
2637,1913,4,2024-12-24,,active
2638,1914,1,2023-11-20,2023-12-20,canceled
2639,1915,2,2024-01-13,,active
2640,1916,1,2024-07-07,2024-09-07,canceled
2641,1917,4,2024-10-28,,active
2642,1918,2,2024-04-08,2024-06-08,superseded
2643,1918,4,2024-06-08,,active
2644,1919,6,2023-12-07,2024-09-07,canceled
2645,1920,4,2024-01-14,2024-05-14,canceled
2646,1921,2,2024-06-23,,active
2647,1922,2,2022-01-15,2023-04-15,canceled
2648,1923,1,2024-05-27,2024-09-27,canceled
2649,1924,6,2023-11-28,2024-07-28,canceled
2650,1925,2,2024-08-24,,active
2651,1926,1,2023-01-02,2023-03-02,canceled
2652,1927,1,2024-04-20,2024-05-20,superseded
2653,1927,2,2024-05-20,2024-09-20,canceled
2654,1928,4,2024-02-08,,active
2655,1929,4,2024-05-11,2024-07-11,superseded
2656,1929,2,2024-07-11,,active
2657,1930,1,2022-10-29,2023-04-28,canceled
2658,1931,6,2024-04-12,2024-12-12,canceled
2659,1932,2,2024-03-24,2024-05-24,canceled
2660,1933,1,2024-03-08,2024-08-08,canceled
2661,1934,2,2024-04-28,2024-11-28,superseded
2662,1934,5,2024-11-28,,active
2663,1935,1,2024-06-10,2024-09-10,canceled
2664,1936,1,2024-09-22,,active
2665,1937,2,2023-09-28,,active
2666,1938,1,2024-09-03,2024-10-03,canceled
2667,1939,4,2024-02-20,,active
2668,1940,1,2022-12-16,2023-07-16,canceled
2669,1940,1,2024-07-16,2024-12-16,superseded
2670,1940,2,2024-12-16,,active
2671,1941,4,2022-10-01,2023-02-01,canceled
2672,1942,1,2023-10-06,2024-01-06,canceled
2673,1943,4,2024-08-03,,active
2674,1944,1,2024-06-18,,active
2675,1945,1,2024-08-12,,active
2676,1946,1,2024-02-29,2024-12-29,superseded
2677,1946,2,2024-12-29,,active
2678,1947,1,2024-01-22,2024-03-22,canceled
2679,1948,1,2023-05-26,2023-09-26,superseded
2680,1948,2,2023-09-26,2024-08-26,canceled
2681,1949,3,2023-10-04,,active
2682,1950,4,2024-01-04,2024-05-04,canceled
2683,1951,4,2023-01-21,2023-04-21,superseded
2684,1951,2,2023-04-21,2024-07-21,canceled
2685,1952,1,2023-08-24,2023-11-24,canceled
2686,1953,7,2024-04-24,,active
2687,1954,1,2024-07-27,2024-08-27,canceled
2688,1954,1,2024-10-27,,active
2689,1955,6,2024-12-14,,active
2690,1956,1,2024-11-16,,active
2691,1957,1,2024-05-12,2024-07-12,superseded
2692,1957,3,2024-07-12,,active
2693,1958,1,2024-01-08,2024-02-08,canceled
2694,1959,6,2024-05-08,,active
2695,1960,1,2024-08-29,,active
2696,1961,1,2023-03-12,2023-04-12,canceled
2697,1961,1,2024-06-12,2024-10-12,canceled
2698,1962,3,2024-01-23,,active
2699,1963,2,2024-09-11,2024-10-11,canceled
2700,1964,2,2023-12-13,2024-05-13,superseded
2701,1964,1,2024-05-13,2024-10-13,superseded
2702,1964,2,2024-10-13,,active
2703,1965,1,2024-04-29,2024-05-29,canceled
2704,1966,1,2024-04-26,2024-12-26,superseded
2705,1966,2,2024-12-26,,active
2706,1967,1,2023-06-13,2023-10-13,canceled
2707,1967,1,2024-11-13,,active
2708,1968,1,2023-11-24,2024-03-24,canceled
2709,1969,4,2023-10-09,2024-03-09,superseded
2710,1969,6,2024-03-09,,active
2711,1970,2,2022-05-13,2023-02-13,canceled
2712,1970,6,2024-01-13,,active
2713,1971,1,2022-04-26,2022-08-26,superseded
2714,1971,2,2022-08-26,2023-08-26,superseded
2715,1971,4,2023-08-26,2024-01-26,superseded
2716,1971,7,2024-01-26,2024-12-26,superseded
2717,1971,8,2024-12-26,,active
2718,1972,2,2024-09-26,,active
2719,1973,2,2023-09-10,2023-10-10,canceled
2720,1973,3,2024-05-10,2024-07-10,canceled
2721,1974,2,2024-03-24,2024-10-24,canceled
2722,1975,1,2023-10-10,2024-09-10,superseded
2723,1975,3,2024-09-10,,active
2724,1976,1,2024-11-11,,active
2725,1977,1,2023-09-26,2023-12-26,superseded
2726,1977,2,2023-12-26,2024-01-26,canceled
2727,1977,1,2024-11-26,,active
2728,1978,2,2024-01-10,2024-06-10,superseded
2729,1978,4,2024-06-10,,active
2730,1979,2,2024-10-02,,active
2731,1980,2,2024-09-04,,active
2732,1981,3,2023-06-10,2024-02-10,canceled
2733,1982,1,2024-09-08,2024-11-08,canceled
2734,1983,2,2024-01-29,2024-05-29,superseded
2735,1983,1,2024-05-29,,active
2736,1984,6,2024-02-08,,active
2737,1985,4,2023-04-23,2023-07-23,superseded
2738,1985,6,2023-07-23,2024-11-23,superseded
2739,1985,8,2024-11-23,,active
2740,1986,5,2022-12-24,2023-08-24,superseded
2741,1986,2,2023-08-24,2024-01-24,superseded
2742,1986,5,2024-01-24,2024-08-24,canceled
2743,1987,1,2024-07-27,2024-09-27,canceled
2744,1988,1,2024-02-14,2024-05-14,canceled
2745,1989,1,2024-01-29,2024-09-29,canceled
2746,1990,1,2024-07-22,2024-08-22,canceled
2747,1991,1,2024-08-13,2024-10-13,canceled
2748,1992,1,2023-05-15,2023-10-15,canceled
2749,1993,1,2024-04-14,2024-05-14,canceled
2750,1994,1,2023-04-23,2023-05-23,superseded
2751,1994,2,2023-05-23,2023-07-23,superseded
2752,1994,4,2023-07-23,,active
2753,1995,1,2024-07-17,2024-08-17,canceled
2754,1996,1,2024-05-24,,active
2755,1997,2,2024-11-04,,active
2756,1998,2,2022-11-19,2022-12-19,canceled
2757,1999,3,2022-09-10,2023-07-10,superseded
2758,1999,4,2023-07-10,,active
2759,2000,4,2023-09-26,2023-10-26,superseded
2760,2000,6,2023-10-26,2024-08-26,superseded
2761,2000,8,2024-08-26,,active
2762,2001,4,2023-09-30,2024-08-29,canceled
2763,2002,2,2023-08-27,2024-05-27,canceled
2764,2003,1,2024-10-03,2024-11-03,canceled
2765,2004,6,2023-08-19,2024-05-19,canceled
2766,2005,4,2023-09-27,2024-03-27,superseded
2767,2005,6,2024-03-27,2024-09-27,superseded
2768,2005,4,2024-09-27,,active
2769,2006,2,2024-08-17,2024-09-17,superseded
2770,2006,1,2024-09-17,2024-10-17,canceled
2771,2007,3,2024-01-05,,active
2772,2008,1,2024-08-22,2024-10-22,canceled
2773,2009,7,2022-10-11,2023-10-11,superseded
2774,2009,8,2023-10-11,,active
2775,2010,1,2024-02-24,2024-10-24,canceled
2776,2011,2,2022-06-01,2023-02-01,canceled
2777,2012,3,2022-10-18,2022-12-18,superseded
2778,2012,5,2022-12-18,2023-09-18,superseded
2779,2012,6,2023-09-18,2024-01-18,canceled
2780,2013,1,2024-10-31,,active
2781,2014,5,2023-04-19,,active
2782,2015,1,2024-03-01,2024-11-01,canceled
2783,2016,1,2024-01-01,,active
2784,2017,2,2023-11-27,,active
2785,2018,2,2024-10-20,,active
2786,2019,3,2022-04-30,2023-01-30,canceled
2787,2020,5,2024-05-28,,active
2788,2021,1,2024-11-04,,active
2789,2022,7,2024-03-25,2024-04-25,superseded
2790,2022,5,2024-04-25,2024-05-25,canceled
2791,2023,1,2024-11-06,,active
2792,2024,2,2022-09-23,2024-02-23,superseded
2793,2024,5,2024-02-23,2024-06-23,canceled
2794,2025,1,2024-01-14,2024-10-14,canceled
2795,2026,1,2023-09-29,2023-12-29,canceled
2796,2026,2,2024-03-29,2024-09-29,superseded
2797,2026,4,2024-09-29,,active
2798,2027,1,2024-07-19,2024-08-19,canceled
2799,2028,2,2024-12-31,,active
2800,2029,1,2023-09-14,2024-10-14,canceled
2801,2030,1,2024-05-30,,active
2802,2031,1,2023-07-22,2023-09-22,canceled
2803,2032,5,2024-03-05,2024-04-05,canceled
2804,2033,4,2024-01-21,,active
2805,2034,2,2024-12-18,,active
2806,2035,5,2024-04-14,2024-08-14,canceled
2807,2036,1,2023-11-27,,active
2808,2037,2,2023-03-06,2023-12-06,canceled
2809,2038,5,2023-05-20,2023-12-20,canceled
2810,2039,2,2023-08-27,2024-08-27,canceled
2811,2040,4,2023-09-02,2024-10-02,canceled
2812,2041,2,2024-09-03,2024-10-03,superseded
2813,2041,5,2024-10-03,,active
2814,2042,2,2024-03-18,2024-12-18,superseded
2815,2042,1,2024-12-18,,active
2816,2043,1,2024-03-17,2024-04-17,canceled
2817,2044,3,2023-03-11,2023-07-11,canceled
2818,2044,7,2023-08-11,,active
2819,2045,1,2024-09-09,,active
2820,2046,1,2024-07-15,,active
2821,2047,4,2022-11-05,2022-12-05,canceled
2822,2047,3,2024-09-05,,active
2823,2048,1,2024-06-29,2024-07-29,superseded
2824,2048,2,2024-07-29,2024-08-29,canceled
2825,2049,2,2024-03-23,2024-06-23,canceled
2826,2050,7,2023-01-26,2023-04-26,superseded
2827,2050,8,2023-04-26,,active
2828,2051,1,2024-01-29,2024-10-29,canceled
2829,2052,8,2024-02-12,,active
2830,2053,3,2023-05-13,2024-02-13,canceled
2831,2053,1,2024-05-13,,active
2832,2054,1,2024-11-01,,active
2833,2055,1,2024-09-01,,active
2834,2056,2,2024-06-30,2024-11-30,superseded
2835,2056,4,2024-11-30,,active
2836,2057,3,2024-01-21,2024-05-21,canceled
2837,2058,6,2024-01-16,2024-02-16,canceled
2838,2059,1,2024-05-23,2024-08-23,canceled
2839,2060,8,2024-03-27,,active
2840,2061,1,2022-10-17,2023-11-17,canceled
2841,2062,5,2024-02-19,2024-05-19,canceled
2842,2063,2,2024-09-19,,active
2843,2064,1,2024-01-19,2024-10-19,superseded
2844,2064,2,2024-10-19,,active
2845,2065,2,2022-09-09,2022-12-09,superseded
2846,2065,1,2022-12-09,2023-08-09,canceled
2847,2066,2,2024-08-23,,active
2848,2067,3,2023-07-29,2024-03-29,superseded
2849,2067,4,2024-03-29,,active
2850,2068,4,2023-09-21,2023-12-21,superseded
2851,2068,6,2023-12-21,,active
2852,2069,1,2023-05-14,2023-12-14,superseded
2853,2069,3,2023-12-14,2024-06-14,canceled
2854,2070,6,2023-10-12,2024-03-12,superseded
2855,2070,4,2024-03-12,2024-10-12,canceled
2856,2071,2,2024-07-02,2024-08-02,superseded
2857,2071,1,2024-08-02,,active
2858,2072,2,2024-03-01,2024-10-01,superseded
2859,2072,4,2024-10-01,,active
2860,2073,3,2023-07-26,2024-03-26,canceled
2861,2073,5,2024-11-26,,active
2862,2074,7,2024-10-14,,active
2863,2075,2,2024-10-11,,active
2864,2076,6,2024-10-16,,active
2865,2077,1,2023-08-30,2024-06-29,canceled
2866,2078,1,2024-01-08,2024-06-08,canceled
2867,2079,1,2024-12-17,,active
2868,2080,1,2024-08-20,,active
2869,2081,6,2022-05-04,2024-04-04,superseded
2870,2081,8,2024-04-04,,active
2871,2082,1,2022-10-11,2023-01-11,superseded
2872,2082,2,2023-01-11,2023-10-11,superseded
2873,2082,4,2023-10-11,2023-11-11,superseded
2874,2082,7,2023-11-11,2024-02-11,superseded
2875,2082,8,2024-02-11,,active
2876,2083,6,2024-01-02,,active
2877,2084,1,2024-10-21,,active
2878,2085,4,2024-03-02,,active
2879,2086,2,2024-02-25,2024-04-25,canceled
2880,2087,1,2023-02-20,2023-05-20,canceled
2881,2087,1,2023-06-20,2024-05-20,canceled
2882,2088,4,2024-05-29,,active
2883,2089,5,2024-09-22,,active
2884,2090,2,2023-11-07,2024-08-07,canceled
2885,2091,1,2024-08-19,2024-12-19,canceled
2886,2092,1,2024-11-21,,active
2887,2093,2,2023-07-20,2023-09-20,canceled
2888,2094,1,2024-03-02,2024-05-02,canceled
2889,2095,2,2023-09-21,2024-11-21,superseded
2890,2095,1,2024-11-21,,active
2891,2096,2,2024-08-25,2024-10-25,superseded
2892,2096,1,2024-10-25,,active
2893,2097,3,2024-04-10,2024-05-10,superseded
2894,2097,1,2024-05-10,2024-12-10,canceled
2895,2098,1,2024-05-22,2024-06-22,canceled
2896,2099,3,2024-08-18,,active
2897,2100,4,2023-12-07,2024-07-07,canceled
2898,2101,2,2024-10-07,,active
2899,2102,2,2024-03-20,,active
2900,2103,3,2023-05-11,2024-06-11,canceled
2901,2104,7,2024-06-15,,active
2902,2105,1,2024-08-30,2024-11-30,canceled
2903,2106,7,2023-10-20,,active
2904,2107,1,2024-09-27,,active
2905,2108,1,2024-10-06,,active
2906,2109,8,2023-09-12,2024-05-12,superseded
2907,2109,6,2024-05-12,,active
2908,2110,3,2024-12-07,,active
2909,2111,1,2023-04-01,2023-12-01,canceled
2910,2112,1,2023-07-09,2024-08-09,canceled
2911,2113,8,2023-06-06,2023-11-06,superseded
2912,2113,6,2023-11-06,2023-12-06,canceled
2913,2114,1,2024-10-04,,active
2914,2115,3,2024-05-26,2024-11-26,canceled
2915,2116,2,2023-05-15,,active
2916,2117,2,2024-01-31,2024-05-29,canceled
2917,2118,1,2024-04-14,,active
2918,2119,2,2023-01-30,2023-10-28,superseded
2919,2119,5,2023-10-28,2024-08-28,superseded
2920,2119,2,2024-08-28,,active
2921,2120,7,2024-10-23,,active
2922,2121,2,2024-09-08,,active
2923,2122,1,2024-02-28,2024-05-28,superseded
2924,2122,2,2024-05-28,,active
2925,2123,1,2024-11-02,,active
2926,2124,2,2024-01-17,2024-02-17,superseded
2927,2124,4,2024-02-17,2024-08-17,canceled
2928,2125,1,2024-12-03,,active
2929,2126,1,2024-06-06,2024-12-06,canceled
2930,2127,1,2024-05-17,2024-10-17,canceled
2931,2128,2,2023-05-23,,active
2932,2129,1,2024-10-16,2024-11-16,canceled
2933,2130,4,2024-01-26,2024-12-26,canceled
2934,2131,3,2023-05-07,2023-09-07,canceled
2935,2132,1,2022-02-14,2022-06-14,canceled
2936,2133,2,2024-03-12,2024-04-12,canceled
2937,2134,5,2024-03-10,2024-10-10,superseded
2938,2134,6,2024-10-10,,active
2939,2135,4,2024-07-15,,active
2940,2136,2,2024-10-14,,active
2941,2137,1,2022-12-13,2024-02-13,canceled
2942,2138,2,2024-07-03,2024-08-03,canceled
2943,2139,3,2023-06-17,,active
2944,2140,1,2024-09-08,2024-11-08,canceled
2945,2141,1,2024-09-07,,active
2946,2142,7,2024-03-24,,active
2947,2143,1,2024-06-23,2024-09-23,canceled
2948,2144,1,2023-10-23,2024-11-23,canceled
2949,2145,4,2024-02-10,2024-03-10,superseded
2950,2145,2,2024-03-10,2024-05-10,superseded
2951,2145,4,2024-05-10,2024-07-10,canceled
2952,2146,3,2024-09-13,,active
2953,2147,1,2024-01-21,2024-11-21,canceled
2954,2148,3,2023-11-13,2024-08-13,superseded
2955,2148,1,2024-08-13,2024-12-13,canceled
2956,2149,6,2024-02-08,,active
2957,2150,5,2024-09-24,,active
2958,2151,5,2023-10-28,,active
2959,2152,6,2023-06-07,2024-01-07,superseded
2960,2152,4,2024-01-07,2024-08-07,superseded
2961,2152,7,2024-08-07,,active
2962,2153,1,2024-06-05,,active
2963,2154,4,2024-09-01,,active
2964,2155,4,2023-02-08,,active
2965,2156,4,2023-08-25,2024-10-25,canceled
2966,2157,1,2023-04-19,2024-01-19,canceled
2967,2158,8,2023-11-11,2023-12-11,superseded
2968,2158,6,2023-12-11,2024-09-11,superseded
2969,2158,5,2024-09-11,,active
2970,2159,1,2024-01-19,,active
2971,2160,1,2024-07-13,,active
2972,2161,3,2024-05-11,,active
2973,2162,2,2024-05-03,,active
2974,2163,3,2023-11-27,2024-01-27,superseded
2975,2163,5,2024-01-27,2024-12-27,superseded
2976,2163,6,2024-12-27,,active
2977,2164,2,2024-09-03,2024-10-03,canceled
2978,2165,4,2024-02-10,2024-05-10,superseded
2979,2165,7,2024-05-10,,active
2980,2166,3,2024-12-17,,active
2981,2167,1,2024-05-13,,active
2982,2168,5,2023-03-16,2023-06-16,superseded
2983,2168,6,2023-06-16,,active
2984,2169,1,2024-06-07,,active
2985,2170,1,2023-10-23,2024-02-23,superseded
2986,2170,2,2024-02-23,,active
2987,2171,1,2024-06-10,,active
2988,2172,1,2022-11-09,2022-12-09,canceled
2989,2172,3,2024-04-09,2024-06-09,canceled
2990,2173,1,2023-06-27,2024-07-27,superseded
2991,2173,2,2024-07-27,,active
2992,2174,1,2024-09-30,,active
2993,2175,2,2023-08-02,2023-09-02,canceled
2994,2176,1,2024-09-15,,active
2995,2177,3,2023-09-13,2024-04-13,canceled
2996,2177,2,2024-11-13,,active
2997,2178,8,2024-05-08,,active
2998,2179,5,2024-06-13,2024-10-13,canceled
2999,2180,5,2024-02-13,2024-04-13,superseded
3000,2180,7,2024-04-13,,active
3001,2181,1,2023-10-06,2023-12-06,canceled
3002,2181,2,2024-09-06,,active
3003,2182,1,2023-07-30,2023-09-30,canceled
3004,2183,1,2022-06-30,2022-09-30,canceled
3005,2183,1,2024-11-28,,active
3006,2184,1,2023-10-12,2024-01-12,canceled
3007,2185,5,2024-05-11,,active
3008,2186,2,2024-11-02,,active
3009,2187,4,2024-10-24,2024-11-24,canceled
3010,2188,2,2024-08-07,,active
3011,2189,5,2024-08-30,2024-12-30,canceled
3012,2190,2,2024-05-15,,active
3013,2191,1,2023-09-15,2024-07-15,canceled
3014,2192,1,2024-10-06,,active
3015,2193,4,2024-06-04,,active
3016,2194,3,2024-03-25,2024-06-25,canceled
3017,2195,1,2023-03-06,2024-06-06,canceled
3018,2196,2,2024-01-07,2024-06-07,canceled
3019,2197,1,2024-01-17,2024-02-17,canceled
3020,2198,1,2024-10-13,,active
3021,2199,1,2024-03-02,2024-06-02,canceled
3022,2200,1,2023-11-12,2023-12-12,superseded
3023,2200,3,2023-12-12,2024-09-12,canceled
3024,2201,4,2024-12-01,,active
3025,2202,1,2023-03-22,2024-06-22,canceled
3026,2203,3,2024-01-27,,active
3027,2204,1,2022-07-14,2022-08-14,canceled
3028,2204,5,2023-04-14,,active
3029,2205,1,2024-07-21,,active
3030,2206,5,2024-10-31,,active
3031,2207,2,2023-09-11,2024-02-11,superseded
3032,2207,5,2024-02-11,2024-03-11,superseded
3033,2207,6,2024-03-11,,active
3034,2208,1,2024-09-13,2024-10-13,canceled
3035,2209,2,2023-09-09,,active
3036,2210,1,2024-10-07,2024-11-07,canceled
3037,2211,3,2024-07-04,2024-12-04,canceled
3038,2212,5,2024-09-19,,active
3039,2213,1,2022-03-21,2022-06-21,superseded
3040,2213,2,2022-06-21,2023-02-21,canceled
3041,2214,2,2024-11-23,,active
3042,2215,3,2024-07-23,2024-11-23,superseded
3043,2215,4,2024-11-23,,active
3044,2216,3,2023-10-11,2024-06-11,canceled
3045,2217,3,2024-09-17,2024-12-17,superseded
3046,2217,1,2024-12-17,,active
3047,2218,3,2023-09-01,2024-03-01,superseded
3048,2218,5,2024-03-01,2024-12-01,canceled
3049,2219,2,2024-10-10,,active
3050,2220,1,2023-03-03,2023-06-03,canceled
3051,2221,2,2024-06-05,,active
3052,2222,1,2024-03-24,2024-05-24,canceled
3053,2223,1,2023-02-11,2023-12-11,canceled
3054,2224,1,2023-08-02,2024-04-02,canceled
3055,2225,2,2022-02-10,2022-10-10,canceled
3056,2225,1,2023-10-10,,active
3057,2226,4,2024-02-11,,active
3058,2227,1,2023-10-22,2024-10-22,canceled
3059,2228,1,2024-04-08,,active
3060,2229,1,2023-10-15,2024-02-15,canceled
3061,2230,2,2023-10-31,2024-10-29,canceled
3062,2231,1,2024-07-07,,active
3063,2232,1,2022-08-26,2023-05-26,canceled
3064,2233,2,2024-10-24,2024-12-24,canceled
3065,2234,2,2024-09-14,2024-11-14,superseded
3066,2234,4,2024-11-14,,active
3067,2235,1,2024-06-15,2024-08-15,canceled
3068,2236,4,2024-04-16,,active
3069,2237,3,2024-10-06,,active
3070,2238,4,2023-06-14,2023-09-14,superseded
3071,2238,6,2023-09-14,,active
3072,2239,1,2022-12-01,2023-02-01,canceled
3073,2240,1,2023-08-30,2024-05-29,canceled
3074,2241,2,2024-08-24,,active
3075,2242,1,2022-06-10,2022-08-10,canceled
3076,2243,1,2024-04-05,2024-06-05,canceled
3077,2244,5,2024-12-01,,active
3078,2245,6,2024-09-16,,active
3079,2246,1,2024-03-24,2024-05-24,canceled
3080,2247,1,2022-10-19,2022-11-19,canceled
3081,2248,2,2024-09-04,,active
3082,2249,2,2024-04-14,2024-09-14,canceled
3083,2250,1,2023-03-12,2024-05-12,canceled
3084,2251,2,2023-01-23,2023-10-23,superseded
3085,2251,1,2023-10-23,2024-08-23,canceled
3086,2252,1,2024-10-08,2024-12-08,canceled
3087,2253,1,2024-06-21,,active
3088,2254,2,2024-09-05,,active
3089,2255,3,2024-10-09,,active
3090,2256,2,2024-04-06,,active
3091,2257,2,2024-03-30,,active
3092,2258,1,2024-01-03,2024-05-03,canceled
3093,2259,1,2023-10-27,2023-12-27,canceled
3094,2260,2,2024-01-18,,active
3095,2261,3,2024-08-14,,active
3096,2262,1,2024-04-04,,active
3097,2263,1,2024-10-05,,active
3098,2264,2,2024-01-23,2024-05-23,superseded
3099,2264,4,2024-05-23,,active
3100,2265,1,2024-04-01,2024-05-01,canceled
3101,2266,4,2024-05-14,,active
3102,2267,6,2024-04-12,2024-07-12,superseded
3103,2267,8,2024-07-12,,active
3104,2268,5,2024-06-17,,active
3105,2269,1,2023-08-06,2023-10-06,canceled
3106,2269,2,2024-06-06,2024-10-06,superseded
3107,2269,4,2024-10-06,,active
3108,2270,3,2024-02-07,,active
3109,2271,2,2023-02-21,2023-11-21,canceled
3110,2271,4,2024-12-21,,active
3111,2272,1,2023-12-03,,active
3112,2273,1,2024-02-11,2024-06-11,superseded
3113,2273,2,2024-06-11,,active
3114,2274,1,2024-05-25,2024-06-25,canceled
3115,2275,1,2024-11-01,,active
3116,2276,3,2024-04-07,,active
3117,2277,1,2024-07-31,,active
3118,2278,4,2024-02-11,2024-10-11,canceled
3119,2279,2,2024-05-11,2024-08-11,canceled
3120,2280,1,2022-11-22,2023-04-22,superseded
3121,2280,2,2023-04-22,2023-12-22,canceled
3122,2281,2,2023-09-28,2023-10-28,superseded
3123,2281,4,2023-10-28,2024-10-28,superseded
3124,2281,2,2024-10-28,,active
3125,2282,5,2023-11-23,2024-05-23,superseded
3126,2282,6,2024-05-23,,active
3127,2283,1,2024-02-01,2024-10-01,canceled
3128,2284,1,2022-08-23,2023-01-23,canceled
3129,2285,2,2023-04-22,,active
3130,2286,2,2023-09-07,,active
3131,2287,3,2024-12-11,,active
3132,2288,6,2023-10-26,2024-09-26,superseded
3133,2288,8,2024-09-26,,active
3134,2289,1,2024-02-16,2024-08-16,superseded
3135,2289,3,2024-08-16,,active
3136,2290,1,2023-07-14,2023-10-14,superseded
3137,2290,3,2023-10-14,2024-04-14,canceled
3138,2291,5,2024-04-22,2024-08-22,canceled
3139,2292,7,2023-09-10,2023-11-10,superseded
3140,2292,8,2023-11-10,,active
3141,2293,3,2023-07-29,2024-01-29,superseded
3142,2293,4,2024-01-29,,active
3143,2294,2,2024-02-05,2024-04-05,canceled
3144,2295,1,2022-01-18,2022-10-18,canceled
3145,2295,7,2023-11-18,,active
3146,2296,1,2022-02-04,2023-05-04,canceled
3147,2297,7,2023-07-06,2024-01-06,superseded
3148,2297,8,2024-01-06,,active
3149,2298,1,2022-06-14,2023-07-14,canceled
3150,2299,1,2023-02-11,2023-04-11,canceled
3151,2300,2,2023-10-09,2024-03-09,superseded
3152,2300,4,2024-03-09,2024-12-09,canceled
3153,2301,6,2024-09-22,,active
3154,2302,1,2024-04-03,,active
3155,2303,6,2024-02-19,2024-03-19,canceled
3156,2304,4,2023-09-13,,active
3157,2305,3,2024-11-21,,active
3158,2306,5,2023-12-26,,active
3159,2307,2,2023-01-04,2023-04-04,superseded
3160,2307,4,2023-04-04,2023-11-04,canceled
3161,2308,1,2024-04-24,2024-06-24,canceled
3162,2309,4,2023-03-11,,active
3163,2310,5,2023-11-02,2024-12-02,superseded
3164,2310,6,2024-12-02,,active
3165,2311,1,2024-02-14,2024-07-14,canceled
3166,2312,1,2024-10-26,2024-11-26,canceled
3167,2313,8,2024-02-04,2024-05-04,superseded
3168,2313,6,2024-05-04,2024-09-04,superseded
3169,2313,8,2024-09-04,,active
3170,2314,1,2024-06-05,,active
3171,2315,1,2024-12-22,,active
3172,2316,2,2023-04-22,2024-01-22,superseded
3173,2316,4,2024-01-22,2024-11-22,superseded
3174,2316,7,2024-11-22,,active
3175,2317,4,2023-09-11,,active
3176,2318,2,2023-12-28,2024-06-28,canceled
3177,2319,1,2024-01-16,2024-08-16,canceled
3178,2320,7,2024-01-26,,active
3179,2321,3,2024-10-24,2024-12-24,superseded
3180,2321,4,2024-12-24,,active
3181,2322,1,2024-06-30,,active
3182,2323,2,2024-04-13,,active
3183,2324,1,2023-10-06,2024-12-06,canceled
3184,2325,2,2024-09-22,,active
3185,2326,4,2024-11-03,,active
3186,2327,1,2024-09-07,,active
3187,2328,1,2022-01-11,2023-07-11,canceled
3188,2329,4,2024-05-28,,active
3189,2330,1,2022-09-19,2024-11-19,canceled
3190,2330,8,2024-12-19,,active
3191,2331,3,2023-09-05,2024-04-05,canceled
3192,2332,1,2022-10-21,2023-05-21,canceled
3193,2332,1,2024-01-21,2024-10-21,canceled
3194,2333,4,2024-04-22,,active
3195,2334,6,2024-06-14,2024-09-14,superseded
3196,2334,8,2024-09-14,,active
3197,2335,2,2023-03-12,2024-05-12,canceled
3198,2336,1,2023-12-17,2024-08-17,superseded
3199,2336,2,2024-08-17,2024-09-17,canceled
3200,2337,7,2024-01-21,2024-05-21,superseded
3201,2337,5,2024-05-21,2024-11-21,canceled
3202,2338,1,2023-11-13,2024-02-13,superseded
3203,2338,2,2024-02-13,,active
3204,2339,1,2023-03-21,2023-05-21,canceled
3205,2340,1,2024-01-22,2024-03-22,canceled
3206,2341,2,2024-07-21,2024-09-21,superseded
3207,2341,4,2024-09-21,,active
3208,2342,1,2022-11-01,2022-12-01,canceled
3209,2343,1,2022-12-22,2023-01-22,canceled
3210,2344,7,2023-11-19,,active
3211,2345,8,2024-11-19,,active
3212,2346,5,2024-06-14,,active
3213,2347,2,2024-06-23,2024-07-23,superseded
3214,2347,4,2024-07-23,,active
3215,2348,3,2023-11-27,2024-03-27,superseded
3216,2348,4,2024-03-27,,active
3217,2349,2,2024-04-26,2024-07-26,superseded
3218,2349,4,2024-07-26,,active
3219,2350,1,2022-02-19,2023-01-19,canceled
3220,2351,1,2024-05-25,2024-06-25,superseded
3221,2351,3,2024-06-25,2024-10-25,superseded
3222,2351,1,2024-10-25,,active
3223,2352,4,2024-10-06,2024-12-06,superseded
3224,2352,6,2024-12-06,,active
3225,2353,4,2024-04-15,2024-06-15,superseded
3226,2353,2,2024-06-15,2024-07-15,superseded
3227,2353,4,2024-07-15,,active
3228,2354,2,2024-10-07,,active
3229,2355,2,2024-07-25,,active
3230,2356,4,2023-03-12,2024-03-12,superseded
3231,2356,2,2024-03-12,2024-05-12,superseded
3232,2356,4,2024-05-12,2024-09-12,canceled
3233,2357,1,2024-10-22,2024-11-22,superseded
3234,2357,3,2024-11-22,,active
3235,2358,2,2022-10-17,,active
3236,2359,4,2024-03-05,,active
3237,2360,2,2023-04-12,,active
3238,2361,3,2022-02-22,2022-10-22,superseded
3239,2361,4,2022-10-22,,active
3240,2362,8,2024-01-10,,active
3241,2363,2,2023-10-18,,active
3242,2364,2,2024-02-20,2024-04-20,canceled
3243,2365,8,2024-04-21,,active
3244,2366,1,2022-08-09,2023-05-09,superseded
3245,2366,2,2023-05-09,2024-05-09,superseded
3246,2366,4,2024-05-09,,active
3247,2367,1,2023-03-07,2023-05-07,superseded
3248,2367,2,2023-05-07,2023-08-07,canceled
3249,2368,3,2024-03-23,2024-06-23,superseded
3250,2368,1,2024-06-23,2024-08-23,canceled
3251,2369,2,2023-11-21,,active
3252,2370,2,2024-07-05,,active
3253,2371,6,2024-05-31,,active
3254,2372,2,2024-09-04,2024-10-04,canceled
3255,2373,5,2024-06-03,2024-10-03,superseded
3256,2373,6,2024-10-03,2024-11-03,superseded
3257,2373,8,2024-11-03,,active
3258,2374,4,2024-01-28,,active
3259,2375,6,2024-06-08,2024-08-08,superseded
3260,2375,4,2024-08-08,,active
3261,2376,1,2023-09-06,2023-10-06,canceled
3262,2377,1,2023-10-26,2024-04-26,canceled
3263,2378,1,2024-08-28,,active
3264,2379,2,2024-01-02,2024-02-02,canceled
3265,2379,1,2024-10-02,,active
3266,2380,3,2024-08-12,2024-11-12,superseded
3267,2380,4,2024-11-12,,active
3268,2381,1,2024-09-18,,active
3269,2382,7,2024-09-05,,active
3270,2383,3,2024-10-22,,active
3271,2384,1,2024-01-02,2024-06-02,canceled
3272,2384,2,2024-11-02,,active
3273,2385,8,2023-10-25,,active
3274,2386,1,2024-04-06,2024-05-06,superseded
3275,2386,2,2024-05-06,2024-07-06,canceled
3276,2387,3,2023-11-10,2024-05-10,superseded
3277,2387,5,2024-05-10,2024-10-10,superseded
3278,2387,6,2024-10-10,,active
3279,2388,1,2024-04-29,,active
3280,2389,2,2024-06-03,2024-12-03,canceled
3281,2390,1,2024-06-03,,active
3282,2391,2,2023-11-03,2024-09-03,canceled
3283,2392,1,2023-05-18,2023-09-18,canceled
3284,2393,7,2024-01-31,2024-05-29,superseded
3285,2393,4,2024-05-29,,active
3286,2394,3,2023-04-16,2023-07-16,superseded
3287,2394,4,2023-07-16,2023-09-16,canceled
3288,2395,6,2024-10-18,,active
3289,2396,2,2023-11-30,,active
3290,2397,1,2023-05-18,2023-06-18,canceled
3291,2398,6,2022-05-31,,active
3292,2399,2,2024-05-22,,active
3293,2400,1,2024-05-22,2024-11-22,canceled
3294,2401,6,2023-11-06,2024-11-06,superseded
3295,2401,8,2024-11-06,,active
3296,2402,1,2022-11-02,2023-09-02,canceled
3297,2403,1,2024-01-04,2024-09-04,canceled
3298,2404,8,2023-10-28,2023-12-28,superseded
3299,2404,7,2023-12-28,2024-03-28,canceled
3300,2405,1,2024-06-10,2024-10-10,canceled
3301,2406,1,2024-04-13,2024-12-13,superseded
3302,2406,3,2024-12-13,,active
3303,2407,5,2023-11-21,2024-11-21,superseded
3304,2407,6,2024-11-21,,active
3305,2408,1,2023-07-29,2024-03-29,canceled
3306,2409,1,2024-12-20,,active
3307,2410,1,2024-01-12,2024-03-12,canceled
3308,2411,2,2024-06-04,2024-09-04,canceled
3309,2412,2,2023-04-29,2023-09-29,canceled
3310,2412,4,2024-09-29,2024-12-29,canceled
3311,2413,4,2024-02-05,,active
3312,2414,1,2022-05-12,2022-10-12,canceled
3313,2415,2,2024-02-26,,active
3314,2416,1,2024-11-15,,active
3315,2417,2,2023-12-12,,active
3316,2418,2,2022-07-10,2023-05-10,canceled
3317,2418,1,2023-06-10,2023-12-10,canceled
3318,2419,8,2022-05-29,2022-07-29,canceled
3319,2420,6,2023-12-31,2024-07-29,superseded
3320,2420,4,2024-07-29,,active
3321,2421,2,2023-05-18,2023-06-18,superseded
3322,2421,1,2023-06-18,2024-12-18,superseded
3323,2421,2,2024-12-18,,active
3324,2422,1,2022-04-25,2022-09-25,canceled
3325,2423,1,2024-07-30,,active
3326,2424,1,2024-01-31,2024-03-29,canceled
3327,2425,2,2023-09-17,2024-05-17,superseded
3328,2425,4,2024-05-17,,active
3329,2426,1,2024-10-27,2024-12-27,canceled
3330,2427,1,2023-03-14,2024-02-14,canceled
3331,2427,1,2024-06-14,,active
3332,2428,1,2024-11-14,,active
3333,2429,7,2023-10-08,2024-07-08,superseded
3334,2429,4,2024-07-08,,active
3335,2430,6,2024-10-23,,active
3336,2431,1,2024-04-23,2024-06-23,canceled
3337,2432,7,2024-09-20,2024-11-20,superseded
3338,2432,8,2024-11-20,,active
3339,2433,4,2024-12-21,,active
3340,2434,1,2023-09-09,,active
3341,2435,2,2024-11-20,,active
3342,2436,1,2023-12-17,,active
3343,2437,5,2023-12-11,2024-03-11,superseded
3344,2437,2,2024-03-11,,active
3345,2438,1,2023-11-02,2024-12-02,superseded
3346,2438,2,2024-12-02,,active
3347,2439,4,2024-03-12,,active
3348,2440,8,2023-05-06,2023-12-06,superseded
3349,2440,6,2023-12-06,,active
3350,2441,2,2024-03-07,2024-10-07,canceled
3351,2442,4,2024-03-14,,active
3352,2443,4,2024-08-10,2024-10-10,superseded
3353,2443,6,2024-10-10,,active
3354,2444,1,2024-09-25,,active
3355,2445,2,2024-01-12,2024-10-12,canceled
3356,2446,1,2023-10-08,2024-03-08,canceled
3357,2447,3,2023-09-29,,active
3358,2448,3,2023-07-02,2024-04-02,canceled
3359,2449,2,2022-09-07,2023-06-07,canceled
3360,2450,5,2023-11-18,2024-08-18,canceled
3361,2451,1,2023-09-25,2023-11-25,canceled
3362,2452,3,2024-11-07,,active
3363,2453,2,2024-03-25,2024-04-25,canceled
3364,2454,2,2023-11-29,2024-04-29,superseded
3365,2454,4,2024-04-29,2024-11-29,superseded
3366,2454,2,2024-11-29,,active
3367,2455,2,2024-04-14,,active
3368,2456,3,2023-04-17,2023-07-17,canceled
3369,2456,1,2024-05-17,,active
3370,2457,1,2024-01-31,2024-06-29,canceled
3371,2458,8,2024-05-26,2024-09-26,superseded
3372,2458,7,2024-09-26,,active
3373,2459,1,2024-02-16,2024-07-16,canceled
3374,2460,5,2023-12-06,,active
3375,2461,1,2024-12-13,,active
3376,2462,5,2024-10-06,,active
3377,2463,1,2024-05-30,,active
3378,2464,1,2024-04-17,,active
3379,2465,3,2024-05-09,2024-06-09,canceled
3380,2465,2,2024-11-09,,active
3381,2466,1,2023-07-08,2024-01-08,canceled
3382,2467,5,2023-12-09,,active
3383,2468,7,2022-07-21,2022-11-21,superseded
3384,2468,8,2022-11-21,2023-05-21,canceled
3385,2469,3,2024-02-04,2024-08-04,canceled
3386,2470,3,2024-03-12,2024-05-12,canceled
3387,2471,4,2023-08-09,2024-07-09,superseded
3388,2471,7,2024-07-09,2024-09-09,canceled
3389,2472,3,2024-11-11,,active
3390,2473,2,2024-10-12,,active
3391,2474,1,2024-07-01,,active
3392,2475,1,2024-03-25,2024-08-25,canceled
3393,2476,1,2024-10-31,2024-11-30,canceled
3394,2477,5,2023-04-18,2023-12-18,superseded
3395,2477,3,2023-12-18,,active
3396,2478,7,2024-08-07,2024-09-07,canceled
3397,2479,3,2023-03-05,2024-08-05,canceled
3398,2480,1,2024-08-05,,active
3399,2481,2,2023-09-06,,active
3400,2482,4,2024-10-31,,active
3401,2483,4,2024-11-06,,active
3402,2484,2,2023-05-07,2024-10-07,superseded
3403,2484,1,2024-10-07,,active
3404,2485,4,2024-01-30,,active
3405,2486,1,2024-12-05,,active
3406,2487,1,2024-02-13,2024-04-13,canceled
3407,2488,2,2024-10-27,,active
3408,2489,4,2024-04-03,,active
3409,2490,1,2023-11-26,2024-03-26,canceled
3410,2491,1,2023-09-24,2024-01-24,canceled
3411,2492,1,2023-07-05,2023-11-05,canceled
3412,2492,6,2023-12-05,,active
3413,2493,2,2024-08-06,,active
3414,2494,1,2023-12-18,2024-01-18,canceled
3415,2495,2,2024-02-27,,active
3416,2496,2,2024-02-29,,active
3417,2497,1,2024-04-01,2024-06-01,canceled
3418,2498,1,2024-10-10,2024-12-10,canceled
3419,2499,2,2024-12-29,,active
3420,2500,5,2023-12-04,2024-07-04,superseded
3421,2500,2,2024-07-04,,active
3422,2501,2,2024-09-03,,active
3423,2502,1,2024-08-30,2024-10-30,canceled
3424,2503,2,2024-04-14,,active
3425,2504,2,2024-11-05,,active
3426,2505,1,2023-07-10,2023-08-10,canceled
3427,2505,1,2023-11-10,2024-04-10,canceled
3428,2506,1,2023-02-22,2024-01-22,canceled
3429,2507,5,2024-09-26,2024-12-26,canceled
3430,2508,2,2024-01-05,2024-05-05,superseded
3431,2508,4,2024-05-05,,active
3432,2509,1,2024-09-15,2024-12-15,canceled
3433,2510,3,2024-10-03,,active
3434,2511,3,2022-10-05,2022-12-05,canceled
3435,2512,1,2024-10-13,,active
3436,2513,1,2024-01-14,2024-04-14,canceled
3437,2514,2,2024-02-21,,active
3438,2515,1,2024-05-18,2024-11-18,canceled
3439,2516,2,2024-11-13,,active
3440,2517,1,2022-03-25,2022-07-25,canceled
3441,2517,1,2024-04-25,2024-07-25,canceled
3442,2518,2,2024-02-08,,active
3443,2519,2,2024-06-12,,active
3444,2520,4,2024-07-02,,active
3445,2521,1,2024-06-25,,active
3446,2522,2,2023-04-28,2024-08-28,canceled
3447,2523,1,2023-10-07,2023-11-07,canceled
3448,2524,5,2023-11-23,,active
3449,2525,6,2024-09-14,,active
3450,2526,7,2023-09-03,2023-11-03,superseded
3451,2526,4,2023-11-03,2024-03-03,superseded
3452,2526,3,2024-03-03,2024-12-03,canceled
3453,2527,2,2023-07-05,2023-08-05,canceled
3454,2527,1,2024-04-05,,active
3455,2528,1,2024-11-19,,active
3456,2529,5,2022-02-16,2023-03-16,superseded
3457,2529,6,2023-03-16,2023-05-16,superseded
3458,2529,4,2023-05-16,2023-09-16,superseded
3459,2529,7,2023-09-16,2023-11-16,canceled
3460,2530,1,2024-12-10,,active
3461,2531,1,2024-06-21,2024-08-21,superseded
3462,2531,2,2024-08-21,,active
3463,2532,1,2024-09-29,,active
3464,2533,1,2023-09-06,2024-07-06,canceled
3465,2534,1,2022-03-29,2022-05-29,canceled
3466,2535,1,2024-07-19,2024-08-19,canceled
3467,2536,2,2024-09-06,,active
3468,2537,1,2024-07-31,,active
3469,2538,4,2023-04-08,2023-05-08,canceled
3470,2539,2,2024-07-20,,active
3471,2540,2,2024-08-11,,active
3472,2541,4,2024-05-02,,active
3473,2542,4,2024-08-04,,active
3474,2543,2,2024-09-11,2024-10-11,canceled
3475,2544,1,2024-04-03,2024-07-03,superseded
3476,2544,2,2024-07-03,2024-10-03,superseded
3477,2544,1,2024-10-03,,active
3478,2545,2,2023-01-07,2024-10-07,canceled
3479,2546,4,2024-02-09,2024-04-09,canceled
3480,2547,1,2022-12-26,2023-03-26,canceled
3481,2547,1,2023-05-26,2024-06-26,superseded
3482,2547,2,2024-06-26,2024-10-26,superseded
3483,2547,4,2024-10-26,,active
3484,2548,6,2023-12-10,,active
3485,2549,7,2023-12-13,,active
3486,2550,1,2022-10-12,2022-11-12,canceled
3487,2551,1,2023-11-14,2024-01-14,canceled
3488,2552,1,2023-03-25,2023-05-25,canceled
3489,2553,1,2024-09-19,2024-10-19,canceled
3490,2554,3,2024-11-22,,active
3491,2555,6,2022-11-23,2023-02-23,superseded
3492,2555,8,2023-02-23,,active
3493,2556,1,2024-11-05,,active
3494,2557,2,2024-03-17,,active
3495,2558,4,2023-10-25,2024-09-25,superseded
3496,2558,6,2024-09-25,,active
3497,2559,1,2022-12-12,2023-05-12,superseded
3498,2559,2,2023-05-12,2023-07-12,canceled
3499,2560,6,2024-02-23,2024-08-23,superseded
3500,2560,8,2024-08-23,,active
3501,2561,1,2024-08-20,2024-09-20,superseded
3502,2561,2,2024-09-20,,active
3503,2562,1,2024-06-16,,active
3504,2563,2,2022-09-10,2022-12-10,canceled
3505,2564,6,2022-11-03,2023-10-03,canceled
3506,2565,4,2023-12-10,2024-12-10,superseded
3507,2565,7,2024-12-10,,active
3508,2566,4,2023-10-03,2024-01-03,canceled
3509,2567,1,2023-08-16,2023-10-16,canceled
3510,2568,5,2023-09-30,,active
3511,2569,4,2024-09-02,,active
3512,2570,3,2024-11-20,,active
3513,2571,2,2023-12-28,2024-09-28,superseded
3514,2571,1,2024-09-28,2024-11-28,superseded
3515,2571,2,2024-11-28,,active
3516,2572,1,2024-10-14,,active
3517,2573,3,2023-10-22,2023-12-22,superseded
3518,2573,4,2023-12-22,2024-03-22,superseded
3519,2573,2,2024-03-22,2024-12-22,superseded
3520,2573,5,2024-12-22,,active
3521,2574,2,2024-02-26,,active
3522,2575,1,2023-08-28,2024-05-28,canceled
3523,2576,5,2024-05-28,2024-11-28,canceled
3524,2577,1,2024-12-03,,active
3525,2578,2,2024-04-27,,active
3526,2579,2,2023-11-30,2024-01-30,canceled
3527,2580,1,2024-05-13,2024-06-13,canceled
3528,2581,1,2023-03-16,2024-01-16,superseded
3529,2581,2,2024-01-16,2024-03-16,canceled
3530,2582,2,2024-10-15,,active
3531,2583,5,2024-02-21,,active
3532,2584,6,2024-01-25,2024-10-25,superseded
3533,2584,4,2024-10-25,,active
3534,2585,4,2024-04-14,2024-12-14,superseded
3535,2585,6,2024-12-14,,active
3536,2586,2,2024-05-01,2024-07-01,superseded
3537,2586,1,2024-07-01,2024-11-01,canceled
3538,2587,1,2022-11-21,2023-05-21,canceled
3539,2587,2,2024-01-21,2024-02-21,superseded
3540,2587,4,2024-02-21,2024-11-21,superseded
3541,2587,2,2024-11-21,,active
3542,2588,6,2024-06-03,,active
3543,2589,1,2023-08-17,2023-10-17,canceled
3544,2590,5,2024-06-02,,active
3545,2591,1,2024-09-25,,active
3546,2592,2,2024-09-16,,active
3547,2593,3,2024-03-23,,active
3548,2594,2,2024-03-27,,active
3549,2595,5,2023-04-03,2023-09-03,canceled
3550,2596,2,2024-08-22,2024-10-22,canceled
3551,2597,4,2023-09-24,2024-10-24,canceled
3552,2598,6,2024-02-05,,active
3553,2599,1,2023-09-22,2024-07-22,canceled
3554,2600,4,2023-04-15,,active
3555,2601,6,2024-05-21,,active
3556,2602,6,2022-09-07,,active
3557,2603,2,2024-07-13,2024-10-13,superseded
3558,2603,5,2024-10-13,,active
3559,2604,3,2023-10-22,2024-07-22,canceled
3560,2605,2,2022-01-01,2023-04-01,canceled
3561,2605,7,2024-11-01,,active
3562,2606,4,2024-02-04,2024-06-04,canceled
3563,2607,2,2022-08-14,2024-01-14,superseded
3564,2607,1,2024-01-14,2024-08-14,canceled
3565,2608,1,2023-09-25,2023-12-25,canceled
3566,2608,1,2024-12-25,,active
3567,2609,4,2024-06-12,2024-09-12,superseded
3568,2609,6,2024-09-12,,active
3569,2610,1,2022-10-13,2023-12-13,canceled
3570,2611,1,2024-09-21,2024-11-21,canceled
3571,2612,1,2022-01-28,2022-06-28,canceled
3572,2613,1,2023-08-03,2023-11-03,canceled
3573,2613,4,2024-11-03,,active
3574,2614,1,2024-07-16,2024-08-16,canceled
3575,2615,2,2023-10-21,2023-12-21,canceled
3576,2616,2,2023-02-10,2023-04-10,canceled
3577,2617,5,2023-11-18,,active
3578,2618,5,2023-09-04,2024-04-04,canceled
3579,2619,1,2024-09-30,,active
3580,2620,1,2023-10-01,2024-02-01,superseded
3581,2620,2,2024-02-01,2024-05-01,canceled
3582,2621,1,2024-08-09,2024-10-09,canceled
3583,2622,3,2024-10-26,2024-12-26,superseded
3584,2622,5,2024-12-26,,active
3585,2623,1,2024-01-30,2024-07-29,canceled
3586,2624,6,2024-10-12,,active
3587,2625,6,2023-11-11,2024-10-11,canceled
3588,2626,4,2024-11-08,,active
3589,2627,1,2023-01-13,2023-06-13,canceled
3590,2628,6,2024-06-05,2024-07-05,superseded
3591,2628,8,2024-07-05,,active
3592,2629,1,2024-02-13,2024-09-13,superseded
3593,2629,2,2024-09-13,,active
3594,2630,7,2023-12-04,,active
3595,2631,2,2024-05-19,2024-12-19,canceled
3596,2632,1,2024-06-09,2024-12-09,canceled
3597,2633,1,2022-01-03,2022-07-03,canceled
3598,2634,1,2023-05-19,2023-06-19,canceled
3599,2635,1,2024-06-03,2024-08-03,canceled
3600,2636,1,2024-05-15,,active
3601,2637,1,2024-11-21,,active
3602,2638,2,2024-08-08,,active
3603,2639,1,2024-11-09,,active
3604,2640,2,2024-06-21,2024-07-21,superseded
3605,2640,4,2024-07-21,,active
3606,2641,1,2023-10-04,2023-12-04,superseded
3607,2641,3,2023-12-04,2024-10-04,canceled
3608,2642,1,2023-02-10,2023-03-10,canceled
3609,2643,1,2024-08-28,2024-09-28,canceled
3610,2644,4,2024-05-16,,active
3611,2645,4,2022-08-21,2023-11-21,canceled
3612,2646,2,2023-11-11,2024-02-11,superseded
3613,2646,1,2024-02-11,2024-12-11,canceled
3614,2647,1,2024-11-10,2024-12-10,canceled
3615,2648,7,2024-02-20,,active
3616,2649,2,2024-01-12,2024-05-12,canceled
3617,2650,8,2024-01-06,,active
3618,2651,2,2023-07-20,2024-03-20,superseded
3619,2651,4,2024-03-20,,active
3620,2652,2,2023-11-05,2024-02-05,superseded
3621,2652,1,2024-02-05,2024-03-05,canceled
3622,2653,2,2023-11-01,2024-08-01,superseded
3623,2653,5,2024-08-01,,active
3624,2654,7,2022-09-05,2023-03-05,superseded
3625,2654,8,2023-03-05,2023-06-05,superseded
3626,2654,6,2023-06-05,,active
3627,2655,1,2024-08-12,2024-10-12,canceled
3628,2656,2,2024-01-26,2024-11-26,superseded
3629,2656,4,2024-11-26,,active
3630,2657,3,2024-09-07,,active
3631,2658,3,2024-09-23,,active
3632,2659,2,2023-07-25,2024-11-25,superseded
3633,2659,5,2024-11-25,,active
3634,2660,1,2024-05-24,2024-11-24,canceled
3635,2661,1,2024-02-24,2024-07-24,superseded
3636,2661,2,2024-07-24,2024-10-24,canceled
3637,2662,4,2024-10-13,,active
3638,2663,1,2023-07-21,2023-10-21,canceled
3639,2664,2,2024-06-17,,active
3640,2665,1,2024-04-29,2024-10-29,canceled
3641,2666,5,2023-10-01,2024-03-01,canceled
3642,2667,6,2023-04-06,2024-08-06,superseded
3643,2667,5,2024-08-06,,active
3644,2668,3,2024-05-12,,active
3645,2669,2,2024-07-23,2024-12-23,superseded
3646,2669,5,2024-12-23,,active
3647,2670,4,2023-10-26,2023-12-26,canceled
3648,2671,1,2024-05-10,2024-08-10,canceled
3649,2672,2,2023-12-09,,active
3650,2673,2,2024-06-22,,active
3651,2674,1,2023-07-25,2024-04-25,superseded
3652,2674,2,2024-04-25,2024-05-25,canceled
3653,2675,4,2024-10-02,,active
3654,2676,3,2023-09-14,2024-11-14,superseded
3655,2676,5,2024-11-14,,active
3656,2677,2,2023-11-19,2024-04-19,canceled
3657,2678,2,2022-10-21,2023-04-21,canceled
3658,2678,3,2023-06-21,2023-09-21,superseded
3659,2678,1,2023-09-21,2024-10-21,superseded
3660,2678,2,2024-10-21,2024-11-21,canceled
3661,2679,7,2023-03-15,,active
3662,2680,2,2024-02-29,2024-03-29,canceled
3663,2681,1,2023-09-01,,active
3664,2682,1,2024-09-24,,active
3665,2683,2,2022-03-03,2022-08-03,superseded
3666,2683,4,2022-08-03,2023-09-03,canceled
3667,2683,1,2023-10-03,2024-03-03,canceled
3668,2684,8,2023-11-13,,active
3669,2685,6,2023-10-21,2024-10-21,superseded
3670,2685,8,2024-10-21,,active
3671,2686,1,2022-03-20,2023-05-20,superseded
3672,2686,2,2023-05-20,2024-11-20,canceled
3673,2687,4,2023-03-05,2023-08-05,superseded
3674,2687,6,2023-08-05,2024-01-05,canceled
3675,2687,5,2024-10-05,,active
3676,2688,1,2024-01-14,,active
3677,2689,2,2024-02-26,,active
3678,2690,4,2023-12-30,2024-12-29,superseded
3679,2690,6,2024-12-29,,active
3680,2691,3,2024-03-02,2024-05-02,canceled
3681,2692,1,2024-04-11,2024-05-11,canceled
3682,2693,2,2022-02-23,2022-05-23,superseded
3683,2693,1,2022-05-23,2022-09-23,superseded
3684,2693,2,2022-09-23,2024-02-23,superseded
3685,2693,1,2024-02-23,2024-11-23,canceled
3686,2694,2,2024-01-05,2024-10-05,superseded
3687,2694,4,2024-10-05,,active
3688,2695,1,2024-11-28,,active
3689,2696,1,2024-03-04,2024-08-04,superseded
3690,2696,3,2024-08-04,2024-09-04,canceled
3691,2697,1,2024-06-16,,active
3692,2698,3,2023-10-08,2024-07-08,canceled
3693,2699,1,2024-08-12,2024-10-12,canceled
3694,2700,1,2024-08-24,2024-10-24,superseded
3695,2700,2,2024-10-24,,active
3696,2701,5,2024-03-16,2024-09-16,superseded
3697,2701,2,2024-09-16,,active
3698,2702,1,2024-12-27,,active
3699,2703,3,2023-03-27,2023-09-27,superseded
3700,2703,5,2023-09-27,,active
3701,2704,3,2022-03-25,2022-09-25,canceled
3702,2705,5,2024-08-28,,active
3703,2706,2,2024-09-12,,active
3704,2707,1,2023-03-07,2023-10-07,canceled
3705,2708,1,2023-09-06,2024-01-06,canceled
3706,2709,5,2022-03-04,2023-07-04,canceled
3707,2709,2,2023-09-04,,active
3708,2710,2,2023-09-08,2024-09-08,canceled
3709,2711,2,2024-08-16,,active
3710,2712,2,2024-03-30,,active
3711,2713,1,2023-11-13,2024-06-13,canceled
3712,2714,7,2023-11-09,2024-04-09,superseded
3713,2714,8,2024-04-09,,active
3714,2715,2,2022-01-30,2022-05-28,superseded
3715,2715,4,2022-05-28,2023-03-28,superseded
3716,2715,2,2023-03-28,2023-08-28,superseded
3717,2715,4,2023-08-28,,active
3718,2716,1,2023-10-20,2023-11-20,canceled
3719,2717,2,2024-05-04,,active
3720,2718,2,2024-12-08,,active
3721,2719,1,2024-09-08,,active
3722,2720,2,2022-04-20,2022-07-20,canceled
3723,2720,2,2023-12-20,,active
3724,2721,3,2024-10-08,2024-11-08,superseded
3725,2721,4,2024-11-08,,active
3726,2722,1,2024-08-07,,active
3727,2723,4,2024-08-23,,active
3728,2724,3,2024-01-17,,active
3729,2725,2,2023-12-28,2024-04-28,superseded
3730,2725,4,2024-04-28,2024-12-28,superseded
3731,2725,2,2024-12-28,,active
3732,2726,1,2023-10-03,,active
3733,2727,3,2022-10-31,2023-01-30,canceled
3734,2728,1,2023-08-06,2023-09-06,superseded
3735,2728,2,2023-09-06,2024-11-06,superseded
3736,2728,4,2024-11-06,,active
3737,2729,2,2023-08-25,2023-11-25,canceled
3738,2729,3,2024-09-25,,active
3739,2730,5,2024-02-19,2024-07-19,superseded
3740,2730,6,2024-07-19,2024-10-19,superseded
3741,2730,8,2024-10-19,,active
3742,2731,4,2024-07-02,,active
3743,2732,1,2024-02-27,2024-05-27,canceled
3744,2733,1,2022-09-25,2023-03-25,superseded
3745,2733,2,2023-03-25,2023-10-25,superseded
3746,2733,1,2023-10-25,2024-01-25,canceled
3747,2733,2,2024-09-25,,active
3748,2734,1,2024-11-15,,active
3749,2735,1,2024-11-22,2024-12-22,canceled
3750,2736,2,2024-08-12,2024-11-12,superseded
3751,2736,4,2024-11-12,,active
3752,2737,1,2024-12-22,,active
3753,2738,4,2024-03-04,,active
3754,2739,1,2024-11-05,,active
3755,2740,1,2022-12-05,2023-05-05,canceled
3756,2741,8,2023-11-23,,active
3757,2742,3,2023-08-07,2024-02-07,canceled
3758,2742,1,2024-09-07,2024-11-07,canceled
3759,2743,2,2023-07-09,2023-08-09,canceled
3760,2744,1,2023-04-15,2023-05-15,canceled
3761,2745,6,2024-05-30,2024-10-30,superseded
3762,2745,4,2024-10-30,,active
3763,2746,6,2024-08-14,2024-09-14,canceled
3764,2747,1,2024-04-19,2024-06-19,canceled
3765,2747,1,2024-07-19,,active
3766,2748,3,2023-05-14,2023-07-14,superseded
3767,2748,1,2023-07-14,2023-10-14,canceled
3768,2749,1,2024-09-12,,active
3769,2750,3,2024-05-22,2024-06-22,superseded
3770,2750,1,2024-06-22,2024-08-22,canceled
3771,2751,1,2023-12-10,2024-08-10,superseded
3772,2751,2,2024-08-10,2024-12-10,canceled
3773,2752,1,2024-06-10,2024-07-10,canceled
3774,2753,1,2023-09-07,2024-01-07,canceled
3775,2753,4,2024-03-07,2024-08-07,superseded
3776,2753,6,2024-08-07,2024-12-07,canceled
3777,2754,1,2023-11-10,2024-05-10,canceled
3778,2755,4,2024-10-02,,active
3779,2756,7,2023-09-28,2024-07-28,superseded
3780,2756,8,2024-07-28,2024-08-28,superseded
3781,2756,6,2024-08-28,2024-12-28,superseded
3782,2756,5,2024-12-28,,active
3783,2757,1,2024-02-03,2024-05-03,superseded
3784,2757,2,2024-05-03,2024-11-03,canceled
3785,2758,2,2024-10-14,2024-12-14,canceled
3786,2759,1,2024-06-16,2024-08-16,canceled
3787,2760,3,2022-10-13,2023-03-13,canceled
3788,2761,6,2023-05-09,,active
3789,2762,2,2022-02-14,2022-12-14,canceled
3790,2763,4,2024-05-22,,active
3791,2764,1,2024-01-07,2024-06-07,canceled
3792,2765,1,2023-04-21,2023-08-21,canceled
3793,2766,3,2024-11-27,2024-12-27,canceled
3794,2767,1,2024-03-11,2024-09-11,canceled
3795,2768,5,2023-08-12,2024-05-12,canceled
3796,2768,1,2024-10-12,,active
3797,2769,2,2024-02-01,2024-03-01,canceled
3798,2770,6,2024-06-03,,active
3799,2771,6,2022-12-08,2023-10-08,superseded
3800,2771,8,2023-10-08,2024-04-08,superseded
3801,2771,6,2024-04-08,,active
3802,2772,6,2023-09-29,2023-11-29,superseded
3803,2772,8,2023-11-29,,active
3804,2773,1,2024-09-13,,active
3805,2774,4,2024-01-25,2024-03-25,superseded
3806,2774,6,2024-03-25,2024-06-25,superseded
3807,2774,8,2024-06-25,,active
3808,2775,3,2024-03-02,,active
3809,2776,1,2024-01-20,2024-09-20,canceled
3810,2777,3,2022-08-11,2023-01-11,canceled
3811,2777,3,2023-11-11,2024-09-11,superseded
3812,2777,4,2024-09-11,,active
3813,2778,3,2023-05-17,2024-04-17,canceled
3814,2778,1,2024-06-17,,active
3815,2779,2,2024-01-05,2024-05-05,canceled
3816,2780,1,2023-07-29,2023-08-29,canceled
3817,2781,1,2022-09-10,2022-11-10,canceled
3818,2782,2,2024-09-20,2024-11-20,superseded
3819,2782,4,2024-11-20,,active
3820,2783,4,2024-12-20,,active
3821,2784,2,2024-08-04,2024-12-04,canceled
3822,2785,8,2024-09-02,,active
3823,2786,1,2023-08-06,2023-10-06,canceled
3824,2786,3,2024-04-06,2024-10-06,canceled
3825,2787,1,2024-11-27,2024-12-27,canceled
3826,2788,1,2023-07-04,2023-10-04,canceled
3827,2789,5,2024-11-27,,active
3828,2790,1,2024-12-23,,active
3829,2791,3,2024-06-22,,active
3830,2792,1,2024-12-09,,active
3831,2793,1,2024-04-14,,active
3832,2794,4,2023-09-04,2023-10-04,superseded
3833,2794,2,2023-10-04,2024-07-04,superseded
3834,2794,4,2024-07-04,2024-12-04,canceled
3835,2795,4,2024-01-21,2024-05-21,canceled
3836,2796,1,2024-04-30,,active
3837,2797,1,2022-11-24,2023-09-24,canceled
3838,2798,1,2024-05-17,,active
3839,2799,4,2024-12-23,,active
3840,2800,2,2023-06-05,2024-02-05,superseded
3841,2800,5,2024-02-05,2024-08-05,superseded
3842,2800,3,2024-08-05,,active
3843,2801,1,2024-08-23,,active
3844,2802,6,2024-10-22,,active
3845,2803,3,2024-11-21,,active
3846,2804,1,2024-11-06,,active
3847,2805,3,2024-03-17,2024-12-17,canceled
3848,2806,1,2024-12-19,,active
3849,2807,2,2024-08-02,,active
3850,2808,3,2023-05-22,2024-02-22,canceled
3851,2809,6,2024-02-25,2024-03-25,superseded
3852,2809,8,2024-03-25,2024-09-25,superseded
3853,2809,6,2024-09-25,,active
3854,2810,4,2024-07-26,,active
3855,2811,2,2023-08-29,2023-09-29,superseded
3856,2811,1,2023-09-29,2024-11-29,canceled
3857,2812,2,2024-05-02,2024-12-02,superseded
3858,2812,5,2024-12-02,,active
3859,2813,1,2024-05-03,,active
3860,2814,1,2023-05-01,2023-07-01,canceled
3861,2815,1,2024-03-13,2024-04-13,canceled
3862,2816,1,2024-08-07,,active
3863,2817,4,2024-02-07,2024-11-07,canceled
3864,2818,1,2022-02-26,2023-05-26,canceled
3865,2819,4,2022-02-22,2023-07-22,superseded
3866,2819,2,2023-07-22,2024-03-22,superseded
3867,2819,4,2024-03-22,2024-10-22,superseded
3868,2819,6,2024-10-22,,active
3869,2820,1,2023-11-01,2023-12-01,canceled
3870,2820,2,2024-12-01,,active
3871,2821,2,2024-11-03,,active
3872,2822,2,2023-08-24,2024-02-24,canceled
3873,2823,4,2024-05-19,,active
3874,2824,1,2023-08-29,2023-11-29,canceled
3875,2825,4,2023-10-14,2023-11-14,superseded
3876,2825,6,2023-11-14,2024-05-14,superseded
3877,2825,8,2024-05-14,,active
3878,2826,3,2024-09-05,,active
3879,2827,3,2024-07-08,,active
3880,2828,6,2023-01-27,2024-02-27,canceled
3881,2829,1,2024-01-23,2024-04-23,canceled
3882,2829,6,2024-06-23,,active
3883,2830,2,2022-05-10,2022-07-10,canceled
3884,2830,1,2023-11-10,2024-12-10,canceled
3885,2831,4,2024-02-20,,active
3886,2832,4,2024-05-23,2024-07-23,superseded
3887,2832,2,2024-07-23,2024-08-23,superseded
3888,2832,4,2024-08-23,,active
3889,2833,4,2023-03-09,2023-10-09,canceled
3890,2833,2,2024-08-09,,active
3891,2834,1,2023-09-07,2024-03-07,canceled
3892,2835,1,2023-12-18,2024-06-18,canceled
3893,2836,1,2024-11-30,,active
3894,2837,1,2024-12-31,,active
3895,2838,7,2022-08-26,2023-05-26,superseded
3896,2838,8,2023-05-26,,active
3897,2839,2,2024-08-20,2024-09-20,canceled
3898,2840,1,2023-11-16,2024-03-16,canceled
3899,2840,4,2024-10-16,,active
3900,2841,1,2023-12-02,2024-03-02,canceled
3901,2842,6,2024-07-16,2024-09-16,superseded
3902,2842,8,2024-09-16,,active
3903,2843,4,2024-10-01,,active
3904,2844,5,2024-11-07,,active
3905,2845,2,2024-04-24,2024-09-24,superseded
3906,2845,1,2024-09-24,,active
3907,2846,1,2023-11-13,2024-02-13,superseded
3908,2846,2,2024-02-13,2024-08-13,superseded
3909,2846,4,2024-08-13,,active
3910,2847,7,2024-08-05,2024-10-05,superseded
3911,2847,8,2024-10-05,2024-11-05,superseded
3912,2847,6,2024-11-05,,active
3913,2848,2,2023-09-29,2024-04-29,superseded
3914,2848,4,2024-04-29,,active
3915,2849,2,2024-03-02,,active
3916,2850,2,2023-11-14,2024-06-14,canceled
3917,2851,7,2024-05-19,,active
3918,2852,2,2023-08-08,2023-11-08,canceled
3919,2852,1,2024-07-08,2024-11-08,canceled
3920,2853,1,2023-06-06,2024-03-06,canceled
3921,2854,1,2024-10-29,2024-12-29,canceled
3922,2855,3,2023-02-16,2024-09-16,superseded
3923,2855,5,2024-09-16,,active
3924,2856,1,2024-02-18,2024-05-18,canceled
3925,2857,2,2023-08-29,,active
3926,2858,1,2022-07-31,2024-05-28,canceled
3927,2859,1,2022-06-08,2022-09-08,canceled
3928,2860,7,2023-06-17,2024-05-17,superseded
3929,2860,8,2024-05-17,,active
3930,2861,2,2024-10-31,,active
3931,2862,4,2023-09-05,,active
3932,2863,1,2024-11-18,,active
3933,2864,4,2024-04-05,2024-06-05,superseded
3934,2864,6,2024-06-05,2024-11-05,superseded
3935,2864,8,2024-11-05,,active
3936,2865,3,2024-01-25,2024-07-25,superseded
3937,2865,5,2024-07-25,,active
3938,2866,2,2024-04-02,2024-05-02,canceled
3939,2867,1,2024-02-03,2024-06-03,superseded
3940,2867,3,2024-06-03,,active
3941,2868,1,2024-08-01,,active
3942,2869,1,2023-09-07,2024-01-07,canceled
3943,2869,1,2024-05-07,2024-07-07,canceled
3944,2869,1,2024-09-07,,active
3945,2870,2,2023-11-22,2024-04-22,superseded
3946,2870,1,2024-04-22,2024-10-22,canceled
3947,2871,1,2024-10-01,,active
3948,2872,3,2024-11-27,,active
3949,2873,5,2024-10-25,,active
3950,2874,5,2024-01-28,2024-11-28,canceled
3951,2875,4,2024-08-02,,active
3952,2876,4,2024-02-22,2024-12-22,superseded
3953,2876,3,2024-12-22,,active
3954,2877,1,2024-02-14,,active
3955,2878,2,2023-07-06,2023-10-06,canceled
3956,2879,8,2024-04-08,2024-05-08,superseded
3957,2879,6,2024-05-08,2024-08-08,superseded
3958,2879,4,2024-08-08,,active
3959,2880,2,2023-06-09,2023-07-09,canceled
3960,2881,5,2023-10-11,,active
3961,2882,2,2024-09-09,,active
3962,2883,2,2023-07-20,2024-01-20,superseded
3963,2883,1,2024-01-20,,active
3964,2884,2,2022-11-27,2023-06-27,superseded
3965,2884,1,2023-06-27,2024-10-27,canceled
3966,2885,2,2022-11-15,2023-11-15,canceled
3967,2886,1,2024-11-21,2024-12-21,canceled
3968,2887,1,2024-02-03,,active
3969,2888,7,2024-01-03,,active
3970,2889,1,2024-09-09,2024-10-09,canceled
3971,2889,1,2024-12-09,,active
3972,2890,5,2024-09-05,,active
3973,2891,3,2023-10-21,2024-06-21,canceled
3974,2892,1,2024-06-19,2024-08-19,canceled
3975,2893,2,2024-08-31,,active
3976,2894,2,2024-05-22,,active
3977,2895,8,2023-05-02,,active
3978,2896,1,2024-10-15,2024-12-15,canceled
3979,2897,8,2024-03-19,2024-04-19,superseded
3980,2897,6,2024-04-19,,active
3981,2898,1,2023-09-21,2024-12-21,superseded
3982,2898,2,2024-12-21,,active
3983,2899,2,2024-01-20,,active
3984,2900,1,2022-07-21,2022-12-21,canceled
3985,2900,4,2024-03-21,2024-06-21,superseded
3986,2900,6,2024-06-21,,active
3987,2901,1,2023-04-01,,active
3988,2902,1,2024-08-30,,active
3989,2903,7,2022-01-11,2024-05-11,superseded
3990,2903,8,2024-05-11,,active
3991,2904,2,2024-01-19,,active
3992,2905,1,2024-03-19,,active
3993,2906,2,2022-09-21,2023-08-21,superseded
3994,2906,4,2023-08-21,2023-12-21,superseded
3995,2906,2,2023-12-21,2024-03-21,canceled
3996,2907,3,2024-12-08,,active
3997,2908,1,2023-08-24,2023-09-24,canceled
3998,2909,3,2023-10-17,,active
3999,2910,1,2023-10-17,2024-03-17,canceled
4000,2910,2,2024-12-17,,active
4001,2911,2,2023-08-10,2024-05-10,superseded
4002,2911,4,2024-05-10,,active
4003,2912,2,2022-01-12,2023-02-12,superseded
4004,2912,4,2023-02-12,2024-07-12,superseded
4005,2912,2,2024-07-12,,active
4006,2913,3,2024-07-23,,active
4007,2914,3,2024-11-12,,active
4008,2915,2,2023-08-12,2024-12-12,canceled
4009,2916,6,2024-05-14,,active
4010,2917,1,2024-07-30,2024-08-30,canceled
4011,2918,3,2024-09-19,,active
4012,2919,2,2024-01-11,2024-04-11,superseded
4013,2919,4,2024-04-11,2024-05-11,superseded
4014,2919,6,2024-05-11,,active
4015,2920,5,2023-10-05,,active
4016,2921,1,2023-10-29,2024-06-29,superseded
4017,2921,2,2024-06-29,,active
4018,2922,5,2024-06-14,,active
4019,2923,6,2024-09-24,,active
4020,2924,1,2023-06-01,2023-09-01,canceled
4021,2924,6,2024-11-01,,active
4022,2925,2,2023-11-28,,active
4023,2926,2,2024-10-05,,active
4024,2927,2,2024-09-04,,active
4025,2928,1,2024-12-20,,active
4026,2929,1,2024-07-24,,active
4027,2930,1,2023-12-21,2024-05-21,superseded
4028,2930,3,2024-05-21,2024-07-21,canceled
4029,2931,1,2024-04-16,2024-11-16,canceled
4030,2932,6,2024-05-19,,active
4031,2933,4,2022-12-29,2024-02-28,superseded
4032,2933,2,2024-02-28,,active
4033,2934,3,2024-03-15,2024-04-15,superseded
4034,2934,4,2024-04-15,2024-05-15,canceled
4035,2935,6,2024-06-19,,active
4036,2936,1,2023-05-16,2024-08-16,canceled
4037,2937,2,2024-08-19,,active
4038,2938,4,2024-04-13,2024-07-13,canceled
4039,2939,1,2024-11-27,,active
4040,2940,1,2022-07-14,2022-09-14,canceled
4041,2940,2,2023-06-14,2023-12-14,superseded
4042,2940,4,2023-12-14,2024-11-14,canceled
4043,2941,1,2023-09-04,2024-01-04,canceled
4044,2942,2,2024-04-16,2024-05-16,canceled
4045,2943,3,2023-10-30,2024-06-29,canceled
4046,2944,5,2024-06-08,,active
4047,2945,1,2024-08-27,,active
4048,2946,2,2023-02-02,2024-07-02,canceled
4049,2947,8,2024-02-01,,active
4050,2948,5,2024-02-10,2024-06-10,superseded
4051,2948,6,2024-06-10,,active
4052,2949,1,2023-11-17,2024-02-17,canceled
4053,2950,2,2024-11-23,,active
4054,2951,1,2024-09-14,,active
4055,2952,1,2024-06-09,,active
4056,2953,1,2024-06-03,2024-07-03,canceled
4057,2953,1,2024-11-03,,active
4058,2954,2,2024-01-06,,active
4059,2955,1,2024-11-17,,active
4060,2956,2,2024-06-29,2024-07-29,superseded
4061,2956,1,2024-07-29,2024-12-29,canceled
4062,2957,4,2024-07-26,2024-09-26,canceled
4063,2957,1,2024-10-26,,active
4064,2958,2,2024-09-27,,active
4065,2959,1,2023-09-01,2024-01-01,superseded
4066,2959,2,2024-01-01,,active
4067,2960,4,2024-09-08,2024-12-08,canceled
4068,2961,2,2023-07-27,,active
4069,2962,1,2023-11-21,2023-12-21,canceled
4070,2963,1,2023-10-24,2024-03-24,canceled
4071,2963,2,2024-04-24,2024-07-24,superseded
4072,2963,5,2024-07-24,2024-11-24,canceled
4073,2964,1,2024-12-20,,active
4074,2965,1,2024-09-09,,active
4075,2966,3,2024-06-12,2024-08-12,superseded
4076,2966,4,2024-08-12,2024-10-12,superseded
4077,2966,2,2024-10-12,,active
4078,2967,4,2024-07-10,2024-11-10,canceled
4079,2968,4,2024-03-16,,active
4080,2969,1,2024-11-16,2024-12-16,canceled
4081,2970,4,2024-02-29,2024-11-29,canceled
4082,2971,3,2023-11-11,,active
4083,2972,1,2023-05-31,2024-01-30,canceled
4084,2973,2,2024-08-23,,active
4085,2974,2,2024-07-28,,active
4086,2975,8,2023-12-10,,active
4087,2976,6,2022-04-14,,active
4088,2977,1,2024-09-11,2024-10-11,superseded
4089,2977,2,2024-10-11,,active
4090,2978,3,2022-02-09,2023-11-09,canceled
4091,2979,1,2024-06-11,,active
4092,2980,2,2024-12-08,,active
4093,2981,1,2024-01-21,,active
4094,2982,1,2023-08-05,2024-08-05,superseded
4095,2982,2,2024-08-05,,active
4096,2983,1,2024-06-26,2024-10-26,canceled
4097,2984,1,2024-09-12,2024-10-12,canceled
4098,2985,1,2024-03-17,,active
4099,2986,5,2024-11-27,2024-12-27,superseded
4100,2986,6,2024-12-27,,active
4101,2987,1,2022-09-26,2023-01-26,canceled
4102,2988,4,2024-02-18,2024-07-18,superseded
4103,2988,6,2024-07-18,,active
4104,2989,3,2024-07-01,,active
4105,2990,1,2024-09-26,2024-11-26,superseded
4106,2990,3,2024-11-26,,active
4107,2991,5,2023-06-08,2023-09-08,superseded
4108,2991,2,2023-09-08,2023-10-08,canceled
4109,2991,3,2024-01-08,2024-08-08,superseded
4110,2991,4,2024-08-08,,active
4111,2992,1,2024-08-24,2024-10-24,canceled
4112,2993,4,2024-03-05,2024-08-05,superseded
4113,2993,2,2024-08-05,,active
4114,2994,2,2023-12-03,,active
4115,2995,3,2023-04-14,2023-08-14,superseded
4116,2995,1,2023-08-14,,active
4117,2996,5,2024-10-30,,active
4118,2997,1,2023-05-07,2024-07-07,superseded
4119,2997,2,2024-07-07,2024-08-07,superseded
4120,2997,4,2024-08-07,,active
4121,2998,1,2023-10-14,2024-01-14,canceled
4122,2999,4,2023-09-07,,active
4123,3000,1,2024-10-13,,active
4124,3001,3,2024-06-18,,active
4125,3002,1,2024-08-17,,active
4126,3003,1,2023-09-13,2023-10-13,canceled
4127,3004,4,2024-05-15,2024-08-15,canceled
4128,3004,2,2024-11-15,,active
4129,3005,6,2024-04-08,2024-12-08,canceled
4130,3006,1,2024-09-10,,active
4131,3007,1,2024-10-04,,active
4132,3008,2,2022-02-19,2022-04-19,canceled
4133,3009,1,2024-06-16,2024-09-16,superseded
4134,3009,3,2024-09-16,2024-12-16,canceled
4135,3010,2,2022-09-02,2024-12-02,canceled
4136,3011,3,2024-03-11,2024-11-11,canceled
4137,3012,2,2023-09-20,2024-03-20,superseded
4138,3012,4,2024-03-20,2024-08-20,canceled
4139,3013,1,2023-10-25,2024-02-25,canceled
4140,3014,7,2023-11-21,2024-04-21,superseded
4141,3014,5,2024-04-21,,active
4142,3015,2,2024-05-18,2024-09-18,superseded
4143,3015,1,2024-09-18,2024-11-18,canceled
4144,3016,5,2023-10-04,2024-06-04,canceled
4145,3016,6,2024-11-04,,active
4146,3017,1,2024-07-01,,active
4147,3018,6,2023-12-15,2024-07-15,superseded
4148,3018,8,2024-07-15,,active
4149,3019,1,2022-11-16,2022-12-16,canceled
4150,3020,1,2024-08-24,,active
4151,3021,1,2023-09-04,2023-12-04,canceled
4152,3022,4,2024-01-22,2024-04-22,canceled
4153,3023,1,2024-06-19,2024-07-19,canceled
4154,3024,2,2023-10-07,,active
4155,3025,1,2022-09-20,2023-04-20,canceled
4156,3025,2,2023-10-20,,active
4157,3026,1,2023-11-30,2024-02-29,canceled
4158,3027,8,2024-11-06,,active
4159,3028,5,2024-05-14,,active
4160,3029,4,2024-06-01,2024-07-01,superseded
4161,3029,6,2024-07-01,,active
4162,3030,1,2024-05-18,2024-08-18,canceled
4163,3031,1,2023-07-20,2023-12-20,canceled
4164,3031,1,2024-01-20,2024-11-20,canceled
4165,3032,1,2024-01-08,,active
4166,3033,7,2024-07-10,,active
4167,3034,6,2023-02-10,2023-12-10,canceled
4168,3034,1,2024-01-10,2024-09-10,superseded
4169,3034,3,2024-09-10,2024-10-10,superseded
4170,3034,4,2024-10-10,,active
4171,3035,1,2023-09-18,2024-10-18,canceled
4172,3036,1,2023-09-05,2024-07-05,superseded
4173,3036,2,2024-07-05,,active
4174,3037,1,2024-01-19,2024-03-19,canceled
4175,3037,3,2024-09-19,,active
4176,3038,1,2024-12-25,,active
4177,3039,3,2022-11-20,2022-12-20,superseded
4178,3039,4,2022-12-20,2023-04-20,superseded
4179,3039,6,2023-04-20,2024-12-20,superseded
4180,3039,8,2024-12-20,,active
4181,3040,4,2024-03-22,,active
4182,3041,2,2023-06-08,2024-05-08,superseded
4183,3041,4,2024-05-08,,active
4184,3042,1,2024-12-05,,active
4185,3043,2,2023-03-03,2023-08-03,canceled
4186,3044,4,2023-12-15,,active
4187,3045,1,2024-07-25,2024-11-25,canceled
4188,3046,1,2024-06-13,,active
4189,3047,1,2024-01-11,2024-02-11,canceled
4190,3048,5,2023-11-06,2024-03-06,canceled
4191,3049,4,2023-12-27,,active
4192,3050,1,2023-09-09,,active
4193,3051,2,2023-07-12,2024-12-12,superseded
4194,3051,5,2024-12-12,,active
4195,3052,4,2024-02-25,,active
4196,3053,3,2023-09-18,2024-04-18,canceled
4197,3054,7,2023-09-12,2024-02-12,superseded
4198,3054,4,2024-02-12,,active
4199,3055,2,2024-05-15,2024-06-15,superseded
4200,3055,1,2024-06-15,2024-10-15,canceled
4201,3056,1,2024-11-11,,active
4202,3057,3,2024-04-30,2024-11-30,canceled
4203,3058,1,2022-12-21,2023-05-21,canceled
4204,3059,1,2022-12-09,2023-05-09,canceled
4205,3059,1,2024-03-09,2024-05-09,canceled
4206,3060,1,2024-11-01,2024-12-01,canceled
4207,3061,1,2023-10-21,2024-11-21,canceled
4208,3062,1,2023-01-21,2024-02-21,canceled
4209,3062,1,2024-08-21,,active
4210,3063,3,2024-04-01,2024-08-01,canceled
4211,3064,5,2024-05-06,2024-06-06,superseded
4212,3064,6,2024-06-06,,active
4213,3065,4,2024-05-28,,active
4214,3066,2,2023-09-11,2024-11-11,canceled
4215,3067,2,2022-03-07,2022-08-07,canceled
4216,3068,2,2024-11-22,2024-12-22,canceled
4217,3069,1,2023-09-29,2024-05-29,canceled
4218,3070,2,2024-06-01,2024-10-01,canceled
4219,3071,2,2024-06-22,2024-09-22,canceled
4220,3072,2,2024-04-05,2024-06-05,superseded
4221,3072,1,2024-06-05,,active
4222,3073,2,2023-10-09,2023-12-09,superseded
4223,3073,1,2023-12-09,2024-01-09,canceled
4224,3074,1,2023-09-21,2023-11-21,superseded
4225,3074,2,2023-11-21,2024-04-21,canceled
4226,3075,6,2024-04-09,,active
4227,3076,2,2024-10-27,,active
4228,3077,1,2024-11-04,,active
4229,3078,5,2023-02-11,2024-12-11,canceled
4230,3079,1,2023-05-26,2023-06-26,canceled
4231,3080,2,2024-11-29,,active
4232,3081,2,2024-07-21,2024-12-21,canceled
4233,3082,4,2024-10-24,2024-11-24,canceled
4234,3083,7,2023-07-06,,active
4235,3084,2,2024-04-27,,active
4236,3085,4,2024-06-10,2024-10-10,canceled
4237,3086,1,2024-06-12,2024-07-12,superseded
4238,3086,2,2024-07-12,,active
4239,3087,2,2023-12-15,2024-02-15,canceled
4240,3088,1,2022-03-31,2022-04-30,canceled
4241,3088,2,2023-07-28,2023-09-28,superseded
4242,3088,4,2023-09-28,2023-11-28,superseded
4243,3088,3,2023-11-28,2024-07-28,canceled
4244,3088,6,2024-12-28,,active
4245,3089,3,2024-04-07,,active
4246,3090,1,2023-09-22,2024-01-22,canceled
4247,3091,3,2024-01-17,2024-11-17,canceled
4248,3092,4,2024-11-17,,active
4249,3093,7,2023-12-02,,active
4250,3094,2,2024-09-16,,active
4251,3095,4,2023-06-13,,active
4252,3096,2,2024-06-04,,active
4253,3097,3,2024-12-14,,active
4254,3098,4,2023-02-06,2023-06-06,superseded
4255,3098,2,2023-06-06,,active
4256,3099,1,2022-02-06,2022-03-06,canceled
4257,3099,1,2023-02-06,2023-06-06,canceled
4258,3099,2,2024-12-06,,active
4259,3100,2,2024-01-19,,active
4260,3101,1,2023-01-27,2023-08-27,canceled
4261,3101,3,2024-11-27,,active
4262,3102,5,2024-07-16,,active
4263,3103,5,2024-10-29,2024-12-29,superseded
4264,3103,7,2024-12-29,,active
4265,3104,4,2024-01-04,2024-07-04,superseded
4266,3104,6,2024-07-04,,active
4267,3105,1,2023-09-13,2024-09-13,canceled
4268,3106,2,2024-01-10,,active
4269,3107,1,2024-07-07,2024-08-07,superseded
4270,3107,2,2024-08-07,,active
4271,3108,4,2022-02-22,2023-10-22,superseded
4272,3108,6,2023-10-22,,active
4273,3109,2,2024-04-10,2024-06-10,canceled
4274,3110,1,2024-04-13,2024-12-13,canceled
4275,3111,7,2024-05-29,,active
4276,3112,3,2023-08-28,2024-03-28,canceled
4277,3113,2,2024-06-22,2024-12-22,canceled
4278,3114,1,2023-01-06,2023-03-06,canceled
4279,3115,1,2023-07-23,2024-02-23,superseded
4280,3115,2,2024-02-23,2024-04-23,canceled
4281,3116,6,2024-10-15,,active
4282,3117,1,2024-07-05,,active
4283,3118,1,2022-03-11,2022-11-11,canceled
4284,3119,7,2023-08-14,2024-01-14,canceled
4285,3120,1,2023-07-22,2024-03-22,canceled
4286,3121,2,2023-09-20,2024-12-20,canceled
4287,3122,1,2023-08-17,,active
4288,3123,1,2022-10-30,2023-10-28,canceled
4289,3124,4,2024-01-02,2024-02-02,superseded
4290,3124,6,2024-02-02,,active
4291,3125,7,2024-07-21,2024-10-21,canceled
4292,3126,7,2024-04-22,,active
4293,3127,4,2024-06-14,,active
4294,3128,1,2022-12-04,2023-08-04,canceled
4295,3128,1,2024-06-04,,active
4296,3129,2,2024-11-04,,active
4297,3130,1,2024-09-06,,active
4298,3131,2,2024-09-15,,active
4299,3132,5,2024-09-14,,active
4300,3133,3,2024-11-21,,active
4301,3134,1,2024-03-17,2024-06-17,superseded
4302,3134,3,2024-06-17,,active
4303,3135,3,2023-07-18,2023-10-18,canceled
4304,3135,1,2024-02-18,2024-10-18,canceled
4305,3136,7,2024-04-14,2024-09-14,superseded
4306,3136,8,2024-09-14,,active
4307,3137,2,2024-07-05,,active
4308,3138,1,2024-07-09,,active
4309,3139,3,2024-03-15,,active
4310,3140,1,2022-11-28,2023-04-28,canceled
4311,3141,4,2023-11-22,2024-05-22,superseded
4312,3141,6,2024-05-22,,active
4313,3142,1,2024-11-25,2024-12-25,canceled
4314,3143,4,2024-04-12,,active
4315,3144,2,2024-03-02,2024-05-02,canceled
4316,3145,3,2023-09-24,2024-06-24,superseded
4317,3145,4,2024-06-24,,active
4318,3146,2,2023-11-05,2024-07-05,canceled
4319,3147,3,2024-10-09,,active
4320,3148,1,2024-05-30,2024-07-30,canceled
4321,3149,2,2024-08-17,2024-12-17,superseded
4322,3149,4,2024-12-17,,active
4323,3150,4,2024-01-02,2024-03-02,canceled
4324,3151,6,2024-05-29,,active
4325,3152,2,2023-08-11,,active
4326,3153,1,2024-06-01,2024-10-01,canceled
4327,3154,8,2024-01-24,2024-08-24,superseded
4328,3154,7,2024-08-24,,active
4329,3155,2,2024-01-04,,active
4330,3156,1,2024-05-20,,active
4331,3157,1,2024-11-26,,active
4332,3158,1,2022-10-30,2022-11-30,superseded
4333,3158,2,2022-11-30,2023-04-28,canceled
4334,3159,1,2024-09-09,,active
4335,3160,1,2023-09-06,2024-03-06,canceled
4336,3161,3,2024-01-01,2024-03-01,canceled
4337,3162,1,2022-04-15,2022-05-15,canceled
4338,3162,5,2024-04-15,,active
4339,3163,1,2023-10-08,,active
4340,3164,1,2024-02-20,2024-06-20,canceled
4341,3165,4,2022-09-19,2023-05-19,canceled
4342,3165,1,2024-12-19,,active
4343,3166,2,2024-02-16,2024-05-16,canceled
4344,3167,1,2024-11-12,,active
4345,3168,2,2023-02-16,2024-10-16,superseded
4346,3168,5,2024-10-16,,active
4347,3169,3,2024-08-09,,active
4348,3170,1,2024-01-03,2024-02-03,superseded
4349,3170,3,2024-02-03,2024-11-03,superseded
4350,3170,4,2024-11-03,,active
4351,3171,2,2024-05-07,2024-12-07,superseded
4352,3171,1,2024-12-07,,active
4353,3172,4,2023-09-25,2024-01-25,canceled
4354,3173,6,2023-05-20,,active
4355,3174,1,2023-05-14,2023-09-14,superseded
4356,3174,2,2023-09-14,2023-11-14,superseded
4357,3174,5,2023-11-14,2023-12-14,superseded
4358,3174,7,2023-12-14,,active
4359,3175,1,2022-11-18,2024-06-18,canceled
4360,3176,2,2023-06-18,2024-06-18,canceled
4361,3177,4,2024-05-04,,active
4362,3178,1,2024-10-10,2024-11-10,superseded
4363,3178,2,2024-11-10,,active
4364,3179,3,2024-09-24,,active
4365,3180,2,2024-06-07,2024-11-07,canceled
4366,3181,1,2023-03-12,2023-10-12,canceled
4367,3182,2,2023-09-21,2024-10-21,canceled
4368,3183,3,2023-10-13,2024-03-13,canceled
4369,3184,2,2023-08-10,2024-04-10,superseded
4370,3184,4,2024-04-10,,active
4371,3185,1,2024-02-06,,active
4372,3186,5,2024-03-25,,active
4373,3187,1,2023-11-13,2024-04-13,canceled
4374,3188,3,2023-11-07,2024-09-07,superseded
4375,3188,5,2024-09-07,2024-12-07,superseded
4376,3188,6,2024-12-07,,active
4377,3189,1,2024-09-20,2024-10-20,canceled
4378,3190,2,2024-08-14,,active
4379,3191,1,2023-10-19,,active
4380,3192,1,2024-10-01,2024-11-01,canceled
4381,3193,1,2024-11-18,2024-12-18,superseded
4382,3193,3,2024-12-18,,active
4383,3194,1,2023-10-15,,active
4384,3195,2,2023-11-30,2024-11-29,canceled
4385,3196,3,2024-02-03,2024-06-03,superseded
4386,3196,4,2024-06-03,,active
4387,3197,3,2024-11-08,,active
4388,3198,2,2024-10-06,,active
4389,3199,3,2023-02-20,2024-01-20,superseded
4390,3199,5,2024-01-20,2024-04-20,canceled
4391,3200,5,2023-12-08,2024-12-08,superseded
4392,3200,6,2024-12-08,,active
4393,3201,4,2024-03-02,2024-09-02,canceled
4394,3202,2,2024-02-16,2024-12-16,superseded
4395,3202,5,2024-12-16,,active
4396,3203,1,2023-06-09,2023-09-09,canceled
4397,3204,1,2024-09-20,2024-11-20,superseded
4398,3204,2,2024-11-20,2024-12-20,canceled
4399,3205,2,2024-06-16,,active
4400,3206,1,2024-09-27,2024-10-27,superseded
4401,3206,2,2024-10-27,,active
4402,3207,1,2024-09-23,2024-12-23,canceled
4403,3208,2,2024-07-26,,active
4404,3209,6,2024-01-27,,active
4405,3210,5,2024-04-12,,active
4406,3211,2,2023-05-26,2024-01-26,superseded
4407,3211,4,2024-01-26,2024-05-26,superseded
4408,3211,6,2024-05-26,,active
4409,3212,5,2024-06-23,2024-07-23,superseded
4410,3212,6,2024-07-23,2024-10-23,superseded
4411,3212,5,2024-10-23,,active
4412,3213,1,2023-06-08,2023-12-08,canceled
4413,3214,3,2024-06-11,,active
4414,3215,1,2023-08-20,2023-10-20,canceled
4415,3216,1,2023-03-01,2024-02-01,canceled
4416,3217,1,2023-05-10,2023-07-10,canceled
4417,3217,1,2023-11-10,2024-02-10,canceled
4418,3217,4,2024-09-10,2024-10-10,superseded
4419,3217,6,2024-10-10,,active
4420,3218,1,2022-01-10,2022-09-10,canceled
4421,3218,1,2024-10-10,2024-12-10,superseded
4422,3218,2,2024-12-10,,active
4423,3219,4,2024-07-24,,active
4424,3220,1,2024-07-28,,active
4425,3221,5,2024-02-07,,active
4426,3222,1,2023-05-12,2023-07-12,canceled
4427,3222,4,2023-11-12,,active
4428,3223,1,2023-01-13,2023-05-13,canceled
4429,3223,1,2023-06-13,2023-10-13,canceled
4430,3224,6,2022-03-21,2022-04-21,superseded
4431,3224,4,2022-04-21,2023-09-21,superseded
4432,3224,6,2023-09-21,2024-10-21,canceled
4433,3225,1,2023-05-12,2023-07-12,canceled
4434,3225,1,2024-07-12,,active
4435,3226,2,2024-10-28,,active
4436,3227,6,2023-08-01,,active
4437,3228,2,2023-11-07,2024-08-07,canceled
4438,3229,2,2023-02-26,2023-06-26,canceled
4439,3229,2,2024-01-26,2024-12-26,canceled
4440,3230,1,2023-08-19,2023-12-19,canceled
4441,3231,1,2024-03-28,2024-06-28,canceled
4442,3231,8,2024-08-28,2024-11-28,superseded
4443,3231,6,2024-11-28,,active
4444,3232,1,2024-04-24,2024-09-24,canceled
4445,3233,1,2023-08-04,2023-11-04,superseded
4446,3233,3,2023-11-04,2024-01-04,canceled
4447,3234,3,2022-09-18,2023-05-18,superseded
4448,3234,1,2023-05-18,2023-11-18,canceled
4449,3234,6,2024-03-18,,active
4450,3235,5,2023-12-26,2024-11-26,superseded
4451,3235,6,2024-11-26,,active
4452,3236,2,2023-08-09,2023-09-09,canceled
4453,3237,7,2023-07-28,2023-11-28,superseded
4454,3237,8,2023-11-28,2024-07-28,superseded
4455,3237,7,2024-07-28,,active
4456,3238,1,2024-11-02,,active
4457,3239,2,2024-04-24,2024-06-24,superseded
4458,3239,5,2024-06-24,,active
4459,3240,1,2024-03-29,2024-10-29,superseded
4460,3240,3,2024-10-29,2024-12-29,canceled
4461,3241,3,2024-01-08,2024-04-08,canceled
4462,3242,2,2024-01-18,2024-02-18,canceled
4463,3242,7,2024-09-18,,active
4464,3243,4,2024-03-03,2024-06-03,superseded
4465,3243,2,2024-06-03,,active
4466,3244,2,2024-06-07,,active
4467,3245,1,2024-06-10,2024-07-10,canceled
4468,3246,2,2023-06-04,2023-12-04,canceled
4469,3247,6,2024-02-19,,active
4470,3248,1,2024-01-01,2024-04-01,canceled
4471,3249,2,2024-10-21,,active
4472,3250,1,2024-05-31,2024-12-30,canceled
4473,3251,8,2024-03-11,2024-10-11,superseded
4474,3251,6,2024-10-11,,active
4475,3252,2,2023-03-15,2023-08-15,superseded
4476,3252,4,2023-08-15,2024-01-15,canceled
4477,3253,3,2024-04-01,2024-08-01,superseded
4478,3253,1,2024-08-01,,active
4479,3254,2,2023-03-06,2024-07-06,canceled
4480,3255,1,2023-10-04,2024-03-04,canceled
4481,3255,6,2024-06-04,,active
4482,3256,1,2023-04-18,,active
4483,3257,4,2024-06-08,2024-12-08,superseded
4484,3257,6,2024-12-08,,active
4485,3258,1,2023-07-17,2024-04-17,canceled
4486,3259,1,2023-12-07,2024-09-07,canceled
4487,3260,3,2024-10-25,,active
4488,3261,1,2023-07-22,2024-03-22,canceled
4489,3262,1,2024-02-21,2024-10-21,canceled
4490,3263,3,2024-01-08,2024-03-08,canceled
4491,3264,6,2022-03-10,2023-01-10,superseded
4492,3264,8,2023-01-10,,active
4493,3265,1,2024-08-27,2024-10-27,canceled
4494,3266,2,2022-11-13,2023-06-13,superseded
4495,3266,5,2023-06-13,,active
4496,3267,1,2024-02-02,2024-07-02,canceled
4497,3268,1,2024-03-15,2024-05-15,canceled
4498,3269,1,2024-05-07,2024-08-07,canceled
4499,3269,2,2024-10-07,,active
4500,3270,1,2024-06-01,,active
4501,3271,4,2023-09-18,,active
4502,3272,2,2022-02-15,2023-06-15,canceled
4503,3272,6,2023-11-15,,active
4504,3273,8,2024-07-11,2024-11-11,superseded
4505,3273,7,2024-11-11,,active
4506,3274,2,2024-03-31,2024-05-30,canceled
4507,3275,2,2024-09-23,,active
4508,3276,4,2024-09-20,2024-11-20,canceled
4509,3276,1,2024-12-20,,active
4510,3277,1,2024-09-11,,active
4511,3278,2,2024-02-04,2024-12-04,canceled
4512,3279,1,2023-10-25,2024-02-25,canceled
4513,3280,6,2024-08-19,,active
4514,3281,1,2024-01-08,2024-06-08,canceled
4515,3282,1,2023-06-18,2023-11-18,canceled
4516,3283,8,2024-09-25,,active
4517,3284,1,2024-10-24,,active
4518,3285,4,2024-01-15,2024-02-15,superseded
4519,3285,6,2024-02-15,,active
4520,3286,6,2022-12-08,2023-06-08,canceled
4521,3286,6,2024-11-08,,active
4522,3287,4,2023-12-23,2024-01-23,superseded
4523,3287,7,2024-01-23,,active
4524,3288,2,2024-09-05,,active
4525,3289,4,2024-10-16,2024-12-16,superseded
4526,3289,2,2024-12-16,,active
4527,3290,1,2023-07-17,2024-03-17,superseded
4528,3290,2,2024-03-17,,active
4529,3291,1,2022-11-17,2023-02-17,canceled
4530,3292,1,2024-10-10,,active
4531,3293,1,2023-12-19,,active
4532,3294,1,2024-03-06,,active
4533,3295,1,2024-11-30,,active
4534,3296,2,2022-10-03,2024-10-03,canceled
4535,3297,1,2024-05-15,2024-08-15,canceled
4536,3298,4,2022-11-11,2023-02-11,superseded
4537,3298,2,2023-02-11,2023-09-11,superseded
4538,3298,1,2023-09-11,2023-11-11,canceled
4539,3298,1,2023-12-11,2024-02-11,canceled
4540,3298,1,2024-11-11,,active
4541,3299,4,2023-11-17,2024-06-17,superseded
4542,3299,2,2024-06-17,,active
4543,3300,6,2024-09-29,,active
4544,3301,4,2024-01-27,,active
4545,3302,4,2024-12-05,,active
4546,3303,2,2024-03-11,2024-11-11,superseded
4547,3303,1,2024-11-11,,active
4548,3304,5,2023-10-27,,active
4549,3305,2,2023-08-28,2023-09-28,canceled
4550,3305,1,2024-03-28,,active
4551,3306,4,2023-11-10,2024-09-10,canceled
4552,3307,1,2023-11-28,2024-02-28,canceled
4553,3307,2,2024-04-28,2024-05-28,canceled
4554,3308,1,2022-11-03,2023-01-03,superseded
4555,3308,2,2023-01-03,2023-09-03,canceled
4556,3309,1,2023-11-07,2023-12-07,canceled
4557,3310,5,2024-01-08,,active
4558,3311,5,2024-07-05,,active
4559,3312,2,2024-05-31,,active
4560,3313,8,2024-06-24,2024-09-24,superseded
4561,3313,7,2024-09-24,,active
4562,3314,1,2022-02-07,2022-11-07,superseded
4563,3314,3,2022-11-07,2023-11-07,superseded
4564,3314,5,2023-11-07,,active
4565,3315,1,2023-07-03,2024-01-03,canceled
4566,3316,1,2024-05-17,,active
4567,3317,1,2024-02-16,2024-03-16,canceled
4568,3318,2,2022-01-14,2022-10-14,superseded
4569,3318,4,2022-10-14,2023-05-14,superseded
4570,3318,7,2023-05-14,,active
4571,3319,5,2024-09-12,,active
4572,3320,1,2024-08-01,2024-11-01,canceled
4573,3321,1,2024-03-28,2024-08-28,superseded
4574,3321,3,2024-08-28,,active
4575,3322,6,2022-10-03,,active
4576,3323,8,2024-08-23,,active
4577,3324,4,2024-04-16,2024-11-16,canceled
4578,3325,1,2024-08-29,2024-11-29,canceled
4579,3326,4,2024-07-19,2024-09-19,superseded
4580,3326,6,2024-09-19,,active
4581,3327,1,2024-09-16,,active
4582,3328,2,2024-03-28,2024-09-28,canceled
4583,3329,6,2023-04-27,2023-05-27,canceled
4584,3330,1,2024-06-05,,active
4585,3331,2,2024-05-29,2024-09-29,superseded
4586,3331,4,2024-09-29,2024-12-29,superseded
4587,3331,6,2024-12-29,,active
4588,3332,2,2024-07-07,,active
4589,3333,3,2023-06-09,2023-09-09,canceled
4590,3334,2,2023-07-01,2024-09-01,superseded
4591,3334,4,2024-09-01,,active
4592,3335,3,2024-10-30,,active
4593,3336,6,2024-07-24,,active
4594,3337,2,2024-10-29,2024-12-29,superseded
4595,3337,4,2024-12-29,,active
4596,3338,4,2024-08-31,2024-09-30,superseded
4597,3338,2,2024-09-30,,active
4598,3339,1,2024-04-18,2024-10-18,superseded
4599,3339,2,2024-10-18,,active
4600,3340,1,2024-05-01,2024-06-01,canceled
4601,3341,7,2024-10-05,,active
4602,3342,1,2024-04-22,2024-09-22,canceled
4603,3343,1,2024-05-28,2024-09-28,superseded
4604,3343,2,2024-09-28,2024-12-28,superseded
4605,3343,1,2024-12-28,,active
4606,3344,4,2023-05-26,2023-07-26,canceled
4607,3344,2,2023-10-26,2024-12-26,canceled
4608,3345,3,2024-02-04,2024-10-04,superseded
4609,3345,1,2024-10-04,2024-11-04,canceled
4610,3346,1,2024-07-08,2024-10-08,canceled
4611,3347,4,2023-09-11,,active
4612,3348,1,2023-07-17,2024-05-17,canceled
4613,3349,1,2023-10-05,2023-11-05,superseded
4614,3349,2,2023-11-05,,active
4615,3350,6,2023-08-24,2024-06-24,superseded
4616,3350,8,2024-06-24,2024-12-24,superseded
4617,3350,6,2024-12-24,,active
4618,3351,3,2023-07-13,,active
4619,3352,2,2024-01-01,,active
4620,3353,8,2024-10-06,,active
4621,3354,3,2024-02-28,,active
4622,3355,6,2023-06-19,,active
4623,3356,1,2022-12-09,2023-10-09,canceled
4624,3357,1,2024-06-25,,active
4625,3358,3,2023-12-06,2024-02-06,superseded
4626,3358,4,2024-02-06,,active
4627,3359,1,2024-09-18,,active
4628,3360,5,2024-05-25,2024-06-25,canceled
4629,3361,7,2024-08-21,,active
4630,3362,1,2023-09-15,2024-03-15,superseded
4631,3362,3,2024-03-15,2024-04-15,superseded
4632,3362,4,2024-04-15,2024-11-15,superseded
4633,3362,6,2024-11-15,,active
4634,3363,7,2024-06-05,,active
4635,3364,4,2023-09-03,,active
4636,3365,2,2024-11-27,,active
4637,3366,6,2024-05-27,,active
4638,3367,2,2023-10-24,2023-11-24,canceled
4639,3367,1,2024-03-24,2024-09-24,canceled
4640,3368,6,2023-09-28,,active
4641,3369,2,2023-06-18,2024-07-18,canceled
4642,3369,1,2024-09-18,,active
4643,3370,1,2024-06-12,2024-07-12,canceled
4644,3371,8,2023-07-28,2023-08-28,superseded
4645,3371,6,2023-08-28,2023-12-28,canceled
4646,3372,1,2024-04-05,2024-09-05,canceled
4647,3373,1,2023-09-07,2023-12-07,canceled
4648,3374,1,2024-05-10,2024-07-10,canceled
4649,3375,1,2024-09-16,2024-11-16,canceled
4650,3376,1,2024-08-01,2024-09-01,canceled
4651,3377,2,2024-08-07,,active
4652,3378,1,2023-06-02,2023-07-02,canceled
4653,3379,1,2023-01-06,2024-02-06,canceled
4654,3380,2,2024-06-08,2024-09-08,canceled
4655,3381,6,2023-11-19,2024-06-19,canceled
4656,3382,1,2024-01-31,2024-06-29,canceled
4657,3383,6,2022-05-24,2023-08-24,superseded
4658,3383,8,2023-08-24,,active
4659,3384,3,2023-09-15,2023-10-15,canceled
4660,3385,1,2022-06-21,2022-07-21,canceled
4661,3386,1,2024-10-21,2024-11-21,canceled
4662,3386,2,2024-12-21,,active
4663,3387,1,2023-08-27,2023-12-27,canceled
4664,3388,2,2024-03-03,2024-08-03,canceled
4665,3389,5,2022-07-29,2023-07-28,superseded
4666,3389,3,2023-07-28,2023-10-28,canceled
4667,3390,1,2024-05-29,2024-06-29,canceled
4668,3391,3,2023-10-06,2024-01-06,superseded
4669,3391,1,2024-01-06,,active
4670,3392,3,2024-10-25,2024-12-25,canceled
4671,3393,1,2024-10-24,,active
4672,3394,1,2023-10-28,2024-04-28,superseded
4673,3394,2,2024-04-28,,active
4674,3395,1,2024-10-14,,active
4675,3396,1,2024-12-09,,active
4676,3397,1,2024-09-21,,active
4677,3398,3,2024-09-12,2024-12-12,canceled
4678,3399,1,2023-08-08,2023-10-08,canceled
4679,3400,5,2024-04-09,,active
4680,3401,7,2022-11-18,2024-03-18,superseded
4681,3401,8,2024-03-18,,active
4682,3402,2,2023-01-28,2023-04-28,superseded
4683,3402,1,2023-04-28,2024-02-28,canceled
4684,3403,6,2024-12-19,,active
4685,3404,4,2023-10-04,,active
4686,3405,2,2024-07-22,2024-11-22,superseded
4687,3405,1,2024-11-22,,active
4688,3406,6,2024-09-23,,active
4689,3407,2,2024-09-28,,active
4690,3408,1,2024-12-13,,active
4691,3409,2,2023-08-22,2024-05-22,canceled
4692,3410,2,2022-07-21,2022-08-21,canceled
4693,3411,2,2024-01-26,,active
4694,3412,1,2023-04-12,2023-12-12,canceled
4695,3413,2,2022-04-08,2023-04-08,superseded
4696,3413,4,2023-04-08,2023-11-08,canceled
4697,3414,7,2023-11-23,,active
4698,3415,8,2024-08-07,,active
4699,3416,4,2024-03-24,2024-12-24,canceled
4700,3417,1,2023-10-28,2024-07-28,canceled
4701,3418,2,2024-05-18,,active
4702,3419,2,2023-08-27,2024-03-27,superseded
4703,3419,5,2024-03-27,,active
4704,3420,7,2022-03-13,2023-01-13,superseded
4705,3420,8,2023-01-13,2023-08-13,canceled
4706,3420,2,2024-04-13,,active
4707,3421,5,2024-08-13,,active
4708,3422,3,2024-05-11,2024-09-11,canceled
4709,3423,1,2024-08-31,,active
4710,3424,1,2022-07-10,2023-03-10,canceled
4711,3424,3,2024-12-10,,active
4712,3425,1,2024-09-25,,active
4713,3426,2,2024-05-03,2024-07-03,superseded
4714,3426,1,2024-07-03,2024-08-03,superseded
4715,3426,2,2024-08-03,,active
4716,3427,7,2024-03-29,2024-07-29,superseded
4717,3427,4,2024-07-29,2024-08-29,superseded
4718,3427,7,2024-08-29,,active
4719,3428,8,2024-05-11,,active
4720,3429,5,2024-10-04,,active
4721,3430,2,2024-04-26,2024-08-26,canceled
4722,3431,1,2024-04-08,2024-05-08,canceled
4723,3431,1,2024-07-08,,active
4724,3432,3,2024-12-22,,active
4725,3433,1,2024-07-23,2024-10-23,canceled
4726,3434,1,2024-01-21,2024-05-21,canceled
4727,3435,6,2024-06-01,,active
4728,3436,5,2023-12-18,2024-12-18,superseded
4729,3436,6,2024-12-18,,active
4730,3437,4,2023-08-28,2024-02-28,superseded
4731,3437,6,2024-02-28,,active
4732,3438,2,2024-04-29,2024-09-29,canceled
4733,3439,2,2024-11-12,,active
4734,3440,1,2024-11-29,,active
4735,3441,2,2023-11-03,,active
4736,3442,7,2024-03-23,,active
4737,3443,1,2023-07-30,2023-08-30,canceled
4738,3444,2,2024-12-11,,active
4739,3445,2,2024-12-12,,active
4740,3446,1,2024-05-08,2024-07-08,canceled
4741,3447,1,2024-09-20,,active
4742,3448,2,2024-07-06,,active
4743,3449,1,2024-04-29,2024-09-29,canceled
4744,3450,4,2022-09-22,2022-10-22,canceled
4745,3451,1,2024-01-09,2024-02-09,canceled
4746,3452,1,2024-06-16,2024-09-16,canceled
4747,3453,1,2024-06-13,,active
4748,3454,1,2023-11-22,2024-11-22,canceled
4749,3454,4,2024-12-22,,active
4750,3455,2,2024-11-17,,active
4751,3456,1,2023-05-22,2023-10-22,canceled
4752,3457,1,2024-02-02,2024-04-02,superseded
4753,3457,3,2024-04-02,,active
4754,3458,8,2024-06-03,,active
4755,3459,2,2024-06-24,,active
4756,3460,6,2024-05-06,,active
4757,3461,4,2023-09-24,2024-05-24,superseded
4758,3461,6,2024-05-24,,active
4759,3462,5,2023-05-19,2023-06-19,superseded
4760,3462,6,2023-06-19,2024-03-19,superseded
4761,3462,4,2024-03-19,,active
4762,3463,1,2024-05-13,2024-10-13,canceled
4763,3464,4,2024-04-04,,active
4764,3465,2,2023-06-09,,active
4765,3466,2,2024-06-08,,active
4766,3467,7,2024-01-15,,active
4767,3468,3,2024-06-20,,active
4768,3469,2,2024-09-04,,active
4769,3470,1,2023-06-01,2024-02-01,canceled
4770,3471,1,2022-03-19,2022-04-19,canceled
4771,3472,8,2024-08-07,,active
4772,3473,3,2024-04-12,2024-11-12,canceled
4773,3474,1,2024-06-12,,active
4774,3475,3,2024-09-29,2024-11-29,canceled
4775,3476,4,2024-09-15,,active
4776,3477,1,2024-11-26,,active
4777,3478,1,2024-03-10,2024-05-10,canceled
4778,3479,1,2024-02-06,2024-08-06,canceled
4779,3480,2,2023-12-20,2024-10-20,superseded
4780,3480,1,2024-10-20,,active
4781,3481,1,2023-05-18,2024-02-18,canceled
4782,3481,6,2024-11-18,,active
4783,3482,1,2024-04-22,2024-07-22,canceled
4784,3483,1,2023-09-08,2024-06-08,canceled
4785,3483,3,2024-07-08,,active
4786,3484,1,2024-11-02,,active
4787,3485,2,2024-04-26,2024-08-26,canceled
4788,3486,2,2024-04-19,2024-06-19,canceled
4789,3487,1,2023-11-11,2024-01-11,canceled
4790,3488,8,2022-09-17,2022-11-17,superseded
4791,3488,6,2022-11-17,2023-08-17,superseded
4792,3488,4,2023-08-17,2023-10-17,superseded
4793,3488,6,2023-10-17,,active
4794,3489,1,2022-06-11,2023-02-11,superseded
4795,3489,2,2023-02-11,2023-04-11,canceled
4796,3490,4,2024-01-21,,active
4797,3491,2,2023-01-01,2024-01-01,canceled
4798,3492,6,2024-04-13,,active
4799,3493,5,2024-10-25,,active
4800,3494,1,2024-10-07,,active
4801,3495,7,2024-05-29,2024-07-29,canceled
4802,3496,5,2023-07-02,,active
4803,3497,1,2024-09-07,,active
4804,3498,1,2024-10-22,,active
4805,3499,1,2023-07-06,2024-06-06,canceled
4806,3500,1,2024-07-07,2024-09-07,canceled
4807,3501,5,2023-09-23,2024-11-23,superseded
4808,3501,2,2024-11-23,,active
4809,3502,1,2024-09-19,2024-10-19,superseded
4810,3502,2,2024-10-19,,active
4811,3503,4,2024-12-07,,active
4812,3504,2,2022-05-29,2023-11-28,superseded
4813,3504,1,2023-11-28,2024-05-28,superseded
4814,3504,2,2024-05-28,2024-06-28,superseded
4815,3504,1,2024-06-28,2024-07-28,canceled
4816,3505,4,2024-10-06,,active
4817,3506,2,2024-05-27,2024-11-27,superseded
4818,3506,4,2024-11-27,,active
4819,3507,1,2024-12-20,,active
4820,3508,2,2024-01-19,2024-09-19,canceled
4821,3509,8,2024-09-29,,active
4822,3510,3,2022-10-01,2022-12-01,canceled
4823,3510,1,2024-03-01,2024-05-01,superseded
4824,3510,3,2024-05-01,,active
4825,3511,6,2023-10-29,,active
4826,3512,6,2022-11-01,2023-05-01,superseded
4827,3512,8,2023-05-01,2023-10-01,superseded
4828,3512,6,2023-10-01,,active
4829,3513,2,2024-12-15,,active
4830,3514,1,2024-09-04,,active
4831,3515,1,2024-09-06,,active
4832,3516,1,2024-11-22,,active
4833,3517,1,2023-01-10,2024-02-10,canceled
4834,3517,1,2024-11-10,,active
4835,3518,1,2023-12-04,,active
4836,3519,4,2022-11-03,2024-04-03,canceled
4837,3520,4,2023-07-02,2023-08-02,superseded
4838,3520,6,2023-08-02,2023-10-02,superseded
4839,3520,5,2023-10-02,,active
4840,3521,2,2023-08-27,2024-08-27,superseded
4841,3521,4,2024-08-27,2024-10-27,superseded
4842,3521,2,2024-10-27,,active
4843,3522,2,2024-02-03,2024-06-03,superseded
4844,3522,4,2024-06-03,2024-08-03,canceled
4845,3523,2,2023-09-05,2024-08-05,canceled
4846,3524,1,2023-02-17,2024-12-17,canceled
4847,3525,4,2023-05-11,,active
4848,3526,4,2023-05-28,,active
4849,3527,1,2024-12-07,,active
4850,3528,1,2024-08-31,,active
4851,3529,3,2024-11-07,,active
4852,3530,1,2024-01-15,2024-02-15,canceled
4853,3531,6,2023-09-18,2023-11-18,canceled
4854,3532,1,2024-08-04,2024-11-04,superseded
4855,3532,2,2024-11-04,,active
4856,3533,1,2023-10-20,2024-10-20,canceled
4857,3534,2,2023-10-02,,active
4858,3535,3,2023-08-13,2024-11-13,canceled
4859,3536,1,2023-04-19,2023-09-19,canceled
4860,3537,1,2023-09-19,2024-01-19,canceled
4861,3538,4,2023-11-16,2024-02-16,canceled
4862,3539,8,2024-06-20,,active
4863,3540,5,2022-10-16,2023-05-16,superseded
4864,3540,7,2023-05-16,2024-09-16,canceled
4865,3541,1,2023-07-15,2024-08-15,canceled
4866,3542,5,2024-09-29,2024-10-29,superseded
4867,3542,6,2024-10-29,,active
4868,3543,2,2023-05-06,2023-10-06,superseded
4869,3543,4,2023-10-06,2024-03-06,canceled
4870,3543,1,2024-12-06,,active
4871,3544,4,2023-11-06,,active
4872,3545,1,2024-10-05,,active
4873,3546,8,2023-05-28,,active
4874,3547,1,2023-01-12,2023-04-12,canceled
4875,3548,3,2024-02-15,,active
4876,3549,1,2023-10-12,,active
4877,3550,6,2024-03-17,2024-05-17,canceled
4878,3551,1,2024-09-07,,active
4879,3552,3,2023-04-12,2024-06-12,superseded
4880,3552,4,2024-06-12,,active
4881,3553,6,2024-04-14,,active
4882,3554,2,2024-02-16,2024-07-16,canceled
4883,3555,4,2023-04-27,2023-08-27,canceled
4884,3556,2,2024-05-07,,active
4885,3557,8,2023-09-13,,active
4886,3558,4,2024-02-01,,active
4887,3559,4,2023-01-09,,active
4888,3560,4,2024-01-21,,active
4889,3561,1,2023-10-14,2023-12-14,canceled
4890,3561,1,2024-04-14,2024-07-14,canceled
4891,3561,2,2024-09-14,2024-10-14,canceled
4892,3562,2,2024-09-25,,active
4893,3563,2,2022-09-20,2023-08-20,superseded
4894,3563,1,2023-08-20,2023-09-20,canceled
4895,3564,5,2024-01-04,,active
4896,3565,1,2024-01-28,2024-02-28,canceled
4897,3566,6,2024-07-30,,active
4898,3567,5,2024-04-07,2024-11-07,canceled
4899,3568,1,2024-06-11,,active
4900,3569,1,2024-08-23,,active
4901,3570,1,2024-09-06,,active
4902,3571,2,2023-10-18,2024-04-18,superseded
4903,3571,5,2024-04-18,,active
4904,3572,3,2024-03-21,,active
4905,3573,1,2024-09-29,,active
4906,3574,1,2024-12-30,,active
4907,3575,5,2024-10-13,2024-12-13,canceled
4908,3576,3,2023-11-19,2023-12-19,superseded
4909,3576,4,2023-12-19,,active
4910,3577,2,2023-07-19,2024-07-19,superseded
4911,3577,1,2024-07-19,,active
4912,3578,3,2024-02-16,2024-12-16,canceled
4913,3579,2,2024-07-03,2024-08-03,canceled
4914,3580,1,2024-02-10,2024-03-10,canceled
4915,3581,2,2024-02-26,2024-06-26,canceled
4916,3582,1,2024-09-10,,active
4917,3583,5,2023-11-20,,active
4918,3584,5,2024-09-19,,active
4919,3585,2,2023-12-07,2024-05-07,canceled
4920,3586,4,2023-10-01,,active
4921,3587,8,2024-01-08,,active
4922,3588,1,2024-08-11,2024-12-11,canceled
4923,3589,1,2023-03-15,2023-11-15,canceled
4924,3590,4,2023-07-28,2024-02-28,canceled
4925,3590,1,2024-08-28,,active
4926,3591,8,2024-11-01,,active
4927,3592,2,2023-06-13,2023-11-13,superseded
4928,3592,4,2023-11-13,2024-03-13,superseded
4929,3592,7,2024-03-13,,active
4930,3593,5,2024-03-11,2024-08-11,canceled
4931,3594,1,2024-04-14,,active
4932,3595,6,2024-02-24,,active
4933,3596,1,2024-05-03,2024-11-03,superseded
4934,3596,2,2024-11-03,,active
4935,3597,1,2023-08-22,2024-03-22,canceled
4936,3598,4,2024-03-01,,active
4937,3599,1,2023-11-03,2024-05-03,canceled
4938,3600,4,2024-05-08,,active
4939,3601,2,2023-04-01,2023-12-01,canceled
4940,3602,1,2024-04-03,,active
4941,3603,3,2023-06-15,2023-12-15,canceled
4942,3604,7,2023-09-20,2023-12-20,superseded
4943,3604,8,2023-12-20,,active
4944,3605,1,2023-07-24,2024-01-24,superseded
4945,3605,2,2024-01-24,2024-09-24,superseded
4946,3605,1,2024-09-24,,active
4947,3606,3,2023-06-03,2024-06-03,canceled
4948,3606,3,2024-12-03,,active
4949,3607,1,2024-09-02,,active
4950,3608,1,2023-09-07,2024-03-07,canceled
4951,3608,3,2024-12-07,,active
4952,3609,2,2024-11-20,2024-12-20,canceled
4953,3610,4,2024-12-19,,active
4954,3611,7,2024-04-01,,active
4955,3612,1,2023-04-29,2023-05-29,superseded
4956,3612,2,2023-05-29,2023-08-29,canceled
4957,3613,4,2023-11-23,2024-07-23,canceled
4958,3614,8,2024-08-25,2024-11-25,superseded
4959,3614,6,2024-11-25,,active
4960,3615,1,2023-11-19,2024-02-19,canceled
4961,3616,2,2023-01-07,2023-08-07,superseded
4962,3616,1,2023-08-07,2023-10-07,canceled
4963,3617,1,2024-03-17,2024-06-17,canceled
4964,3618,1,2024-09-10,,active
4965,3619,4,2024-08-12,2024-09-12,canceled
4966,3620,1,2023-06-14,,active
4967,3621,1,2024-06-01,,active
4968,3622,1,2023-08-25,2024-03-25,superseded
4969,3622,2,2024-03-25,2024-12-25,superseded
4970,3622,5,2024-12-25,,active
4971,3623,3,2023-07-22,2024-05-22,canceled
4972,3624,4,2024-10-11,,active
4973,3625,3,2023-08-16,2024-08-16,superseded
4974,3625,5,2024-08-16,,active
4975,3626,2,2023-09-24,2024-10-24,superseded
4976,3626,1,2024-10-24,,active
4977,3627,4,2022-01-12,2022-08-12,canceled
4978,3627,2,2024-07-12,,active
4979,3628,3,2024-10-26,2024-12-26,canceled
4980,3629,4,2024-08-29,,active
4981,3630,4,2024-05-13,2024-06-13,superseded
4982,3630,3,2024-06-13,,active
4983,3631,1,2024-07-11,2024-11-11,canceled
4984,3632,1,2023-05-12,2023-09-12,canceled
4985,3633,1,2024-01-06,2024-07-06,canceled
4986,3634,1,2023-11-01,2024-02-01,canceled
4987,3635,4,2023-01-01,2024-03-01,canceled
4988,3636,2,2024-02-28,2024-10-28,superseded
4989,3636,1,2024-10-28,2024-11-28,canceled
4990,3637,1,2024-11-24,,active
4991,3638,2,2022-07-16,2023-05-16,canceled
4992,3639,1,2023-09-03,2023-12-03,canceled
4993,3640,1,2023-07-05,,active
4994,3641,1,2023-08-14,2023-12-14,canceled
4995,3641,1,2024-08-14,2024-10-14,canceled
4996,3642,2,2024-10-11,,active
4997,3643,1,2024-02-04,2024-06-04,canceled
4998,3644,1,2024-01-12,2024-03-12,canceled
4999,3645,2,2024-08-16,2024-12-16,canceled
5000,3646,1,2023-05-07,2023-10-07,canceled
5001,3647,1,2024-02-29,2024-07-29,canceled
5002,3647,1,2024-12-29,,active
5003,3648,1,2024-01-26,2024-05-26,canceled
5004,3648,5,2024-08-26,2024-12-26,canceled
5005,3649,3,2024-04-23,,active
5006,3650,6,2024-12-21,,active
5007,3651,6,2024-08-20,,active
5008,3652,1,2023-12-16,,active
5009,3653,2,2024-09-13,,active
5010,3654,4,2023-06-16,2023-11-16,superseded
5011,3654,6,2023-11-16,2024-04-16,canceled
5012,3655,6,2022-05-24,2023-05-24,superseded
5013,3655,8,2023-05-24,,active
5014,3656,6,2023-07-26,2024-05-26,superseded
5015,3656,8,2024-05-26,,active
5016,3657,2,2023-11-25,2024-12-25,canceled
5017,3658,2,2024-02-11,2024-10-11,superseded
5018,3658,4,2024-10-11,,active
5019,3659,2,2024-04-26,,active
5020,3660,1,2024-10-20,2024-11-20,canceled
5021,3661,3,2024-02-07,,active
5022,3662,2,2024-02-24,,active
5023,3663,1,2022-09-17,2022-11-17,canceled
5024,3663,3,2023-03-17,,active
5025,3664,2,2022-06-27,2024-12-27,canceled
5026,3665,4,2024-03-10,,active
5027,3666,2,2024-01-03,2024-12-03,superseded
5028,3666,4,2024-12-03,,active
5029,3667,2,2024-09-15,,active
5030,3668,7,2023-05-25,2024-02-25,superseded
5031,3668,8,2024-02-25,,active
5032,3669,2,2022-04-07,2023-04-07,superseded
5033,3669,4,2023-04-07,,active
5034,3670,1,2024-01-05,,active
5035,3671,1,2023-08-11,2024-01-11,canceled
5036,3672,6,2022-09-24,2023-08-24,canceled
5037,3673,2,2024-07-11,,active
5038,3674,2,2023-03-02,,active
5039,3675,1,2024-04-02,2024-07-02,canceled
5040,3676,8,2023-09-05,2023-11-05,superseded
5041,3676,7,2023-11-05,,active
5042,3677,4,2023-06-04,2024-10-04,superseded
5043,3677,6,2024-10-04,,active
5044,3678,3,2023-11-25,2024-01-25,canceled
5045,3679,2,2024-08-11,2024-11-11,canceled
5046,3680,1,2023-12-17,2024-03-17,canceled
5047,3681,2,2024-07-18,,active
5048,3682,8,2023-03-04,2024-01-04,superseded
5049,3682,6,2024-01-04,2024-12-04,superseded
5050,3682,4,2024-12-04,,active
5051,3683,3,2024-08-02,,active
5052,3684,4,2023-08-27,2023-09-27,canceled
5053,3684,1,2024-03-27,2024-06-27,canceled
5054,3685,1,2024-06-25,,active
5055,3686,4,2024-03-17,,active
5056,3687,1,2024-11-13,,active
5057,3688,1,2023-12-22,2024-08-22,canceled
5058,3689,4,2022-10-07,,active
5059,3690,8,2022-03-01,2022-08-01,canceled
5060,3690,2,2022-12-01,2023-02-01,canceled
5061,3691,1,2024-09-17,,active
5062,3692,4,2024-03-18,,active
5063,3693,2,2024-08-09,2024-09-09,superseded
5064,3693,1,2024-09-09,2024-11-09,canceled
5065,3694,6,2023-08-07,,active
5066,3695,1,2023-11-29,2024-10-29,canceled
5067,3696,1,2022-05-01,2022-07-01,superseded
5068,3696,2,2022-07-01,2023-01-01,canceled
5069,3696,2,2023-02-01,2023-06-01,canceled
5070,3696,2,2024-06-01,2024-09-01,canceled
5071,3697,1,2024-11-25,,active
5072,3698,2,2024-06-26,2024-11-26,superseded
5073,3698,4,2024-11-26,,active
5074,3699,3,2024-11-25,,active
5075,3700,1,2023-09-22,2023-12-22,canceled
5076,3701,1,2024-04-15,,active
5077,3702,3,2024-06-29,,active
5078,3703,6,2023-10-01,,active
5079,3704,1,2024-09-16,,active
5080,3705,1,2024-11-13,,active
5081,3706,2,2024-10-18,,active
5082,3707,1,2024-07-31,,active
5083,3708,2,2023-09-28,,active
5084,3709,1,2023-09-09,2023-12-09,canceled
5085,3710,1,2024-11-19,,active
5086,3711,1,2022-02-21,2023-06-21,canceled
5087,3712,2,2024-07-03,2024-10-03,superseded
5088,3712,1,2024-10-03,,active
5089,3713,6,2024-06-02,,active
5090,3714,4,2024-05-30,2024-12-30,superseded
5091,3714,6,2024-12-30,,active
5092,3715,1,2024-12-04,,active
5093,3716,1,2023-10-01,2024-03-01,canceled
5094,3717,4,2023-11-04,,active
5095,3718,2,2022-12-19,2023-02-19,canceled
5096,3718,6,2023-12-19,,active
5097,3719,1,2024-01-19,2024-05-19,canceled
5098,3720,8,2023-09-03,2023-12-03,superseded
5099,3720,6,2023-12-03,,active
5100,3721,1,2023-11-14,2023-12-14,superseded
5101,3721,3,2023-12-14,2024-03-14,superseded
5102,3721,4,2024-03-14,2024-06-14,superseded
5103,3721,7,2024-06-14,,active
5104,3722,1,2024-09-19,,active
5105,3723,3,2024-11-29,,active
5106,3724,2,2023-06-26,2023-10-26,superseded
5107,3724,4,2023-10-26,2024-12-26,superseded
5108,3724,6,2024-12-26,,active
5109,3725,4,2023-11-07,,active
5110,3726,2,2024-11-21,,active
5111,3727,6,2022-10-18,2023-02-18,superseded
5112,3727,8,2023-02-18,2023-12-18,superseded
5113,3727,6,2023-12-18,,active
5114,3728,1,2023-01-28,2023-05-28,canceled
5115,3729,4,2023-05-12,2024-04-12,canceled
5116,3730,2,2024-04-22,2024-11-22,superseded
5117,3730,1,2024-11-22,,active
5118,3731,7,2023-05-11,2024-02-11,superseded
5119,3731,8,2024-02-11,2024-11-11,superseded
5120,3731,7,2024-11-11,2024-12-11,superseded
5121,3731,4,2024-12-11,,active
5122,3732,1,2024-11-13,,active
5123,3733,3,2024-01-05,2024-03-05,canceled
5124,3734,2,2024-02-18,,active
5125,3735,4,2023-08-09,2024-02-09,canceled
5126,3736,1,2024-02-15,,active
5127,3737,1,2024-05-29,2024-07-29,canceled
5128,3738,1,2024-07-21,,active
5129,3739,1,2024-07-24,,active
5130,3740,1,2024-04-27,2024-07-27,superseded
5131,3740,2,2024-07-27,2024-10-27,canceled
5132,3741,2,2024-10-27,2024-11-27,superseded
5133,3741,1,2024-11-27,,active
5134,3742,8,2024-09-02,,active
5135,3743,1,2024-07-18,,active
5136,3744,5,2022-09-23,2022-11-23,superseded
5137,3744,6,2022-11-23,2022-12-23,superseded
5138,3744,8,2022-12-23,2023-06-23,superseded
5139,3744,6,2023-06-23,,active
5140,3745,4,2022-01-27,2022-02-27,canceled
5141,3745,4,2023-09-27,,active
5142,3746,1,2023-07-22,2024-06-22,superseded
5143,3746,2,2024-06-22,,active
5144,3747,1,2024-05-14,2024-08-14,superseded
5145,3747,2,2024-08-14,,active
5146,3748,6,2024-01-21,2024-11-21,superseded
5147,3748,8,2024-11-21,,active
5148,3749,2,2023-12-07,2024-04-07,canceled
5149,3750,7,2024-10-26,,active
5150,3751,1,2024-10-31,,active
5151,3752,7,2024-10-07,,active
5152,3753,1,2023-10-01,2024-03-01,canceled
5153,3753,1,2024-06-01,2024-07-01,canceled
5154,3754,6,2024-06-27,,active
5155,3755,1,2023-09-04,2024-08-04,canceled
5156,3756,6,2023-06-23,2023-08-23,canceled
5157,3756,3,2024-10-23,,active
5158,3757,2,2023-06-10,2024-08-10,superseded
5159,3757,4,2024-08-10,,active
5160,3758,1,2023-11-20,2024-09-20,canceled
5161,3759,2,2024-01-16,2024-05-16,canceled
5162,3759,2,2024-10-16,,active
5163,3760,1,2024-09-28,2024-10-28,superseded
5164,3760,2,2024-10-28,2024-12-28,superseded
5165,3760,4,2024-12-28,,active
5166,3761,3,2023-03-14,2023-05-14,canceled
5167,3762,3,2024-07-22,,active
5168,3763,2,2024-03-16,2024-09-16,canceled
5169,3764,3,2023-09-03,2024-09-03,canceled
5170,3765,1,2024-02-04,2024-05-04,canceled
5171,3766,1,2023-10-16,2024-03-16,canceled
5172,3767,2,2024-04-28,2024-11-28,canceled
5173,3768,6,2024-01-22,,active
5174,3769,5,2023-05-30,2023-07-30,canceled
5175,3770,2,2023-03-09,2023-08-09,superseded
5176,3770,4,2023-08-09,2023-09-09,canceled
5177,3771,5,2024-03-21,,active
5178,3772,2,2024-10-17,,active
5179,3773,6,2023-11-06,,active
5180,3774,3,2024-07-22,2024-08-22,superseded
5181,3774,4,2024-08-22,,active
5182,3775,2,2024-05-16,,active
5183,3776,4,2024-11-21,,active
5184,3777,1,2024-09-06,2024-11-06,canceled
5185,3778,6,2024-03-16,2024-07-16,superseded
5186,3778,8,2024-07-16,,active
5187,3779,1,2024-05-30,2024-06-30,superseded
5188,3779,3,2024-06-30,,active
5189,3780,4,2024-10-31,,active
5190,3781,3,2023-12-26,2024-06-26,canceled
5191,3782,3,2023-10-23,,active
5192,3783,6,2022-02-02,2022-06-02,superseded
5193,3783,4,2022-06-02,2023-02-02,superseded
5194,3783,7,2023-02-02,2024-04-02,superseded
5195,3783,8,2024-04-02,,active
5196,3784,2,2024-09-03,,active
5197,3785,5,2024-08-16,,active
5198,3786,1,2023-02-05,2023-10-05,superseded
5199,3786,2,2023-10-05,2024-06-05,superseded
5200,3786,4,2024-06-05,,active
5201,3787,4,2024-04-22,2024-08-22,canceled
5202,3787,1,2024-10-22,,active
5203,3788,4,2024-01-18,2024-05-18,canceled
5204,3789,1,2023-03-06,2023-09-06,superseded
5205,3789,2,2023-09-06,2023-11-06,superseded
5206,3789,1,2023-11-06,2024-03-06,canceled
5207,3790,1,2024-12-07,,active
5208,3791,1,2023-07-01,2024-07-01,canceled
5209,3792,1,2022-11-17,2023-07-17,canceled
5210,3793,6,2024-04-29,2024-05-29,superseded
5211,3793,8,2024-05-29,2024-07-29,superseded
5212,3793,6,2024-07-29,2024-12-29,superseded
5213,3793,8,2024-12-29,,active
5214,3794,2,2024-07-16,,active
5215,3795,1,2022-06-16,2022-08-16,canceled
5216,3796,7,2024-05-21,,active
5217,3797,1,2024-03-05,,active
5218,3798,2,2023-02-16,2024-01-16,superseded
5219,3798,1,2024-01-16,2024-05-16,canceled
5220,3799,1,2023-06-08,2024-03-08,superseded
5221,3799,2,2024-03-08,2024-04-08,canceled
5222,3800,1,2024-03-31,2024-10-30,superseded
5223,3800,3,2024-10-30,,active
5224,3801,5,2023-10-14,,active
5225,3802,2,2024-11-07,2024-12-07,superseded
5226,3802,1,2024-12-07,,active
5227,3803,5,2024-09-20,,active
5228,3804,3,2024-12-16,,active
5229,3805,6,2023-09-21,,active
5230,3806,1,2024-12-17,,active
5231,3807,6,2024-01-01,,active
5232,3808,4,2023-11-25,2024-01-25,canceled
5233,3809,2,2022-09-13,2023-01-13,superseded
5234,3809,4,2023-01-13,2024-11-13,canceled
5235,3810,1,2022-09-11,2022-11-11,canceled
5236,3810,1,2023-06-11,2024-06-11,canceled
5237,3811,2,2024-06-10,,active
5238,3812,4,2024-01-25,,active
5239,3813,1,2023-08-30,2024-03-29,canceled
5240,3813,1,2024-09-29,,active
5241,3814,2,2024-04-05,2024-11-05,canceled
5242,3815,4,2023-09-11,2024-06-11,superseded
5243,3815,3,2024-06-11,2024-09-11,superseded
5244,3815,5,2024-09-11,,active
5245,3816,3,2024-04-21,2024-07-21,canceled
5246,3817,1,2023-11-17,2024-04-17,superseded
5247,3817,3,2024-04-17,,active
5248,3818,1,2024-09-08,,active
5249,3819,4,2024-09-27,,active
5250,3820,4,2024-02-20,,active
5251,3821,3,2023-11-29,2023-12-29,canceled
5252,3821,2,2024-01-29,2024-05-29,superseded
5253,3821,1,2024-05-29,2024-12-29,canceled
5254,3822,7,2023-11-07,,active
5255,3823,6,2024-09-11,,active
5256,3824,5,2023-10-04,2024-03-04,superseded
5257,3824,3,2024-03-04,2024-09-04,superseded
5258,3824,4,2024-09-04,,active
5259,3825,1,2023-07-07,2023-11-07,canceled
5260,3825,5,2023-12-07,2024-05-07,canceled
5261,3826,3,2023-01-29,,active
5262,3827,1,2024-01-16,2024-05-16,superseded
5263,3827,2,2024-05-16,,active
5264,3828,4,2024-02-11,,active
5265,3829,1,2024-09-13,2024-10-13,canceled
5266,3830,2,2023-08-07,,active
5267,3831,1,2023-11-30,,active
5268,3832,6,2024-09-19,2024-11-19,superseded
5269,3832,8,2024-11-19,,active
5270,3833,1,2024-09-21,,active
5271,3834,3,2023-12-13,2024-10-13,canceled
5272,3835,1,2024-01-25,,active
5273,3836,3,2023-10-09,2024-03-09,canceled
5274,3837,3,2024-11-04,,active
5275,3838,6,2023-03-29,2023-07-29,canceled
5276,3839,7,2024-11-20,,active
5277,3840,1,2024-06-08,,active
5278,3841,5,2024-03-18,,active
5279,3842,4,2022-06-19,2023-07-19,superseded
5280,3842,6,2023-07-19,2023-12-19,superseded
5281,3842,8,2023-12-19,2024-03-19,superseded
5282,3842,6,2024-03-19,,active
5283,3843,4,2024-02-27,2024-08-27,superseded
5284,3843,2,2024-08-27,,active
5285,3844,1,2023-12-06,2024-03-06,canceled
5286,3845,3,2023-05-09,2023-07-09,superseded
5287,3845,4,2023-07-09,2024-07-09,canceled
5288,3846,5,2024-05-14,,active
5289,3847,1,2024-12-06,,active
5290,3848,1,2024-03-22,,active
5291,3849,3,2024-07-13,2024-08-13,superseded
5292,3849,4,2024-08-13,,active
5293,3850,4,2022-11-14,2024-09-14,superseded
5294,3850,6,2024-09-14,,active
5295,3851,1,2024-01-13,2024-09-13,canceled
5296,3852,1,2023-03-25,,active
5297,3853,1,2024-04-26,2024-06-26,superseded
5298,3853,3,2024-06-26,,active
5299,3854,6,2024-11-17,,active
5300,3855,2,2024-05-12,2024-10-12,canceled
5301,3856,3,2022-12-22,2024-07-22,superseded
5302,3856,1,2024-07-22,,active
5303,3857,7,2023-11-11,,active
5304,3858,5,2024-03-29,,active
5305,3859,1,2023-12-01,2024-04-01,canceled
5306,3860,1,2024-09-03,,active
5307,3861,3,2024-09-12,,active
5308,3862,2,2024-04-15,2024-05-15,canceled
5309,3863,5,2023-11-08,,active
5310,3864,6,2023-09-06,2024-06-06,canceled
5311,3865,6,2023-02-20,2024-02-20,superseded
5312,3865,8,2024-02-20,,active
5313,3866,1,2023-11-13,2024-09-13,canceled
5314,3867,1,2024-01-30,2024-06-29,canceled
5315,3868,1,2024-06-09,2024-09-09,canceled
5316,3869,3,2024-05-10,,active
5317,3870,2,2022-11-06,2023-05-06,canceled
5318,3870,2,2024-10-06,,active
5319,3871,1,2023-12-08,2024-01-08,canceled
5320,3872,2,2023-06-26,2024-09-26,canceled
5321,3873,4,2023-05-06,,active
5322,3874,4,2024-09-06,,active
5323,3875,3,2022-07-23,2022-10-23,superseded
5324,3875,4,2022-10-23,2023-04-23,superseded
5325,3875,7,2023-04-23,2023-10-23,canceled
5326,3876,1,2024-01-26,,active
5327,3877,6,2023-05-25,,active
5328,3878,2,2024-10-06,,active
5329,3879,2,2024-03-25,2024-05-25,superseded
5330,3879,1,2024-05-25,2024-09-25,canceled
5331,3880,2,2023-08-29,,active
5332,3881,2,2024-02-05,2024-05-05,canceled
5333,3882,1,2024-07-12,2024-08-12,canceled
5334,3883,1,2024-11-06,,active
5335,3884,3,2023-08-20,2024-03-20,superseded
5336,3884,4,2024-03-20,,active
5337,3885,2,2024-10-01,,active
5338,3886,6,2024-11-25,,active
5339,3887,1,2024-10-17,,active
5340,3888,3,2024-05-26,2024-06-26,superseded
5341,3888,5,2024-06-26,2024-10-26,canceled
5342,3889,4,2024-05-25,,active
5343,3890,4,2023-12-28,2024-02-28,superseded
5344,3890,6,2024-02-28,2024-05-28,superseded
5345,3890,5,2024-05-28,2024-06-28,superseded
5346,3890,6,2024-06-28,,active
5347,3891,1,2024-07-20,,active
5348,3892,1,2024-03-29,,active
5349,3893,1,2024-06-11,,active
5350,3894,5,2024-01-25,2024-02-25,superseded
5351,3894,6,2024-02-25,2024-03-25,superseded
5352,3894,4,2024-03-25,2024-08-25,superseded
5353,3894,6,2024-08-25,,active
5354,3895,2,2024-07-26,2024-08-26,canceled
5355,3896,1,2024-09-13,,active
5356,3897,1,2023-05-15,2023-08-15,superseded
5357,3897,2,2023-08-15,,active
5358,3898,2,2024-09-12,2024-10-12,superseded
5359,3898,5,2024-10-12,2024-12-12,superseded
5360,3898,2,2024-12-12,,active
5361,3899,1,2024-03-02,2024-12-02,canceled
5362,3900,1,2024-09-04,,active
5363,3901,2,2024-01-13,,active
5364,3902,4,2023-11-10,2024-03-10,canceled
5365,3903,2,2024-10-30,2024-12-30,superseded
5366,3903,4,2024-12-30,,active
5367,3904,1,2023-09-11,2024-10-11,canceled
5368,3905,4,2024-09-04,2024-10-04,superseded
5369,3905,2,2024-10-04,2024-11-04,superseded
5370,3905,4,2024-11-04,,active
5371,3906,1,2024-02-01,2024-03-01,canceled
5372,3906,1,2024-06-01,2024-10-01,canceled
5373,3907,8,2024-02-15,,active
5374,3908,1,2023-10-20,2023-12-20,canceled
5375,3909,5,2024-04-19,,active
5376,3910,5,2023-10-25,,active
5377,3911,1,2022-07-24,2023-02-24,canceled
5378,3911,3,2023-08-24,2023-10-24,superseded
5379,3911,5,2023-10-24,2024-06-24,canceled
5380,3912,1,2023-09-30,2023-10-30,canceled
5381,3912,1,2024-09-29,2024-12-29,canceled
5382,3913,2,2022-01-24,2023-05-24,canceled
5383,3913,1,2024-04-24,2024-12-24,canceled
5384,3914,6,2024-12-30,,active
5385,3915,1,2024-11-08,,active
5386,3916,3,2023-12-07,2024-11-07,superseded
5387,3916,4,2024-11-07,,active
5388,3917,2,2024-07-29,,active
5389,3918,4,2023-11-30,,active
5390,3919,4,2024-06-02,2024-08-02,superseded
5391,3919,3,2024-08-02,2024-11-02,superseded
5392,3919,1,2024-11-02,,active
5393,3920,1,2024-09-15,,active
5394,3921,1,2024-11-04,,active
5395,3922,4,2023-12-20,2024-06-20,canceled
5396,3923,1,2024-08-31,2024-10-30,canceled
5397,3924,8,2023-09-27,,active
5398,3925,1,2024-12-05,,active
5399,3926,4,2022-05-22,2023-03-22,canceled
5400,3926,5,2023-06-22,2024-06-22,superseded
5401,3926,2,2024-06-22,2024-12-22,canceled
5402,3927,2,2024-04-08,,active
5403,3928,2,2024-05-31,2024-07-30,canceled
5404,3929,6,2024-06-13,,active
5405,3930,3,2023-03-09,2024-09-09,superseded
5406,3930,5,2024-09-09,,active
5407,3931,1,2024-11-26,,active
5408,3932,4,2023-06-05,2024-05-05,canceled
5409,3933,1,2024-05-14,2024-07-14,canceled
5410,3934,2,2023-08-03,2024-03-03,canceled
5411,3935,3,2023-10-22,2024-09-22,superseded
5412,3935,4,2024-09-22,2024-11-22,superseded
5413,3935,2,2024-11-22,,active
5414,3936,1,2024-03-14,2024-04-14,superseded
5415,3936,3,2024-04-14,2024-05-14,superseded
5416,3936,5,2024-05-14,,active
5417,3937,2,2024-01-01,,active
5418,3938,2,2023-05-16,2023-07-16,canceled
5419,3939,4,2023-06-19,2024-01-19,canceled
5420,3940,1,2024-01-08,2024-07-08,canceled
5421,3941,4,2024-08-11,2024-10-11,superseded
5422,3941,6,2024-10-11,,active
5423,3942,1,2024-10-03,,active
5424,3943,3,2023-01-16,2024-11-16,canceled
5425,3944,1,2023-12-23,2024-03-23,canceled
5426,3945,1,2023-02-06,2023-08-06,canceled
5427,3946,1,2022-03-22,2022-10-22,canceled
5428,3947,4,2024-05-19,,active
5429,3948,4,2024-04-04,2024-12-04,superseded
5430,3948,7,2024-12-04,,active
5431,3949,1,2023-05-20,2023-07-20,canceled
5432,3950,8,2023-08-29,2023-10-29,superseded
5433,3950,6,2023-10-29,2024-11-29,superseded
5434,3950,8,2024-11-29,,active
5435,3951,1,2022-04-19,2022-07-19,canceled
5436,3951,2,2024-04-19,2024-10-19,superseded
5437,3951,4,2024-10-19,2024-11-19,superseded
5438,3951,7,2024-11-19,,active
5439,3952,1,2024-09-20,,active
5440,3953,4,2024-12-09,,active
5441,3954,4,2023-04-16,2023-08-16,superseded
5442,3954,6,2023-08-16,2023-09-16,superseded
5443,3954,8,2023-09-16,,active
5444,3955,7,2023-08-28,2024-05-28,superseded
5445,3955,8,2024-05-28,,active
5446,3956,4,2024-10-15,,active
5447,3957,4,2024-11-23,,active
5448,3958,4,2024-01-26,,active
5449,3959,1,2022-09-08,2023-06-08,superseded
5450,3959,2,2023-06-08,2024-02-08,superseded
5451,3959,1,2024-02-08,2024-12-08,superseded
5452,3959,2,2024-12-08,,active
5453,3960,1,2022-07-02,2023-01-02,canceled
5454,3961,6,2024-04-15,,active
5455,3962,4,2023-12-11,2024-04-11,superseded
5456,3962,3,2024-04-11,,active
5457,3963,3,2022-05-14,2023-03-14,canceled
5458,3963,4,2023-06-14,,active
5459,3964,1,2024-04-22,,active
5460,3965,1,2022-02-07,2022-04-07,canceled
5461,3966,2,2024-08-13,,active
5462,3967,3,2023-10-28,2023-11-28,superseded
5463,3967,4,2023-11-28,,active
5464,3968,2,2022-07-15,2022-11-15,canceled
5465,3969,1,2024-04-11,2024-06-11,superseded
5466,3969,2,2024-06-11,,active
5467,3970,3,2023-12-23,2024-04-23,superseded
5468,3970,4,2024-04-23,,active
5469,3971,4,2024-12-19,,active
5470,3972,3,2024-03-06,2024-09-06,superseded
5471,3972,1,2024-09-06,,active
5472,3973,6,2023-09-11,2024-04-11,canceled
5473,3973,3,2024-11-11,,active
5474,3974,1,2024-06-20,2024-12-20,canceled
5475,3975,1,2023-09-06,,active
5476,3976,1,2024-10-23,,active
5477,3977,2,2023-11-04,,active
5478,3978,2,2024-03-07,,active
5479,3979,2,2022-09-24,2022-10-24,superseded
5480,3979,4,2022-10-24,2022-12-24,canceled
5481,3979,1,2024-08-24,2024-10-24,canceled
5482,3980,2,2024-01-19,,active
5483,3981,5,2024-09-24,,active
5484,3982,4,2024-09-18,2024-12-18,canceled
5485,3983,2,2023-08-10,2024-12-10,canceled
5486,3984,1,2023-08-26,2023-11-26,canceled
5487,3985,1,2024-09-15,,active
5488,3986,4,2024-11-11,,active
5489,3987,2,2023-01-29,2023-03-28,canceled
5490,3987,1,2024-03-28,2024-07-28,canceled
5491,3988,2,2024-01-29,,active
5492,3989,1,2023-10-08,2024-02-08,superseded
5493,3989,2,2024-02-08,2024-09-08,canceled
5494,3990,3,2024-10-13,2024-11-13,superseded
5495,3990,1,2024-11-13,,active
5496,3991,1,2023-01-26,2023-02-26,canceled
5497,3991,1,2023-10-26,2023-11-26,superseded
5498,3991,2,2023-11-26,2024-11-26,canceled
5499,3992,7,2023-07-14,2023-10-14,superseded
5500,3992,8,2023-10-14,2024-06-14,superseded
5501,3992,6,2024-06-14,2024-07-14,canceled
5502,3993,4,2024-07-25,2024-09-25,canceled
5503,3994,1,2022-09-02,2022-11-02,superseded
5504,3994,2,2022-11-02,2024-07-02,canceled
5505,3995,4,2024-02-18,,active
5506,3996,1,2024-01-13,,active
5507,3997,1,2023-10-07,2024-06-07,canceled
5508,3998,3,2023-12-08,2024-10-08,canceled
5509,3999,5,2024-03-24,2024-08-24,superseded
5510,3999,2,2024-08-24,,active
5511,4000,2,2023-05-09,2023-11-09,canceled
5512,4001,2,2024-04-06,,active
5513,4002,1,2024-09-18,2024-11-18,superseded
5514,4002,2,2024-11-18,,active
5515,4003,1,2024-08-05,2024-09-05,superseded
5516,4003,2,2024-09-05,2024-12-05,canceled
5517,4004,4,2023-05-08,,active
5518,4005,1,2023-05-09,2023-07-09,canceled
5519,4006,1,2023-09-04,2023-10-04,canceled
5520,4007,2,2023-11-17,,active
5521,4008,1,2023-12-03,2024-09-03,canceled
5522,4009,2,2024-06-26,,active
5523,4010,1,2022-09-30,2023-02-28,canceled
5524,4011,1,2022-06-03,2022-12-03,canceled
5525,4012,6,2023-12-17,2024-06-17,canceled
5526,4013,2,2024-06-30,2024-11-30,canceled
5527,4014,4,2023-06-13,,active
5528,4015,1,2024-05-25,2024-11-25,canceled
5529,4016,1,2023-09-21,2024-02-21,canceled
5530,4017,1,2024-10-24,,active
5531,4018,1,2024-10-16,,active
5532,4019,1,2023-10-12,2024-01-12,canceled
5533,4020,1,2023-08-01,2023-10-01,canceled
5534,4021,2,2024-01-12,,active
5535,4022,1,2023-08-11,2024-02-11,canceled
5536,4023,3,2024-06-20,,active
5537,4024,2,2024-09-16,2024-10-16,canceled
5538,4025,1,2024-06-11,,active
5539,4026,2,2024-09-21,2024-11-21,superseded
5540,4026,5,2024-11-21,,active
5541,4027,4,2023-12-10,,active
5542,4028,6,2023-05-22,2024-11-22,superseded
5543,4028,8,2024-11-22,,active
5544,4029,1,2024-07-13,,active
5545,4030,7,2023-11-03,,active
5546,4031,1,2024-06-24,2024-11-24,superseded
5547,4031,3,2024-11-24,,active
5548,4032,3,2023-09-11,2024-11-11,superseded
5549,4032,4,2024-11-11,,active
5550,4033,5,2022-12-17,,active
5551,4034,1,2024-12-04,,active
5552,4035,3,2023-05-04,2023-11-04,superseded
5553,4035,4,2023-11-04,,active
5554,4036,2,2024-12-08,,active
5555,4037,3,2024-12-25,,active
5556,4038,1,2024-08-18,2024-11-18,canceled
5557,4039,1,2024-05-30,,active
5558,4040,4,2024-04-25,2024-05-25,canceled
5559,4040,1,2024-06-25,2024-08-25,canceled
5560,4041,2,2024-10-03,,active
5561,4042,1,2023-09-03,2024-08-03,canceled
5562,4043,2,2024-02-29,2024-08-29,canceled
5563,4044,1,2024-05-18,,active
5564,4045,1,2024-01-29,2024-06-29,canceled
5565,4046,3,2024-01-21,,active
5566,4047,1,2023-10-26,2024-01-26,superseded
5567,4047,2,2024-01-26,,active
5568,4048,1,2024-03-06,2024-04-06,canceled
5569,4049,4,2024-09-08,2024-10-08,superseded
5570,4049,6,2024-10-08,,active
5571,4050,1,2023-07-09,2023-08-09,canceled
5572,4051,5,2024-11-16,,active
5573,4052,1,2024-06-22,2024-09-22,canceled
5574,4053,1,2024-09-05,2024-12-05,canceled
5575,4054,2,2024-03-10,2024-07-10,canceled
5576,4055,2,2024-08-23,,active
5577,4056,1,2022-03-04,2022-06-04,superseded
5578,4056,2,2022-06-04,2023-03-04,canceled
5579,4057,4,2024-09-05,2024-10-05,canceled
5580,4058,1,2022-07-31,2023-03-28,superseded
5581,4058,3,2023-03-28,2023-11-28,canceled
5582,4059,1,2024-10-08,,active
5583,4060,5,2024-12-05,,active
5584,4061,4,2023-09-01,2024-07-01,canceled
5585,4062,1,2023-07-01,2023-10-01,canceled
5586,4063,1,2024-08-05,2024-09-05,canceled
5587,4064,2,2023-09-11,2024-01-11,superseded
5588,4064,1,2024-01-11,,active
5589,4065,2,2024-10-09,,active
5590,4066,8,2023-02-07,2023-03-07,superseded
5591,4066,7,2023-03-07,2023-07-07,superseded
5592,4066,8,2023-07-07,2023-08-07,superseded
5593,4066,6,2023-08-07,2024-09-07,superseded
5594,4066,8,2024-09-07,2024-12-07,superseded
5595,4066,6,2024-12-07,,active
5596,4067,4,2023-03-31,2023-11-30,canceled
5597,4068,1,2024-12-14,,active
5598,4069,3,2024-06-02,,active
5599,4070,2,2024-09-17,,active
5600,4071,3,2023-10-05,2024-03-05,superseded
5601,4071,5,2024-03-05,2024-07-05,superseded
5602,4071,6,2024-07-05,2024-10-05,superseded
5603,4071,4,2024-10-05,,active
5604,4072,6,2024-06-16,,active
5605,4073,1,2024-04-12,2024-06-12,canceled
5606,4074,3,2024-04-28,2024-10-28,superseded
5607,4074,4,2024-10-28,,active
5608,4075,1,2024-06-06,2024-12-06,superseded
5609,4075,2,2024-12-06,,active
5610,4076,1,2024-04-25,2024-08-25,superseded
5611,4076,2,2024-08-25,,active
5612,4077,1,2024-01-31,2024-10-29,superseded
5613,4077,2,2024-10-29,,active
5614,4078,1,2023-09-09,2024-08-09,canceled
5615,4079,1,2024-08-09,2024-09-09,canceled
5616,4080,1,2023-08-13,2023-09-13,canceled
5617,4081,7,2024-06-08,,active
5618,4082,7,2023-08-31,2024-04-29,superseded
5619,4082,8,2024-04-29,,active
5620,4083,1,2024-05-26,2024-06-26,canceled
5621,4084,6,2024-07-17,2024-11-17,canceled
5622,4085,1,2023-07-23,2024-03-23,canceled
5623,4086,2,2022-10-16,2022-12-16,canceled
5624,4087,2,2023-04-25,2023-05-25,canceled
5625,4087,4,2024-05-25,2024-12-25,canceled
5626,4088,3,2024-04-07,2024-05-07,canceled
5627,4089,3,2024-09-19,,active
5628,4090,1,2022-08-07,2023-05-07,canceled
5629,4090,2,2023-07-07,2024-05-07,superseded
5630,4090,1,2024-05-07,,active
5631,4091,2,2024-07-12,2024-08-12,canceled
5632,4092,4,2023-11-08,2024-05-08,canceled
5633,4093,1,2024-02-04,2024-10-04,canceled
5634,4094,2,2024-11-02,2024-12-02,canceled
5635,4095,2,2023-10-03,,active
5636,4096,6,2024-01-23,,active
5637,4097,2,2022-03-04,2022-06-04,canceled
5638,4097,1,2024-04-04,,active
5639,4098,2,2023-01-04,2023-03-04,canceled
5640,4098,5,2024-04-04,2024-12-04,superseded
5641,4098,6,2024-12-04,,active
5642,4099,1,2023-09-29,2024-03-29,superseded
5643,4099,3,2024-03-29,2024-11-29,canceled
5644,4100,2,2022-05-04,2023-03-04,canceled
5645,4101,1,2024-05-24,,active
5646,4102,6,2024-01-23,,active
5647,4103,1,2024-03-24,2024-07-24,canceled
5648,4104,4,2023-06-07,,active
5649,4105,4,2023-10-17,,active
5650,4106,3,2024-05-14,,active
5651,4107,6,2024-11-18,,active
5652,4108,1,2022-09-21,2023-04-21,canceled
5653,4108,2,2023-09-21,2024-02-21,superseded
5654,4108,1,2024-02-21,2024-07-21,superseded
5655,4108,2,2024-07-21,2024-09-21,superseded
5656,4108,4,2024-09-21,2024-10-21,superseded
5657,4108,6,2024-10-21,,active
5658,4109,6,2024-10-27,,active
5659,4110,1,2024-04-07,2024-12-07,canceled
5660,4111,6,2024-03-02,,active
5661,4112,2,2024-02-04,2024-04-04,superseded
5662,4112,1,2024-04-04,2024-07-04,canceled
5663,4112,1,2024-10-04,,active
5664,4113,6,2022-11-25,2024-12-25,superseded
5665,4113,8,2024-12-25,,active
5666,4114,1,2023-01-05,2023-06-05,canceled
5667,4115,4,2024-04-13,,active
5668,4116,7,2023-11-22,,active
5669,4117,1,2024-10-06,2024-11-06,canceled
5670,4118,1,2023-12-08,2024-02-08,canceled
5671,4119,2,2023-04-23,2023-07-23,canceled
5672,4119,2,2024-02-23,,active
5673,4120,4,2024-07-30,2024-11-30,superseded
5674,4120,7,2024-11-30,,active
5675,4121,1,2023-09-11,2024-12-11,canceled
5676,4122,1,2024-03-18,2024-10-18,canceled
5677,4123,2,2024-06-06,2024-09-06,superseded
5678,4123,4,2024-09-06,,active
5679,4124,1,2024-10-09,2024-11-09,canceled
5680,4125,2,2024-08-27,,active
5681,4126,2,2024-06-18,2024-10-18,superseded
5682,4126,4,2024-10-18,,active
5683,4127,2,2024-06-26,2024-11-26,superseded
5684,4127,4,2024-11-26,,active
5685,4128,4,2024-11-23,,active
5686,4129,1,2023-10-13,2024-05-13,canceled
5687,4129,1,2024-07-13,2024-08-13,superseded
5688,4129,2,2024-08-13,2024-12-13,canceled
5689,4130,4,2022-01-05,2022-03-05,superseded
5690,4130,2,2022-03-05,2024-08-05,superseded
5691,4130,5,2024-08-05,2024-10-05,canceled
5692,4131,1,2023-09-26,2023-10-26,canceled
5693,4131,1,2024-04-26,,active
5694,4132,1,2023-07-20,2023-11-20,canceled
5695,4133,3,2024-05-03,,active
5696,4134,3,2024-05-11,,active
5697,4135,4,2024-04-16,,active
5698,4136,1,2022-03-08,2022-11-08,canceled
5699,4136,2,2023-08-08,,active
5700,4137,2,2024-07-15,,active
5701,4138,1,2023-10-24,2024-07-24,canceled
5702,4139,3,2024-05-28,2024-10-28,canceled
5703,4140,5,2024-03-01,,active
5704,4141,4,2023-11-24,2024-07-24,superseded
5705,4141,6,2024-07-24,,active
5706,4142,1,2023-04-26,2024-02-26,canceled
5707,4143,1,2023-01-16,2023-02-16,canceled
5708,4144,1,2024-09-18,,active
5709,4145,1,2024-10-31,,active
5710,4146,1,2024-05-11,2024-07-11,canceled
5711,4147,1,2023-02-21,2023-06-21,canceled
5712,4147,2,2023-08-21,2024-05-21,canceled
5713,4148,1,2023-12-18,,active
5714,4149,6,2024-07-16,,active
5715,4150,1,2024-08-05,2024-11-05,canceled
5716,4151,4,2023-03-26,2023-10-26,canceled
5717,4152,2,2022-01-14,2022-03-14,canceled
5718,4153,1,2024-06-22,2024-08-22,canceled
5719,4154,4,2023-11-11,2024-07-11,superseded
5720,4154,3,2024-07-11,,active
5721,4155,2,2023-09-05,2024-06-05,superseded
5722,4155,5,2024-06-05,2024-12-05,superseded
5723,4155,2,2024-12-05,,active
5724,4156,3,2022-02-05,2022-12-05,superseded
5725,4156,5,2022-12-05,2023-05-05,canceled
5726,4157,1,2024-03-12,2024-04-12,superseded
5727,4157,2,2024-04-12,,active
5728,4158,4,2024-09-26,2024-12-26,superseded
5729,4158,7,2024-12-26,,active
5730,4159,4,2024-11-02,,active
5731,4160,1,2024-03-14,2024-05-14,superseded
5732,4160,2,2024-05-14,2024-06-14,canceled
5733,4161,1,2024-02-12,2024-11-12,canceled
5734,4162,1,2023-01-21,2024-01-21,canceled
5735,4162,4,2024-09-21,,active
5736,4163,5,2024-03-05,2024-04-05,superseded
5737,4163,7,2024-04-05,,active
5738,4164,1,2023-11-04,2024-01-04,canceled
5739,4165,1,2024-04-29,2024-05-29,canceled
5740,4166,1,2023-12-21,2024-01-21,canceled
5741,4167,3,2023-08-18,2024-06-18,canceled
5742,4168,3,2023-01-17,2023-04-17,canceled
5743,4168,2,2024-06-17,,active
5744,4169,2,2023-10-21,2024-02-21,superseded
5745,4169,4,2024-02-21,,active
5746,4170,2,2023-02-03,2023-07-03,canceled
5747,4171,1,2023-06-24,2023-11-24,canceled
5748,4172,1,2024-12-24,,active
5749,4173,2,2024-01-29,,active
5750,4174,2,2024-03-24,,active
5751,4175,2,2024-10-31,,active
5752,4176,2,2024-12-27,,active
5753,4177,3,2024-04-06,2024-05-06,canceled
5754,4177,1,2024-09-06,2024-10-06,canceled
5755,4178,3,2024-09-28,,active
5756,4179,6,2023-10-24,,active
5757,4180,1,2023-10-10,,active
5758,4181,3,2023-12-22,2024-02-22,superseded
5759,4181,1,2024-02-22,2024-09-22,canceled
5760,4182,4,2024-06-09,,active
5761,4183,2,2024-06-17,,active
5762,4184,3,2023-10-24,,active
5763,4185,1,2023-04-17,,active
5764,4186,1,2024-05-05,,active
5765,4187,2,2023-04-23,2024-07-23,superseded
5766,4187,1,2024-07-23,2024-08-23,canceled
5767,4187,1,2024-09-23,,active
5768,4188,1,2024-04-28,2024-05-28,canceled
5769,4189,4,2024-06-25,,active
5770,4190,2,2024-06-19,2024-09-19,superseded
5771,4190,4,2024-09-19,2024-12-19,canceled
5772,4191,1,2024-07-08,,active
5773,4192,2,2024-10-23,,active
5774,4193,2,2024-02-26,,active
5775,4194,1,2024-07-08,,active
5776,4195,6,2024-05-07,2024-08-07,superseded
5777,4195,8,2024-08-07,2024-12-07,superseded
5778,4195,7,2024-12-07,,active
5779,4196,6,2023-06-02,2024-05-02,superseded
5780,4196,8,2024-05-02,,active
5781,4197,2,2022-05-31,2023-06-28,superseded
5782,4197,1,2023-06-28,2023-09-28,canceled
5783,4198,1,2023-09-16,2024-06-16,canceled
5784,4199,6,2024-01-15,,active
5785,4200,8,2024-04-24,,active
5786,4201,1,2024-09-06,,active
5787,4202,2,2023-07-19,,active
5788,4203,6,2023-03-05,2024-08-05,superseded
5789,4203,8,2024-08-05,,active
5790,4204,5,2024-11-23,,active
5791,4205,1,2023-02-09,2023-06-09,canceled
5792,4205,1,2024-04-09,2024-06-09,superseded
5793,4205,2,2024-06-09,,active
5794,4206,1,2024-02-24,2024-06-24,superseded
5795,4206,2,2024-06-24,,active
5796,4207,2,2024-04-22,2024-11-22,canceled
5797,4208,4,2024-03-05,,active
5798,4209,2,2023-01-26,2023-02-26,superseded
5799,4209,1,2023-02-26,2023-11-26,canceled
5800,4210,4,2022-09-10,2022-11-10,canceled
5801,4210,2,2024-08-10,2024-11-10,canceled
5802,4211,3,2023-02-17,2023-05-17,superseded
5803,4211,4,2023-05-17,2023-06-17,superseded
5804,4211,6,2023-06-17,2023-07-17,canceled
5805,4212,2,2024-04-25,,active
5806,4213,1,2024-03-06,2024-06-06,superseded
5807,4213,2,2024-06-06,2024-10-06,canceled
5808,4214,7,2023-08-03,,active
5809,4215,5,2024-05-03,,active
5810,4216,1,2024-09-28,2024-12-28,superseded
5811,4216,2,2024-12-28,,active
5812,4217,2,2022-07-31,2023-02-28,canceled
5813,4218,3,2024-02-25,2024-04-25,canceled
5814,4219,4,2024-06-14,2024-07-14,canceled
5815,4220,3,2023-09-23,2024-07-23,canceled
5816,4221,2,2023-10-28,,active
5817,4222,1,2024-04-02,2024-08-02,canceled
5818,4223,3,2024-10-29,2024-12-29,canceled
5819,4224,1,2024-09-13,,active
5820,4225,1,2024-04-24,2024-08-24,canceled
5821,4226,1,2024-07-09,,active
5822,4227,4,2023-11-17,2024-05-17,canceled
5823,4228,6,2024-05-21,,active
5824,4229,1,2024-01-29,2024-07-29,canceled
5825,4230,7,2023-06-09,2024-03-09,superseded
5826,4230,8,2024-03-09,2024-09-09,canceled
5827,4231,3,2024-06-10,2024-10-10,canceled
5828,4232,1,2024-03-15,,active
5829,4233,2,2023-11-28,2024-09-28,canceled
5830,4234,2,2024-10-05,2024-12-05,superseded
5831,4234,1,2024-12-05,,active
5832,4235,7,2022-04-20,,active
5833,4236,6,2023-10-15,,active
5834,4237,1,2022-09-17,2024-05-17,canceled
5835,4238,2,2024-08-26,2024-12-26,canceled
5836,4239,5,2024-06-23,,active
5837,4240,1,2023-10-06,2024-05-06,canceled
5838,4241,1,2024-06-21,2024-11-21,canceled
5839,4242,1,2023-12-28,2024-04-28,canceled
5840,4243,1,2024-07-20,2024-11-20,canceled
5841,4244,2,2024-01-25,,active
5842,4245,7,2024-01-10,,active
5843,4246,1,2024-11-21,,active
5844,4247,3,2023-09-04,2023-11-04,canceled
5845,4248,2,2023-03-19,2024-06-19,canceled
5846,4249,1,2024-04-06,2024-07-06,superseded
5847,4249,2,2024-07-06,,active
5848,4250,1,2024-11-26,,active
5849,4251,6,2023-11-14,,active
5850,4252,7,2022-10-14,2023-09-14,superseded
5851,4252,4,2023-09-14,2024-03-14,superseded
5852,4252,6,2024-03-14,,active
5853,4253,4,2023-10-05,2023-11-05,canceled
5854,4254,2,2024-02-29,2024-03-29,canceled
5855,4255,1,2023-05-10,2023-11-10,canceled
5856,4256,1,2024-05-20,2024-12-20,canceled
5857,4257,1,2024-12-12,,active
5858,4258,1,2024-01-22,2024-04-22,canceled
5859,4259,1,2023-11-10,2024-03-10,canceled
5860,4260,1,2023-12-29,2024-07-29,canceled
5861,4261,1,2023-03-19,2023-08-19,canceled
5862,4261,1,2024-12-19,,active
5863,4262,4,2024-10-28,,active
5864,4263,3,2024-01-18,,active
5865,4264,8,2023-12-26,,active
5866,4265,1,2024-05-21,2024-06-21,canceled
5867,4266,8,2024-01-16,,active
5868,4267,1,2024-05-29,2024-08-29,canceled
5869,4268,2,2022-10-19,2023-02-19,superseded
5870,4268,4,2023-02-19,,active
5871,4269,1,2024-09-27,2024-10-27,canceled
5872,4270,1,2024-11-08,,active
5873,4271,1,2024-05-09,2024-06-09,superseded
5874,4271,2,2024-06-09,2024-10-09,canceled
5875,4272,7,2024-11-06,,active
5876,4273,3,2023-05-28,2023-09-28,superseded
5877,4273,4,2023-09-28,,active
5878,4274,1,2024-02-13,2024-03-13,canceled
5879,4275,4,2024-04-25,,active
5880,4276,7,2024-04-07,,active
5881,4277,2,2023-12-28,,active
5882,4278,1,2023-10-02,,active
5883,4279,5,2023-03-20,,active
5884,4280,1,2023-12-14,,active
5885,4281,2,2023-05-28,2024-03-28,canceled
5886,4282,2,2024-07-05,2024-11-05,superseded
5887,4282,4,2024-11-05,,active
5888,4283,1,2023-07-09,2023-08-09,canceled
5889,4284,1,2022-10-10,,active
5890,4285,1,2024-03-29,2024-08-29,canceled
5891,4286,3,2024-04-22,,active
5892,4287,1,2024-10-26,2024-11-26,canceled
5893,4288,2,2024-04-27,2024-12-27,canceled
5894,4289,4,2023-11-06,2024-06-06,superseded
5895,4289,2,2024-06-06,,active
5896,4290,6,2024-09-25,,active
5897,4291,1,2024-03-18,2024-04-18,canceled
5898,4292,1,2022-12-15,2023-09-15,canceled
5899,4293,2,2024-03-11,2024-05-11,canceled
5900,4294,7,2024-10-30,,active
5901,4295,2,2023-12-03,2024-06-03,canceled
5902,4296,1,2023-10-30,,active
5903,4297,1,2023-04-01,2023-08-01,canceled
5904,4298,2,2023-05-27,2023-08-27,superseded
5905,4298,4,2023-08-27,2024-08-27,canceled
5906,4299,2,2024-01-16,2024-06-16,canceled
5907,4300,5,2024-04-07,,active
5908,4301,4,2022-12-10,2023-07-10,superseded
5909,4301,2,2023-07-10,2024-04-10,superseded
5910,4301,4,2024-04-10,,active
5911,4302,5,2024-11-06,,active
5912,4303,4,2024-07-13,2024-10-13,superseded
5913,4303,7,2024-10-13,,active
5914,4304,3,2024-04-14,2024-10-14,canceled
5915,4305,2,2024-09-07,,active
5916,4306,1,2022-12-18,2023-05-18,superseded
5917,4306,2,2023-05-18,2024-01-18,canceled
5918,4307,2,2024-02-26,2024-08-26,canceled
5919,4308,1,2024-05-03,2024-07-03,canceled
5920,4309,1,2024-09-16,,active
5921,4310,1,2024-08-04,2024-09-04,canceled
5922,4311,5,2023-09-14,2023-12-14,canceled
5923,4312,2,2024-11-16,,active
5924,4313,3,2023-03-25,2023-04-25,canceled
5925,4314,3,2024-10-18,,active
5926,4315,1,2024-12-18,,active
5927,4316,1,2023-06-08,2023-07-08,canceled
5928,4317,4,2024-07-16,,active
5929,4318,1,2022-07-14,2023-06-14,superseded
5930,4318,2,2023-06-14,,active
5931,4319,4,2023-12-16,2024-07-16,canceled
5932,4319,3,2024-09-16,,active
5933,4320,7,2024-02-08,,active
5934,4321,1,2024-04-28,2024-07-28,canceled
5935,4322,4,2024-11-18,2024-12-18,superseded
5936,4322,6,2024-12-18,,active
5937,4323,1,2024-06-08,,active
5938,4324,3,2024-02-13,2024-07-13,canceled
5939,4325,1,2024-09-11,,active
5940,4326,1,2024-11-09,,active
5941,4327,2,2022-04-21,2022-08-21,canceled
5942,4327,5,2024-08-21,,active
5943,4328,3,2024-12-05,,active
5944,4329,2,2023-01-20,2023-10-20,canceled
5945,4330,1,2024-09-22,2024-11-22,canceled
5946,4331,3,2023-09-10,,active
5947,4332,8,2023-04-05,,active
5948,4333,2,2024-01-02,2024-05-02,superseded
5949,4333,4,2024-05-02,,active
5950,4334,1,2024-05-27,,active
5951,4335,3,2023-11-23,,active
5952,4336,1,2022-09-10,2023-01-10,canceled
5953,4337,2,2024-04-17,,active
5954,4338,2,2024-10-12,,active
5955,4339,5,2023-12-26,2024-11-26,superseded
5956,4339,3,2024-11-26,2024-12-26,superseded
5957,4339,1,2024-12-26,,active
5958,4340,1,2023-07-03,2023-10-03,canceled
5959,4341,2,2024-01-13,2024-04-13,canceled
5960,4342,4,2022-08-22,2022-11-22,superseded
5961,4342,2,2022-11-22,2023-06-22,canceled
5962,4343,1,2024-09-13,,active
5963,4344,7,2024-09-21,,active
5964,4345,3,2024-04-16,,active
5965,4346,1,2023-11-30,2024-04-29,canceled
5966,4347,1,2024-08-27,,active
5967,4348,4,2024-03-16,,active
5968,4349,1,2024-09-11,,active
5969,4350,6,2024-05-22,,active
5970,4351,1,2024-08-09,,active
5971,4352,1,2024-04-25,,active
5972,4353,3,2024-01-22,2024-08-22,superseded
5973,4353,4,2024-08-22,,active
5974,4354,1,2024-11-06,,active
5975,4355,1,2024-03-11,2024-04-11,canceled
5976,4356,1,2024-04-17,,active
5977,4357,2,2023-08-12,,active
5978,4358,6,2024-05-08,2024-12-08,superseded
5979,4358,8,2024-12-08,,active
5980,4359,4,2024-04-19,2024-11-19,superseded
5981,4359,2,2024-11-19,,active
5982,4360,3,2023-06-08,2023-07-08,canceled
5983,4361,6,2022-10-30,2024-11-28,canceled
5984,4362,3,2024-04-09,2024-05-09,superseded
5985,4362,1,2024-05-09,2024-09-09,canceled
5986,4363,4,2024-08-18,,active
5987,4364,1,2024-03-06,2024-04-06,canceled
5988,4364,3,2024-10-06,,active
5989,4365,2,2023-08-19,2023-11-19,superseded
5990,4365,5,2023-11-19,2024-12-19,canceled
5991,4366,3,2024-05-23,,active
5992,4367,2,2022-12-12,2023-01-12,canceled
5993,4367,2,2024-10-12,,active
5994,4368,1,2024-01-04,2024-04-04,canceled
5995,4369,3,2023-05-31,2023-06-30,superseded
5996,4369,4,2023-06-30,2023-09-30,superseded
5997,4369,2,2023-09-30,,active
5998,4370,1,2023-06-28,2023-12-28,canceled
5999,4371,2,2023-07-16,2024-04-16,canceled
6000,4372,3,2023-12-01,2024-06-01,superseded
6001,4372,4,2024-06-01,2024-08-01,superseded
6002,4372,6,2024-08-01,,active
6003,4373,5,2022-09-22,2022-10-22,superseded
6004,4373,6,2022-10-22,2023-03-22,superseded
6005,4373,8,2023-03-22,2024-08-22,superseded
6006,4373,6,2024-08-22,,active
6007,4374,1,2023-12-27,2024-01-27,canceled
6008,4375,1,2024-02-02,2024-04-02,canceled
6009,4376,3,2024-02-08,2024-05-08,canceled
6010,4377,1,2023-12-07,,active
6011,4378,2,2024-09-04,,active
6012,4379,3,2023-04-24,2023-07-24,canceled
6013,4380,2,2024-02-14,2024-10-14,canceled
6014,4381,1,2022-10-08,2023-02-08,superseded
6015,4381,2,2023-02-08,,active
6016,4382,2,2022-11-01,2023-06-01,superseded
6017,4382,4,2023-06-01,,active
6018,4383,6,2024-04-23,2024-10-23,canceled
6019,4384,1,2024-03-25,,active
6020,4385,1,2024-10-15,,active
6021,4386,6,2024-03-23,,active
6022,4387,2,2024-11-24,,active
6023,4388,3,2022-08-12,2023-06-12,superseded
6024,4388,4,2023-06-12,2023-08-12,superseded
6025,4388,3,2023-08-12,2024-02-12,canceled
6026,4389,5,2023-02-28,2024-04-28,canceled
6027,4390,2,2022-08-30,2022-11-30,canceled
6028,4391,2,2023-06-14,2023-08-14,canceled
6029,4392,1,2024-03-19,2024-04-19,canceled
6030,4393,1,2024-05-15,2024-07-15,canceled
6031,4394,3,2022-08-23,2024-01-23,superseded
6032,4394,4,2024-01-23,2024-07-23,canceled
6033,4395,1,2024-11-22,,active
6034,4396,2,2024-09-14,2024-11-14,canceled
6035,4397,1,2023-10-23,2023-12-23,canceled
6036,4398,2,2022-12-10,2023-02-10,superseded
6037,4398,4,2023-02-10,,active
6038,4399,1,2023-06-26,2023-08-26,canceled
6039,4400,1,2023-03-30,2023-05-30,canceled
6040,4401,2,2023-03-26,2023-04-26,canceled
6041,4401,3,2024-01-26,2024-03-26,canceled
6042,4402,3,2024-03-29,,active
6043,4403,1,2023-08-29,2023-11-29,canceled
6044,4404,2,2023-11-11,2024-06-11,superseded
6045,4404,4,2024-06-11,,active
6046,4405,7,2024-12-11,,active
6047,4406,1,2024-06-14,2024-11-14,canceled
6048,4407,1,2024-11-10,2024-12-10,canceled
6049,4408,5,2023-04-13,2023-09-13,superseded
6050,4408,6,2023-09-13,,active
6051,4409,3,2023-11-16,2024-01-16,canceled
6052,4410,6,2024-03-14,,active
6053,4411,4,2022-12-31,2023-03-28,superseded
6054,4411,7,2023-03-28,2023-07-28,superseded
6055,4411,4,2023-07-28,2024-01-28,canceled
6056,4412,1,2022-01-05,2022-05-05,canceled
6057,4412,1,2023-02-05,2023-11-05,canceled
6058,4413,1,2024-06-06,,active
6059,4414,3,2024-05-03,,active
6060,4415,6,2024-01-18,2024-03-18,superseded
6061,4415,8,2024-03-18,2024-11-18,superseded
6062,4415,6,2024-11-18,,active
6063,4416,4,2024-02-27,,active
6064,4417,1,2024-01-27,2024-02-27,canceled
6065,4418,3,2022-04-02,2022-10-02,canceled
6066,4419,1,2023-10-08,2023-12-08,canceled
6067,4419,1,2024-04-08,2024-06-08,canceled
6068,4420,3,2023-06-18,2024-09-18,canceled
6069,4421,3,2023-02-16,,active
6070,4422,1,2024-11-06,,active
6071,4423,1,2024-04-11,2024-12-11,canceled
6072,4424,1,2024-07-09,2024-12-09,canceled
6073,4425,1,2023-10-31,2024-09-29,canceled
6074,4426,1,2023-12-27,2024-01-27,superseded
6075,4426,2,2024-01-27,2024-02-27,superseded
6076,4426,1,2024-02-27,2024-03-27,canceled
6077,4427,4,2023-08-29,2024-05-29,canceled
6078,4428,2,2023-02-02,2023-06-02,canceled
6079,4428,1,2024-11-02,,active
6080,4429,2,2023-06-04,2024-10-04,canceled
6081,4430,1,2024-08-07,2024-10-07,canceled
6082,4431,8,2024-06-30,,active
6083,4432,1,2024-03-27,2024-05-27,canceled
6084,4433,3,2024-02-19,2024-09-19,canceled
6085,4434,5,2024-11-14,2024-12-14,superseded
6086,4434,6,2024-12-14,,active
6087,4435,2,2022-11-26,2024-02-26,superseded
6088,4435,1,2024-02-26,2024-03-26,canceled
6089,4436,1,2023-09-10,2024-12-10,canceled
6090,4437,1,2023-11-06,2024-08-06,superseded
6091,4437,2,2024-08-06,2024-09-06,canceled
6092,4438,2,2024-08-26,,active
6093,4439,6,2024-12-18,,active
6094,4440,2,2023-08-24,2023-09-24,superseded
6095,4440,5,2023-09-24,,active
6096,4441,3,2024-10-08,,active
6097,4442,2,2024-09-01,2024-11-01,canceled
6098,4443,3,2023-08-26,2024-02-26,canceled
6099,4444,2,2023-12-04,2024-04-04,canceled
6100,4445,2,2024-01-28,2024-04-28,canceled
6101,4446,6,2024-12-15,,active
6102,4447,1,2023-06-29,2023-07-29,canceled
6103,4447,1,2023-10-29,2024-02-29,canceled
6104,4448,1,2024-08-24,2024-12-24,superseded
6105,4448,2,2024-12-24,,active
6106,4449,5,2023-10-11,2024-09-11,superseded
6107,4449,2,2024-09-11,2024-11-11,canceled
6108,4450,4,2024-07-17,2024-08-17,superseded
6109,4450,3,2024-08-17,,active
6110,4451,1,2024-01-25,2024-02-25,superseded
6111,4451,3,2024-02-25,2024-08-25,canceled
6112,4452,2,2024-04-24,2024-11-24,superseded
6113,4452,1,2024-11-24,,active
6114,4453,1,2024-09-06,,active
6115,4454,5,2024-09-16,,active
6116,4455,1,2024-10-17,2024-12-17,canceled
6117,4456,1,2022-10-22,2022-11-22,canceled
6118,4456,2,2024-01-22,,active
6119,4457,1,2024-06-12,,active
6120,4458,2,2023-04-18,2024-06-18,canceled
6121,4459,2,2024-01-25,2024-12-25,superseded
6122,4459,1,2024-12-25,,active
6123,4460,1,2024-03-01,2024-12-01,canceled
6124,4461,1,2023-12-21,2024-03-21,canceled
6125,4461,2,2024-05-21,,active
6126,4462,2,2024-03-11,,active
6127,4463,1,2024-12-06,,active
6128,4464,7,2023-04-30,2023-05-30,superseded
6129,4464,8,2023-05-30,2024-05-29,superseded
6130,4464,7,2024-05-29,2024-12-29,superseded
6131,4464,8,2024-12-29,,active
6132,4465,4,2024-06-19,,active
6133,4466,2,2023-12-24,2024-07-24,superseded
6134,4466,1,2024-07-24,,active
6135,4467,5,2023-04-16,2024-02-16,canceled
6136,4468,2,2023-05-02,2024-02-02,superseded
6137,4468,5,2024-02-02,2024-03-02,canceled
6138,4468,4,2024-12-02,,active
6139,4469,4,2024-11-14,,active
6140,4470,2,2024-10-16,,active
6141,4471,1,2024-10-02,,active
6142,4472,7,2024-12-06,,active
6143,4473,4,2023-07-15,,active
6144,4474,1,2023-11-04,2024-11-04,canceled
6145,4475,4,2024-06-04,,active
6146,4476,1,2024-02-02,2024-05-02,superseded
6147,4476,3,2024-05-02,,active
6148,4477,3,2024-01-24,2024-03-24,superseded
6149,4477,1,2024-03-24,2024-05-24,superseded
6150,4477,2,2024-05-24,,active
6151,4478,7,2023-11-15,2024-10-15,superseded
6152,4478,8,2024-10-15,,active
6153,4479,4,2024-04-24,,active
6154,4480,1,2024-04-13,2024-09-13,canceled
6155,4480,6,2024-11-13,,active
6156,4481,3,2023-05-15,2023-06-15,superseded
6157,4481,1,2023-06-15,2024-10-15,canceled
6158,4482,2,2024-02-17,2024-07-17,superseded
6159,4482,1,2024-07-17,,active
6160,4483,4,2024-03-04,,active
6161,4484,6,2024-04-13,2024-11-13,superseded
6162,4484,4,2024-11-13,,active
6163,4485,5,2023-07-01,,active
6164,4486,1,2024-07-20,2024-12-20,canceled
6165,4487,6,2022-04-19,2022-05-19,superseded
6166,4487,8,2022-05-19,2024-11-19,superseded
6167,4487,6,2024-11-19,,active
6168,4488,1,2023-11-12,2024-09-12,canceled
6169,4489,5,2024-08-24,2024-10-24,superseded
6170,4489,6,2024-10-24,2024-12-24,superseded
6171,4489,8,2024-12-24,,active
6172,4490,2,2024-03-23,2024-04-23,superseded
6173,4490,4,2024-04-23,,active
6174,4491,2,2023-09-23,2024-03-23,canceled
6175,4492,6,2024-06-08,,active
6176,4493,1,2024-03-14,2024-04-14,canceled
6177,4494,6,2024-08-13,,active
6178,4495,6,2024-07-01,,active
6179,4496,1,2024-04-05,2024-10-05,canceled
6180,4497,4,2024-02-14,2024-04-14,superseded
6181,4497,2,2024-04-14,2024-11-14,superseded
6182,4497,5,2024-11-14,,active
6183,4498,1,2023-04-18,2023-05-18,superseded
6184,4498,2,2023-05-18,,active
6185,4499,5,2023-09-02,2023-10-02,superseded
6186,4499,6,2023-10-02,2024-03-02,canceled
6187,4500,1,2024-01-14,2024-06-14,canceled
6188,4501,3,2024-04-05,,active
6189,4502,1,2024-02-04,,active
6190,4503,1,2023-09-27,2023-10-27,canceled
6191,4503,2,2024-04-27,2024-06-27,canceled
6192,4504,5,2022-01-23,2022-05-23,superseded
6193,4504,7,2022-05-23,2023-01-23,superseded
6194,4504,8,2023-01-23,2023-02-23,superseded
6195,4504,6,2023-02-23,2024-08-23,superseded
6196,4504,4,2024-08-23,,active
6197,4505,2,2024-02-04,,active
6198,4506,1,2023-09-16,2023-12-16,canceled
6199,4507,2,2024-07-14,,active
6200,4508,8,2022-04-15,2022-08-15,canceled
6201,4509,3,2024-04-10,,active
6202,4510,5,2024-11-16,,active
6203,4511,1,2023-06-15,2023-12-15,canceled
6204,4512,6,2024-02-25,2024-03-25,superseded
6205,4512,4,2024-03-25,,active
6206,4513,3,2023-01-07,2023-02-07,canceled
6207,4514,6,2024-05-18,,active
6208,4515,5,2024-03-31,2024-11-30,superseded
6209,4515,6,2024-11-30,,active
6210,4516,1,2023-12-18,2024-02-18,canceled
6211,4517,5,2024-03-12,,active
6212,4518,1,2024-10-24,2024-12-24,canceled
6213,4519,1,2023-07-03,2023-08-03,superseded
6214,4519,3,2023-08-03,2024-09-03,superseded
6215,4519,1,2024-09-03,,active
6216,4520,2,2022-04-08,2022-05-08,canceled
6217,4520,1,2023-08-08,2023-09-08,canceled
6218,4521,1,2024-09-02,,active
6219,4522,5,2024-04-09,,active
6220,4523,2,2024-10-04,,active
6221,4524,4,2024-04-06,2024-07-06,canceled
6222,4525,1,2024-09-15,,active
6223,4526,3,2024-01-01,2024-02-01,canceled
6224,4526,1,2024-06-01,2024-08-01,canceled
6225,4527,2,2024-07-22,,active
6226,4528,1,2024-10-06,,active
6227,4529,3,2024-04-09,2024-05-09,canceled
6228,4530,5,2023-06-05,2024-06-05,canceled
6229,4531,1,2023-09-27,2024-03-27,canceled
6230,4532,6,2023-07-02,,active
6231,4533,2,2023-08-10,2024-05-10,canceled
6232,4534,2,2023-10-03,2024-05-03,superseded
6233,4534,1,2024-05-03,,active
6234,4535,2,2024-03-22,2024-05-22,canceled
6235,4536,1,2024-04-24,2024-06-24,canceled
6236,4537,3,2024-01-31,2024-10-29,canceled
6237,4538,1,2024-04-23,2024-06-23,canceled
6238,4539,8,2022-12-01,2023-03-01,superseded
6239,4539,7,2023-03-01,,active
6240,4540,6,2023-01-11,2024-09-11,superseded
6241,4540,4,2024-09-11,,active
6242,4541,8,2023-06-17,,active
6243,4542,1,2024-03-20,,active
6244,4543,1,2023-07-20,2024-03-20,canceled
6245,4544,2,2023-09-03,2024-04-03,canceled
6246,4545,8,2023-12-27,,active
6247,4546,5,2024-09-04,2024-11-04,canceled
6248,4547,6,2022-03-07,2023-06-07,canceled
6249,4548,1,2024-05-19,2024-08-19,canceled
6250,4549,4,2024-06-11,,active
6251,4550,5,2024-08-17,2024-11-17,canceled
6252,4551,3,2024-11-30,,active
6253,4552,2,2022-04-03,,active
6254,4553,5,2023-05-14,2023-06-14,canceled
6255,4554,6,2024-10-07,,active
6256,4555,6,2024-01-18,,active
6257,4556,3,2024-03-27,,active
6258,4557,3,2024-05-26,,active
6259,4558,4,2024-06-29,,active
6260,4559,2,2024-11-08,,active
6261,4560,5,2024-12-17,,active
6262,4561,5,2024-07-15,,active
6263,4562,5,2023-09-15,,active
6264,4563,1,2024-10-21,,active
6265,4564,2,2022-09-01,2023-04-01,superseded
6266,4564,5,2023-04-01,2024-08-01,canceled
6267,4565,2,2023-08-30,2023-12-30,superseded
6268,4565,5,2023-12-30,2024-06-29,canceled
6269,4566,1,2024-10-06,,active
6270,4567,1,2023-09-12,2024-02-12,canceled
6271,4568,6,2023-08-15,2024-07-15,canceled
6272,4569,4,2023-04-18,2024-09-18,superseded
6273,4569,6,2024-09-18,2024-12-18,canceled
6274,4570,5,2024-09-02,,active
6275,4571,1,2024-02-27,2024-10-27,canceled
6276,4571,1,2024-12-27,,active
6277,4572,3,2024-06-03,2024-07-03,canceled
6278,4573,6,2023-08-22,2024-04-22,superseded
6279,4573,8,2024-04-22,,active
6280,4574,1,2024-08-22,2024-12-22,canceled
6281,4575,7,2024-08-22,,active
6282,4576,2,2023-10-24,2024-06-24,superseded
6283,4576,4,2024-06-24,2024-08-24,canceled
6284,4576,1,2024-10-24,,active
6285,4577,6,2024-01-30,2024-07-29,superseded
6286,4577,8,2024-07-29,,active
6287,4578,2,2023-07-02,,active
6288,4579,2,2024-12-29,,active
6289,4580,4,2024-05-12,,active
6290,4581,2,2024-11-08,,active
6291,4582,1,2023-10-23,2024-03-23,canceled
6292,4583,1,2024-08-12,,active
6293,4584,1,2024-08-28,,active
6294,4585,3,2024-06-10,2024-10-10,superseded
6295,4585,4,2024-10-10,,active
6296,4586,1,2024-11-23,2024-12-23,superseded
6297,4586,3,2024-12-23,,active
6298,4587,1,2023-12-18,,active
6299,4588,1,2023-04-01,2023-08-01,canceled
6300,4589,2,2024-06-15,2024-11-15,canceled
6301,4590,8,2024-07-05,,active
6302,4591,1,2024-04-08,,active
6303,4592,1,2023-07-05,2024-01-05,canceled
6304,4593,1,2024-02-25,2024-07-25,canceled
6305,4594,1,2023-10-17,2024-02-17,canceled
6306,4595,1,2024-01-09,2024-02-09,canceled
6307,4596,1,2024-05-17,2024-06-17,canceled
6308,4597,4,2024-07-20,,active
6309,4598,3,2023-08-27,2024-04-27,canceled
6310,4599,7,2023-12-08,,active
6311,4600,2,2023-09-27,,active
6312,4601,2,2023-07-14,2023-10-14,canceled
6313,4601,1,2024-01-14,2024-03-14,canceled
6314,4602,1,2024-08-29,,active
6315,4603,1,2024-10-30,,active
6316,4604,1,2023-11-11,2024-01-11,canceled
6317,4605,1,2024-07-12,2024-10-12,canceled
6318,4606,2,2024-10-05,,active
6319,4607,1,2024-09-21,2024-10-21,canceled
6320,4608,1,2023-06-01,2023-12-01,canceled
6321,4609,4,2024-11-16,,active
6322,4610,3,2023-11-24,2024-10-24,canceled
6323,4611,3,2023-10-20,2023-12-20,superseded
6324,4611,4,2023-12-20,,active
6325,4612,1,2022-10-18,2024-06-18,canceled
6326,4613,2,2024-02-13,2024-05-13,canceled
6327,4614,1,2023-02-03,2023-10-03,canceled
6328,4615,5,2023-08-04,2023-11-04,canceled
6329,4615,1,2024-07-04,,active
6330,4616,3,2023-10-30,2024-01-30,canceled
6331,4617,2,2024-09-14,,active
6332,4618,3,2024-10-08,,active
6333,4619,1,2023-10-18,2023-12-18,canceled
6334,4619,2,2024-02-18,,active
6335,4620,4,2024-09-10,2024-11-10,canceled
6336,4621,2,2024-09-19,,active
6337,4622,2,2024-08-04,2024-10-04,superseded
6338,4622,5,2024-10-04,,active
6339,4623,1,2023-05-06,2023-09-06,superseded
6340,4623,2,2023-09-06,2023-10-06,superseded
6341,4623,4,2023-10-06,2024-08-06,superseded
6342,4623,6,2024-08-06,,active
6343,4624,7,2024-06-12,,active
6344,4625,4,2024-11-02,,active
6345,4626,1,2024-06-22,,active
6346,4627,1,2023-10-25,2023-11-25,superseded
6347,4627,2,2023-11-25,2023-12-25,superseded
6348,4627,4,2023-12-25,,active
6349,4628,2,2024-02-11,,active
6350,4629,3,2024-05-04,2024-07-04,superseded
6351,4629,1,2024-07-04,,active
6352,4630,1,2024-02-02,2024-10-02,canceled
6353,4631,1,2023-03-21,2023-06-21,canceled
6354,4632,1,2023-10-17,2024-01-17,canceled
6355,4633,1,2024-08-30,2024-09-30,canceled
6356,4634,1,2024-09-26,,active
6357,4635,1,2023-04-14,2023-07-14,canceled
6358,4636,4,2024-11-09,,active
6359,4637,5,2023-10-11,2024-10-11,superseded
6360,4637,7,2024-10-11,2024-11-11,superseded
6361,4637,8,2024-11-11,,active
6362,4638,1,2024-05-11,2024-11-11,canceled
6363,4639,1,2024-07-31,2024-10-30,canceled
6364,4640,1,2024-09-26,,active
6365,4641,2,2024-11-08,,active
6366,4642,3,2023-10-29,2023-12-29,superseded
6367,4642,1,2023-12-29,2024-10-29,canceled
6368,4643,4,2024-09-25,,active
6369,4644,8,2023-04-13,2023-05-13,superseded
6370,4644,6,2023-05-13,2024-02-13,canceled
6371,4644,2,2024-04-13,2024-08-13,superseded
6372,4644,1,2024-08-13,2024-12-13,superseded
6373,4644,2,2024-12-13,,active
6374,4645,3,2024-06-30,,active
6375,4646,3,2024-07-06,2024-12-06,canceled
6376,4647,1,2024-06-06,2024-11-06,canceled
6377,4648,1,2023-09-29,2024-03-29,canceled
6378,4649,1,2024-10-05,,active
6379,4650,1,2023-05-04,2024-01-04,canceled
6380,4651,3,2022-09-03,2022-12-03,canceled
6381,4651,4,2023-02-03,2023-03-03,superseded
6382,4651,7,2023-03-03,2023-05-03,canceled
6383,4651,1,2023-11-03,2024-04-03,canceled
6384,4652,1,2024-07-31,2024-09-30,canceled
6385,4653,2,2024-02-02,,active
6386,4654,2,2024-09-04,,active
6387,4655,1,2023-12-23,2024-08-23,canceled
6388,4656,2,2023-05-03,2023-11-03,canceled
6389,4657,1,2024-09-15,,active
6390,4658,1,2024-03-09,,active
6391,4659,2,2023-06-09,,active
6392,4660,2,2024-07-05,2024-08-05,canceled
6393,4661,2,2024-02-17,,active
6394,4662,1,2024-04-11,2024-11-11,canceled
6395,4663,1,2024-01-13,2024-09-13,canceled
6396,4664,1,2024-09-12,2024-10-12,canceled
6397,4665,1,2024-09-09,,active
6398,4666,1,2024-06-22,,active
6399,4667,3,2023-02-09,2023-08-09,superseded
6400,4667,4,2023-08-09,2024-06-09,superseded
6401,4667,7,2024-06-09,2024-08-09,superseded
6402,4667,4,2024-08-09,,active
6403,4668,1,2024-09-02,,active
6404,4669,3,2024-06-21,,active
6405,4670,2,2024-06-05,,active
6406,4671,1,2023-11-05,2024-04-05,canceled
6407,4672,3,2024-10-15,,active
6408,4673,1,2024-07-24,2024-10-24,canceled
6409,4674,1,2023-03-27,2024-06-27,canceled
6410,4674,2,2024-11-27,,active
6411,4675,1,2023-12-13,2024-06-13,canceled
6412,4676,2,2024-10-21,,active
6413,4677,7,2022-08-07,2024-01-07,canceled
6414,4678,2,2024-11-06,,active
6415,4679,4,2024-06-01,,active
6416,4680,3,2024-05-20,2024-11-20,canceled
6417,4681,1,2023-09-09,2024-02-09,canceled
6418,4682,3,2023-08-20,2023-09-20,superseded
6419,4682,5,2023-09-20,2024-05-20,superseded
6420,4682,6,2024-05-20,,active
6421,4683,1,2024-11-18,2024-12-18,canceled
6422,4684,1,2023-10-08,2024-09-08,canceled
6423,4685,2,2024-08-02,,active
6424,4686,2,2023-12-24,2024-02-24,superseded
6425,4686,1,2024-02-24,2024-10-24,canceled
6426,4687,1,2023-04-15,2023-11-15,superseded
6427,4687,2,2023-11-15,,active
6428,4688,2,2022-02-27,2022-04-27,canceled
6429,4688,1,2024-11-27,,active
6430,4689,4,2024-03-09,,active
6431,4690,3,2024-12-14,,active
6432,4691,2,2023-11-29,2024-07-29,superseded
6433,4691,4,2024-07-29,,active
6434,4692,2,2023-11-07,2024-04-07,canceled
6435,4693,2,2023-11-21,2024-10-21,canceled
6436,4694,4,2024-03-22,2024-06-22,superseded
6437,4694,2,2024-06-22,2024-12-22,superseded
6438,4694,4,2024-12-22,,active
6439,4695,1,2024-01-18,2024-07-18,superseded
6440,4695,2,2024-07-18,,active
6441,4696,4,2024-10-28,,active
6442,4697,1,2024-02-19,2024-05-19,canceled
6443,4698,7,2024-02-05,2024-08-05,superseded
6444,4698,4,2024-08-05,,active
6445,4699,4,2023-04-10,2023-07-10,canceled
6446,4700,1,2024-12-05,,active
6447,4701,1,2023-08-22,2024-02-22,canceled
6448,4702,1,2022-11-03,2022-12-03,superseded
6449,4702,2,2022-12-03,2023-10-03,canceled
6450,4702,1,2024-12-03,,active
6451,4703,6,2024-05-31,,active
6452,4704,1,2024-04-29,,active
6453,4705,5,2024-01-15,2024-09-15,superseded
6454,4705,3,2024-09-15,,active
6455,4706,6,2024-01-04,,active
6456,4707,6,2024-08-18,,active
6457,4708,3,2023-07-31,2023-11-30,canceled
6458,4708,2,2023-12-30,2024-08-29,canceled
6459,4709,4,2024-09-28,2024-10-28,canceled
6460,4710,1,2024-05-30,,active
6461,4711,2,2024-01-04,2024-04-04,canceled
6462,4712,2,2024-01-01,,active
6463,4713,4,2023-09-13,2024-09-13,superseded
6464,4713,3,2024-09-13,2024-12-13,superseded
6465,4713,4,2024-12-13,,active
6466,4714,8,2024-07-21,,active
6467,4715,6,2024-02-22,,active
6468,4716,7,2023-10-03,,active
6469,4717,1,2024-04-03,,active
6470,4718,1,2024-12-18,,active
6471,4719,5,2024-01-31,2024-04-29,canceled
6472,4720,6,2024-11-16,,active
6473,4721,7,2023-11-18,,active
6474,4722,1,2022-09-28,2022-12-28,canceled
6475,4722,1,2023-01-28,2023-02-28,superseded
6476,4722,2,2023-02-28,2024-01-28,canceled
6477,4723,1,2023-07-04,2023-10-04,canceled
6478,4723,1,2023-12-04,2024-07-04,canceled
6479,4724,1,2024-01-01,2024-07-01,superseded
6480,4724,2,2024-07-01,,active
6481,4725,2,2023-08-01,2024-02-01,canceled
6482,4726,2,2022-01-31,2022-02-28,superseded
6483,4726,5,2022-02-28,2022-08-28,canceled
6484,4727,4,2024-10-11,,active
6485,4728,4,2024-09-29,,active
6486,4729,4,2024-07-01,,active
6487,4730,3,2023-05-28,2024-09-28,canceled
6488,4731,2,2023-03-31,2023-07-30,superseded
6489,4731,1,2023-07-30,2023-12-30,canceled
6490,4732,1,2022-11-18,2023-01-18,canceled
6491,4732,1,2023-03-18,2023-09-18,superseded
6492,4732,2,2023-09-18,2024-11-18,canceled
6493,4732,1,2024-12-18,,active
6494,4733,4,2024-07-30,2024-09-30,canceled
6495,4734,1,2024-11-17,,active
6496,4735,6,2024-01-07,2024-07-07,canceled
6497,4736,2,2023-03-05,2023-11-05,canceled
6498,4737,8,2024-02-13,,active
6499,4738,2,2023-11-17,2024-08-17,canceled
6500,4739,2,2023-11-29,,active
6501,4740,1,2024-05-22,2024-10-22,canceled
6502,4741,5,2024-07-12,,active
6503,4742,6,2023-03-12,2024-05-12,canceled
6504,4743,2,2022-06-13,2022-08-13,canceled
6505,4743,2,2022-12-13,2023-01-13,superseded
6506,4743,1,2023-01-13,2023-02-13,canceled
6507,4744,2,2024-12-31,,active
6508,4745,1,2023-08-12,2024-06-12,canceled
6509,4746,1,2022-09-18,2022-10-18,superseded
6510,4746,3,2022-10-18,2022-11-18,canceled
6511,4747,1,2023-06-03,2024-07-03,canceled
6512,4748,8,2022-07-29,2024-02-28,superseded
6513,4748,6,2024-02-28,2024-05-28,superseded
6514,4748,8,2024-05-28,2024-06-28,superseded
6515,4748,6,2024-06-28,,active
6516,4749,1,2023-12-26,,active
6517,4750,1,2024-08-31,,active
6518,4751,5,2023-11-03,2023-12-03,canceled
6519,4752,1,2024-01-20,2024-05-20,canceled
6520,4752,2,2024-12-20,,active
6521,4753,4,2024-06-26,,active
6522,4754,1,2024-02-20,2024-10-20,canceled
6523,4755,6,2024-09-09,,active
6524,4756,1,2024-10-11,,active
6525,4757,4,2022-02-23,2022-11-23,superseded
6526,4757,6,2022-11-23,2023-04-23,superseded
6527,4757,4,2023-04-23,2023-10-23,superseded
6528,4757,7,2023-10-23,2024-03-23,superseded
6529,4757,8,2024-03-23,,active
6530,4758,1,2024-08-24,2024-10-24,canceled
6531,4759,2,2024-01-18,,active
6532,4760,1,2024-12-27,,active
6533,4761,3,2024-02-01,2024-04-01,canceled
6534,4761,3,2024-05-01,,active
6535,4762,1,2024-12-12,,active
6536,4763,2,2024-07-31,,active
6537,4764,1,2023-08-30,2023-10-30,canceled
6538,4765,2,2024-03-02,,active
6539,4766,1,2024-12-28,,active
6540,4767,1,2024-09-30,,active
6541,4768,1,2023-02-26,2023-04-26,canceled
6542,4768,4,2024-09-26,,active
6543,4769,1,2024-06-21,2024-09-21,canceled
6544,4770,2,2023-11-23,2024-02-23,superseded
6545,4770,1,2024-02-23,,active
6546,4771,1,2022-01-14,2022-04-14,canceled
6547,4771,1,2024-08-14,,active
6548,4772,2,2023-12-30,2024-01-30,superseded
6549,4772,1,2024-01-30,2024-09-29,superseded
6550,4772,3,2024-09-29,,active
6551,4773,5,2023-08-02,,active
6552,4774,2,2024-09-25,2024-11-25,canceled
6553,4775,3,2023-10-01,2024-05-01,superseded
6554,4775,5,2024-05-01,,active
6555,4776,1,2024-09-04,,active
6556,4777,6,2022-01-14,2022-12-14,superseded
6557,4777,8,2022-12-14,2024-01-14,superseded
6558,4777,6,2024-01-14,2024-12-14,superseded
6559,4777,8,2024-12-14,,active
6560,4778,1,2023-10-08,2023-11-08,canceled
6561,4778,2,2024-01-08,,active
6562,4779,1,2023-08-27,2023-09-27,canceled
6563,4780,3,2023-08-03,2024-03-03,canceled
6564,4780,1,2024-09-03,2024-10-03,superseded
6565,4780,2,2024-10-03,,active
6566,4781,2,2022-11-01,2024-08-01,superseded
6567,4781,5,2024-08-01,2024-12-01,superseded
6568,4781,6,2024-12-01,,active
6569,4782,2,2023-06-21,2023-12-21,canceled
6570,4783,4,2024-03-18,,active
6571,4784,6,2023-09-21,2023-10-21,superseded
6572,4784,8,2023-10-21,2023-12-21,superseded
6573,4784,6,2023-12-21,2024-05-21,superseded
6574,4784,4,2024-05-21,2024-06-21,superseded
6575,4784,2,2024-06-21,,active
6576,4785,1,2024-01-19,2024-07-19,superseded
6577,4785,2,2024-07-19,2024-12-19,canceled
6578,4786,5,2023-11-12,,active
6579,4787,1,2024-10-25,,active
6580,4788,7,2024-10-20,,active
6581,4789,6,2024-02-16,2024-11-16,superseded
6582,4789,8,2024-11-16,,active
6583,4790,2,2023-10-07,2024-09-07,canceled
6584,4791,1,2023-02-09,2023-10-09,canceled
6585,4792,4,2024-11-22,,active
6586,4793,1,2022-10-15,2023-01-15,canceled
6587,4793,4,2023-02-15,2023-03-15,superseded
6588,4793,2,2023-03-15,2023-05-15,superseded
6589,4793,1,2023-05-15,2023-10-15,canceled
6590,4794,1,2023-10-26,,active
6591,4795,1,2023-10-29,2024-01-29,canceled
6592,4796,1,2023-10-14,2024-02-14,canceled
6593,4797,2,2023-05-18,2023-06-18,superseded
6594,4797,5,2023-06-18,2024-04-18,canceled
6595,4798,2,2024-08-19,2024-12-19,canceled
6596,4799,1,2023-03-29,2023-12-29,canceled
6597,4799,4,2024-05-29,,active
6598,4800,6,2024-05-10,,active
6599,4801,2,2023-03-30,2023-10-30,superseded
6600,4801,4,2023-10-30,2024-06-29,canceled
6601,4802,1,2022-11-10,2023-12-10,canceled
6602,4802,3,2024-08-10,2024-09-10,canceled
6603,4803,1,2024-10-11,2024-12-11,superseded
6604,4803,2,2024-12-11,,active
6605,4804,1,2023-06-23,2024-03-23,canceled
6606,4805,2,2024-09-12,,active
6607,4806,1,2024-03-19,,active
6608,4807,2,2022-12-18,2023-01-18,superseded
6609,4807,5,2023-01-18,2023-02-18,superseded
6610,4807,6,2023-02-18,,active
6611,4808,1,2024-11-02,,active
6612,4809,2,2023-08-22,2023-09-22,canceled
6613,4810,1,2024-09-03,,active
6614,4811,5,2023-05-13,2023-10-13,canceled
6615,4812,1,2024-09-11,,active
6616,4813,1,2022-02-13,2022-09-13,canceled
6617,4814,3,2024-02-01,2024-03-01,superseded
6618,4814,1,2024-03-01,2024-04-01,superseded
6619,4814,2,2024-04-01,2024-08-01,canceled
6620,4815,1,2024-08-11,2024-11-11,canceled
6621,4816,2,2024-11-03,,active
6622,4817,1,2024-10-22,,active
6623,4818,1,2024-09-26,2024-12-26,canceled
6624,4819,1,2024-10-01,,active
6625,4820,7,2023-07-30,,active
6626,4821,1,2023-09-28,2024-11-28,superseded
6627,4821,2,2024-11-28,,active
6628,4822,4,2023-09-26,,active
6629,4823,1,2023-11-21,2024-10-21,canceled
6630,4824,1,2023-12-02,2024-04-02,canceled
6631,4825,4,2024-03-23,2024-05-23,canceled
6632,4826,3,2023-05-02,2023-09-02,canceled
6633,4826,6,2023-12-02,2024-10-02,superseded
6634,4826,4,2024-10-02,,active
6635,4827,1,2024-06-12,2024-07-12,canceled
6636,4828,1,2023-05-27,2024-03-27,superseded
6637,4828,2,2024-03-27,2024-07-27,canceled
6638,4828,1,2024-12-27,,active
6639,4829,1,2023-10-31,2024-10-29,superseded
6640,4829,2,2024-10-29,,active
6641,4830,1,2024-02-24,2024-04-24,canceled
6642,4831,4,2024-08-01,,active
6643,4832,5,2024-07-07,,active
6644,4833,1,2024-05-25,2024-09-25,canceled
6645,4834,2,2023-05-20,2024-03-20,canceled
6646,4835,6,2024-03-11,,active
6647,4836,1,2023-01-18,2024-04-18,canceled
6648,4837,1,2023-11-12,2024-01-12,canceled
6649,4837,1,2024-03-12,2024-06-12,canceled
6650,4838,4,2024-01-13,,active
6651,4839,1,2022-07-19,2023-04-19,canceled
6652,4839,4,2023-12-19,2024-06-19,superseded
6653,4839,6,2024-06-19,,active
6654,4840,3,2023-09-19,2024-05-19,canceled
6655,4841,5,2024-11-02,,active
6656,4842,6,2024-11-09,,active
6657,4843,2,2023-11-16,2023-12-16,superseded
6658,4843,1,2023-12-16,2024-01-16,canceled
6659,4844,1,2022-08-29,2023-08-28,canceled
6660,4844,4,2024-01-28,2024-11-28,canceled
6661,4845,1,2023-06-10,2023-07-10,canceled
6662,4846,1,2023-12-28,2024-05-28,canceled
6663,4847,6,2024-11-13,,active
6664,4848,2,2023-04-01,2023-08-01,superseded
6665,4848,4,2023-08-01,,active
6666,4849,4,2024-08-03,2024-10-03,superseded
6667,4849,7,2024-10-03,,active
6668,4850,1,2023-02-05,2023-04-05,superseded
6669,4850,3,2023-04-05,2023-07-05,canceled
6670,4851,2,2024-12-18,,active
6671,4852,6,2023-11-22,2024-11-22,canceled
6672,4853,6,2024-08-26,,active
6673,4854,1,2023-11-01,2024-04-01,superseded
6674,4854,2,2024-04-01,2024-06-01,canceled
6675,4855,2,2024-05-29,,active
6676,4856,1,2023-06-08,2024-11-08,canceled
6677,4857,6,2023-04-30,2023-12-30,canceled
6678,4857,5,2024-05-29,,active
6679,4858,1,2024-11-29,,active
6680,4859,1,2024-10-08,,active
6681,4860,1,2024-10-29,,active
6682,4861,3,2024-05-15,,active
6683,4862,2,2024-09-26,2024-11-26,superseded
6684,4862,4,2024-11-26,2024-12-26,canceled
6685,4863,1,2022-11-28,2023-03-28,canceled
6686,4864,5,2023-10-25,,active
6687,4865,2,2023-10-31,2024-04-29,canceled
6688,4866,8,2024-05-06,,active
6689,4867,4,2023-11-12,2024-06-12,superseded
6690,4867,6,2024-06-12,2024-08-12,canceled
6691,4867,6,2024-12-12,,active
6692,4868,1,2023-05-15,2023-07-15,canceled
6693,4869,2,2024-04-30,2024-06-30,superseded
6694,4869,4,2024-06-30,,active
6695,4870,1,2024-09-06,2024-12-06,canceled
6696,4871,1,2023-11-07,2024-12-07,canceled
6697,4872,2,2023-04-26,2023-10-26,superseded
6698,4872,4,2023-10-26,,active
6699,4873,2,2023-07-30,2024-08-29,canceled
6700,4874,2,2023-08-30,2024-12-29,canceled
6701,4875,1,2023-10-04,2024-03-04,canceled
6702,4875,2,2024-06-04,2024-10-04,canceled
6703,4876,2,2024-05-07,2024-06-07,canceled
6704,4877,1,2024-04-24,2024-06-24,canceled
6705,4878,1,2024-06-23,2024-10-23,canceled
6706,4879,4,2023-11-13,,active
6707,4880,2,2024-09-25,,active
6708,4881,3,2023-07-26,2024-02-26,canceled
6709,4882,1,2024-02-13,2024-07-13,superseded
6710,4882,2,2024-07-13,2024-08-13,canceled
6711,4883,5,2024-08-16,2024-11-16,canceled
6712,4884,4,2023-06-29,2023-09-29,canceled
6713,4885,1,2023-02-17,2023-03-17,canceled
6714,4885,6,2024-01-17,,active
6715,4886,1,2024-10-01,,active
6716,4887,6,2023-11-18,2024-10-18,superseded
6717,4887,8,2024-10-18,,active
6718,4888,5,2024-06-05,,active
6719,4889,1,2022-04-09,2022-07-09,canceled
6720,4890,3,2024-06-24,,active
6721,4891,1,2023-10-04,2024-05-04,canceled
6722,4892,1,2022-09-19,2024-03-19,canceled
6723,4893,6,2024-04-05,2024-06-05,superseded
6724,4893,8,2024-06-05,,active
6725,4894,4,2023-08-21,,active
6726,4895,3,2023-12-23,2024-01-23,superseded
6727,4895,1,2024-01-23,2024-05-23,canceled
6728,4896,3,2022-12-15,2023-04-15,superseded
6729,4896,1,2023-04-15,2024-01-15,canceled
6730,4897,1,2023-05-29,2023-07-29,canceled
6731,4898,1,2023-10-29,2024-03-29,canceled
6732,4899,1,2023-01-11,2023-03-11,superseded
6733,4899,2,2023-03-11,2023-07-11,superseded
6734,4899,1,2023-07-11,2024-02-11,canceled
6735,4900,1,2024-10-01,2024-11-01,canceled
6736,4901,8,2022-01-26,2022-02-26,superseded
6737,4901,6,2022-02-26,,active
6738,4902,1,2024-02-15,,active
6739,4903,2,2023-03-18,2023-07-18,canceled
6740,4904,2,2023-10-21,2024-03-21,canceled
6741,4905,2,2024-11-29,,active
6742,4906,1,2023-05-10,2023-06-10,canceled
6743,4907,2,2024-11-06,,active
6744,4908,2,2023-07-31,2024-05-29,canceled
6745,4909,3,2024-07-24,2024-08-24,superseded
6746,4909,4,2024-08-24,2024-09-24,canceled
6747,4910,1,2024-03-13,2024-07-13,canceled
6748,4911,1,2024-10-07,,active
6749,4912,2,2024-03-02,2024-09-02,superseded
6750,4912,4,2024-09-02,,active
6751,4913,2,2024-03-27,,active
6752,4914,1,2023-07-31,2024-02-29,canceled
6753,4914,2,2024-04-29,,active
6754,4915,4,2023-05-23,2024-04-23,superseded
6755,4915,6,2024-04-23,,active
6756,4916,2,2024-10-26,,active
6757,4917,1,2023-10-10,2024-05-10,canceled
6758,4918,4,2023-11-02,,active
6759,4919,2,2024-08-22,,active
6760,4920,5,2023-10-19,2023-12-19,canceled
6761,4921,6,2024-11-13,,active
6762,4922,2,2024-07-13,,active
6763,4923,2,2024-04-10,2024-08-10,superseded
6764,4923,4,2024-08-10,,active
6765,4924,3,2024-10-22,,active
6766,4925,2,2022-09-21,2023-01-21,canceled
6767,4925,3,2024-02-21,2024-05-21,canceled
6768,4926,3,2023-09-04,2024-12-04,superseded
6769,4926,4,2024-12-04,,active
6770,4927,4,2024-01-31,2024-03-29,canceled
6771,4928,1,2023-08-20,2023-10-20,canceled
6772,4928,3,2023-11-20,,active
6773,4929,2,2024-07-30,2024-08-30,canceled
6774,4930,7,2024-11-30,,active
6775,4931,8,2024-01-22,,active
6776,4932,6,2023-11-26,2024-06-26,canceled
6777,4933,1,2024-11-10,,active
6778,4934,2,2024-01-12,2024-07-12,superseded
6779,4934,1,2024-07-12,2024-09-12,canceled
6780,4935,1,2024-02-08,,active
6781,4936,1,2023-11-26,2024-05-26,canceled
6782,4936,1,2024-11-26,,active
6783,4937,1,2024-10-12,,active
6784,4938,8,2024-04-12,,active
6785,4939,4,2024-08-25,2024-12-25,superseded
6786,4939,6,2024-12-25,,active
6787,4940,2,2024-09-09,,active
6788,4941,2,2023-11-23,2024-02-23,superseded
6789,4941,1,2024-02-23,2024-08-23,canceled
6790,4941,1,2024-11-23,,active
6791,4942,5,2024-01-25,2024-02-25,superseded
6792,4942,6,2024-02-25,,active
6793,4943,2,2024-09-07,,active
6794,4944,4,2023-11-16,2024-09-16,superseded
6795,4944,2,2024-09-16,2024-10-16,canceled
6796,4945,2,2024-08-24,,active
6797,4946,1,2024-11-03,,active
6798,4947,1,2024-05-06,2024-06-06,canceled
6799,4948,6,2024-07-30,,active
6800,4949,2,2024-09-20,,active
6801,4950,1,2024-09-11,,active
6802,4951,3,2023-12-26,2024-08-26,canceled
6803,4952,2,2022-09-28,2022-10-28,canceled
6804,4952,2,2023-03-28,2023-12-28,canceled
6805,4953,5,2023-12-01,,active
6806,4954,1,2024-06-12,,active
6807,4955,6,2024-01-06,2024-06-06,canceled
6808,4956,1,2024-07-22,2024-12-22,canceled
6809,4957,5,2023-11-08,,active
6810,4958,1,2024-05-04,,active
6811,4959,1,2023-06-23,2023-09-23,superseded
6812,4959,3,2023-09-23,,active
6813,4960,1,2024-07-22,,active
6814,4961,5,2024-03-22,,active
6815,4962,2,2023-07-24,2024-06-24,superseded
6816,4962,5,2024-06-24,,active
6817,4963,1,2023-09-30,2024-02-29,canceled
6818,4964,2,2024-07-24,2024-11-24,canceled
6819,4965,1,2024-02-09,2024-05-09,canceled
6820,4966,1,2023-07-22,2024-01-22,canceled
6821,4967,1,2024-11-29,,active
6822,4968,2,2024-07-22,2024-12-22,canceled
6823,4969,3,2024-11-16,,active
6824,4970,4,2024-01-30,2024-02-29,superseded
6825,4970,7,2024-02-29,,active
6826,4971,4,2024-02-26,2024-11-26,superseded
6827,4971,6,2024-11-26,,active
6828,4972,2,2024-10-29,,active
6829,4973,3,2024-03-13,2024-09-13,canceled
6830,4974,5,2024-06-01,,active
6831,4975,6,2023-09-02,2023-10-02,superseded
6832,4975,8,2023-10-02,,active
6833,4976,1,2024-01-05,2024-03-05,canceled
6834,4977,4,2023-03-30,2024-04-29,canceled
6835,4978,1,2023-07-02,2024-07-02,canceled
6836,4979,1,2022-01-22,2022-10-22,canceled
6837,4980,7,2022-07-11,2024-06-11,superseded
6838,4980,8,2024-06-11,,active
6839,4981,2,2024-12-14,,active
6840,4982,1,2023-08-23,2024-10-23,canceled
6841,4983,1,2024-05-13,2024-09-13,canceled
6842,4984,2,2024-09-06,2024-10-06,canceled
6843,4985,1,2024-03-20,2024-05-20,superseded
6844,4985,3,2024-05-20,2024-07-20,canceled
6845,4986,3,2023-05-13,2023-07-13,canceled
6846,4987,1,2024-07-06,2024-12-06,canceled
6847,4988,5,2024-04-08,,active
6848,4989,1,2024-07-12,2024-11-12,canceled
6849,4990,1,2024-08-30,,active
6850,4991,4,2024-12-25,,active
6851,4992,2,2024-04-29,,active
6852,4993,1,2023-11-12,,active
6853,4994,1,2024-05-26,2024-12-26,canceled
6854,4995,1,2022-11-08,2023-06-08,superseded
6855,4995,3,2023-06-08,,active
6856,4996,1,2024-10-02,,active
6857,4997,2,2023-03-15,2024-11-15,canceled
6858,4998,2,2023-10-26,2024-02-26,canceled
6859,4999,4,2024-09-27,,active
6860,5000,1,2024-04-16,2024-07-16,superseded
6861,5000,3,2024-07-16,,active
6862,5001,2,2023-12-28,2024-10-28,canceled
6863,5002,3,2024-02-18,2024-08-18,canceled
6864,5002,7,2024-09-18,,active
6865,5003,1,2024-09-03,2024-12-03,canceled
6866,5004,4,2023-11-21,2024-02-21,superseded
6867,5004,6,2024-02-21,,active
6868,5005,1,2024-10-28,,active
6869,5006,1,2023-01-15,2023-05-15,canceled
6870,5007,1,2024-08-31,,active
6871,5008,1,2024-09-06,,active
6872,5009,1,2023-06-25,2023-12-25,superseded
6873,5009,2,2023-12-25,2024-02-25,canceled
6874,5010,3,2024-01-18,2024-06-18,superseded
6875,5010,1,2024-06-18,,active
6876,5011,2,2023-05-23,2024-11-23,canceled
6877,5012,7,2024-06-06,,active
6878,5013,1,2024-03-13,2024-04-13,canceled
6879,5014,1,2024-05-11,2024-07-11,canceled
6880,5015,5,2023-07-08,2024-11-08,superseded
6881,5015,2,2024-11-08,,active
6882,5016,1,2023-07-28,2024-04-28,superseded
6883,5016,3,2024-04-28,2024-08-28,canceled
6884,5017,1,2022-07-18,2023-09-18,canceled
6885,5018,4,2023-10-09,2024-02-09,superseded
6886,5018,2,2024-02-09,2024-03-09,superseded
6887,5018,1,2024-03-09,2024-11-09,canceled
6888,5019,1,2024-03-11,,active
6889,5020,1,2024-09-04,2024-10-04,canceled
6890,5021,1,2024-05-22,2024-09-22,canceled
6891,5022,2,2024-01-22,,active
6892,5023,2,2024-11-08,2024-12-08,superseded
6893,5023,4,2024-12-08,,active
6894,5024,5,2024-07-13,2024-10-13,superseded
6895,5024,6,2024-10-13,,active
6896,5025,1,2024-11-02,,active
6897,5026,2,2024-03-06,,active
6898,5027,2,2023-09-14,2024-12-14,canceled
6899,5028,1,2022-09-25,2023-02-25,canceled
6900,5028,1,2024-02-25,2024-06-25,canceled
6901,5029,2,2024-07-01,,active
6902,5030,1,2023-03-13,2023-11-13,canceled
6903,5031,5,2023-10-18,,active
6904,5032,2,2024-03-26,,active
6905,5033,7,2024-03-14,,active
6906,5034,1,2024-04-28,2024-05-28,canceled
6907,5035,2,2023-05-03,2023-07-03,canceled
6908,5036,1,2023-11-08,2023-12-08,superseded
6909,5036,2,2023-12-08,2024-02-08,canceled
6910,5037,1,2024-04-13,,active
6911,5038,5,2024-12-02,,active
6912,5039,1,2024-07-06,2024-10-06,canceled
6913,5040,4,2024-11-26,,active
6914,5041,3,2024-08-21,,active
6915,5042,1,2024-04-11,2024-11-11,canceled
6916,5043,1,2023-06-16,,active
6917,5044,5,2024-05-21,2024-10-21,superseded
6918,5044,3,2024-10-21,,active
6919,5045,3,2024-05-29,2024-09-29,superseded
6920,5045,4,2024-09-29,,active
6921,5046,2,2024-04-20,,active
6922,5047,1,2024-02-07,2024-04-07,canceled
6923,5047,4,2024-05-07,,active
6924,5048,1,2024-03-19,,active
6925,5049,3,2023-10-02,2024-02-02,superseded
6926,5049,4,2024-02-02,,active
6927,5050,2,2024-03-01,,active
6928,5051,3,2023-07-10,2024-02-10,superseded
6929,5051,4,2024-02-10,,active
6930,5052,3,2024-09-16,2024-10-16,superseded
6931,5052,4,2024-10-16,,active
6932,5053,3,2023-06-18,2024-07-18,canceled
6933,5054,1,2023-01-25,2023-03-25,superseded
6934,5054,2,2023-03-25,2023-11-25,canceled
6935,5054,6,2024-01-25,,active
6936,5055,3,2024-01-19,,active
6937,5056,1,2024-05-14,,active
6938,5057,4,2024-01-23,,active
6939,5058,6,2023-09-01,2024-02-01,superseded
6940,5058,8,2024-02-01,2024-05-01,superseded
6941,5058,6,2024-05-01,,active
6942,5059,1,2024-03-16,2024-04-16,canceled
6943,5060,1,2023-11-09,2024-09-09,canceled
6944,5061,2,2024-11-15,,active
6945,5062,4,2024-11-12,2024-12-12,canceled
6946,5063,1,2024-02-07,2024-03-07,canceled
6947,5064,1,2023-10-01,2024-01-01,canceled
6948,5065,2,2024-07-06,2024-09-06,canceled
6949,5066,1,2022-06-08,2022-12-08,canceled
6950,5067,2,2024-02-17,2024-05-17,canceled
6951,5068,4,2023-10-11,2024-01-11,canceled
6952,5069,4,2024-11-22,,active
6953,5070,6,2022-02-09,2024-03-09,canceled
6954,5071,1,2024-03-08,,active
6955,5072,1,2024-07-29,2024-12-29,canceled
6956,5073,1,2024-02-20,2024-03-20,canceled
6957,5074,1,2023-01-23,2023-04-23,canceled
6958,5075,8,2024-12-10,,active
6959,5076,1,2024-03-09,2024-09-09,canceled
6960,5076,2,2024-10-09,,active
6961,5077,1,2024-04-23,2024-07-23,canceled
6962,5078,2,2023-08-11,,active
6963,5079,2,2024-02-24,2024-07-24,canceled
6964,5080,5,2024-01-18,2024-03-18,superseded
6965,5080,2,2024-03-18,2024-04-18,canceled
6966,5081,2,2022-11-30,2023-02-28,superseded
6967,5081,1,2023-02-28,,active
6968,5082,2,2023-02-01,2023-06-01,superseded
6969,5082,4,2023-06-01,2024-04-01,canceled
6970,5083,2,2024-09-02,2024-12-02,superseded
6971,5083,5,2024-12-02,,active
6972,5084,4,2023-08-02,2024-01-02,canceled
6973,5085,2,2023-07-12,2024-12-12,canceled
6974,5086,4,2024-02-12,,active
6975,5087,1,2024-08-25,2024-09-25,canceled
6976,5088,3,2022-10-09,2023-04-09,canceled
6977,5089,3,2024-04-03,,active
6978,5090,1,2023-03-27,2023-06-27,canceled
6979,5090,5,2024-05-27,2024-11-27,superseded
6980,5090,6,2024-11-27,,active
6981,5091,4,2022-06-04,2024-10-04,superseded
6982,5091,6,2024-10-04,,active
6983,5092,7,2022-09-15,2023-05-15,canceled
6984,5092,6,2023-11-15,2024-10-15,superseded
6985,5092,8,2024-10-15,,active
6986,5093,2,2024-09-23,2024-11-23,canceled
6987,5094,5,2023-03-21,2024-03-21,superseded
6988,5094,2,2024-03-21,2024-05-21,canceled
6989,5095,2,2022-08-31,2022-10-30,canceled
6990,5095,1,2022-11-30,,active
6991,5096,7,2024-01-20,2024-08-20,superseded
6992,5096,8,2024-08-20,,active
6993,5097,1,2024-09-18,,active
6994,5098,2,2023-09-13,2024-03-13,canceled
6995,5099,1,2024-01-18,2024-04-18,canceled
6996,5099,2,2024-08-18,,active
6997,5100,2,2022-07-06,2023-09-06,superseded
6998,5100,5,2023-09-06,,active
6999,5101,2,2024-01-24,2024-09-24,canceled
7000,5102,2,2024-04-15,,active
7001,5103,6,2024-04-04,2024-05-04,superseded
7002,5103,8,2024-05-04,2024-07-04,superseded
7003,5103,6,2024-07-04,,active
7004,5104,1,2023-10-19,,active
7005,5105,6,2023-10-22,,active
7006,5106,3,2023-02-02,2023-04-02,canceled
7007,5106,1,2024-12-02,,active
7008,5107,1,2023-11-11,2023-12-11,canceled
7009,5108,1,2023-02-09,2024-01-09,canceled
7010,5108,2,2024-07-09,,active
7011,5109,2,2024-08-29,2024-09-29,canceled
7012,5110,1,2024-11-16,,active
7013,5111,2,2024-12-07,,active
7014,5112,1,2024-10-02,,active
7015,5113,4,2024-04-12,,active
7016,5114,1,2024-06-20,,active
7017,5115,6,2023-09-15,2023-10-15,superseded
7018,5115,8,2023-10-15,,active
7019,5116,1,2024-05-25,2024-12-25,superseded
7020,5116,3,2024-12-25,,active
7021,5117,1,2024-01-05,2024-04-05,canceled
7022,5117,2,2024-12-05,,active
7023,5118,2,2024-02-05,,active
7024,5119,4,2024-08-07,,active
7025,5120,1,2023-09-09,2024-05-09,canceled
7026,5121,3,2023-10-04,2024-02-04,superseded
7027,5121,4,2024-02-04,2024-05-04,superseded
7028,5121,6,2024-05-04,2024-08-04,canceled
7029,5122,2,2024-11-30,,active
7030,5123,1,2022-09-25,2023-06-25,canceled
7031,5123,1,2024-12-25,,active
7032,5124,4,2024-02-11,2024-08-11,superseded
7033,5124,2,2024-08-11,,active
7034,5125,5,2024-10-21,,active
7035,5126,2,2024-04-06,2024-08-06,canceled
7036,5127,2,2024-03-09,2024-10-09,canceled
7037,5128,4,2023-08-09,2023-10-09,canceled
7038,5129,5,2023-11-05,,active
7039,5130,4,2024-09-26,,active
7040,5131,4,2024-03-25,,active
7041,5132,2,2024-02-06,2024-04-06,superseded
7042,5132,1,2024-04-06,2024-10-06,canceled
7043,5133,5,2023-02-12,,active
7044,5134,2,2022-03-30,2022-11-30,canceled
7045,5134,3,2023-09-28,2024-01-28,superseded
7046,5134,4,2024-01-28,2024-05-28,canceled
7047,5135,6,2024-11-24,,active
7048,5136,8,2023-11-21,,active
7049,5137,1,2024-04-14,,active
7050,5138,2,2022-12-28,2023-02-28,superseded
7051,5138,1,2023-02-28,2023-03-28,canceled
7052,5138,8,2024-08-28,,active
7053,5139,2,2024-06-21,,active
7054,5140,2,2024-11-05,,active
7055,5141,3,2024-04-17,2024-10-17,canceled
7056,5142,6,2023-03-20,,active
7057,5143,4,2024-04-11,2024-08-11,canceled
7058,5144,2,2024-08-09,,active
7059,5145,1,2023-12-08,2024-04-08,canceled
7060,5146,1,2024-10-25,,active
7061,5147,4,2024-05-03,2024-07-03,superseded
7062,5147,6,2024-07-03,,active
7063,5148,2,2024-10-31,2024-11-30,canceled
7064,5149,4,2024-05-23,2024-07-23,superseded
7065,5149,2,2024-07-23,,active
7066,5150,1,2023-04-02,2023-10-02,canceled
7067,5151,2,2023-10-15,2023-12-15,canceled
7068,5152,3,2023-07-23,2023-12-23,canceled
7069,5153,1,2024-10-05,2024-12-05,canceled
7070,5154,6,2024-08-09,,active
7071,5155,2,2024-06-29,2024-08-29,superseded
7072,5155,4,2024-08-29,2024-10-29,superseded
7073,5155,6,2024-10-29,,active
7074,5156,1,2023-10-06,2023-12-06,canceled
7075,5157,6,2023-06-09,,active
7076,5158,1,2024-07-01,2024-11-01,superseded
7077,5158,2,2024-11-01,,active
7078,5159,4,2024-02-13,,active
7079,5160,5,2023-08-09,2023-09-09,superseded
7080,5160,6,2023-09-09,2023-12-09,superseded
7081,5160,8,2023-12-09,,active
7082,5161,2,2024-04-07,,active
7083,5162,3,2022-07-18,2023-03-18,canceled
7084,5162,1,2023-10-18,2024-03-18,canceled
7085,5163,4,2023-10-10,,active
7086,5164,2,2024-02-17,2024-09-17,superseded
7087,5164,1,2024-09-17,,active
7088,5165,1,2023-05-30,2023-07-30,canceled
7089,5166,4,2024-12-06,,active
7090,5167,2,2023-07-25,2024-03-25,superseded
7091,5167,4,2024-03-25,2024-12-25,superseded
7092,5167,3,2024-12-25,,active
7093,5168,2,2023-04-28,2024-01-28,superseded
7094,5168,4,2024-01-28,2024-11-28,superseded
7095,5168,7,2024-11-28,,active
7096,5169,2,2023-07-09,2024-04-09,canceled
7097,5170,1,2024-08-21,,active
7098,5171,1,2024-01-24,2024-08-24,canceled
7099,5172,5,2024-03-30,2024-10-30,superseded
7100,5172,3,2024-10-30,,active
7101,5173,6,2022-04-30,2023-12-28,superseded
7102,5173,4,2023-12-28,,active
7103,5174,3,2022-06-29,,active
7104,5175,1,2024-01-20,2024-10-20,canceled
7105,5176,1,2024-09-30,,active
7106,5177,6,2024-10-11,,active
7107,5178,1,2023-01-07,2023-09-07,canceled
7108,5179,5,2024-03-22,2024-05-22,superseded
7109,5179,2,2024-05-22,2024-12-22,superseded
7110,5179,1,2024-12-22,,active
7111,5180,4,2024-10-15,,active
7112,5181,1,2023-12-06,2024-05-06,canceled
7113,5182,3,2024-09-06,,active
7114,5183,2,2023-04-09,2023-07-09,canceled
7115,5184,1,2024-11-11,,active
7116,5185,2,2024-07-21,,active
7117,5186,4,2024-11-19,,active
7118,5187,1,2024-06-06,2024-11-06,superseded
7119,5187,2,2024-11-06,,active
7120,5188,2,2023-11-05,2024-03-05,superseded
7121,5188,5,2024-03-05,,active
7122,5189,2,2024-11-12,,active
7123,5190,2,2023-09-04,2024-07-04,superseded
7124,5190,1,2024-07-04,,active
7125,5191,1,2023-10-18,2024-09-18,canceled
7126,5191,3,2024-10-18,,active
7127,5192,1,2024-06-29,2024-07-29,canceled
7128,5193,2,2024-08-11,,active
7129,5194,2,2024-11-10,,active
7130,5195,1,2023-07-02,2023-09-02,canceled
7131,5196,2,2024-08-30,2024-12-30,superseded
7132,5196,4,2024-12-30,,active
7133,5197,2,2024-07-08,2024-09-08,canceled
7134,5198,2,2022-10-31,2023-02-28,canceled
7135,5198,1,2024-05-28,,active
7136,5199,2,2023-12-13,,active
7137,5200,1,2023-09-14,2024-01-14,canceled
7138,5201,3,2023-10-04,2024-02-04,superseded
7139,5201,4,2024-02-04,,active
7140,5202,1,2024-12-05,,active
7141,5203,4,2024-05-23,2024-06-23,superseded
7142,5203,6,2024-06-23,,active
7143,5204,1,2024-07-18,2024-09-18,canceled
7144,5205,8,2024-12-16,,active
7145,5206,5,2023-11-28,2024-02-28,canceled
7146,5207,4,2024-08-20,2024-09-20,superseded
7147,5207,7,2024-09-20,,active
7148,5208,1,2024-01-20,2024-09-20,canceled
7149,5209,1,2024-10-17,2024-11-17,canceled
7150,5210,1,2023-06-04,2023-11-04,canceled
7151,5211,2,2024-11-14,,active
7152,5212,1,2023-07-06,2024-01-06,canceled
7153,5213,3,2023-10-07,2024-01-07,superseded
7154,5213,4,2024-01-07,2024-12-07,canceled
7155,5214,6,2024-07-13,2024-09-13,superseded
7156,5214,8,2024-09-13,,active
7157,5215,1,2023-12-02,2024-08-02,canceled
7158,5216,4,2024-04-17,2024-11-17,canceled
7159,5217,7,2024-01-12,2024-06-12,canceled
7160,5218,6,2024-07-26,,active
7161,5219,4,2023-08-20,2023-12-20,canceled
7162,5219,2,2024-04-20,2024-05-20,superseded
7163,5219,5,2024-05-20,,active
7164,5220,1,2022-10-14,2022-12-14,canceled
7165,5220,1,2023-01-14,2023-05-14,canceled
7166,5221,1,2023-10-08,,active
7167,5222,1,2024-02-29,,active
7168,5223,3,2023-05-13,2024-12-13,superseded
7169,5223,4,2024-12-13,,active
7170,5224,4,2023-11-27,,active
7171,5225,1,2023-12-11,2024-01-11,canceled
7172,5226,1,2022-09-30,2022-12-30,canceled
7173,5227,6,2024-04-13,2024-06-13,superseded
7174,5227,8,2024-06-13,,active
7175,5228,1,2024-10-31,,active
7176,5229,2,2023-05-05,2023-06-05,canceled
7177,5230,5,2024-04-08,,active
7178,5231,2,2024-05-28,2024-12-28,canceled
7179,5232,4,2024-01-06,2024-02-06,canceled
7180,5233,3,2024-06-17,2024-08-17,superseded
7181,5233,1,2024-08-17,2024-12-17,canceled
7182,5234,5,2024-01-31,,active
7183,5235,1,2024-02-16,2024-04-16,canceled
7184,5236,1,2022-02-21,2023-05-21,canceled
7185,5237,4,2024-06-21,2024-12-21,superseded
7186,5237,6,2024-12-21,,active
7187,5238,1,2024-05-21,2024-08-21,canceled
7188,5239,1,2022-07-05,2022-08-05,canceled
7189,5240,6,2023-11-15,2024-03-15,canceled
7190,5241,2,2024-12-19,,active
7191,5242,6,2024-01-18,2024-04-18,superseded
7192,5242,4,2024-04-18,,active
7193,5243,5,2024-02-24,,active
7194,5244,1,2024-10-05,,active
7195,5245,1,2024-07-27,2024-11-27,superseded
7196,5245,2,2024-11-27,,active
7197,5246,1,2024-04-28,2024-06-28,canceled
7198,5247,4,2024-08-15,,active
7199,5248,4,2024-10-29,,active
7200,5249,4,2024-01-09,,active
7201,5250,3,2024-02-15,2024-12-15,canceled
7202,5251,4,2023-12-20,2024-06-20,canceled
7203,5251,2,2024-10-20,,active
7204,5252,8,2024-11-25,,active
7205,5253,1,2024-06-10,2024-10-10,superseded
7206,5253,2,2024-10-10,,active
7207,5254,1,2023-01-16,2023-05-16,canceled
7208,5254,1,2024-11-16,,active
7209,5255,6,2024-09-15,,active
7210,5256,3,2024-02-12,2024-11-12,canceled
7211,5257,2,2022-11-09,2023-04-09,canceled
7212,5258,1,2024-03-26,2024-04-26,canceled
7213,5259,1,2024-01-08,2024-05-08,superseded
7214,5259,3,2024-05-08,2024-07-08,canceled
7215,5260,8,2024-10-11,,active
7216,5261,2,2023-07-18,2023-08-18,superseded
7217,5261,4,2023-08-18,2024-02-18,superseded
7218,5261,6,2024-02-18,,active
7219,5262,1,2024-09-18,,active
7220,5263,6,2024-03-20,,active
7221,5264,1,2022-09-29,2022-11-29,canceled
7222,5265,2,2024-12-29,,active
7223,5266,1,2024-02-15,2024-07-15,canceled
7224,5267,1,2023-09-29,2023-10-29,canceled
7225,5267,6,2024-05-29,2024-07-29,superseded
7226,5267,8,2024-07-29,,active
7227,5268,7,2024-02-18,,active
7228,5269,1,2024-09-08,,active
7229,5270,1,2023-10-07,,active
7230,5271,1,2023-06-10,2023-10-10,canceled
7231,5271,4,2024-04-10,,active
7232,5272,1,2023-04-20,2023-07-20,canceled
7233,5273,1,2023-10-04,2024-01-04,canceled
7234,5274,2,2024-08-01,,active
7235,5275,1,2024-02-01,2024-10-01,canceled
7236,5275,2,2024-11-01,,active
7237,5276,1,2023-08-24,2023-11-24,superseded
7238,5276,2,2023-11-24,2024-08-24,canceled
7239,5277,1,2023-05-29,2023-11-29,canceled
7240,5278,6,2023-10-01,,active
7241,5279,1,2024-11-04,,active
7242,5280,1,2023-11-15,2024-04-15,canceled
7243,5281,7,2024-12-10,,active
7244,5282,2,2024-02-16,2024-03-16,canceled
7245,5282,2,2024-04-16,2024-06-16,canceled
7246,5283,1,2023-06-17,2024-06-17,canceled
7247,5284,1,2024-10-02,,active
7248,5285,2,2024-01-12,,active
7249,5286,1,2024-06-30,2024-10-30,canceled
7250,5287,3,2024-12-20,,active
7251,5288,6,2022-09-22,2022-10-22,superseded
7252,5288,8,2022-10-22,2024-01-22,canceled
7253,5289,2,2023-02-13,2024-02-13,canceled
7254,5289,2,2024-06-13,2024-12-13,canceled
7255,5290,2,2024-07-02,,active
7256,5291,2,2023-09-11,2024-04-11,superseded
7257,5291,4,2024-04-11,,active
7258,5292,1,2023-06-16,2023-11-16,canceled
7259,5293,1,2022-07-06,2022-09-06,canceled
7260,5293,5,2023-04-06,2024-03-06,superseded
7261,5293,7,2024-03-06,2024-07-06,canceled
7262,5294,7,2022-04-11,2022-09-11,canceled
7263,5294,1,2024-01-11,2024-02-11,canceled
7264,5295,2,2024-08-10,,active
7265,5296,3,2023-04-16,,active
7266,5297,4,2024-02-26,2024-04-26,superseded
7267,5297,2,2024-04-26,,active
7268,5298,1,2024-04-11,,active
7269,5299,1,2024-01-18,2024-09-18,canceled
7270,5300,1,2022-05-05,2022-09-05,canceled
7271,5301,2,2024-08-06,,active
7272,5302,1,2022-02-01,2022-12-01,superseded
7273,5302,2,2022-12-01,2024-01-01,canceled
7274,5303,3,2024-08-31,,active
7275,5304,4,2024-10-25,,active
7276,5305,2,2024-01-21,,active
7277,5306,1,2024-03-09,,active
7278,5307,4,2024-02-12,2024-03-12,canceled
7279,5308,1,2023-12-11,2024-09-11,superseded
7280,5308,3,2024-09-11,,active
7281,5309,7,2024-10-22,,active
7282,5310,3,2024-10-04,,active
7283,5311,2,2023-10-12,2023-12-12,canceled
7284,5312,4,2024-04-30,,active
7285,5313,3,2024-11-10,,active
7286,5314,1,2024-11-09,,active
7287,5315,2,2024-02-12,,active
7288,5316,1,2024-01-24,2024-04-24,superseded
7289,5316,2,2024-04-24,2024-06-24,canceled
7290,5316,3,2024-09-24,,active
7291,5317,2,2023-09-26,2023-11-26,canceled
7292,5317,2,2023-12-26,,active
7293,5318,1,2024-11-23,,active
7294,5319,4,2023-04-10,,active
7295,5320,3,2024-04-08,2024-09-08,canceled
7296,5321,4,2023-09-04,2024-03-04,superseded
7297,5321,6,2024-03-04,2024-10-04,superseded
7298,5321,8,2024-10-04,,active
7299,5322,1,2023-09-03,2023-10-03,canceled
7300,5322,1,2024-08-03,2024-10-03,canceled
7301,5323,4,2023-12-30,,active
7302,5324,3,2024-12-17,,active
7303,5325,2,2022-09-30,2023-09-28,superseded
7304,5325,1,2023-09-28,2024-01-28,superseded
7305,5325,2,2024-01-28,2024-04-28,canceled
7306,5325,2,2024-07-28,,active
7307,5326,1,2024-04-18,2024-07-18,canceled
7308,5327,1,2023-01-14,2023-07-14,canceled
7309,5328,2,2023-05-04,2023-08-04,superseded
7310,5328,5,2023-08-04,,active
7311,5329,2,2024-01-22,2024-05-22,canceled
7312,5330,6,2024-02-26,,active
7313,5331,2,2023-09-19,2023-12-19,superseded
7314,5331,4,2023-12-19,2024-09-19,superseded
7315,5331,6,2024-09-19,,active
7316,5332,4,2023-10-07,2024-03-07,superseded
7317,5332,2,2024-03-07,2024-05-07,canceled
7318,5333,1,2023-01-24,2023-02-24,superseded
7319,5333,3,2023-02-24,2024-09-24,superseded
7320,5333,1,2024-09-24,,active
7321,5334,1,2023-10-19,2023-11-19,canceled
7322,5335,1,2024-11-10,,active
7323,5336,1,2024-11-20,,active
7324,5337,1,2023-10-14,2024-01-14,canceled
7325,5337,2,2024-05-14,2024-07-14,canceled
7326,5338,1,2024-04-19,2024-11-19,canceled
7327,5339,4,2024-10-04,,active
7328,5340,1,2022-01-08,2022-07-08,canceled
7329,5340,3,2023-03-08,2023-07-08,canceled
7330,5341,1,2024-09-30,,active
7331,5342,2,2024-11-03,,active
7332,5343,2,2023-01-29,2024-06-28,canceled
7333,5344,1,2023-05-24,2023-07-24,canceled
7334,5345,4,2024-11-25,,active
7335,5346,1,2024-03-15,,active
7336,5347,3,2022-03-29,2022-06-29,canceled
7337,5348,2,2023-09-21,2023-11-21,canceled
7338,5349,1,2024-01-31,,active
7339,5350,6,2024-06-06,,active
7340,5351,2,2024-07-24,2024-10-24,canceled
7341,5352,1,2024-12-21,,active
7342,5353,4,2023-09-18,2024-01-18,canceled
7343,5354,1,2024-03-29,2024-05-29,canceled
7344,5355,4,2024-03-19,2024-07-19,superseded
7345,5355,2,2024-07-19,,active
7346,5356,2,2023-12-11,,active
7347,5357,1,2023-06-07,2023-11-07,canceled
7348,5357,6,2024-06-07,,active
7349,5358,3,2024-12-13,,active
7350,5359,1,2024-09-07,,active
7351,5360,2,2024-02-25,,active
7352,5361,5,2024-04-19,2024-10-19,superseded
7353,5361,3,2024-10-19,,active
7354,5362,8,2023-08-18,,active
7355,5363,7,2024-03-01,,active
7356,5364,2,2024-06-22,,active
7357,5365,5,2024-02-21,2024-08-21,canceled
7358,5366,2,2024-12-19,,active
7359,5367,6,2024-04-14,2024-09-14,superseded
7360,5367,4,2024-09-14,,active
7361,5368,1,2023-11-26,2024-04-26,canceled
7362,5368,1,2024-07-26,2024-08-26,canceled
7363,5369,2,2024-08-24,,active
7364,5370,2,2023-06-15,2023-07-15,canceled
7365,5371,8,2023-12-11,,active
7366,5372,1,2023-11-24,2024-01-24,superseded
7367,5372,2,2024-01-24,2024-05-24,canceled
7368,5373,1,2024-01-03,2024-03-03,canceled
7369,5374,1,2024-08-28,,active
7370,5375,1,2024-02-28,2024-05-28,canceled
7371,5376,1,2024-08-02,,active
7372,5377,4,2024-04-18,2024-05-18,superseded
7373,5377,6,2024-05-18,,active
7374,5378,1,2023-11-02,2023-12-02,canceled
7375,5379,1,2024-09-07,,active
7376,5380,4,2023-08-11,2024-05-11,superseded
7377,5380,7,2024-05-11,,active
7378,5381,3,2023-08-07,2024-07-07,superseded
7379,5381,5,2024-07-07,2024-12-07,superseded
7380,5381,6,2024-12-07,,active
7381,5382,2,2024-02-03,2024-07-03,superseded
7382,5382,5,2024-07-03,2024-08-03,canceled
7383,5383,1,2023-09-13,2024-08-13,canceled
7384,5384,2,2022-02-20,2023-04-20,canceled
7385,5385,3,2024-05-11,2024-07-11,canceled
7386,5386,4,2024-02-14,2024-05-14,canceled
7387,5387,3,2024-01-22,,active
7388,5388,2,2024-11-27,,active
7389,5389,2,2024-04-12,,active
7390,5390,5,2024-10-10,,active
7391,5391,6,2023-04-22,2023-11-22,canceled
7392,5391,2,2024-10-22,,active
7393,5392,1,2024-04-16,2024-05-16,canceled
7394,5393,2,2024-10-20,2024-11-20,canceled
7395,5394,2,2024-04-01,2024-09-01,canceled
7396,5395,4,2024-07-03,2024-08-03,superseded
7397,5395,2,2024-08-03,,active
7398,5396,1,2023-11-23,2024-03-23,canceled
7399,5397,5,2023-01-20,2023-09-20,canceled
7400,5398,3,2024-01-21,2024-06-21,superseded
7401,5398,4,2024-06-21,,active
7402,5399,2,2023-12-21,,active
7403,5400,1,2024-10-12,,active
7404,5401,1,2023-08-18,2024-07-18,canceled
7405,5402,1,2024-11-09,,active
7406,5403,5,2024-11-30,2024-12-30,superseded
7407,5403,2,2024-12-30,,active
7408,5404,4,2023-08-09,2024-07-09,superseded
7409,5404,6,2024-07-09,,active
7410,5405,2,2023-11-19,2024-10-19,canceled
7411,5406,1,2024-10-01,2024-11-01,canceled
7412,5407,1,2024-11-16,,active
7413,5408,1,2024-01-22,2024-05-22,canceled
7414,5409,3,2023-10-01,2023-11-01,canceled
7415,5409,6,2024-11-01,,active
7416,5410,4,2024-03-28,2024-07-28,canceled
7417,5411,3,2024-06-09,,active
7418,5412,4,2023-09-28,2024-02-28,canceled
7419,5413,4,2024-07-18,2024-11-18,superseded
7420,5413,6,2024-11-18,,active
7421,5414,1,2022-09-04,2023-01-04,canceled
7422,5415,6,2022-09-14,2023-06-14,superseded
7423,5415,5,2023-06-14,2024-08-14,superseded
7424,5415,6,2024-08-14,,active
7425,5416,1,2023-12-26,2024-03-26,canceled
7426,5417,3,2023-11-09,2024-02-09,canceled
7427,5418,1,2023-10-10,2023-12-10,canceled
7428,5419,1,2024-02-29,2024-08-29,canceled
7429,5420,1,2023-10-15,2024-03-15,canceled
7430,5421,3,2023-06-24,2024-02-24,canceled
7431,5422,1,2023-10-15,2023-12-15,canceled
7432,5423,2,2024-12-01,,active
7433,5424,2,2024-01-31,,active
7434,5425,2,2024-01-14,2024-08-14,canceled
7435,5426,4,2024-04-05,2024-08-05,canceled
7436,5426,3,2024-09-05,,active
7437,5427,1,2024-12-30,,active
7438,5428,3,2023-08-28,2024-01-28,canceled
7439,5429,6,2024-06-21,,active
7440,5430,2,2024-07-25,2024-12-25,superseded
7441,5430,5,2024-12-25,,active
7442,5431,2,2024-04-16,,active
7443,5432,1,2023-01-19,2023-02-19,superseded
7444,5432,3,2023-02-19,2023-03-19,superseded
7445,5432,1,2023-03-19,2023-08-19,canceled
7446,5432,1,2024-07-19,2024-10-19,canceled
7447,5433,1,2024-06-08,,active
7448,5434,6,2022-10-16,2023-04-16,superseded
7449,5434,8,2023-04-16,,active
7450,5435,2,2024-04-30,2024-07-30,canceled
7451,5436,1,2024-07-15,,active
7452,5437,1,2023-07-05,2023-09-05,canceled
7453,5438,1,2024-09-19,,active
7454,5439,1,2022-05-16,2024-01-16,canceled
7455,5440,3,2024-09-01,,active
7456,5441,3,2024-01-07,2024-03-07,canceled
7457,5442,2,2023-07-20,2023-08-20,superseded
7458,5442,4,2023-08-20,2024-04-20,superseded
7459,5442,3,2024-04-20,,active
7460,5443,1,2023-04-14,2023-12-14,canceled
7461,5444,6,2024-11-01,,active
7462,5445,5,2022-11-06,2023-10-06,canceled
7463,5445,3,2024-05-06,2024-09-06,canceled
7464,5446,1,2023-07-02,2023-10-02,superseded
7465,5446,2,2023-10-02,2024-02-02,superseded
7466,5446,4,2024-02-02,2024-12-02,canceled
7467,5447,2,2023-11-29,2024-02-29,canceled
7468,5448,4,2024-05-12,,active
7469,5449,2,2024-03-01,2024-06-01,superseded
7470,5449,1,2024-06-01,2024-09-01,canceled
7471,5450,1,2023-03-02,2023-05-02,canceled
7472,5450,1,2024-06-02,2024-12-02,superseded
7473,5450,2,2024-12-02,,active
7474,5451,1,2023-09-26,2023-10-26,canceled
7475,5452,1,2023-08-07,,active
7476,5453,1,2023-07-02,2023-10-02,superseded
7477,5453,3,2023-10-02,2024-11-02,canceled
7478,5454,1,2024-01-07,2024-03-07,canceled
7479,5455,3,2024-06-17,,active
7480,5456,1,2023-07-05,2023-08-05,canceled
7481,5457,4,2023-11-11,2024-09-11,superseded
7482,5457,2,2024-09-11,,active
7483,5458,4,2023-12-14,2024-12-14,superseded
7484,5458,6,2024-12-14,,active
7485,5459,1,2024-12-06,,active
7486,5460,1,2024-11-27,,active
7487,5461,1,2024-08-02,2024-12-02,superseded
7488,5461,2,2024-12-02,,active
7489,5462,6,2023-08-10,2024-08-10,superseded
7490,5462,4,2024-08-10,,active
7491,5463,3,2022-11-06,2023-09-06,superseded
7492,5463,1,2023-09-06,2023-10-06,canceled
7493,5464,1,2023-10-05,2024-09-05,canceled
7494,5465,3,2023-09-25,2023-12-25,canceled
7495,5466,1,2024-02-22,,active
7496,5467,1,2024-08-27,2024-09-27,canceled
7497,5468,4,2024-09-13,,active
7498,5469,8,2024-09-21,,active
7499,5470,4,2023-11-05,2024-04-05,canceled
7500,5471,1,2024-06-27,,active
7501,5472,6,2023-10-22,,active
7502,5473,2,2022-10-12,2024-04-12,canceled
7503,5473,2,2024-12-12,,active
7504,5474,2,2024-06-05,,active
7505,5475,4,2022-02-18,2022-05-18,canceled
7506,5476,1,2023-12-14,2024-02-14,canceled
7507,5477,1,2023-10-10,2024-02-10,canceled
7508,5478,2,2024-06-09,2024-08-09,canceled
7509,5479,2,2024-08-17,2024-12-17,canceled
7510,5480,1,2023-10-02,2023-12-02,canceled
7511,5481,6,2024-09-15,,active
7512,5482,4,2023-09-27,,active
7513,5483,4,2024-01-04,2024-05-04,canceled
7514,5484,2,2024-07-19,,active
7515,5485,1,2024-06-13,2024-08-13,canceled
7516,5486,1,2024-12-27,,active
7517,5487,2,2023-08-20,2024-05-20,superseded
7518,5487,5,2024-05-20,,active
7519,5488,2,2024-05-26,2024-09-26,canceled
7520,5489,1,2024-04-17,,active
7521,5490,1,2024-10-17,,active
7522,5491,5,2023-05-14,2024-10-14,canceled
7523,5492,4,2024-07-28,,active
7524,5493,1,2024-04-24,2024-06-24,canceled
7525,5494,1,2023-09-28,2024-07-28,canceled
7526,5495,2,2024-02-07,2024-08-07,canceled
7527,5496,1,2023-10-18,2024-01-18,canceled
7528,5496,1,2024-03-18,,active
7529,5497,1,2024-04-23,,active
7530,5498,2,2024-10-20,,active
7531,5499,4,2024-04-25,,active
7532,5500,1,2024-05-13,2024-11-13,canceled
7533,5501,1,2024-03-28,2024-05-28,canceled
7534,5502,2,2022-09-05,2023-01-05,canceled
7535,5502,3,2023-07-05,2023-10-05,canceled
7536,5503,5,2023-08-30,2023-10-30,canceled
7537,5504,1,2024-02-25,,active
7538,5505,2,2023-10-02,2024-09-02,canceled
7539,5506,1,2023-06-10,2024-04-10,superseded
7540,5506,2,2024-04-10,2024-11-10,canceled
7541,5507,6,2024-02-28,2024-07-28,canceled
7542,5508,1,2023-10-09,2024-08-09,canceled
7543,5509,2,2023-09-20,2023-10-20,canceled
7544,5510,1,2024-01-22,2024-03-22,superseded
7545,5510,3,2024-03-22,,active
7546,5511,2,2023-04-24,2023-07-24,superseded
7547,5511,5,2023-07-24,2024-01-24,canceled
7548,5512,1,2024-11-04,,active
7549,5513,1,2024-10-20,,active
7550,5514,1,2024-06-17,,active
7551,5515,4,2023-02-05,2023-06-05,superseded
7552,5515,3,2023-06-05,2024-12-05,superseded
7553,5515,4,2024-12-05,,active
7554,5516,1,2024-08-28,,active
7555,5517,2,2024-09-25,,active
7556,5518,2,2024-08-11,,active
7557,5519,1,2023-03-10,2023-05-10,canceled
7558,5520,1,2024-05-14,2024-10-14,canceled
7559,5521,1,2024-09-18,,active
7560,5522,3,2024-04-26,2024-06-26,canceled
7561,5523,5,2024-05-23,,active
7562,5524,4,2024-01-17,2024-05-17,canceled
7563,5525,3,2024-03-01,2024-10-01,canceled
7564,5526,2,2022-06-17,2024-09-17,canceled
7565,5527,2,2024-05-23,2024-09-23,canceled
7566,5528,2,2022-12-30,2023-02-28,superseded
7567,5528,4,2023-02-28,,active
7568,5529,3,2024-01-06,2024-11-06,canceled
7569,5530,4,2023-09-01,2024-01-01,superseded
7570,5530,3,2024-01-01,2024-02-01,canceled
7571,5531,3,2024-03-25,2024-06-25,canceled
7572,5532,6,2023-04-04,,active
7573,5533,6,2024-06-21,2024-07-21,superseded
7574,5533,4,2024-07-21,2024-09-21,canceled
7575,5534,4,2024-08-19,,active
7576,5535,3,2023-05-04,2023-07-04,canceled
7577,5535,1,2024-06-04,2024-07-04,canceled
7578,5535,1,2024-11-04,2024-12-04,canceled
7579,5536,5,2023-02-08,2023-05-08,superseded
7580,5536,2,2023-05-08,2023-06-08,canceled
7581,5536,3,2024-11-08,,active
7582,5537,1,2023-04-03,2023-12-03,canceled
7583,5538,2,2024-10-03,,active
7584,5539,2,2024-03-06,2024-06-06,canceled
7585,5540,4,2024-01-30,,active
7586,5541,1,2023-02-01,2023-04-01,canceled
7587,5542,2,2024-05-12,,active
7588,5543,4,2024-10-11,,active
7589,5544,2,2024-09-30,2024-10-30,superseded
7590,5544,1,2024-10-30,2024-12-30,canceled
7591,5545,1,2024-05-02,,active
7592,5546,1,2022-11-05,2022-12-05,superseded
7593,5546,2,2022-12-05,2024-10-05,superseded
7594,5546,5,2024-10-05,,active
7595,5547,1,2023-03-21,2023-09-21,canceled
7596,5548,7,2022-09-20,2022-10-20,canceled
7597,5549,4,2023-09-24,,active
7598,5550,4,2023-04-24,2024-04-24,canceled
7599,5551,2,2023-09-12,2024-09-12,canceled
7600,5552,4,2023-12-14,,active
7601,5553,1,2024-11-04,,active
7602,5554,1,2024-04-06,2024-11-06,canceled
7603,5555,1,2024-09-28,,active
7604,5556,1,2024-06-30,2024-11-30,canceled
7605,5557,1,2023-03-05,2023-06-05,superseded
7606,5557,2,2023-06-05,2023-08-05,superseded
7607,5557,4,2023-08-05,2024-12-05,superseded
7608,5557,2,2024-12-05,,active
7609,5558,1,2024-07-29,2024-10-29,canceled
7610,5559,2,2023-09-15,2024-09-15,canceled
7611,5560,2,2024-05-10,,active
7612,5561,1,2023-11-19,2024-03-19,canceled
7613,5562,8,2024-12-14,,active
7614,5563,2,2023-09-17,2024-10-17,superseded
7615,5563,1,2024-10-17,2024-11-17,canceled
7616,5564,6,2023-09-05,,active
7617,5565,1,2024-11-10,,active
7618,5566,2,2022-04-25,2023-02-25,superseded
7619,5566,4,2023-02-25,2023-04-25,superseded
7620,5566,6,2023-04-25,2023-09-25,superseded
7621,5566,4,2023-09-25,2024-05-25,superseded
7622,5566,6,2024-05-25,,active
7623,5567,1,2024-06-03,,active
7624,5568,5,2024-07-20,,active
7625,5569,1,2024-09-19,,active
7626,5570,2,2024-12-23,,active
7627,5571,1,2024-12-25,,active
7628,5572,2,2022-10-25,2024-06-25,superseded
7629,5572,5,2024-06-25,2024-10-25,canceled
7630,5573,2,2024-09-15,,active
7631,5574,4,2024-05-10,2024-06-10,superseded
7632,5574,2,2024-06-10,2024-07-10,superseded
7633,5574,1,2024-07-10,2024-08-10,canceled
7634,5575,7,2024-05-17,,active
7635,5576,1,2023-04-03,2023-06-03,canceled
7636,5576,6,2024-06-03,,active
7637,5577,1,2024-05-18,2024-08-18,superseded
7638,5577,3,2024-08-18,2024-11-18,superseded
7639,5577,1,2024-11-18,,active
7640,5578,1,2024-12-25,,active
7641,5579,5,2024-10-02,,active
7642,5580,4,2024-01-10,2024-05-10,canceled
7643,5580,2,2024-11-10,,active
7644,5581,1,2022-07-24,2023-04-24,canceled
7645,5582,2,2023-11-13,2024-08-13,superseded
7646,5582,5,2024-08-13,,active
7647,5583,7,2024-09-14,,active
7648,5584,6,2024-06-04,2024-07-04,canceled
7649,5585,4,2024-01-02,2024-03-02,superseded
7650,5585,6,2024-03-02,2024-04-02,superseded
7651,5585,8,2024-04-02,,active
7652,5586,4,2022-09-23,2024-04-23,superseded
7653,5586,6,2024-04-23,,active
7654,5587,6,2024-01-19,,active
7655,5588,1,2024-02-03,2024-08-03,canceled
7656,5589,2,2024-11-10,,active
7657,5590,3,2024-05-04,2024-11-04,canceled
7658,5591,4,2023-10-27,2024-03-27,canceled
7659,5592,1,2024-03-25,2024-12-25,canceled
7660,5593,8,2022-10-29,,active
7661,5594,2,2024-12-22,,active
7662,5595,1,2023-11-24,2023-12-24,canceled
7663,5596,2,2024-02-28,2024-08-28,canceled
7664,5597,2,2023-11-28,2023-12-28,canceled
7665,5597,7,2024-04-28,,active
7666,5598,3,2024-06-07,2024-08-07,superseded
7667,5598,4,2024-08-07,2024-12-07,canceled
7668,5599,2,2024-05-06,,active
7669,5600,6,2024-07-18,,active
7670,5601,1,2023-09-24,2024-01-24,canceled
7671,5601,2,2024-04-24,,active
7672,5602,1,2023-10-25,2024-05-25,canceled
7673,5603,1,2023-03-14,2023-10-14,superseded
7674,5603,3,2023-10-14,2024-10-14,superseded
7675,5603,1,2024-10-14,,active
7676,5604,6,2024-05-04,2024-06-04,canceled
7677,5605,1,2022-07-05,2022-08-05,canceled
7678,5606,4,2024-04-19,2024-12-19,superseded
7679,5606,6,2024-12-19,,active
7680,5607,7,2024-10-25,2024-12-25,superseded
7681,5607,8,2024-12-25,,active
7682,5608,1,2024-10-08,,active
7683,5609,1,2024-01-04,,active
7684,5610,2,2024-01-18,2024-04-18,canceled
7685,5611,8,2022-12-26,2024-03-26,superseded
7686,5611,6,2024-03-26,,active
7687,5612,1,2024-06-01,2024-12-01,canceled
7688,5613,2,2024-09-07,,active
7689,5614,3,2023-08-31,2024-10-29,canceled
7690,5615,2,2024-01-19,2024-06-19,canceled
7691,5615,4,2024-08-19,,active
7692,5616,6,2024-09-25,,active
7693,5617,1,2024-10-13,2024-12-13,canceled
7694,5618,5,2023-08-22,2024-08-22,canceled
7695,5619,1,2024-03-04,,active
7696,5620,1,2023-06-12,2023-09-12,canceled
7697,5621,1,2023-02-03,2023-04-03,superseded
7698,5621,3,2023-04-03,2023-06-03,superseded
7699,5621,5,2023-06-03,,active
7700,5622,2,2024-10-29,,active
7701,5623,1,2024-09-16,,active
7702,5624,4,2024-08-31,,active
7703,5625,6,2022-08-29,2023-08-28,superseded
7704,5625,8,2023-08-28,2024-11-28,superseded
7705,5625,7,2024-11-28,,active
7706,5626,1,2024-09-24,2024-11-24,canceled
7707,5627,2,2024-01-19,,active
7708,5628,3,2023-11-03,2024-12-03,superseded
7709,5628,1,2024-12-03,,active
7710,5629,1,2024-03-24,2024-10-24,canceled
7711,5629,1,2024-11-24,,active
7712,5630,1,2023-01-01,2023-07-01,canceled
7713,5631,4,2024-07-12,,active
7714,5632,1,2024-04-25,2024-10-25,canceled
7715,5633,1,2023-06-10,2023-08-10,canceled
7716,5634,1,2023-06-28,2024-09-28,canceled
7717,5635,1,2023-06-18,2023-07-18,canceled
7718,5636,2,2022-09-04,2023-01-04,superseded
7719,5636,1,2023-01-04,2023-11-04,canceled
7720,5637,4,2024-04-09,2024-06-09,canceled
7721,5638,1,2024-09-26,2024-10-26,canceled
7722,5639,1,2022-03-11,2022-12-11,canceled
7723,5640,6,2022-08-25,2023-05-25,canceled
7724,5641,1,2024-04-03,2024-11-03,superseded
7725,5641,2,2024-11-03,,active
7726,5642,1,2024-09-04,,active
7727,5643,1,2023-10-16,2024-05-16,canceled
7728,5644,1,2023-11-13,2024-04-13,superseded
7729,5644,2,2024-04-13,2024-08-13,canceled
7730,5645,2,2024-04-26,,active
7731,5646,2,2023-09-01,2023-12-01,canceled
7732,5647,1,2022-05-24,2022-06-24,canceled
7733,5647,1,2024-04-24,2024-10-24,canceled
7734,5648,6,2024-07-25,,active
7735,5649,2,2024-05-15,2024-09-15,superseded
7736,5649,4,2024-09-15,,active
7737,5650,5,2024-04-17,2024-06-17,canceled
7738,5651,1,2024-07-25,2024-12-25,superseded
7739,5651,3,2024-12-25,,active
7740,5652,5,2024-06-08,,active
7741,5653,1,2023-07-16,,active
7742,5654,1,2023-11-25,,active
7743,5655,5,2023-03-27,2023-06-27,superseded
7744,5655,6,2023-06-27,2024-02-27,superseded
7745,5655,4,2024-02-27,,active
7746,5656,2,2023-04-22,2023-05-22,canceled
7747,5656,4,2024-12-22,,active
7748,5657,1,2024-06-11,,active
7749,5658,5,2024-09-13,,active
7750,5659,5,2024-11-17,,active
7751,5660,2,2024-05-14,2024-09-14,canceled
7752,5661,3,2023-06-13,2023-08-13,canceled
7753,5662,3,2023-02-28,2023-06-28,superseded
7754,5662,5,2023-06-28,2024-07-28,superseded
7755,5662,2,2024-07-28,2024-09-28,superseded
7756,5662,4,2024-09-28,,active
7757,5663,2,2024-09-24,,active
7758,5664,2,2024-04-23,,active
7759,5665,1,2024-05-17,2024-07-17,canceled
7760,5666,1,2024-08-02,2024-10-02,canceled
7761,5667,4,2024-06-09,2024-08-09,canceled
7762,5668,1,2024-09-19,2024-10-19,canceled
7763,5669,1,2022-09-25,2022-10-25,canceled
7764,5669,2,2022-11-25,2022-12-25,canceled
7765,5670,2,2024-07-26,2024-08-26,canceled
7766,5671,2,2024-09-25,,active
7767,5672,7,2023-09-03,2023-10-03,canceled
7768,5673,1,2024-05-14,,active
7769,5674,4,2023-10-22,2024-03-22,superseded
7770,5674,6,2024-03-22,,active
7771,5675,2,2024-11-24,,active
7772,5676,6,2022-06-23,2022-09-23,superseded
7773,5676,8,2022-09-23,2023-05-23,superseded
7774,5676,7,2023-05-23,,active
7775,5677,7,2024-04-03,,active
7776,5678,6,2023-05-26,,active
7777,5679,1,2024-06-07,2024-07-07,canceled
7778,5680,4,2023-06-24,2024-12-24,canceled
7779,5681,2,2023-08-31,,active
7780,5682,1,2024-02-03,2024-11-03,canceled
7781,5683,4,2024-10-16,,active
7782,5684,1,2023-07-14,2024-01-14,canceled
7783,5684,2,2024-06-14,2024-10-14,canceled
7784,5685,2,2023-04-29,,active
7785,5686,2,2024-08-18,,active
7786,5687,3,2024-02-06,,active
7787,5688,4,2024-10-01,,active
7788,5689,1,2023-05-01,2023-09-01,superseded
7789,5689,2,2023-09-01,2024-04-01,canceled
7790,5690,2,2024-05-19,,active
7791,5691,1,2023-08-29,2023-10-29,canceled
7792,5692,2,2023-05-27,2023-07-27,superseded
7793,5692,1,2023-07-27,2023-09-27,canceled
7794,5693,1,2024-06-03,2024-09-03,superseded
7795,5693,2,2024-09-03,2024-11-03,superseded
7796,5693,1,2024-11-03,,active
7797,5694,4,2024-04-30,,active
7798,5695,5,2024-07-07,,active
7799,5696,3,2023-10-22,2023-11-22,canceled
7800,5697,1,2024-01-07,2024-03-07,canceled
7801,5697,1,2024-08-07,,active
7802,5698,2,2023-12-30,,active
7803,5699,1,2024-12-28,,active
7804,5700,2,2023-09-15,2024-07-15,canceled
7805,5701,7,2023-09-18,2023-11-18,superseded
7806,5701,5,2023-11-18,2024-03-18,canceled
7807,5702,3,2023-11-25,2024-03-25,canceled
7808,5703,1,2024-03-12,2024-07-12,canceled
7809,5704,3,2023-09-11,2024-05-11,canceled
7810,5705,1,2024-10-08,2024-12-08,canceled
7811,5706,1,2023-09-16,2024-12-16,canceled
7812,5707,2,2024-10-19,2024-11-19,canceled
7813,5708,8,2023-02-02,2023-04-02,superseded
7814,5708,7,2023-04-02,2023-07-02,canceled
7815,5709,2,2024-05-02,2024-07-02,superseded
7816,5709,4,2024-07-02,,active
7817,5710,1,2024-10-13,,active
7818,5711,2,2023-05-06,2023-08-06,canceled
7819,5712,4,2024-11-19,,active
7820,5713,1,2024-01-12,2024-02-12,canceled
7821,5714,1,2024-11-18,,active
7822,5715,1,2024-06-16,,active
7823,5716,2,2023-10-01,2023-12-01,superseded
7824,5716,5,2023-12-01,2024-02-01,canceled
7825,5717,8,2023-06-30,2024-11-29,superseded
7826,5717,6,2024-11-29,,active
7827,5718,5,2023-10-20,2024-01-20,superseded
7828,5718,2,2024-01-20,2024-09-20,superseded
7829,5718,5,2024-09-20,2024-10-20,canceled
7830,5719,8,2023-01-12,2023-07-12,superseded
7831,5719,6,2023-07-12,2023-10-12,superseded
7832,5719,5,2023-10-12,2023-11-12,canceled
7833,5719,1,2024-08-12,2024-11-12,canceled
7834,5720,1,2023-04-08,2024-08-08,canceled
7835,5721,1,2023-02-02,2023-03-02,canceled
7836,5722,2,2024-01-31,2024-05-29,canceled
7837,5723,2,2024-08-06,2024-11-06,superseded
7838,5723,1,2024-11-06,,active
7839,5724,7,2023-04-12,2023-08-12,superseded
7840,5724,8,2023-08-12,2023-12-12,superseded
7841,5724,6,2023-12-12,2024-01-12,superseded
7842,5724,8,2024-01-12,,active
7843,5725,8,2023-04-02,2023-06-02,superseded
7844,5725,6,2023-06-02,,active
7845,5726,3,2024-05-11,,active
7846,5727,2,2023-07-02,2023-09-02,canceled
7847,5728,2,2023-02-18,2023-12-18,canceled
7848,5729,2,2023-05-20,2024-11-20,canceled
7849,5730,4,2024-11-06,,active
7850,5731,1,2024-09-19,2024-10-19,superseded
7851,5731,2,2024-10-19,,active
7852,5732,2,2023-11-12,2024-06-12,canceled
7853,5733,3,2024-05-08,,active
7854,5734,1,2024-03-25,2024-04-25,canceled
7855,5735,1,2024-06-15,2024-09-15,canceled
7856,5736,2,2024-06-30,2024-11-30,canceled
7857,5737,2,2024-05-02,2024-11-02,canceled
7858,5738,1,2023-09-07,2023-11-07,superseded
7859,5738,2,2023-11-07,2024-02-07,canceled
7860,5739,1,2022-07-09,2022-10-09,canceled
7861,5740,3,2024-01-20,2024-05-20,canceled
7862,5741,1,2024-10-07,,active
7863,5742,3,2024-04-04,,active
7864,5743,6,2024-09-23,,active
7865,5744,8,2024-12-13,,active
7866,5745,2,2023-05-16,,active
7867,5746,1,2024-06-30,2024-11-30,canceled
7868,5747,1,2024-06-05,2024-07-05,canceled
7869,5748,1,2024-12-15,,active
7870,5749,2,2024-12-19,,active
7871,5750,1,2024-06-09,,active
7872,5751,1,2023-08-06,2023-12-06,canceled
7873,5752,1,2024-08-28,2024-10-28,canceled
7874,5753,1,2023-02-07,2023-03-07,canceled
7875,5754,4,2024-08-04,,active
7876,5755,4,2024-10-28,2024-12-28,superseded
7877,5755,6,2024-12-28,,active
7878,5756,1,2023-12-05,2024-11-05,canceled
7879,5756,6,2024-12-05,,active
7880,5757,5,2024-05-23,,active
7881,5758,3,2024-01-03,2024-05-03,superseded
7882,5758,5,2024-05-03,2024-06-03,superseded
7883,5758,7,2024-06-03,,active
7884,5759,1,2024-01-21,2024-05-21,canceled
7885,5760,7,2023-10-26,,active
7886,5761,1,2024-08-01,2024-09-01,canceled
7887,5762,1,2024-11-14,,active
7888,5763,1,2024-11-07,,active
7889,5764,2,2023-06-18,2024-01-18,superseded
7890,5764,4,2024-01-18,2024-06-18,canceled
7891,5764,2,2024-10-18,,active
7892,5765,2,2024-10-31,,active
7893,5766,4,2024-07-22,2024-08-22,superseded
7894,5766,2,2024-08-22,,active
7895,5767,2,2023-09-17,2024-09-17,canceled
7896,5768,2,2022-11-24,2023-08-24,canceled
7897,5769,1,2023-09-06,2024-01-06,canceled
7898,5770,2,2024-10-26,,active
7899,5771,2,2024-05-24,2024-10-24,canceled
7900,5772,1,2024-07-19,,active
7901,5773,7,2023-09-28,2023-11-28,canceled
7902,5774,3,2024-07-03,2024-08-03,canceled
7903,5775,1,2022-05-06,2022-07-06,canceled
7904,5775,1,2024-02-06,2024-09-06,canceled
7905,5776,2,2023-11-18,2024-09-18,canceled
7906,5777,6,2024-05-21,2024-06-21,canceled
7907,5778,1,2023-04-15,2023-09-15,canceled
7908,5779,1,2024-09-09,,active
7909,5780,5,2023-08-31,,active
7910,5781,1,2024-05-03,2024-08-03,canceled
7911,5782,3,2023-12-26,2024-11-26,canceled
7912,5783,1,2024-04-06,2024-05-06,canceled
7913,5784,1,2023-02-13,2023-10-13,canceled
7914,5785,4,2022-03-27,2022-07-27,canceled
7915,5786,1,2024-10-07,,active
7916,5787,1,2023-09-02,2023-12-02,canceled
7917,5788,7,2024-09-24,2024-12-24,superseded
7918,5788,8,2024-12-24,,active
7919,5789,2,2024-12-25,,active
7920,5790,3,2023-07-10,,active
7921,5791,3,2023-09-08,2024-08-08,canceled
7922,5792,2,2024-05-31,2024-09-30,canceled
7923,5793,1,2024-11-22,,active
7924,5794,1,2024-10-30,,active
7925,5795,2,2024-02-16,2024-06-16,canceled
7926,5796,2,2024-08-07,,active
7927,5797,5,2023-04-01,,active
7928,5798,6,2024-12-09,,active
7929,5799,3,2024-11-05,,active
7930,5800,4,2023-05-28,,active
7931,5801,6,2023-10-21,2024-08-21,canceled
7932,5802,2,2023-02-03,2023-12-03,canceled
7933,5803,6,2023-09-23,,active
7934,5804,1,2024-09-10,,active
7935,5805,1,2023-11-15,2024-04-15,canceled
7936,5806,3,2023-01-16,2023-02-16,canceled
7937,5807,7,2023-11-14,,active
7938,5808,1,2024-12-10,,active
7939,5809,2,2024-05-29,,active
7940,5810,2,2024-01-11,,active
7941,5811,1,2023-05-03,2023-07-03,canceled
7942,5811,1,2024-02-03,,active
7943,5812,3,2024-12-07,,active
7944,5813,1,2024-09-06,2024-11-06,canceled
7945,5814,2,2023-09-25,2023-11-25,canceled
7946,5814,2,2024-06-25,,active
7947,5815,1,2022-11-09,2023-04-09,superseded
7948,5815,2,2023-04-09,2024-05-09,canceled
7949,5816,1,2022-09-17,2022-11-17,canceled
7950,5817,5,2023-03-25,2023-07-25,superseded
7951,5817,7,2023-07-25,2023-12-25,canceled
7952,5818,4,2024-04-25,2024-11-25,canceled
7953,5819,1,2024-11-25,,active
7954,5820,1,2024-02-23,2024-05-23,canceled
7955,5821,4,2024-09-23,,active
7956,5822,1,2024-01-01,2024-11-01,canceled
7957,5823,2,2024-06-21,,active
7958,5824,2,2024-07-06,,active
7959,5825,6,2023-06-25,2024-05-25,superseded
7960,5825,5,2024-05-25,,active
7961,5826,1,2023-11-19,2023-12-19,superseded
7962,5826,2,2023-12-19,2024-10-19,superseded
7963,5826,1,2024-10-19,2024-11-19,canceled
7964,5827,3,2024-05-22,,active
7965,5828,1,2022-11-21,2022-12-21,canceled
7966,5829,6,2023-11-17,2024-01-17,superseded
7967,5829,4,2024-01-17,2024-02-17,superseded
7968,5829,7,2024-02-17,,active
7969,5830,2,2024-03-15,,active
7970,5831,1,2024-12-25,,active
7971,5832,5,2024-02-29,,active
7972,5833,3,2024-09-05,,active
7973,5834,2,2024-01-18,,active
7974,5835,2,2024-08-12,,active
7975,5836,8,2024-04-12,,active
7976,5837,2,2024-10-31,2024-11-30,superseded
7977,5837,1,2024-11-30,,active
7978,5838,4,2024-01-06,2024-08-06,superseded
7979,5838,6,2024-08-06,,active
7980,5839,2,2024-04-10,,active
7981,5840,1,2024-05-27,2024-10-27,canceled
7982,5841,4,2024-01-12,2024-08-12,canceled
7983,5842,3,2023-04-29,2023-08-29,superseded
7984,5842,4,2023-08-29,2024-10-29,superseded
7985,5842,2,2024-10-29,,active
7986,5843,8,2023-01-30,2024-01-28,canceled
7987,5844,4,2022-03-13,2023-03-13,canceled
7988,5844,1,2023-12-13,2024-01-13,superseded
7989,5844,2,2024-01-13,2024-05-13,superseded
7990,5844,1,2024-05-13,2024-06-13,superseded
7991,5844,2,2024-06-13,,active
7992,5845,1,2024-10-27,,active
7993,5846,1,2023-08-04,2023-09-04,canceled
7994,5847,1,2023-07-14,2023-09-14,canceled
7995,5848,1,2024-07-21,,active
7996,5849,6,2023-10-17,2024-05-17,superseded
7997,5849,8,2024-05-17,,active
7998,5850,7,2024-02-07,2024-06-07,superseded
7999,5850,4,2024-06-07,,active
8000,5851,1,2023-05-27,2023-09-27,canceled
8001,5852,1,2024-11-14,,active
8002,5853,1,2024-09-17,,active
8003,5854,1,2024-10-16,2024-12-16,canceled
8004,5855,1,2023-12-26,,active
8005,5856,1,2024-08-22,,active
8006,5857,1,2023-04-04,2023-06-04,canceled
8007,5858,1,2022-02-18,2022-03-18,canceled
8008,5858,4,2023-09-18,2024-03-18,superseded
8009,5858,6,2024-03-18,,active
8010,5859,1,2022-04-28,2022-05-28,superseded
8011,5859,3,2022-05-28,2022-06-28,superseded
8012,5859,5,2022-06-28,2022-08-28,superseded
8013,5859,6,2022-08-28,,active
8014,5860,2,2024-04-13,,active
8015,5861,1,2024-01-13,2024-05-13,canceled
8016,5862,2,2024-03-29,2024-08-29,canceled
8017,5863,8,2022-02-19,2023-10-19,superseded
8018,5863,6,2023-10-19,2024-08-19,superseded
8019,5863,8,2024-08-19,,active
8020,5864,5,2024-01-20,,active
8021,5865,2,2024-07-30,2024-08-30,superseded
8022,5865,5,2024-08-30,2024-11-30,canceled
8023,5866,4,2024-01-23,,active
8024,5867,8,2024-07-26,2024-10-26,canceled
8025,5868,2,2023-08-30,2024-06-29,canceled
8026,5869,1,2024-09-20,2024-10-20,canceled
8027,5870,4,2024-04-01,2024-05-01,superseded
8028,5870,6,2024-05-01,,active
8029,5871,3,2023-07-31,2024-08-29,superseded
8030,5871,4,2024-08-29,,active
8031,5872,1,2023-08-25,2023-11-25,canceled
8032,5873,2,2024-05-21,,active
8033,5874,5,2024-09-25,2024-11-25,superseded
8034,5874,6,2024-11-25,,active
8035,5875,1,2024-01-13,2024-12-13,canceled
8036,5876,7,2023-09-18,2023-11-18,superseded
8037,5876,8,2023-11-18,2024-10-18,superseded
8038,5876,6,2024-10-18,2024-11-18,superseded
8039,5876,8,2024-11-18,,active
8040,5877,1,2024-10-20,,active
8041,5878,1,2024-06-18,,active
8042,5879,8,2024-01-26,2024-07-26,superseded
8043,5879,7,2024-07-26,,active
8044,5880,4,2024-02-28,2024-11-28,canceled
8045,5881,1,2023-07-24,2024-05-24,canceled
8046,5882,1,2024-05-30,2024-06-30,canceled
8047,5883,5,2023-11-09,2024-03-09,canceled
8048,5884,1,2024-12-21,,active
8049,5885,6,2024-02-02,2024-08-02,superseded
8050,5885,4,2024-08-02,2024-12-02,superseded
8051,5885,6,2024-12-02,,active
8052,5886,1,2024-02-25,2024-07-25,superseded
8053,5886,3,2024-07-25,,active
8054,5887,1,2024-03-28,2024-04-28,canceled
8055,5888,3,2024-10-31,,active
8056,5889,1,2024-08-30,,active
8057,5890,2,2024-01-02,,active
8058,5891,1,2024-07-21,2024-11-21,canceled
8059,5892,2,2024-04-28,,active
8060,5893,1,2024-02-06,,active
8061,5894,7,2023-06-28,,active
8062,5895,4,2024-01-11,2024-04-11,canceled
8063,5896,1,2023-08-15,2024-08-15,superseded
8064,5896,3,2024-08-15,2024-09-15,superseded
8065,5896,1,2024-09-15,2024-10-15,canceled
8066,5897,2,2024-10-11,,active
8067,5898,1,2023-10-21,2023-12-21,canceled
8068,5898,8,2024-02-21,,active
8069,5899,1,2024-11-14,,active
8070,5900,1,2024-03-29,,active
8071,5901,3,2024-05-16,,active
8072,5902,2,2024-03-17,,active
8073,5903,4,2023-04-15,2023-12-15,superseded
8074,5903,7,2023-12-15,2024-08-15,canceled
8075,5904,1,2023-11-30,2024-07-29,canceled
8076,5905,1,2023-02-09,2023-05-09,canceled
8077,5906,2,2024-05-21,,active
8078,5907,4,2024-01-17,2024-02-17,superseded
8079,5907,6,2024-02-17,2024-04-17,superseded
8080,5907,8,2024-04-17,,active
8081,5908,1,2024-08-03,,active
8082,5909,6,2023-08-22,2024-06-22,superseded
8083,5909,4,2024-06-22,,active
8084,5910,1,2023-05-29,2024-05-29,canceled
8085,5911,1,2023-12-03,2024-10-03,canceled
8086,5912,3,2024-11-12,2024-12-12,canceled
8087,5913,1,2024-06-19,2024-08-19,canceled
8088,5914,1,2024-01-02,,active
8089,5915,3,2024-02-01,2024-06-01,canceled
8090,5915,4,2024-08-01,,active
8091,5916,1,2023-01-11,2023-10-11,canceled
8092,5917,1,2024-12-02,,active
8093,5918,1,2024-05-09,2024-12-09,canceled
8094,5919,2,2023-09-15,2023-10-15,canceled
8095,5920,2,2024-04-01,,active
8096,5921,3,2023-02-09,2024-04-09,canceled
8097,5922,2,2024-11-04,,active
8098,5923,1,2023-06-16,2023-09-16,canceled
8099,5924,1,2024-05-13,2024-08-13,canceled
8100,5925,2,2023-08-08,2023-11-08,canceled
8101,5925,1,2024-10-08,2024-11-08,superseded
8102,5925,2,2024-11-08,,active
8103,5926,1,2024-07-20,2024-12-20,canceled
8104,5927,1,2024-08-19,2024-12-19,canceled
8105,5928,2,2024-06-27,2024-10-27,superseded
8106,5928,4,2024-10-27,,active
8107,5929,1,2024-04-29,2024-08-29,canceled
8108,5929,1,2024-11-29,,active
8109,5930,4,2024-10-06,2024-12-06,superseded
8110,5930,6,2024-12-06,,active
8111,5931,2,2022-12-14,2024-01-14,superseded
8112,5931,4,2024-01-14,2024-11-14,superseded
8113,5931,3,2024-11-14,,active
8114,5932,1,2023-10-13,2023-12-13,canceled
8115,5933,6,2023-08-19,2024-08-19,superseded
8116,5933,8,2024-08-19,,active
8117,5934,1,2024-12-20,,active
8118,5935,1,2023-12-22,,active
8119,5936,2,2024-07-26,2024-08-26,superseded
8120,5936,1,2024-08-26,,active
8121,5937,1,2024-06-25,2024-08-25,superseded
8122,5937,3,2024-08-25,2024-09-25,superseded
8123,5937,1,2024-09-25,,active
8124,5938,7,2023-07-18,,active
8125,5939,8,2023-08-06,,active
8126,5940,1,2023-09-04,2023-12-04,canceled
8127,5941,1,2024-01-31,2024-07-29,canceled
8128,5942,1,2023-08-08,,active
8129,5943,6,2022-04-07,2022-07-07,superseded
8130,5943,8,2022-07-07,2022-09-07,superseded
8131,5943,6,2022-09-07,,active
8132,5944,2,2024-10-05,,active
8133,5945,1,2024-11-10,,active
8134,5946,1,2023-11-15,2023-12-15,canceled
8135,5947,4,2023-10-24,2024-03-24,superseded
8136,5947,3,2024-03-24,2024-11-24,canceled
8137,5948,1,2022-01-21,2022-05-21,canceled
8138,5948,2,2023-02-21,,active
8139,5949,1,2024-06-24,2024-11-24,canceled
8140,5950,8,2024-09-01,,active
8141,5951,1,2023-05-05,2024-10-05,canceled
8142,5952,3,2023-05-02,2024-09-02,canceled
8143,5953,8,2024-08-27,,active
8144,5954,4,2024-04-22,,active
8145,5955,1,2022-08-11,2022-12-11,canceled
8146,5956,1,2024-05-17,,active
8147,5957,1,2023-10-19,2024-07-19,canceled
8148,5958,1,2023-11-26,2023-12-26,canceled
8149,5959,2,2024-08-20,,active
8150,5960,4,2024-09-27,,active
8151,5961,5,2023-12-02,,active
8152,5962,6,2024-11-05,2024-12-05,superseded
8153,5962,8,2024-12-05,,active
8154,5963,1,2023-12-08,2024-01-08,canceled
8155,5964,5,2024-08-14,,active
8156,5965,3,2024-02-16,2024-09-16,canceled
8157,5966,4,2024-10-21,,active
8158,5967,7,2024-10-10,,active
8159,5968,2,2023-01-04,2023-02-04,superseded
8160,5968,1,2023-02-04,2023-07-04,canceled
8161,5968,4,2024-06-04,,active
8162,5969,5,2024-11-22,,active
8163,5970,5,2024-09-13,,active
8164,5971,6,2024-08-07,2024-09-07,superseded
8165,5971,4,2024-09-07,,active
8166,5972,3,2023-07-12,2023-12-12,superseded
8167,5972,1,2023-12-12,2024-06-12,canceled
8168,5972,1,2024-08-12,2024-11-12,canceled
8169,5973,1,2024-09-25,2024-10-25,canceled
8170,5974,1,2024-09-11,2024-11-11,canceled
8171,5975,2,2023-09-24,2024-05-24,canceled
8172,5976,1,2024-11-07,,active
8173,5977,1,2022-09-26,2023-06-26,superseded
8174,5977,2,2023-06-26,,active
8175,5978,4,2023-05-15,2023-08-15,canceled
8176,5979,1,2024-03-16,2024-10-16,canceled
8177,5980,1,2024-04-14,2024-09-14,canceled
8178,5981,1,2024-05-03,2024-06-03,canceled
8179,5982,2,2022-03-16,2022-10-16,canceled
8180,5983,3,2024-11-03,,active
8181,5984,1,2022-08-23,2022-10-23,canceled
8182,5985,1,2023-04-16,2024-02-16,canceled
8183,5986,1,2022-03-18,2023-01-18,canceled
8184,5986,1,2023-09-18,2024-07-18,canceled
8185,5987,6,2024-03-07,,active
8186,5988,1,2024-11-18,,active
8187,5989,4,2024-05-18,2024-11-18,canceled
8188,5990,1,2024-09-11,,active
8189,5991,2,2022-02-26,2024-03-26,canceled
8190,5992,2,2024-03-22,2024-10-22,canceled
8191,5993,2,2024-01-27,2024-07-27,canceled
8192,5994,6,2024-02-08,,active
8193,5995,1,2022-11-11,2023-08-11,canceled
8194,5995,2,2024-02-11,2024-08-11,canceled
8195,5996,1,2024-06-01,,active
8196,5997,1,2024-02-23,2024-04-23,canceled
8197,5998,1,2024-08-01,,active
8198,5999,1,2024-02-06,,active
8199,6000,3,2023-05-17,2023-07-17,superseded
8200,6000,4,2023-07-17,,active
8201,6001,4,2024-05-22,2024-12-22,superseded
8202,6001,3,2024-12-22,,active
8203,6002,2,2023-06-01,2024-01-01,canceled
8204,6003,2,2024-10-13,,active
8205,6004,3,2024-04-29,2024-11-29,superseded
8206,6004,1,2024-11-29,,active
8207,6005,6,2023-05-07,2023-07-07,superseded
8208,6005,8,2023-07-07,,active
8209,6006,6,2024-11-14,,active
8210,6007,1,2024-03-15,,active
8211,6008,4,2022-11-17,2023-02-17,canceled
8212,6008,2,2024-04-17,2024-06-17,superseded
8213,6008,5,2024-06-17,,active
8214,6009,3,2024-05-16,2024-11-16,canceled
8215,6010,5,2023-09-16,2024-08-16,superseded
8216,6010,7,2024-08-16,2024-09-16,canceled
8217,6011,3,2024-09-22,2024-12-22,canceled
8218,6012,1,2024-09-18,,active
8219,6013,6,2024-12-10,,active
8220,6014,1,2024-02-28,2024-10-28,canceled
8221,6015,1,2024-01-04,,active
8222,6016,3,2024-07-02,2024-09-02,canceled
8223,6017,1,2023-04-22,2024-03-22,canceled
8224,6018,3,2024-03-10,,active
8225,6019,4,2024-03-06,,active
8226,6020,1,2023-01-16,2024-10-16,superseded
8227,6020,2,2024-10-16,,active
8228,6021,1,2024-01-12,2024-05-12,canceled
8229,6022,1,2024-09-26,,active
8230,6023,1,2024-09-25,2024-10-25,superseded
8231,6023,3,2024-10-25,,active
8232,6024,2,2023-02-15,2023-03-15,canceled
8233,6024,4,2024-12-15,,active
8234,6025,1,2023-01-27,,active
8235,6026,6,2023-09-09,2023-11-09,superseded
8236,6026,8,2023-11-09,,active
8237,6027,1,2024-10-14,,active
8238,6028,1,2023-04-23,2023-09-23,canceled
8239,6029,2,2024-07-08,,active
8240,6030,3,2023-02-24,2024-12-24,canceled
8241,6031,1,2024-05-27,2024-09-27,canceled
8242,6032,2,2023-11-13,2024-03-13,canceled
8243,6033,1,2024-08-02,2024-09-02,superseded
8244,6033,3,2024-09-02,2024-11-02,canceled
8245,6034,4,2023-08-14,2023-10-14,canceled
8246,6035,7,2024-05-17,2024-12-17,superseded
8247,6035,8,2024-12-17,,active
8248,6036,8,2023-08-09,,active
8249,6037,2,2024-06-01,2024-08-01,superseded
8250,6037,5,2024-08-01,,active
8251,6038,6,2024-10-06,,active
8252,6039,1,2023-03-05,2023-07-05,superseded
8253,6039,2,2023-07-05,,active
8254,6040,4,2024-10-06,,active
8255,6041,2,2024-04-12,,active
8256,6042,1,2023-03-28,2024-05-28,canceled
8257,6043,1,2024-01-13,2024-04-13,superseded
8258,6043,2,2024-04-13,2024-11-13,canceled
8259,6044,4,2023-05-02,2024-11-02,canceled
8260,6045,1,2024-06-27,2024-07-27,canceled
8261,6046,2,2024-08-09,2024-10-09,canceled
8262,6047,6,2023-02-05,,active
8263,6048,1,2024-02-20,,active
8264,6049,8,2024-09-17,,active
8265,6050,1,2024-11-04,,active
8266,6051,1,2024-02-12,2024-06-12,canceled
8267,6052,2,2024-11-10,,active
8268,6053,1,2024-03-28,2024-12-28,canceled
8269,6054,1,2023-12-04,,active
8270,6055,1,2024-09-14,2024-11-14,canceled
8271,6056,1,2024-02-04,2024-06-04,canceled
8272,6056,4,2024-07-04,,active
8273,6057,1,2024-02-14,2024-08-14,canceled
8274,6058,5,2024-02-21,,active
8275,6059,2,2024-09-01,,active
8276,6060,1,2024-09-12,,active
8277,6061,3,2023-12-07,,active
8278,6062,8,2023-10-24,2024-05-24,superseded
8279,6062,6,2024-05-24,2024-08-24,superseded
8280,6062,4,2024-08-24,2024-11-24,superseded
8281,6062,6,2024-11-24,,active
8282,6063,6,2024-02-04,2024-03-04,canceled
8283,6064,4,2024-04-19,,active
8284,6065,3,2023-08-03,2023-11-03,canceled
8285,6066,1,2024-08-19,,active
8286,6067,1,2024-02-24,2024-06-24,canceled
8287,6067,2,2024-10-24,,active
8288,6068,3,2023-10-11,2024-03-11,canceled
8289,6069,1,2023-02-02,2023-07-02,canceled
8290,6069,2,2023-08-02,2024-06-02,canceled
8291,6070,1,2023-08-24,2023-09-24,superseded
8292,6070,2,2023-09-24,2024-03-24,superseded
8293,6070,1,2024-03-24,,active
8294,6071,1,2024-11-19,,active
8295,6072,2,2023-10-10,2023-11-10,superseded
8296,6072,5,2023-11-10,2024-09-10,superseded
8297,6072,6,2024-09-10,,active
8298,6073,1,2023-05-11,2024-03-11,superseded
8299,6073,2,2024-03-11,,active
8300,6074,1,2024-01-29,2024-02-29,canceled
8301,6075,2,2023-10-22,2023-11-22,canceled
8302,6076,2,2022-06-12,2022-08-12,canceled
8303,6076,2,2023-04-12,2024-11-12,superseded
8304,6076,1,2024-11-12,,active
8305,6077,3,2023-10-08,,active
8306,6078,3,2024-03-26,2024-05-26,superseded
8307,6078,4,2024-05-26,,active
8308,6079,3,2024-03-01,2024-10-01,canceled
8309,6079,3,2024-11-01,,active
8310,6080,1,2023-11-01,2024-03-01,superseded
8311,6080,2,2024-03-01,2024-07-01,canceled
8312,6081,5,2024-01-07,,active
8313,6082,4,2024-11-23,,active
8314,6083,2,2023-11-19,2024-04-19,canceled
8315,6083,2,2024-05-19,,active
8316,6084,3,2023-09-06,2023-10-06,canceled
8317,6085,1,2023-08-25,2023-09-25,superseded
8318,6085,2,2023-09-25,2023-11-25,canceled
8319,6086,1,2024-01-31,2024-04-29,canceled
8320,6087,2,2024-08-06,,active
8321,6088,1,2023-07-20,2024-09-20,canceled
8322,6089,2,2024-06-28,,active
8323,6090,1,2022-04-22,2023-04-22,canceled
8324,6091,1,2024-01-01,2024-06-01,canceled
8325,6091,7,2024-09-01,,active
8326,6092,1,2024-08-26,2024-09-26,canceled
8327,6093,3,2023-10-31,,active
8328,6094,1,2024-03-17,2024-05-17,canceled
8329,6095,1,2023-07-16,2024-01-16,superseded
8330,6095,2,2024-01-16,2024-05-16,superseded
8331,6095,5,2024-05-16,,active
8332,6096,7,2024-07-27,,active
8333,6097,4,2022-09-02,2022-11-02,superseded
8334,6097,6,2022-11-02,2023-03-02,superseded
8335,6097,4,2023-03-02,2024-12-02,superseded
8336,6097,2,2024-12-02,,active
8337,6098,1,2024-09-23,2024-10-23,canceled
8338,6099,6,2023-07-08,2024-02-08,superseded
8339,6099,8,2024-02-08,,active
8340,6100,1,2024-10-26,,active
8341,6101,1,2023-11-06,2024-05-06,canceled
8342,6101,3,2024-07-06,2024-12-06,canceled
8343,6102,1,2024-07-25,,active
8344,6103,2,2023-10-15,2024-06-15,superseded
8345,6103,5,2024-06-15,,active
8346,6104,3,2024-10-24,,active
8347,6105,1,2023-03-13,2024-01-13,canceled
8348,6105,2,2024-05-13,,active
8349,6106,1,2023-06-26,2023-07-26,canceled
8350,6107,5,2024-02-08,,active
8351,6108,3,2023-01-06,2023-05-06,canceled
8352,6109,3,2023-07-10,2023-12-10,superseded
8353,6109,4,2023-12-10,2024-01-10,superseded
8354,6109,6,2024-01-10,,active
8355,6110,5,2024-11-26,,active
8356,6111,6,2024-12-16,,active
8357,6112,1,2023-11-16,,active
8358,6113,3,2024-11-15,,active
8359,6114,4,2024-03-27,2024-05-27,canceled
8360,6115,5,2023-09-02,2024-01-02,canceled
8361,6116,3,2024-06-22,,active
8362,6117,2,2024-05-31,2024-06-30,superseded
8363,6117,5,2024-06-30,,active
8364,6118,1,2024-12-14,,active
8365,6119,1,2023-09-11,2023-10-11,canceled
8366,6119,2,2024-03-11,2024-07-11,superseded
8367,6119,1,2024-07-11,2024-11-11,canceled
8368,6120,3,2024-06-17,2024-11-17,canceled
8369,6121,4,2022-09-19,2023-01-19,canceled
8370,6122,5,2023-03-23,2023-08-23,superseded
8371,6122,7,2023-08-23,,active
8372,6123,2,2022-01-09,2022-09-09,superseded
8373,6123,1,2022-09-09,2024-07-09,canceled
8374,6124,5,2024-12-19,,active
8375,6125,2,2024-08-01,,active
8376,6126,1,2024-08-07,,active
8377,6127,6,2024-02-10,,active
8378,6128,2,2023-10-19,2023-12-19,canceled
8379,6129,4,2023-05-06,2024-11-06,canceled
8380,6130,1,2023-09-18,2024-03-18,canceled
8381,6131,1,2023-11-04,2024-01-04,canceled
8382,6132,2,2024-07-08,2024-08-08,superseded
8383,6132,1,2024-08-08,,active
8384,6133,1,2024-03-22,2024-06-22,canceled
8385,6133,2,2024-10-22,,active
8386,6134,3,2022-12-29,2024-02-28,superseded
8387,6134,4,2024-02-28,,active
8388,6135,2,2022-03-17,2022-08-17,superseded
8389,6135,1,2022-08-17,2022-11-17,canceled
8390,6136,2,2023-02-06,2023-05-06,canceled
8391,6136,4,2024-12-06,,active
8392,6137,1,2024-01-13,2024-02-13,canceled
8393,6138,1,2024-11-03,,active
8394,6139,2,2024-05-30,2024-08-30,superseded
8395,6139,4,2024-08-30,2024-10-30,superseded
8396,6139,6,2024-10-30,,active
8397,6140,1,2024-08-18,2024-10-18,canceled
8398,6141,1,2024-01-28,2024-04-28,canceled
8399,6142,3,2023-11-23,,active
8400,6143,4,2023-02-09,2024-08-09,superseded
8401,6143,6,2024-08-09,2024-09-09,superseded
8402,6143,4,2024-09-09,,active
8403,6144,6,2024-10-24,,active
8404,6145,1,2024-08-31,2024-09-30,canceled
8405,6146,2,2023-05-17,2023-11-17,canceled
8406,6147,1,2024-02-25,,active
8407,6148,1,2024-02-08,,active
8408,6149,2,2024-05-15,2024-06-15,superseded
8409,6149,4,2024-06-15,2024-07-15,superseded
8410,6149,6,2024-07-15,,active
8411,6150,1,2024-11-27,,active
8412,6151,1,2024-04-03,2024-08-03,canceled
8413,6152,4,2024-03-11,2024-09-11,superseded
8414,6152,2,2024-09-11,,active
8415,6153,4,2022-09-17,2024-06-17,canceled
8416,6154,8,2022-10-30,2022-11-30,superseded
8417,6154,6,2022-11-30,2024-03-28,superseded
8418,6154,8,2024-03-28,,active
8419,6155,4,2023-06-25,2024-02-25,canceled
8420,6156,1,2022-06-06,2022-08-06,canceled
8421,6157,1,2024-07-02,2024-08-02,canceled
8422,6158,1,2024-07-26,,active
8423,6159,1,2023-04-22,2023-09-22,canceled
8424,6160,5,2024-09-09,,active
8425,6161,1,2023-05-28,2023-07-28,canceled
8426,6162,1,2023-10-20,2024-08-20,superseded
8427,6162,2,2024-08-20,,active
8428,6163,1,2023-08-28,2024-03-28,canceled
8429,6164,1,2023-11-18,,active
8430,6165,6,2023-09-27,2024-09-27,canceled
8431,6166,1,2024-02-03,2024-03-03,canceled
8432,6167,4,2023-12-02,2024-08-02,canceled
8433,6168,8,2024-12-05,,active
8434,6169,2,2022-09-06,2022-12-06,canceled
8435,6169,2,2023-12-06,2024-01-06,canceled
8436,6170,1,2023-04-18,2023-09-18,superseded
8437,6170,2,2023-09-18,2024-02-18,canceled
8438,6171,2,2022-09-20,2023-02-20,canceled
8439,6172,1,2024-05-09,2024-11-09,canceled
8440,6173,1,2022-09-21,2024-03-21,canceled
8441,6174,1,2024-09-28,2024-11-28,superseded
8442,6174,2,2024-11-28,,active
8443,6175,1,2024-02-16,2024-05-16,canceled
8444,6176,3,2024-03-18,2024-06-18,canceled
8445,6177,2,2024-03-09,2024-07-09,canceled
8446,6178,1,2023-06-15,2023-07-15,superseded
8447,6178,2,2023-07-15,2024-08-15,superseded
8448,6178,4,2024-08-15,,active
8449,6179,1,2023-07-23,2024-01-23,canceled
8450,6180,1,2023-10-01,2024-08-01,canceled
8451,6181,1,2024-04-08,2024-05-08,canceled
8452,6182,1,2023-07-19,,active
8453,6183,4,2023-03-22,2023-05-22,canceled
8454,6184,1,2024-12-09,,active
8455,6185,1,2022-04-02,2022-09-02,canceled
8456,6186,1,2024-09-17,2024-11-17,canceled
8457,6187,3,2024-08-09,,active
8458,6188,2,2023-10-28,2024-07-28,superseded
8459,6188,4,2024-07-28,2024-10-28,canceled
8460,6189,2,2023-04-24,2023-10-24,canceled
8461,6190,1,2023-04-14,2023-06-14,canceled
8462,6191,1,2024-06-04,2024-10-04,canceled
8463,6192,1,2024-05-24,,active
8464,6193,1,2024-08-06,2024-11-06,canceled
8465,6194,4,2024-11-05,,active
8466,6195,1,2024-06-28,,active
8467,6196,3,2023-05-04,2023-11-04,canceled
8468,6197,2,2023-08-08,,active
8469,6198,3,2024-09-21,,active
8470,6199,2,2023-07-25,,active
8471,6200,1,2022-11-10,2023-11-10,canceled
8472,6201,1,2024-06-15,2024-07-15,superseded
8473,6201,3,2024-07-15,,active
8474,6202,4,2023-12-27,,active
8475,6203,1,2024-11-22,,active
8476,6204,1,2024-05-30,,active
8477,6205,3,2023-01-17,2023-07-17,canceled
8478,6205,2,2024-09-17,,active
8479,6206,6,2024-11-27,,active
8480,6207,2,2023-09-20,2023-10-20,superseded
8481,6207,1,2023-10-20,2024-02-20,superseded
8482,6207,2,2024-02-20,,active
8483,6208,8,2023-10-30,2024-09-29,canceled
8484,6209,1,2023-12-08,2024-03-08,canceled
8485,6210,2,2022-09-19,2023-02-19,superseded
8486,6210,5,2023-02-19,,active
8487,6211,6,2024-02-16,2024-05-16,superseded
8488,6211,8,2024-05-16,,active
8489,6212,2,2023-03-27,2023-06-27,canceled
8490,6212,4,2023-09-27,2024-05-27,canceled
8491,6213,2,2023-12-09,2024-09-09,superseded
8492,6213,1,2024-09-09,,active
8493,6214,6,2023-11-15,2024-01-15,superseded
8494,6214,4,2024-01-15,2024-02-15,superseded
8495,6214,6,2024-02-15,,active
8496,6215,1,2024-08-15,,active
8497,6216,2,2024-09-03,,active
8498,6217,2,2023-05-11,2023-09-11,superseded
8499,6217,4,2023-09-11,2024-08-11,superseded
8500,6217,2,2024-08-11,,active
8501,6218,2,2023-11-29,,active
8502,6219,1,2023-11-27,2024-08-27,canceled
8503,6220,2,2023-05-12,2023-11-12,canceled
8504,6221,2,2024-08-18,,active
8505,6222,1,2024-06-25,,active
8506,6223,4,2023-06-18,,active
8507,6224,1,2023-11-14,,active
8508,6225,4,2023-02-01,,active
8509,6226,6,2024-05-19,,active
8510,6227,6,2023-03-21,,active
8511,6228,1,2024-12-11,,active
8512,6229,1,2024-08-04,,active
8513,6230,7,2023-12-17,2024-03-17,canceled
8514,6231,5,2024-04-04,,active
8515,6232,5,2024-10-21,,active
8516,6233,7,2024-03-23,2024-06-23,canceled
8517,6234,7,2023-06-04,2023-11-04,superseded
8518,6234,8,2023-11-04,2024-09-04,canceled
8519,6235,4,2023-11-25,,active
8520,6236,1,2024-09-20,,active
8521,6237,1,2024-05-17,2024-10-17,canceled
8522,6238,1,2024-05-20,2024-06-20,canceled
8523,6239,2,2024-10-11,2024-12-11,canceled
8524,6240,3,2024-10-20,,active
8525,6241,1,2024-11-08,2024-12-08,canceled
8526,6242,4,2023-01-15,2024-03-15,canceled
8527,6243,2,2024-03-04,2024-12-04,canceled
8528,6244,2,2024-07-29,2024-10-29,superseded
8529,6244,4,2024-10-29,,active
8530,6245,3,2024-07-02,2024-11-02,canceled
8531,6246,2,2024-04-29,2024-09-29,superseded
8532,6246,4,2024-09-29,,active
8533,6247,6,2023-05-16,2024-11-16,superseded
8534,6247,8,2024-11-16,,active
8535,6248,3,2024-08-17,,active
8536,6249,1,2024-07-10,,active
8537,6250,1,2023-01-03,2023-08-03,canceled
8538,6251,4,2024-01-02,,active
8539,6252,4,2023-06-30,,active
8540,6253,3,2023-10-02,2024-06-02,superseded
8541,6253,5,2024-06-02,2024-07-02,superseded
8542,6253,6,2024-07-02,2024-08-02,canceled
8543,6254,4,2022-03-11,2022-04-11,superseded
8544,6254,6,2022-04-11,2022-12-11,superseded
8545,6254,8,2022-12-11,2024-05-11,canceled
8546,6255,1,2023-12-18,2024-02-18,canceled
8547,6256,1,2024-03-15,2024-04-15,canceled
8548,6257,1,2024-05-02,2024-10-02,canceled
8549,6258,2,2024-05-10,2024-06-10,canceled
8550,6259,2,2024-09-17,,active
8551,6260,3,2023-07-26,2023-08-26,canceled
8552,6261,2,2023-03-27,2023-04-27,canceled
8553,6262,6,2024-09-10,2024-12-10,canceled
8554,6263,2,2023-05-05,2023-12-05,superseded
8555,6263,5,2023-12-05,2024-04-05,canceled
8556,6264,1,2024-12-17,,active
8557,6265,4,2024-09-16,,active
8558,6266,8,2024-02-23,,active
8559,6267,5,2024-12-17,,active
8560,6268,4,2023-02-23,2023-05-23,superseded
8561,6268,2,2023-05-23,2023-06-23,canceled
8562,6269,1,2023-10-18,2024-04-18,superseded
8563,6269,2,2024-04-18,2024-09-18,canceled
8564,6269,1,2024-12-18,,active
8565,6270,4,2024-05-06,2024-07-06,canceled
8566,6270,2,2024-11-06,,active
8567,6271,2,2023-11-03,2024-12-03,canceled
8568,6272,6,2024-11-18,,active
8569,6273,4,2022-10-19,2023-07-19,canceled
8570,6274,4,2024-03-30,,active
8571,6275,6,2024-04-16,,active
8572,6276,1,2024-05-12,,active
8573,6277,5,2023-09-21,2024-02-21,superseded
8574,6277,7,2024-02-21,,active
8575,6278,3,2023-11-30,,active
8576,6279,2,2024-09-15,2024-10-15,superseded
8577,6279,5,2024-10-15,,active
8578,6280,1,2023-07-06,2024-03-06,canceled
8579,6280,1,2024-09-06,2024-11-06,canceled
8580,6281,1,2024-09-18,,active
8581,6282,1,2024-03-04,2024-04-04,canceled
8582,6283,2,2024-08-22,,active
8583,6284,1,2024-06-19,2024-10-19,canceled
8584,6285,6,2023-07-26,,active
8585,6286,2,2024-04-19,2024-08-19,superseded
8586,6286,4,2024-08-19,,active
8587,6287,3,2024-10-10,,active
8588,6288,4,2024-01-25,2024-04-25,superseded
8589,6288,7,2024-04-25,2024-06-25,canceled
8590,6289,2,2024-11-28,,active
8591,6290,2,2024-01-19,2024-05-19,canceled
8592,6291,4,2023-04-06,2023-08-06,canceled
8593,6292,3,2023-12-15,2024-04-15,superseded
8594,6292,1,2024-04-15,,active
8595,6293,3,2024-11-14,,active
8596,6294,1,2023-10-11,2023-12-11,canceled
8597,6295,1,2024-10-26,,active
8598,6296,1,2024-10-27,,active
8599,6297,7,2023-11-09,2023-12-09,canceled
8600,6297,2,2024-10-09,,active
8601,6298,2,2023-01-07,2023-03-07,canceled
8602,6299,4,2024-07-29,,active
8603,6300,1,2023-10-04,2023-11-04,canceled
8604,6301,2,2024-08-05,2024-09-05,canceled
8605,6301,2,2024-10-05,,active
8606,6302,1,2024-01-09,2024-08-09,superseded
8607,6302,2,2024-08-09,,active
8608,6303,1,2024-02-25,2024-09-25,canceled
8609,6304,2,2024-08-13,2024-10-13,superseded
8610,6304,1,2024-10-13,2024-12-13,superseded
8611,6304,2,2024-12-13,,active
8612,6305,6,2023-12-28,,active
8613,6306,7,2024-01-13,,active
8614,6307,5,2023-11-03,,active
8615,6308,2,2023-11-29,2024-04-29,superseded
8616,6308,1,2024-04-29,,active
8617,6309,4,2024-03-12,,active
8618,6310,2,2024-09-22,,active
8619,6311,2,2023-11-03,2024-09-03,superseded
8620,6311,4,2024-09-03,,active
8621,6312,6,2024-03-28,,active
8622,6313,2,2024-06-01,,active
8623,6314,2,2023-09-03,2023-11-03,superseded
8624,6314,4,2023-11-03,2024-04-03,superseded
8625,6314,6,2024-04-03,,active
8626,6315,3,2023-09-26,2023-11-26,superseded
8627,6315,4,2023-11-26,,active
8628,6316,5,2024-11-09,,active
8629,6317,1,2024-07-18,,active
8630,6318,3,2024-04-16,2024-09-16,canceled
8631,6319,1,2024-05-30,2024-12-30,superseded
8632,6319,2,2024-12-30,,active
8633,6320,1,2022-05-03,2023-03-03,canceled
8634,6321,1,2024-05-07,2024-12-07,canceled
8635,6322,5,2024-02-26,,active
8636,6323,2,2024-03-27,2024-05-27,canceled
8637,6324,5,2023-11-01,2023-12-01,superseded
8638,6324,6,2023-12-01,,active
8639,6325,1,2022-12-15,2023-02-15,canceled
8640,6326,1,2023-06-07,2023-09-07,canceled
8641,6327,2,2024-11-02,,active
8642,6328,1,2023-12-31,,active
8643,6329,1,2024-01-11,2024-09-11,canceled
8644,6330,4,2022-09-16,2023-03-16,canceled
8645,6331,1,2022-07-26,2023-05-26,canceled
8646,6331,1,2024-11-26,,active
8647,6332,1,2024-07-15,2024-12-15,canceled
8648,6333,1,2024-03-17,2024-08-17,canceled
8649,6334,1,2024-02-15,2024-06-15,canceled
8650,6335,2,2023-08-27,2024-01-27,canceled
8651,6335,1,2024-06-27,2024-07-27,canceled
8652,6336,6,2024-07-22,2024-08-22,canceled
8653,6337,2,2023-05-12,,active
8654,6338,6,2023-06-01,2024-08-01,superseded
8655,6338,5,2024-08-01,2024-10-01,superseded
8656,6338,6,2024-10-01,,active
8657,6339,6,2024-01-06,2024-10-06,superseded
8658,6339,8,2024-10-06,,active
8659,6340,3,2023-09-21,2023-11-21,canceled
8660,6341,7,2023-08-22,,active
8661,6342,1,2024-05-24,,active
8662,6343,2,2024-05-13,,active
8663,6344,1,2024-09-09,,active
8664,6345,1,2024-01-04,2024-02-04,superseded
8665,6345,2,2024-02-04,2024-03-04,canceled
8666,6346,2,2022-11-07,,active
8667,6347,2,2023-09-28,,active
8668,6348,1,2024-12-08,,active
8669,6349,7,2024-04-06,2024-05-06,superseded
8670,6349,8,2024-05-06,,active
8671,6350,4,2024-06-04,2024-07-04,superseded
8672,6350,2,2024-07-04,,active
8673,6351,2,2022-02-28,2022-12-28,canceled
8674,6351,1,2024-09-28,2024-10-28,canceled
8675,6352,1,2024-03-10,2024-04-10,canceled
8676,6353,3,2022-07-21,2022-12-21,canceled
8677,6354,6,2024-04-04,,active
8678,6355,1,2024-11-09,,active
8679,6356,2,2024-11-11,,active
8680,6357,1,2024-03-10,2024-10-10,canceled
8681,6358,8,2024-01-26,2024-03-26,superseded
8682,6358,6,2024-03-26,,active
8683,6359,1,2024-11-14,,active
8684,6360,7,2024-06-26,2024-10-26,superseded
8685,6360,4,2024-10-26,,active
8686,6361,1,2022-10-15,2023-03-15,canceled
8687,6362,8,2024-01-27,,active
8688,6363,6,2023-08-21,2023-09-21,superseded
8689,6363,8,2023-09-21,2024-07-21,canceled
8690,6364,1,2024-02-12,2024-11-12,superseded
8691,6364,2,2024-11-12,,active
8692,6365,6,2024-01-06,2024-09-06,superseded
8693,6365,8,2024-09-06,,active
8694,6366,1,2024-04-27,2024-06-27,canceled
8695,6367,1,2023-11-25,2024-01-25,canceled
8696,6368,1,2023-05-08,2023-06-08,canceled
8697,6368,1,2024-11-08,,active
8698,6369,8,2024-02-14,2024-04-14,superseded
8699,6369,7,2024-04-14,,active
8700,6370,3,2024-09-12,,active
8701,6371,6,2024-05-12,,active
8702,6372,8,2023-10-31,,active
8703,6373,1,2024-11-11,,active
8704,6374,2,2024-10-23,,active
8705,6375,4,2023-07-21,,active
8706,6376,2,2022-07-24,2022-09-24,superseded
8707,6376,5,2022-09-24,2022-11-24,superseded
8708,6376,7,2022-11-24,2023-08-24,canceled
8709,6376,4,2023-11-24,,active
8710,6377,2,2024-07-23,,active
8711,6378,3,2024-09-05,,active
8712,6379,2,2024-11-21,,active
8713,6380,5,2024-10-31,,active
8714,6381,5,2024-04-11,2024-06-11,superseded
8715,6381,2,2024-06-11,,active
8716,6382,3,2024-03-18,2024-07-18,superseded
8717,6382,4,2024-07-18,,active
8718,6383,5,2022-05-19,2023-03-19,superseded
8719,6383,2,2023-03-19,2024-03-19,superseded
8720,6383,5,2024-03-19,,active
8721,6384,1,2023-08-18,2024-05-18,canceled
8722,6385,3,2024-01-08,2024-09-08,canceled
8723,6386,2,2024-05-26,2024-06-26,canceled
8724,6387,1,2024-03-08,2024-05-08,canceled
8725,6388,2,2024-07-29,,active
8726,6389,1,2023-09-03,2024-06-03,canceled
8727,6390,1,2024-03-16,2024-05-16,canceled
8728,6390,3,2024-10-16,,active
8729,6391,1,2023-01-25,2024-01-25,canceled
8730,6392,1,2024-01-18,,active
8731,6393,6,2024-07-29,,active
8732,6394,1,2024-06-24,2024-11-24,canceled
8733,6395,1,2024-12-04,,active
8734,6396,5,2023-09-25,2023-10-25,canceled
8735,6396,2,2023-12-25,2024-03-25,superseded
8736,6396,4,2024-03-25,,active
8737,6397,1,2024-02-11,2024-03-11,superseded
8738,6397,3,2024-03-11,2024-04-11,canceled
8739,6398,2,2023-10-27,2024-06-27,canceled
8740,6398,2,2024-07-27,,active
8741,6399,1,2024-01-12,2024-02-12,superseded
8742,6399,3,2024-02-12,2024-03-12,canceled
8743,6400,4,2024-09-20,,active
8744,6401,2,2024-06-28,2024-08-28,superseded
8745,6401,1,2024-08-28,2024-09-28,canceled
8746,6402,3,2024-10-07,,active
8747,6403,6,2023-07-22,2023-11-22,canceled
8748,6404,1,2024-10-14,,active
8749,6405,3,2022-10-15,2023-06-15,superseded
8750,6405,4,2023-06-15,2024-02-15,superseded
8751,6405,6,2024-02-15,,active
8752,6406,1,2024-10-01,2024-12-01,canceled
8753,6407,6,2023-10-11,2024-06-11,superseded
8754,6407,8,2024-06-11,2024-09-11,superseded
8755,6407,6,2024-09-11,,active
8756,6408,1,2023-10-13,2024-02-13,canceled
8757,6409,1,2024-02-01,2024-03-01,canceled
8758,6410,4,2024-11-20,,active
8759,6411,2,2022-08-03,2024-11-03,superseded
8760,6411,4,2024-11-03,,active
8761,6412,3,2023-11-07,2024-01-07,canceled
8762,6413,6,2024-09-22,,active
8763,6414,2,2023-12-26,2024-09-26,canceled
8764,6415,4,2023-07-26,2023-11-26,canceled
8765,6415,3,2024-10-26,2024-12-26,canceled
8766,6416,1,2024-01-03,2024-04-03,canceled
8767,6416,2,2024-06-03,,active
8768,6417,1,2023-12-03,,active
8769,6418,6,2024-10-13,,active
8770,6419,7,2024-08-19,,active
8771,6420,1,2024-02-28,,active
8772,6421,2,2024-12-30,,active
8773,6422,1,2024-01-14,,active
8774,6423,2,2022-10-18,2023-10-18,canceled
8775,6423,1,2024-12-18,,active
8776,6424,2,2023-09-20,2024-10-20,canceled
8777,6425,1,2024-01-31,2024-02-29,canceled
8778,6425,2,2024-08-29,,active
8779,6426,1,2023-05-24,2023-07-24,canceled
8780,6426,1,2023-08-24,2023-11-24,canceled
8781,6427,1,2024-11-05,,active
8782,6428,1,2024-08-14,2024-10-14,canceled
8783,6429,2,2023-09-04,,active
8784,6430,1,2024-04-07,,active
8785,6431,2,2024-07-26,,active
8786,6432,2,2024-11-26,,active
8787,6433,4,2024-10-23,,active
8788,6434,3,2024-02-27,2024-05-27,canceled
8789,6435,2,2024-08-22,2024-10-22,superseded
8790,6435,4,2024-10-22,,active
8791,6436,2,2024-03-18,,active
8792,6437,1,2024-03-05,2024-08-05,canceled
8793,6438,1,2023-03-11,2023-04-11,canceled
8794,6439,1,2023-03-25,2023-10-25,canceled
8795,6439,7,2023-11-25,2024-05-25,superseded
8796,6439,8,2024-05-25,2024-09-25,superseded
8797,6439,6,2024-09-25,2024-12-25,canceled
8798,6440,1,2024-03-28,2024-07-28,canceled
8799,6441,2,2023-09-14,2024-05-14,canceled
8800,6442,1,2022-04-03,2022-07-03,canceled
8801,6443,6,2024-07-04,2024-08-04,superseded
8802,6443,8,2024-08-04,,active
8803,6444,2,2022-06-10,2022-07-10,canceled
8804,6445,1,2024-04-10,,active
8805,6446,4,2024-03-30,2024-10-30,superseded
8806,6446,6,2024-10-30,,active
8807,6447,4,2024-11-22,,active
8808,6448,1,2024-02-14,2024-09-14,canceled
8809,6448,1,2024-10-14,,active
8810,6449,1,2022-10-11,2023-06-11,superseded
8811,6449,2,2023-06-11,2023-10-11,canceled
8812,6450,1,2024-03-29,2024-06-29,canceled
8813,6451,2,2024-09-16,,active
8814,6452,3,2024-12-19,,active
8815,6453,2,2024-01-17,2024-03-17,canceled
8816,6454,1,2023-10-10,2024-05-10,canceled
8817,6455,2,2024-10-02,,active
8818,6456,4,2023-06-23,2023-12-23,canceled
8819,6457,5,2024-04-22,2024-05-22,superseded
8820,6457,3,2024-05-22,2024-08-22,superseded
8821,6457,1,2024-08-22,,active
8822,6458,2,2023-12-17,2024-03-17,canceled
8823,6459,1,2022-07-15,2022-11-15,canceled
8824,6459,1,2024-05-15,2024-06-15,canceled
8825,6460,2,2023-11-13,,active
8826,6461,5,2023-09-01,2023-11-01,superseded
8827,6461,3,2023-11-01,2024-09-01,canceled
8828,6462,1,2024-06-22,,active
8829,6463,2,2024-11-30,,active
8830,6464,1,2023-09-27,2024-12-27,canceled
8831,6465,8,2024-09-28,,active
8832,6466,3,2022-09-15,,active
8833,6467,2,2024-03-31,,active
8834,6468,2,2022-11-20,2023-05-20,canceled
8835,6469,2,2024-11-25,,active
8836,6470,7,2024-08-16,2024-09-16,superseded
8837,6470,8,2024-09-16,,active
8838,6471,1,2024-05-04,2024-08-04,canceled
8839,6472,1,2024-09-08,2024-11-08,canceled
8840,6473,1,2024-05-05,,active
8841,6474,1,2024-11-28,,active
8842,6475,3,2024-06-19,2024-09-19,canceled
8843,6476,4,2024-11-02,,active
8844,6477,2,2024-02-26,,active
8845,6478,1,2023-03-23,2023-06-23,canceled
8846,6478,1,2023-08-23,2024-03-23,canceled
8847,6479,7,2024-03-27,2024-06-27,superseded
8848,6479,4,2024-06-27,2024-12-27,canceled
8849,6480,2,2023-03-31,,active
8850,6481,2,2024-04-25,,active
8851,6482,3,2024-02-01,2024-12-01,canceled
8852,6483,2,2024-05-23,,active
8853,6484,3,2022-02-02,2022-06-02,canceled
8854,6485,1,2023-07-05,2023-08-05,canceled
8855,6486,4,2024-02-29,,active
8856,6487,3,2024-11-23,,active
8857,6488,1,2023-12-11,2024-09-11,canceled
8858,6489,1,2024-01-25,,active
8859,6490,4,2024-07-16,2024-09-16,superseded
8860,6490,6,2024-09-16,,active
8861,6491,1,2024-04-29,,active
8862,6492,4,2023-10-21,2024-03-21,superseded
8863,6492,2,2024-03-21,2024-12-21,superseded
8864,6492,4,2024-12-21,,active
8865,6493,1,2024-01-01,,active
8866,6494,1,2023-07-30,2023-11-30,canceled
8867,6495,1,2024-11-08,,active
8868,6496,2,2023-04-05,2023-09-05,canceled
8869,6497,2,2023-11-29,,active
8870,6498,2,2022-05-08,2023-08-08,superseded
8871,6498,5,2023-08-08,2023-11-08,canceled
8872,6499,7,2023-08-11,,active
8873,6500,1,2024-08-30,2024-09-30,canceled
8874,6501,4,2023-07-23,2023-08-23,canceled
8875,6502,1,2022-12-19,2024-06-19,canceled
8876,6503,4,2024-02-14,,active
8877,6504,3,2022-02-05,2022-09-05,superseded
8878,6504,4,2022-09-05,2024-01-05,canceled
8879,6505,2,2023-01-13,,active
8880,6506,4,2024-09-15,2024-12-15,superseded
8881,6506,6,2024-12-15,,active
8882,6507,2,2024-08-15,,active
8883,6508,1,2024-10-15,,active
8884,6509,1,2024-09-18,,active
8885,6510,1,2024-06-05,2024-07-05,canceled
8886,6511,1,2022-09-07,2023-04-07,canceled
8887,6512,2,2024-08-21,2024-09-21,canceled
8888,6513,6,2024-09-15,,active
8889,6514,4,2024-08-11,,active
8890,6515,1,2024-02-22,2024-07-22,superseded
8891,6515,3,2024-07-22,2024-10-22,canceled
8892,6516,2,2023-08-06,2024-01-06,superseded
8893,6516,4,2024-01-06,2024-08-06,canceled
8894,6517,1,2024-09-09,2024-10-09,canceled
8895,6518,1,2024-07-24,2024-10-24,canceled
8896,6519,1,2024-12-20,,active
8897,6520,2,2023-05-10,2024-05-10,canceled
8898,6521,7,2023-08-06,2024-08-06,superseded
8899,6521,4,2024-08-06,,active
8900,6522,2,2023-07-06,,active
8901,6523,8,2024-08-25,,active
8902,6524,3,2023-06-11,2024-07-11,superseded
8903,6524,1,2024-07-11,,active
8904,6525,1,2022-10-08,2023-02-08,canceled
8905,6526,8,2024-12-26,,active
8906,6527,1,2022-04-01,2022-05-01,canceled
8907,6527,3,2023-04-01,2023-12-01,canceled
8908,6527,1,2024-05-01,2024-10-01,canceled
8909,6528,3,2024-09-06,,active
8910,6529,1,2023-11-15,2024-05-15,canceled
8911,6530,8,2024-09-20,,active
8912,6531,6,2024-03-14,,active
8913,6532,3,2024-10-04,,active
8914,6533,6,2024-11-13,,active
8915,6534,2,2022-02-27,2022-07-27,canceled
8916,6535,2,2022-11-12,,active
8917,6536,3,2023-09-08,2024-09-08,canceled
8918,6537,1,2024-06-25,2024-09-25,superseded
8919,6537,2,2024-09-25,,active
8920,6538,2,2024-10-02,,active
8921,6539,5,2024-01-19,,active
8922,6540,6,2024-04-08,2024-07-08,canceled
8923,6541,7,2023-06-01,2023-12-01,canceled
8924,6541,1,2024-02-01,2024-11-01,canceled
8925,6541,7,2024-12-01,,active
8926,6542,1,2024-09-21,2024-10-21,canceled
8927,6543,1,2024-11-27,,active
8928,6544,2,2023-09-23,,active
8929,6545,1,2024-02-20,2024-05-20,canceled
8930,6546,4,2023-01-20,2023-07-20,superseded
8931,6546,7,2023-07-20,2023-10-20,superseded
8932,6546,8,2023-10-20,2023-12-20,superseded
8933,6546,7,2023-12-20,2024-07-20,superseded
8934,6546,5,2024-07-20,,active
8935,6547,1,2024-03-26,2024-06-26,superseded
8936,6547,3,2024-06-26,,active
8937,6548,4,2024-02-05,2024-03-05,superseded
8938,6548,3,2024-03-05,2024-04-05,canceled
8939,6549,4,2023-04-21,2024-07-21,canceled
8940,6549,8,2024-08-21,2024-11-21,superseded
8941,6549,6,2024-11-21,,active
8942,6550,2,2024-01-03,2024-09-03,canceled
8943,6551,2,2023-10-10,2024-01-10,canceled
8944,6552,1,2024-03-04,2024-09-04,canceled
8945,6553,2,2024-04-22,2024-12-22,canceled
8946,6554,6,2022-02-22,2023-05-22,superseded
8947,6554,8,2023-05-22,2023-12-22,superseded
8948,6554,6,2023-12-22,,active
8949,6555,4,2024-08-23,,active
8950,6556,2,2024-06-16,2024-08-16,canceled
8951,6557,4,2023-11-01,,active
8952,6558,8,2022-09-23,,active
8953,6559,8,2024-07-22,,active
8954,6560,2,2024-11-05,,active
8955,6561,1,2023-08-21,2023-09-21,canceled
8956,6561,5,2024-05-21,,active
8957,6562,1,2023-10-21,2024-05-21,canceled
8958,6563,1,2023-06-08,2023-12-08,canceled
8959,6564,2,2024-04-18,2024-07-18,superseded
8960,6564,1,2024-07-18,,active
8961,6565,4,2023-05-13,2023-07-13,canceled
8962,6566,4,2023-11-17,2024-01-17,canceled
8963,6566,6,2024-09-17,,active
8964,6567,2,2024-06-03,,active
8965,6568,4,2024-03-01,,active
8966,6569,4,2023-12-27,,active
8967,6570,2,2024-01-18,2024-04-18,canceled
8968,6571,1,2024-03-23,,active
8969,6572,1,2022-01-12,2022-06-12,canceled
8970,6572,1,2023-04-12,2023-06-12,superseded
8971,6572,2,2023-06-12,2023-11-12,superseded
8972,6572,5,2023-11-12,,active
8973,6573,1,2022-12-13,2023-04-13,superseded
8974,6573,2,2023-04-13,2023-11-13,canceled
8975,6574,4,2024-10-31,2024-11-30,canceled
8976,6575,6,2022-12-18,2023-11-18,superseded
8977,6575,5,2023-11-18,2024-02-18,canceled
8978,6576,3,2024-06-19,,active
8979,6577,1,2024-11-30,2024-12-30,canceled
8980,6578,3,2023-09-09,2023-12-09,superseded
8981,6578,5,2023-12-09,,active
8982,6579,3,2023-11-12,2023-12-12,superseded
8983,6579,5,2023-12-12,,active
8984,6580,4,2024-04-14,2024-05-14,superseded
8985,6580,2,2024-05-14,2024-11-14,superseded
8986,6580,5,2024-11-14,,active
8987,6581,5,2024-10-29,,active
8988,6582,1,2024-11-09,,active
8989,6583,2,2024-07-30,2024-08-30,superseded
8990,6583,1,2024-08-30,,active
8991,6584,4,2023-01-13,2023-09-13,superseded
8992,6584,2,2023-09-13,2023-12-13,superseded
8993,6584,1,2023-12-13,2024-06-13,canceled
8994,6585,4,2024-06-14,2024-12-14,superseded
8995,6585,3,2024-12-14,,active
8996,6586,1,2024-01-14,2024-05-14,canceled
8997,6587,8,2024-02-10,,active
8998,6588,6,2022-08-14,2023-08-14,superseded
8999,6588,8,2023-08-14,2023-10-14,superseded
9000,6588,7,2023-10-14,,active
9001,6589,1,2023-06-19,2023-08-19,canceled
9002,6589,1,2024-04-19,2024-06-19,canceled
9003,6590,6,2024-08-18,,active
9004,6591,1,2024-01-22,2024-03-22,canceled
9005,6592,6,2023-10-15,2023-11-15,canceled
9006,6593,1,2023-12-31,2024-02-29,canceled
9007,6593,2,2024-10-29,,active
9008,6594,4,2024-09-15,,active
9009,6595,1,2024-07-09,,active
9010,6596,2,2023-09-10,2024-01-10,canceled
9011,6597,5,2023-03-01,2024-12-01,superseded
9012,6597,6,2024-12-01,,active
9013,6598,1,2023-09-16,2023-12-16,canceled
9014,6599,1,2024-11-28,,active
9015,6600,1,2024-04-30,2024-09-30,superseded
9016,6600,2,2024-09-30,,active
9017,6601,1,2024-03-28,,active
9018,6602,1,2024-04-10,2024-06-10,canceled
9019,6603,1,2023-11-08,2024-02-08,superseded
9020,6603,3,2024-02-08,,active
9021,6604,5,2024-09-15,,active
9022,6605,1,2024-03-31,2024-05-30,canceled
9023,6605,4,2024-07-30,2024-12-30,superseded
9024,6605,2,2024-12-30,,active
9025,6606,4,2023-03-24,,active
9026,6607,6,2023-04-23,2024-12-23,superseded
9027,6607,8,2024-12-23,,active
9028,6608,1,2024-03-13,2024-08-13,canceled
9029,6609,5,2024-11-13,,active
9030,6610,7,2023-10-28,,active
9031,6611,2,2024-10-07,2024-11-07,canceled
9032,6612,8,2024-08-26,,active
9033,6613,3,2023-08-02,2023-09-02,canceled
9034,6613,1,2024-06-02,,active
9035,6614,1,2022-06-17,2022-12-17,superseded
9036,6614,3,2022-12-17,2023-04-17,canceled
9037,6614,1,2024-04-17,2024-10-17,superseded
9038,6614,3,2024-10-17,,active
9039,6615,7,2023-02-25,2023-10-25,canceled
9040,6616,4,2024-07-25,,active
9041,6617,2,2023-07-13,2024-08-13,canceled
9042,6618,3,2023-11-23,2023-12-23,superseded
9043,6618,4,2023-12-23,2024-06-23,canceled
9044,6619,1,2024-02-21,2024-03-21,canceled
9045,6620,8,2024-07-11,,active
9046,6621,5,2023-03-29,,active
9047,6622,2,2023-12-18,2024-11-18,superseded
9048,6622,5,2024-11-18,,active
9049,6623,3,2024-02-23,,active
9050,6624,5,2024-03-09,,active
9051,6625,1,2024-09-19,2024-11-19,canceled
9052,6626,2,2023-06-29,2024-03-29,superseded
9053,6626,5,2024-03-29,2024-12-29,superseded
9054,6626,3,2024-12-29,,active
9055,6627,4,2024-09-10,,active
9056,6628,1,2024-06-17,,active
9057,6629,1,2024-03-18,2024-04-18,superseded
9058,6629,2,2024-04-18,2024-12-18,canceled
9059,6630,1,2024-06-17,2024-10-17,canceled
9060,6631,4,2024-01-10,,active
9061,6632,4,2023-04-09,2023-08-09,superseded
9062,6632,7,2023-08-09,2024-07-09,superseded
9063,6632,5,2024-07-09,,active
9064,6633,5,2024-05-17,2024-09-17,canceled
9065,6634,1,2024-03-07,2024-08-07,canceled
9066,6635,2,2024-05-21,2024-09-21,canceled
9067,6636,1,2023-10-17,2024-03-17,canceled
9068,6636,1,2024-08-17,,active
9069,6637,8,2024-10-04,,active
9070,6638,2,2024-04-10,2024-06-10,canceled
9071,6639,4,2023-01-18,,active
9072,6640,2,2024-01-02,2024-03-02,superseded
9073,6640,1,2024-03-02,,active
9074,6641,4,2024-07-04,,active
9075,6642,2,2024-08-21,,active
9076,6643,3,2024-02-03,2024-09-03,canceled
9077,6644,1,2024-10-26,,active
9078,6645,1,2023-09-19,2024-06-19,canceled
9079,6646,3,2024-01-19,2024-07-19,canceled
9080,6647,1,2024-10-06,,active
9081,6648,1,2024-10-11,,active
9082,6649,5,2024-06-07,2024-11-07,canceled
9083,6650,2,2024-09-03,,active
9084,6651,4,2023-01-05,2024-02-05,canceled
9085,6652,2,2024-10-08,2024-12-08,canceled
9086,6653,1,2023-10-06,2023-11-06,canceled
9087,6654,3,2023-06-04,2023-10-04,superseded
9088,6654,1,2023-10-04,2023-12-04,canceled
9089,6655,2,2023-08-18,2024-06-18,canceled
9090,6656,8,2024-01-09,,active
9091,6657,2,2023-09-28,2023-12-28,superseded
9092,6657,5,2023-12-28,2024-07-28,superseded
9093,6657,6,2024-07-28,,active
9094,6658,6,2023-10-01,2023-11-01,superseded
9095,6658,8,2023-11-01,2024-01-01,superseded
9096,6658,6,2024-01-01,2024-04-01,superseded
9097,6658,8,2024-04-01,2024-08-01,superseded
9098,6658,7,2024-08-01,,active
9099,6659,1,2023-04-29,2023-11-29,canceled
9100,6660,3,2023-10-14,2024-08-14,superseded
9101,6660,5,2024-08-14,,active
9102,6661,2,2024-04-11,2024-08-11,canceled
9103,6662,5,2024-01-02,2024-10-02,canceled
9104,6663,1,2023-11-10,2024-01-10,canceled
9105,6663,1,2024-07-10,2024-11-10,canceled
9106,6664,2,2024-07-18,2024-11-18,canceled
9107,6665,7,2024-10-18,,active
9108,6666,1,2024-07-24,,active
9109,6667,4,2023-10-08,2024-05-08,superseded
9110,6667,6,2024-05-08,2024-12-08,canceled
9111,6668,5,2024-07-16,,active
9112,6669,1,2023-05-31,2023-11-30,canceled
9113,6670,1,2023-04-10,2023-08-10,canceled
9114,6671,4,2023-11-21,2024-01-21,superseded
9115,6671,3,2024-01-21,2024-06-21,superseded
9116,6671,1,2024-06-21,2024-11-21,canceled
9117,6672,4,2024-09-20,,active
9118,6673,1,2023-08-03,2024-10-03,canceled
9119,6674,1,2022-10-05,2023-02-05,superseded
9120,6674,3,2023-02-05,2023-08-05,superseded
9121,6674,1,2023-08-05,2024-07-05,canceled
9122,6674,7,2024-11-05,,active
9123,6675,2,2023-04-29,2023-07-29,superseded
9124,6675,1,2023-07-29,2023-08-29,superseded
9125,6675,2,2023-08-29,2023-11-29,canceled
9126,6676,4,2024-09-16,,active
9127,6677,1,2024-05-16,,active
9128,6678,3,2023-09-23,2024-08-23,superseded
9129,6678,1,2024-08-23,,active
9130,6679,2,2024-03-19,,active
9131,6680,1,2024-03-20,2024-10-20,canceled
9132,6681,3,2024-05-15,2024-12-15,superseded
9133,6681,4,2024-12-15,,active
9134,6682,2,2023-08-22,2023-11-22,canceled
9135,6683,2,2024-10-25,,active
9136,6684,1,2023-10-05,2024-07-05,canceled
9137,6685,1,2024-06-05,2024-09-05,canceled
9138,6686,1,2022-03-07,2022-04-07,canceled
9139,6686,3,2022-10-07,2024-05-07,superseded
9140,6686,4,2024-05-07,,active
9141,6687,1,2023-11-06,2024-01-06,canceled
9142,6688,1,2023-11-09,2024-02-09,superseded
9143,6688,2,2024-02-09,2024-12-09,canceled
9144,6689,6,2024-03-01,2024-07-01,superseded
9145,6689,4,2024-07-01,,active
9146,6690,1,2022-11-14,2023-02-14,canceled
9147,6691,1,2024-08-21,,active
9148,6692,1,2023-07-02,2024-01-02,canceled
9149,6692,4,2024-05-02,2024-06-02,superseded
9150,6692,6,2024-06-02,,active
9151,6693,1,2024-06-23,2024-08-23,canceled
9152,6694,2,2024-09-17,2024-11-17,canceled
9153,6695,1,2024-03-23,2024-10-23,canceled
9154,6696,2,2024-07-11,2024-10-11,superseded
9155,6696,4,2024-10-11,,active
9156,6697,5,2024-05-07,2024-10-07,superseded
9157,6697,7,2024-10-07,,active
9158,6698,2,2023-11-07,2024-07-07,canceled
9159,6699,1,2024-09-04,,active
9160,6700,3,2023-09-27,2023-10-27,superseded
9161,6700,1,2023-10-27,2023-12-27,canceled
9162,6701,1,2024-04-17,2024-07-17,canceled
9163,6702,1,2024-07-10,2024-09-10,superseded
9164,6702,3,2024-09-10,2024-11-10,superseded
9165,6702,5,2024-11-10,,active
9166,6703,4,2023-11-29,2024-09-29,superseded
9167,6703,6,2024-09-29,,active
9168,6704,2,2023-10-23,,active
9169,6705,4,2024-01-05,,active
9170,6706,2,2024-09-11,,active
9171,6707,5,2024-11-24,,active
9172,6708,2,2024-03-26,2024-10-26,canceled
9173,6709,3,2024-05-05,2024-06-05,superseded
9174,6709,5,2024-06-05,,active
9175,6710,2,2024-10-10,,active
9176,6711,1,2023-02-03,2023-03-03,canceled
9177,6711,1,2024-11-03,,active
9178,6712,5,2023-08-07,2024-04-07,canceled
9179,6713,1,2024-06-21,2024-08-21,canceled
9180,6714,1,2024-09-24,,active
9181,6715,3,2024-09-28,,active
9182,6716,1,2024-01-25,2024-08-25,canceled
9183,6717,6,2023-01-30,,active
9184,6718,2,2024-01-17,2024-02-17,superseded
9185,6718,4,2024-02-17,2024-11-17,canceled
9186,6719,5,2023-08-15,2024-04-15,canceled
9187,6720,1,2023-09-10,2024-11-10,superseded
9188,6720,3,2024-11-10,,active
9189,6721,3,2024-08-17,,active
9190,6722,3,2022-11-09,,active
9191,6723,7,2024-09-25,,active
9192,6724,6,2024-01-08,2024-09-08,superseded
9193,6724,8,2024-09-08,2024-12-08,canceled
9194,6725,1,2024-04-15,2024-09-15,canceled
9195,6726,2,2023-01-13,2024-10-13,superseded
9196,6726,5,2024-10-13,,active
9197,6727,1,2023-10-26,2023-11-26,canceled
9198,6727,2,2023-12-26,,active
9199,6728,8,2023-01-21,2023-05-21,superseded
9200,6728,6,2023-05-21,,active
9201,6729,1,2024-11-28,,active
9202,6730,3,2024-09-23,2024-10-23,canceled
9203,6731,3,2024-01-28,,active
9204,6732,1,2023-08-27,2024-03-27,superseded
9205,6732,2,2024-03-27,,active
9206,6733,1,2024-11-22,,active
9207,6734,4,2023-11-08,2024-05-08,superseded
9208,6734,6,2024-05-08,2024-06-08,superseded
9209,6734,4,2024-06-08,,active
9210,6735,2,2023-05-07,2023-11-07,canceled
9211,6736,3,2024-03-05,,active
9212,6737,5,2024-11-10,,active
9213,6738,4,2022-01-14,2022-03-14,canceled
9214,6738,1,2023-12-14,2024-01-14,superseded
9215,6738,2,2024-01-14,,active
9216,6739,1,2023-08-24,2024-02-24,canceled
9217,6740,1,2024-11-23,,active
9218,6741,1,2023-06-28,2023-09-28,canceled
9219,6742,6,2023-03-31,,active
9220,6743,2,2024-04-17,,active
9221,6744,8,2024-09-24,,active
9222,6745,2,2024-02-06,2024-03-06,superseded
9223,6745,4,2024-03-06,,active
9224,6746,1,2024-12-06,,active
9225,6747,4,2024-06-23,,active
9226,6748,2,2022-11-15,2023-07-15,canceled
9227,6749,1,2024-12-27,,active
9228,6750,6,2023-12-20,,active
9229,6751,1,2023-09-01,2024-04-01,canceled
9230,6752,1,2024-03-11,2024-05-11,canceled
9231,6753,1,2023-10-20,2023-11-20,canceled
9232,6754,1,2023-01-20,2023-03-20,canceled
9233,6754,5,2024-05-20,,active
9234,6755,6,2022-01-27,2022-02-27,canceled
9235,6755,4,2023-01-27,,active
9236,6756,1,2024-01-18,2024-06-18,superseded
9237,6756,2,2024-06-18,,active
9238,6757,5,2024-09-23,,active
9239,6758,3,2024-04-04,2024-06-04,canceled
9240,6759,1,2024-12-18,,active
9241,6760,1,2023-09-05,2024-01-05,canceled
9242,6761,1,2023-09-13,2024-05-13,canceled
9243,6762,1,2023-05-03,2023-12-03,canceled
9244,6763,3,2023-05-14,2023-10-14,canceled
9245,6764,2,2023-09-02,2024-12-02,superseded
9246,6764,5,2024-12-02,,active
9247,6765,8,2024-08-20,2024-09-20,superseded
9248,6765,6,2024-09-20,,active
9249,6766,1,2024-10-18,,active
9250,6767,3,2024-12-02,,active
9251,6768,3,2023-08-19,2023-10-19,superseded
9252,6768,4,2023-10-19,2024-02-19,canceled
9253,6769,2,2024-10-05,2024-12-05,superseded
9254,6769,5,2024-12-05,,active
9255,6770,2,2023-10-13,2024-04-13,canceled
9256,6770,1,2024-09-13,,active
9257,6771,1,2023-03-19,2023-08-19,canceled
9258,6771,1,2023-12-19,2024-01-19,canceled
9259,6772,3,2024-10-20,,active
9260,6773,6,2024-05-28,,active
9261,6774,4,2023-05-21,,active
9262,6775,1,2024-01-01,,active
9263,6776,1,2023-09-05,2024-02-05,canceled
9264,6776,3,2024-09-05,2024-11-05,superseded
9265,6776,1,2024-11-05,,active
9266,6777,1,2024-07-21,2024-11-21,canceled
9267,6778,1,2024-01-19,2024-09-19,canceled
9268,6779,1,2024-12-24,,active
9269,6780,1,2022-09-11,2023-12-11,canceled
9270,6781,8,2023-11-21,2024-06-21,superseded
9271,6781,6,2024-06-21,,active
9272,6782,2,2024-02-20,,active
9273,6783,1,2024-02-16,,active
9274,6784,3,2023-10-16,,active
9275,6785,2,2024-07-31,,active
9276,6786,1,2024-10-09,,active
9277,6787,4,2024-11-18,,active
9278,6788,3,2024-09-17,2024-11-17,canceled
9279,6789,1,2024-09-07,2024-11-07,canceled
9280,6790,2,2024-03-22,,active
9281,6791,3,2024-09-14,,active
9282,6792,4,2023-10-07,,active
9283,6793,1,2023-12-11,2024-01-11,canceled
9284,6794,6,2023-10-15,2023-11-15,canceled
9285,6795,1,2024-02-17,2024-07-17,canceled
9286,6796,5,2023-09-29,2024-09-29,canceled
9287,6796,4,2024-11-29,,active
9288,6797,1,2024-11-07,,active
9289,6798,6,2023-10-28,,active
9290,6799,3,2023-02-11,,active
9291,6800,1,2024-03-24,2024-05-24,canceled
9292,6801,1,2022-09-24,2023-07-24,canceled
9293,6802,3,2023-03-15,2024-06-15,canceled
9294,6803,1,2023-07-07,2024-03-07,superseded
9295,6803,2,2024-03-07,2024-05-07,superseded
9296,6803,4,2024-05-07,2024-09-07,canceled
9297,6804,2,2024-01-25,2024-04-25,canceled
9298,6805,2,2024-01-08,2024-10-08,canceled
9299,6806,2,2024-08-19,,active
9300,6807,3,2024-07-22,2024-09-22,canceled
9301,6808,1,2024-01-30,2024-02-29,canceled
9302,6809,2,2023-10-12,2024-02-12,canceled
9303,6810,7,2023-10-23,,active
9304,6811,1,2024-08-22,,active
9305,6812,2,2022-09-11,2024-06-11,canceled
9306,6813,3,2022-02-20,2023-03-20,superseded
9307,6813,4,2023-03-20,2023-04-20,superseded
9308,6813,2,2023-04-20,2023-08-20,canceled
9309,6814,2,2024-08-08,2024-09-08,superseded
9310,6814,1,2024-09-08,,active
9311,6815,8,2024-02-27,2024-06-27,superseded
9312,6815,6,2024-06-27,2024-12-27,superseded
9313,6815,4,2024-12-27,,active
9314,6816,6,2023-04-24,2023-11-24,superseded
9315,6816,8,2023-11-24,2024-01-24,canceled
9316,6817,4,2023-08-12,2024-03-12,canceled
9317,6818,1,2024-11-13,,active
9318,6819,3,2024-09-05,2024-11-05,canceled
9319,6820,1,2024-06-06,2024-07-06,canceled
9320,6821,2,2024-02-17,2024-06-17,canceled
9321,6822,1,2024-03-23,2024-06-23,superseded
9322,6822,2,2024-06-23,2024-07-23,superseded
9323,6822,5,2024-07-23,2024-10-23,superseded
9324,6822,7,2024-10-23,,active
9325,6823,1,2024-12-03,,active
9326,6824,1,2024-11-26,,active
9327,6825,6,2023-07-08,,active
9328,6826,3,2024-09-30,2024-11-30,canceled
9329,6827,1,2023-07-22,2024-02-22,canceled
9330,6828,4,2023-07-25,2023-09-25,superseded
9331,6828,6,2023-09-25,,active
9332,6829,1,2024-06-04,2024-11-04,canceled
9333,6830,3,2023-12-13,2024-06-13,superseded
9334,6830,5,2024-06-13,,active
9335,6831,1,2024-11-22,,active
9336,6832,2,2023-01-24,2024-02-24,superseded
9337,6832,1,2024-02-24,2024-03-24,canceled
9338,6833,5,2024-02-14,2024-06-14,superseded
9339,6833,6,2024-06-14,,active
9340,6834,3,2024-10-01,2024-12-01,canceled
9341,6835,1,2024-10-26,,active
9342,6836,1,2023-05-20,2023-12-20,canceled
9343,6837,2,2023-11-20,2024-03-20,superseded
9344,6837,5,2024-03-20,2024-05-20,superseded
9345,6837,2,2024-05-20,,active
9346,6838,1,2024-05-08,,active
9347,6839,6,2023-05-14,,active
9348,6840,4,2024-11-02,,active
9349,6841,2,2024-10-18,2024-12-18,superseded
9350,6841,1,2024-12-18,,active
9351,6842,5,2023-05-23,2024-08-23,canceled
9352,6843,1,2023-03-04,2023-06-04,canceled
9353,6843,3,2024-10-04,2024-12-04,canceled
9354,6844,4,2023-01-26,2023-05-26,canceled
9355,6845,2,2024-10-17,2024-11-17,canceled
9356,6846,1,2023-06-30,2023-10-30,canceled
9357,6847,1,2024-01-05,2024-07-05,canceled
9358,6848,3,2024-01-12,,active
9359,6849,4,2024-04-26,,active
9360,6850,1,2022-11-16,2023-09-16,canceled
9361,6851,5,2023-08-06,2024-11-06,canceled
9362,6852,1,2024-11-10,,active
9363,6853,3,2024-10-07,,active
9364,6854,6,2024-08-21,,active
9365,6855,1,2022-03-08,2023-07-08,superseded
9366,6855,3,2023-07-08,2024-09-08,canceled
9367,6856,5,2023-10-21,2023-12-21,superseded
9368,6856,6,2023-12-21,2024-04-21,superseded
9369,6856,5,2024-04-21,2024-08-21,canceled
9370,6857,1,2024-05-16,2024-06-16,canceled
9371,6858,4,2023-09-14,2024-03-14,canceled
9372,6859,4,2024-10-30,,active
9373,6860,1,2024-05-31,2024-07-30,canceled
9374,6861,2,2022-11-28,2024-03-28,superseded
9375,6861,4,2024-03-28,2024-05-28,superseded
9376,6861,6,2024-05-28,,active
9377,6862,1,2024-10-22,,active
9378,6863,4,2024-11-16,,active
9379,6864,3,2022-12-19,2024-05-19,canceled
9380,6865,1,2024-03-26,,active
9381,6866,2,2023-10-25,2024-04-25,superseded
9382,6866,1,2024-04-25,2024-05-25,canceled
9383,6867,4,2023-12-19,,active
9384,6868,5,2023-06-21,2023-11-21,canceled
9385,6869,3,2024-04-27,2024-10-27,canceled
9386,6870,2,2024-11-09,,active
9387,6871,1,2024-02-06,2024-07-06,canceled
9388,6872,5,2023-01-26,2024-01-26,superseded
9389,6872,2,2024-01-26,,active
9390,6873,4,2024-05-02,2024-06-02,superseded
9391,6873,6,2024-06-02,2024-07-02,superseded
9392,6873,8,2024-07-02,2024-09-02,superseded
9393,6873,7,2024-09-02,,active
9394,6874,2,2023-11-12,2024-10-12,canceled
9395,6875,1,2024-09-13,,active
9396,6876,4,2024-01-25,2024-06-25,superseded
9397,6876,6,2024-06-25,2024-08-25,canceled
9398,6877,6,2023-06-26,2024-03-26,canceled
9399,6878,5,2023-06-22,2023-07-22,superseded
9400,6878,6,2023-07-22,2023-12-22,superseded
9401,6878,4,2023-12-22,2024-05-22,superseded
9402,6878,2,2024-05-22,2024-12-22,canceled
9403,6879,1,2024-08-24,2024-11-24,canceled
9404,6880,1,2023-09-04,2023-11-04,canceled
9405,6881,4,2024-08-22,,active
9406,6882,2,2023-07-25,2024-01-25,canceled
9407,6883,5,2023-10-02,2024-03-02,superseded
9408,6883,7,2024-03-02,,active
9409,6884,7,2024-01-04,,active
9410,6885,5,2024-11-26,,active
9411,6886,2,2024-11-07,,active
9412,6887,3,2023-07-13,2024-08-13,superseded
9413,6887,4,2024-08-13,,active
9414,6888,6,2023-11-08,,active
9415,6889,4,2023-05-22,2023-11-22,superseded
9416,6889,6,2023-11-22,2024-04-22,canceled
9417,6890,1,2024-02-16,2024-04-16,canceled
9418,6891,3,2024-01-15,2024-07-15,superseded
9419,6891,5,2024-07-15,2024-12-15,canceled
9420,6892,1,2024-10-16,,active
9421,6893,1,2024-11-12,,active
9422,6894,4,2023-12-25,,active
9423,6895,1,2024-02-04,2024-03-04,canceled
9424,6896,2,2024-10-26,,active
9425,6897,1,2024-09-20,,active
9426,6898,1,2022-01-17,2024-04-17,canceled
9427,6899,1,2023-10-19,2024-02-19,canceled
9428,6900,2,2024-01-10,2024-04-10,canceled
9429,6901,4,2023-08-16,,active
9430,6902,2,2023-07-27,2024-07-27,canceled
9431,6903,1,2022-07-03,2023-04-03,canceled
9432,6903,1,2024-08-03,,active
9433,6904,6,2024-05-04,,active
9434,6905,1,2023-09-25,2024-05-25,canceled
9435,6906,1,2022-09-13,2022-11-13,canceled
9436,6906,3,2024-11-13,,active
9437,6907,2,2023-08-13,2024-02-13,superseded
9438,6907,4,2024-02-13,,active
9439,6908,1,2024-08-01,,active
9440,6909,1,2024-09-07,2024-12-07,superseded
9441,6909,2,2024-12-07,,active
9442,6910,2,2024-02-10,2024-04-10,canceled
9443,6911,1,2024-01-07,,active
9444,6912,2,2024-12-10,,active
9445,6913,1,2023-07-26,2024-08-26,canceled
9446,6914,4,2023-07-07,2024-01-07,canceled
9447,6915,6,2023-09-04,,active
9448,6916,4,2023-06-22,2024-01-22,canceled
9449,6916,2,2024-07-22,,active
9450,6917,2,2023-11-06,2024-04-06,superseded
9451,6917,1,2024-04-06,2024-08-06,superseded
9452,6917,2,2024-08-06,2024-12-06,superseded
9453,6917,4,2024-12-06,,active
9454,6918,1,2024-10-18,,active
9455,6919,2,2024-04-09,,active
9456,6920,6,2024-01-13,2024-03-13,superseded
9457,6920,4,2024-03-13,2024-05-13,superseded
9458,6920,6,2024-05-13,,active
9459,6921,2,2024-11-29,,active
9460,6922,2,2022-08-18,2023-10-18,superseded
9461,6922,5,2023-10-18,2024-04-18,canceled
9462,6923,1,2023-07-18,2023-08-18,superseded
9463,6923,2,2023-08-18,2023-12-18,canceled
9464,6924,5,2024-03-08,2024-12-08,superseded
9465,6924,7,2024-12-08,,active
9466,6925,1,2024-04-25,2024-07-25,canceled
9467,6926,2,2022-07-05,2022-08-05,superseded
9468,6926,4,2022-08-05,2024-12-05,superseded
9469,6926,6,2024-12-05,,active
9470,6927,5,2023-12-04,2024-02-04,superseded
9471,6927,2,2024-02-04,2024-10-04,canceled
9472,6928,1,2024-05-13,2024-10-13,canceled
9473,6929,7,2024-06-30,,active
9474,6930,1,2024-05-05,2024-06-05,canceled
9475,6931,2,2023-10-05,2023-12-05,superseded
9476,6931,1,2023-12-05,2024-06-05,superseded
9477,6931,3,2024-06-05,2024-10-05,canceled
9478,6932,5,2023-01-07,2023-02-07,canceled
9479,6932,1,2024-11-07,,active
9480,6933,4,2024-01-19,,active
9481,6934,6,2023-04-28,2024-10-28,canceled
9482,6935,5,2024-11-20,,active
9483,6936,1,2024-02-09,2024-11-09,canceled
9484,6937,2,2023-10-20,2024-06-20,superseded
9485,6937,5,2024-06-20,,active
9486,6938,8,2024-08-30,,active
9487,6939,1,2024-02-09,2024-12-09,canceled
9488,6940,1,2023-10-14,2023-12-14,canceled
9489,6941,5,2024-09-18,,active
9490,6942,1,2024-10-01,,active
9491,6943,4,2024-06-22,2024-11-22,superseded
9492,6943,2,2024-11-22,,active
9493,6944,2,2022-08-28,2023-09-28,canceled
9494,6945,2,2024-03-04,2024-09-04,canceled
9495,6946,1,2024-08-27,,active
9496,6947,5,2023-04-25,,active
9497,6948,1,2023-08-14,2024-03-14,canceled
9498,6948,6,2024-10-14,,active
9499,6949,1,2024-10-03,2024-11-03,canceled
9500,6950,1,2022-04-23,2022-08-23,canceled
9501,6951,1,2024-07-02,,active
9502,6952,1,2024-02-02,2024-04-02,canceled
9503,6953,1,2024-01-16,2024-03-16,superseded
9504,6953,2,2024-03-16,2024-05-16,canceled
9505,6954,1,2022-01-26,2023-11-26,canceled
9506,6955,3,2024-09-26,,active
9507,6956,1,2023-11-26,,active
9508,6957,3,2024-03-17,,active
9509,6958,1,2024-06-02,,active
9510,6959,2,2024-06-16,,active
9511,6960,1,2024-11-12,2024-12-12,canceled
9512,6961,2,2024-03-23,2024-04-23,superseded
9513,6961,4,2024-04-23,2024-07-23,superseded
9514,6961,3,2024-07-23,,active
9515,6962,4,2023-12-22,,active
9516,6963,8,2024-11-04,,active
9517,6964,1,2024-05-07,2024-08-07,canceled
9518,6965,1,2023-10-25,2024-05-25,canceled
9519,6966,1,2023-03-09,2023-07-09,canceled
9520,6967,4,2024-09-11,,active
9521,6968,1,2023-11-27,,active
9522,6969,2,2024-05-16,2024-09-16,canceled
9523,6970,4,2024-02-04,2024-06-04,canceled
9524,6971,1,2023-07-13,2023-08-13,canceled
9525,6972,2,2024-04-08,,active
9526,6973,2,2022-10-27,2023-11-27,superseded
9527,6973,1,2023-11-27,2024-08-27,canceled
9528,6973,1,2024-12-27,,active
9529,6974,8,2024-01-08,,active
9530,6975,2,2024-03-20,2024-06-20,canceled
9531,6976,2,2024-01-20,2024-10-20,canceled
9532,6977,1,2024-07-31,2024-08-31,canceled
9533,6978,1,2024-09-22,,active
9534,6979,3,2024-08-15,2024-10-15,superseded
9535,6979,4,2024-10-15,,active
9536,6980,1,2022-07-18,2023-06-18,canceled
9537,6981,1,2023-07-23,2023-09-23,canceled
9538,6982,6,2024-03-07,,active
9539,6983,4,2024-11-14,,active
9540,6984,1,2024-09-07,2024-12-07,canceled
9541,6985,2,2024-09-15,,active
9542,6986,2,2023-10-22,2024-01-22,superseded
9543,6986,4,2024-01-22,2024-12-22,superseded
9544,6986,6,2024-12-22,,active
9545,6987,2,2024-01-30,,active
9546,6988,1,2024-02-06,2024-11-06,canceled
9547,6989,1,2023-05-20,2023-11-20,canceled
9548,6990,1,2022-05-26,2022-12-26,canceled
9549,6990,1,2023-11-26,2023-12-26,canceled
9550,6991,1,2024-11-06,,active
9551,6992,2,2023-08-01,2023-10-01,canceled
9552,6993,1,2023-08-10,2023-09-10,canceled
9553,6994,7,2023-01-18,2024-09-18,superseded
9554,6994,8,2024-09-18,,active
9555,6995,8,2024-11-22,,active
9556,6996,2,2024-04-27,,active
9557,6997,7,2024-05-15,,active
9558,6998,1,2024-10-04,2024-11-04,superseded
9559,6998,3,2024-11-04,,active
9560,6999,1,2023-11-11,,active
9561,7000,2,2024-05-19,2024-07-19,canceled
9562,7001,7,2022-07-20,2022-10-20,superseded
9563,7001,4,2022-10-20,2024-11-20,superseded
9564,7001,3,2024-11-20,,active
9565,7002,1,2023-06-15,2023-10-15,canceled
9566,7003,2,2024-09-10,,active
9567,7004,2,2024-08-20,,active
9568,7005,1,2023-11-28,2024-03-28,canceled
9569,7006,2,2023-11-01,2024-04-01,canceled
9570,7006,1,2024-09-01,,active
9571,7007,6,2024-03-09,2024-06-09,superseded
9572,7007,8,2024-06-09,,active
9573,7008,2,2022-01-02,2022-12-02,superseded
9574,7008,4,2022-12-02,2024-08-02,superseded
9575,7008,6,2024-08-02,2024-10-02,superseded
9576,7008,8,2024-10-02,,active
9577,7009,1,2023-08-23,2024-07-23,canceled
9578,7010,6,2023-07-14,2024-03-14,canceled
9579,7010,1,2024-11-14,,active
9580,7011,2,2023-09-08,,active
9581,7012,1,2024-09-03,2024-11-03,canceled
9582,7013,1,2023-09-25,2023-12-25,canceled
9583,7013,1,2024-02-25,2024-03-25,canceled
9584,7014,5,2023-06-26,2024-03-26,superseded
9585,7014,6,2024-03-26,2024-11-26,superseded
9586,7014,8,2024-11-26,,active
9587,7015,7,2024-02-21,,active
9588,7016,8,2024-10-14,,active
9589,7017,5,2023-08-14,,active
9590,7018,3,2022-12-18,2023-10-18,superseded
9591,7018,4,2023-10-18,2024-03-18,canceled
9592,7019,1,2023-11-16,2024-08-16,canceled
9593,7020,1,2024-07-13,2024-11-13,superseded
9594,7020,2,2024-11-13,,active
9595,7021,1,2024-03-17,,active
9596,7022,1,2024-09-06,,active
9597,7023,1,2024-11-20,,active
9598,7024,1,2024-08-15,2024-11-15,superseded
9599,7024,3,2024-11-15,,active
9600,7025,3,2024-04-19,,active
9601,7026,7,2024-02-18,,active
9602,7027,5,2022-07-12,2023-04-12,canceled
9603,7027,2,2024-10-12,,active
9604,7028,3,2024-12-27,,active
9605,7029,2,2023-12-26,2024-06-26,canceled
9606,7030,1,2023-05-11,,active
9607,7031,1,2024-05-16,2024-12-16,canceled
9608,7032,3,2023-09-26,2023-10-26,superseded
9609,7032,1,2023-10-26,2024-04-26,canceled
9610,7033,1,2024-04-19,2024-07-19,canceled
9611,7034,1,2024-04-17,2024-05-17,canceled
9612,7035,1,2024-01-10,2024-07-10,canceled
9613,7036,3,2024-09-13,,active
9614,7037,1,2023-09-18,2024-03-18,canceled
9615,7037,1,2024-05-18,,active
9616,7038,4,2024-01-23,,active
9617,7039,1,2024-03-01,2024-08-01,superseded
9618,7039,2,2024-08-01,,active
9619,7040,2,2024-05-02,2024-06-02,canceled
9620,7041,1,2024-08-03,2024-10-03,canceled
9621,7042,2,2023-12-17,2024-06-17,superseded
9622,7042,4,2024-06-17,,active
9623,7043,4,2024-05-31,,active
9624,7044,4,2023-05-12,2024-07-12,superseded
9625,7044,7,2024-07-12,2024-11-12,superseded
9626,7044,4,2024-11-12,,active
9627,7045,8,2024-11-11,,active
9628,7046,7,2023-12-01,2024-06-01,superseded
9629,7046,8,2024-06-01,2024-11-01,superseded
9630,7046,6,2024-11-01,,active
9631,7047,1,2024-07-09,2024-08-09,canceled
9632,7048,1,2022-04-10,2023-01-10,canceled
9633,7048,1,2024-03-10,,active
9634,7049,2,2023-07-29,2024-02-29,superseded
9635,7049,4,2024-02-29,2024-05-29,canceled
9636,7050,2,2024-02-01,,active
9637,7051,1,2024-10-25,,active
9638,7052,1,2024-03-14,2024-12-14,canceled
9639,7053,5,2024-11-16,2024-12-16,canceled
9640,7054,2,2024-02-24,2024-11-24,superseded
9641,7054,4,2024-11-24,2024-12-24,canceled
9642,7055,1,2024-02-14,2024-09-14,superseded
9643,7055,2,2024-09-14,2024-10-14,canceled
9644,7056,1,2023-03-06,2023-12-06,superseded
9645,7056,2,2023-12-06,,active
9646,7057,6,2024-09-02,,active
9647,7058,5,2023-08-22,2024-06-22,superseded
9648,7058,2,2024-06-22,,active
9649,7059,4,2024-10-16,,active
9650,7060,2,2024-10-27,,active
9651,7061,6,2024-11-14,,active
9652,7062,4,2024-03-19,2024-04-19,canceled
9653,7063,1,2024-06-28,2024-08-28,canceled
9654,7064,2,2024-08-12,2024-09-12,superseded
9655,7064,1,2024-09-12,2024-11-12,canceled
9656,7065,5,2023-04-25,2023-07-25,superseded
9657,7065,2,2023-07-25,2024-01-25,canceled
9658,7066,1,2024-04-19,2024-10-19,superseded
9659,7066,2,2024-10-19,2024-12-19,canceled
9660,7067,3,2022-06-20,2022-07-20,canceled
9661,7068,1,2024-02-17,,active
9662,7069,2,2023-05-23,2023-09-23,canceled
9663,7070,2,2023-06-16,2024-01-16,superseded
9664,7070,1,2024-01-16,,active
9665,7071,1,2023-11-05,,active
9666,7072,1,2024-01-09,2024-03-09,canceled
9667,7072,2,2024-07-09,,active
9668,7073,1,2024-05-09,2024-07-09,canceled
9669,7074,2,2022-11-24,2024-08-24,canceled
9670,7075,1,2024-02-22,,active
9671,7076,2,2023-06-22,2024-01-22,canceled
9672,7077,6,2024-04-29,,active
9673,7078,1,2024-05-29,,active
9674,7079,5,2024-03-15,,active
9675,7080,3,2024-07-05,2024-11-05,canceled
9676,7081,3,2023-10-11,2024-09-11,canceled
9677,7082,2,2024-08-18,,active
9678,7083,1,2024-01-09,2024-03-09,canceled
9679,7083,2,2024-06-09,,active
9680,7084,1,2024-02-20,,active
9681,7085,1,2024-05-10,2024-10-10,canceled
9682,7086,1,2022-03-12,2022-12-12,superseded
9683,7086,2,2022-12-12,2023-04-12,canceled
9684,7087,3,2024-05-09,,active
9685,7088,1,2024-05-26,2024-07-26,canceled
9686,7089,1,2023-10-16,2023-11-16,canceled
9687,7090,1,2023-01-31,2023-09-28,canceled
9688,7091,1,2023-01-10,2023-02-10,canceled
9689,7092,5,2024-11-03,,active
9690,7093,1,2024-06-25,2024-07-25,canceled
9691,7094,4,2023-03-02,2023-12-02,superseded
9692,7094,6,2023-12-02,,active
9693,7095,1,2023-11-24,2023-12-24,canceled
9694,7096,6,2024-04-24,,active
9695,7097,2,2024-09-09,,active
9696,7098,1,2022-08-11,2023-07-11,superseded
9697,7098,2,2023-07-11,2023-09-11,canceled
9698,7099,3,2023-08-31,2024-05-29,canceled
9699,7100,1,2024-10-31,,active
9700,7101,6,2022-02-22,2022-12-22,canceled
9701,7102,1,2023-07-15,2024-05-15,canceled
9702,7102,3,2024-11-15,,active
9703,7103,1,2024-11-03,,active
9704,7104,4,2024-04-25,,active
9705,7105,5,2023-09-20,,active
9706,7106,2,2022-11-24,2024-01-24,superseded
9707,7106,4,2024-01-24,2024-02-24,superseded
9708,7106,2,2024-02-24,2024-06-24,superseded
9709,7106,1,2024-06-24,2024-09-24,canceled
9710,7107,2,2022-05-18,2023-06-18,superseded
9711,7107,5,2023-06-18,,active
9712,7108,1,2023-08-24,2024-06-24,canceled
9713,7109,2,2024-10-14,,active
9714,7110,4,2024-01-14,2024-10-14,canceled
9715,7111,5,2024-07-14,,active
9716,7112,2,2024-10-15,,active
9717,7113,4,2023-12-28,,active
9718,7114,2,2023-06-23,2023-09-23,canceled
9719,7115,2,2024-02-12,2024-09-12,superseded
9720,7115,1,2024-09-12,,active
9721,7116,3,2024-10-01,2024-12-01,superseded
9722,7116,4,2024-12-01,,active
9723,7117,1,2024-09-06,,active
9724,7118,1,2022-10-06,2023-02-06,superseded
9725,7118,2,2023-02-06,2023-04-06,superseded
9726,7118,4,2023-04-06,,active
9727,7119,3,2024-06-10,,active
9728,7120,1,2024-04-22,2024-08-22,canceled
9729,7121,7,2024-10-05,,active
9730,7122,2,2023-03-29,2023-09-29,superseded
9731,7122,1,2023-09-29,2024-03-29,canceled
9732,7123,2,2024-03-16,2024-08-16,canceled
9733,7124,1,2024-10-19,,active
9734,7125,1,2024-01-17,2024-11-17,canceled
9735,7126,2,2024-02-10,,active
9736,7127,3,2022-11-09,2023-02-09,canceled
9737,7127,1,2024-02-09,,active
9738,7128,2,2023-09-28,2024-07-28,canceled
9739,7129,1,2023-10-17,2024-05-17,canceled
9740,7130,1,2024-11-03,,active
9741,7131,2,2023-09-28,,active
9742,7132,1,2024-01-16,2024-06-16,canceled
9743,7133,5,2024-06-07,2024-09-07,superseded
9744,7133,6,2024-09-07,,active
9745,7134,1,2023-05-01,,active
9746,7135,2,2024-02-29,2024-04-29,canceled
9747,7136,1,2024-07-27,,active
9748,7137,3,2024-10-17,,active
9749,7138,1,2024-05-04,2024-09-04,canceled
9750,7139,2,2024-06-20,2024-09-20,superseded
9751,7139,4,2024-09-20,,active
9752,7140,6,2023-03-10,2023-08-10,canceled
9753,7141,1,2024-11-30,,active
9754,7142,1,2023-04-11,2024-03-11,canceled
9755,7143,2,2024-08-28,,active
9756,7144,7,2023-09-06,2024-12-06,superseded
9757,7144,5,2024-12-06,,active
9758,7145,1,2024-11-19,,active
9759,7146,1,2024-07-03,,active
9760,7147,2,2024-07-02,,active
9761,7148,2,2023-07-09,2023-09-09,superseded
9762,7148,4,2023-09-09,,active
9763,7149,3,2024-01-20,2024-06-20,superseded
9764,7149,5,2024-06-20,2024-11-20,canceled
9765,7150,1,2024-05-04,2024-10-04,canceled
9766,7151,1,2024-08-24,,active
9767,7152,1,2023-02-27,2023-03-27,canceled
9768,7152,1,2024-12-27,,active
9769,7153,1,2024-11-17,,active
9770,7154,1,2024-10-03,,active
9771,7155,1,2023-09-07,2024-09-07,canceled
9772,7156,2,2024-09-12,2024-10-12,superseded
9773,7156,4,2024-10-12,,active
9774,7157,1,2024-03-08,,active
9775,7158,3,2024-01-01,2024-07-01,canceled
9776,7158,1,2024-08-01,,active
9777,7159,1,2023-10-04,2023-11-04,superseded
9778,7159,2,2023-11-04,,active
9779,7160,1,2024-04-14,2024-05-14,superseded
9780,7160,2,2024-05-14,2024-06-14,canceled
9781,7161,5,2024-07-11,,active
9782,7162,5,2024-01-14,2024-11-14,superseded
9783,7162,6,2024-11-14,,active
9784,7163,6,2024-05-29,,active
9785,7164,7,2024-06-06,,active
9786,7165,2,2024-06-20,,active
9787,7166,2,2022-09-02,2023-05-02,superseded
9788,7166,1,2023-05-02,2023-06-02,canceled
9789,7166,3,2023-12-02,,active
9790,7167,5,2024-09-30,,active
9791,7168,4,2024-01-04,,active
9792,7169,2,2023-09-13,2024-01-13,canceled
9793,7170,8,2023-08-25,2024-03-25,superseded
9794,7170,6,2024-03-25,,active
9795,7171,2,2024-02-21,2024-07-21,canceled
9796,7171,5,2024-10-21,,active
9797,7172,1,2024-10-24,,active
9798,7173,3,2023-11-17,2024-07-17,superseded
9799,7173,4,2024-07-17,2024-11-17,superseded
9800,7173,7,2024-11-17,,active
9801,7174,2,2024-07-26,,active
9802,7175,4,2023-02-21,2023-04-21,superseded
9803,7175,6,2023-04-21,2024-06-21,superseded
9804,7175,4,2024-06-21,2024-10-21,canceled
9805,7175,5,2024-11-21,,active
9806,7176,1,2024-02-13,2024-04-13,canceled
9807,7177,1,2024-12-09,,active
9808,7178,3,2024-08-24,,active
9809,7179,4,2023-07-22,2023-10-22,superseded
9810,7179,6,2023-10-22,2024-07-22,superseded
9811,7179,8,2024-07-22,2024-12-22,superseded
9812,7179,6,2024-12-22,,active
9813,7180,8,2024-02-21,,active
9814,7181,5,2023-08-21,2024-04-21,superseded
9815,7181,7,2024-04-21,,active
9816,7182,4,2024-01-01,2024-02-01,canceled
9817,7183,2,2024-08-28,,active
9818,7184,5,2024-08-05,,active
9819,7185,1,2023-08-04,2023-11-04,canceled
9820,7186,2,2024-11-06,,active
9821,7187,2,2024-04-17,2024-09-17,superseded
9822,7187,5,2024-09-17,,active
9823,7188,3,2023-11-30,2024-01-30,canceled
9824,7189,1,2024-02-01,2024-06-01,canceled
9825,7190,8,2024-04-06,2024-05-06,superseded
9826,7190,6,2024-05-06,2024-11-06,canceled
9827,7191,2,2024-03-14,,active
9828,7192,1,2024-02-09,,active
9829,7193,3,2024-02-20,,active
9830,7194,3,2023-06-09,2023-08-09,canceled
9831,7194,1,2024-07-09,2024-09-09,superseded
9832,7194,2,2024-09-09,,active
9833,7195,3,2024-09-19,,active
9834,7196,4,2024-03-09,,active
9835,7197,5,2023-04-21,2023-12-21,canceled
9836,7198,2,2024-08-17,,active
9837,7199,1,2024-11-15,,active
9838,7200,6,2024-11-30,,active
9839,7201,1,2023-11-07,,active
9840,7202,1,2023-04-05,2023-06-05,canceled
9841,7202,2,2024-06-05,,active
9842,7203,3,2024-03-29,,active
9843,7204,1,2023-03-07,2023-05-07,canceled
9844,7205,1,2024-11-27,,active
9845,7206,7,2023-06-29,2023-08-29,superseded
9846,7206,4,2023-08-29,2023-09-29,canceled
9847,7207,2,2023-09-17,,active
9848,7208,3,2023-12-24,2024-05-24,superseded
9849,7208,4,2024-05-24,,active
9850,7209,2,2023-12-25,,active
9851,7210,1,2024-08-23,,active
9852,7211,6,2024-01-25,2024-05-25,canceled
9853,7212,2,2023-06-02,2024-01-02,superseded
9854,7212,5,2024-01-02,,active
9855,7213,3,2023-09-18,2024-05-18,canceled
9856,7214,1,2024-02-24,2024-06-24,canceled
9857,7215,2,2023-05-19,,active
9858,7216,1,2024-04-13,2024-05-13,canceled
9859,7217,1,2024-03-17,2024-08-17,canceled
9860,7218,8,2024-07-24,,active
9861,7219,2,2024-11-23,,active
9862,7220,1,2024-10-25,,active
9863,7221,8,2024-11-28,,active
9864,7222,3,2023-08-18,2024-07-18,canceled
9865,7223,1,2023-04-07,2023-06-07,canceled
9866,7224,1,2023-10-29,2024-02-29,canceled
9867,7224,2,2024-09-29,,active
9868,7225,1,2024-10-10,,active
9869,7226,4,2024-12-14,,active
9870,7227,3,2024-09-13,,active
9871,7228,4,2023-02-09,2024-04-09,superseded
9872,7228,3,2024-04-09,2024-06-09,canceled
9873,7229,2,2024-11-16,,active
9874,7230,4,2024-01-07,2024-04-07,superseded
9875,7230,6,2024-04-07,2024-09-07,canceled
9876,7231,1,2022-02-22,2022-10-22,canceled
9877,7232,4,2024-01-30,2024-02-29,canceled
9878,7232,1,2024-04-29,2024-10-29,canceled
9879,7233,2,2022-08-23,2024-09-23,superseded
9880,7233,1,2024-09-23,2024-12-23,superseded
9881,7233,2,2024-12-23,,active
9882,7234,1,2024-03-03,2024-11-03,canceled
9883,7235,8,2023-10-22,2024-10-22,superseded
9884,7235,6,2024-10-22,,active
9885,7236,6,2024-02-11,,active
9886,7237,4,2024-04-26,2024-09-26,canceled
9887,7238,1,2024-10-08,,active
9888,7239,1,2024-05-03,2024-11-03,canceled
9889,7240,8,2024-01-29,,active
9890,7241,2,2024-09-14,2024-10-14,canceled
9891,7242,5,2024-10-02,,active
9892,7243,1,2023-03-27,2023-06-27,canceled
9893,7243,2,2023-09-27,2024-04-27,superseded
9894,7243,4,2024-04-27,2024-09-27,canceled
9895,7244,4,2024-03-07,2024-04-07,superseded
9896,7244,6,2024-04-07,,active
9897,7245,1,2023-09-19,2023-10-19,canceled
9898,7246,4,2022-08-09,2023-02-09,superseded
9899,7246,2,2023-02-09,2023-03-09,superseded
9900,7246,4,2023-03-09,,active
9901,7247,2,2024-06-26,2024-12-26,canceled
9902,7248,5,2024-09-06,,active
9903,7249,3,2023-05-21,2023-07-21,superseded
9904,7249,4,2023-07-21,2023-09-21,canceled
9905,7250,2,2024-09-02,,active
9906,7251,4,2024-09-02,,active
9907,7252,1,2024-10-10,,active
9908,7253,3,2023-09-28,2024-05-28,superseded
9909,7253,1,2024-05-28,2024-08-28,superseded
9910,7253,2,2024-08-28,,active
9911,7254,2,2024-10-29,,active
9912,7255,6,2023-10-04,2023-12-04,superseded
9913,7255,8,2023-12-04,,active
9914,7256,1,2024-03-29,2024-08-29,superseded
9915,7256,2,2024-08-29,,active
9916,7257,1,2022-09-13,2023-04-13,canceled
9917,7258,2,2022-08-09,2022-12-09,canceled
9918,7259,1,2024-07-23,2024-09-23,canceled
9919,7260,8,2024-01-24,,active
9920,7261,5,2023-09-10,2024-03-10,superseded
9921,7261,7,2024-03-10,2024-04-10,superseded
9922,7261,4,2024-04-10,2024-05-10,canceled
9923,7262,2,2023-06-05,2023-10-05,superseded
9924,7262,4,2023-10-05,2024-01-05,superseded
9925,7262,7,2024-01-05,2024-09-05,superseded
9926,7262,8,2024-09-05,,active
9927,7263,1,2024-06-15,2024-11-15,canceled
9928,7264,3,2022-01-17,2022-04-17,canceled
9929,7265,2,2024-09-29,,active
9930,7266,4,2022-12-29,,active
9931,7267,6,2023-06-18,,active
9932,7268,1,2023-12-11,2024-04-11,canceled
9933,7269,1,2024-02-06,,active
9934,7270,2,2023-11-20,2024-03-20,superseded
9935,7270,4,2024-03-20,2024-06-20,superseded
9936,7270,2,2024-06-20,2024-12-20,canceled
9937,7271,1,2023-10-10,2024-01-10,canceled
9938,7272,4,2024-11-25,,active
9939,7273,4,2024-05-03,,active
9940,7274,3,2022-04-04,2022-07-04,canceled
9941,7274,8,2023-02-04,2024-03-04,superseded
9942,7274,6,2024-03-04,,active
9943,7275,1,2024-01-12,2024-07-12,canceled
9944,7276,2,2024-10-10,,active
9945,7277,2,2023-10-11,2024-01-11,superseded
9946,7277,1,2024-01-11,2024-06-11,canceled
9947,7278,1,2023-01-20,2023-10-20,canceled
9948,7278,1,2024-04-20,2024-08-20,canceled
9949,7279,4,2024-08-08,2024-11-08,superseded
9950,7279,2,2024-11-08,,active
9951,7280,4,2024-04-16,2024-12-16,canceled
9952,7281,1,2024-04-25,2024-11-25,canceled
9953,7282,3,2022-09-12,2023-04-12,canceled
9954,7283,7,2023-04-26,2023-09-26,superseded
9955,7283,8,2023-09-26,,active
9956,7284,8,2024-05-25,2024-11-25,superseded
9957,7284,6,2024-11-25,2024-12-25,superseded
9958,7284,8,2024-12-25,,active
9959,7285,1,2023-07-11,2024-01-11,canceled
9960,7285,2,2024-02-11,2024-10-11,canceled
9961,7286,5,2024-02-05,,active
9962,7287,8,2024-03-20,,active
9963,7288,2,2023-09-23,2024-07-23,canceled
9964,7289,2,2024-11-12,,active
9965,7290,1,2024-09-22,,active
9966,7291,1,2024-07-09,2024-09-09,canceled
9967,7292,1,2022-12-20,2023-05-20,canceled
9968,7293,3,2023-02-22,2023-03-22,canceled
9969,7294,2,2024-02-12,,active
9970,7295,1,2023-05-13,2024-04-13,canceled
9971,7296,1,2024-12-31,,active
9972,7297,1,2023-05-18,2023-09-18,canceled
9973,7298,2,2024-02-20,2024-08-20,canceled
9974,7299,2,2023-11-18,,active
9975,7300,4,2024-05-27,,active
9976,7301,1,2023-04-27,2023-05-27,superseded
9977,7301,2,2023-05-27,2023-11-27,canceled
9978,7302,5,2024-01-16,,active
9979,7303,1,2023-09-13,2023-10-13,canceled
9980,7304,2,2024-10-25,,active
9981,7305,1,2022-07-07,2023-01-07,canceled
9982,7305,1,2024-03-07,2024-11-07,canceled
9983,7306,1,2024-10-21,2024-11-21,canceled
9984,7307,1,2024-09-10,,active
9985,7308,8,2023-10-19,2024-04-19,superseded
9986,7308,6,2024-04-19,2024-05-19,superseded
9987,7308,4,2024-05-19,,active
9988,7309,1,2024-08-09,2024-09-09,canceled
9989,7309,2,2024-11-09,,active
9990,7310,2,2022-05-24,2023-12-24,canceled
9991,7311,1,2024-11-10,,active
9992,7312,2,2024-03-11,2024-04-11,canceled
9993,7313,6,2023-10-31,,active
9994,7314,1,2023-11-04,2024-03-04,canceled
9995,7315,1,2022-10-04,2023-06-04,superseded
9996,7315,2,2023-06-04,,active
9997,7316,3,2024-12-01,,active
9998,7317,4,2022-07-24,2023-05-24,superseded
9999,7317,2,2023-05-24,2023-07-24,superseded
10000,7317,5,2023-07-24,,active
10001,7318,4,2024-05-21,2024-11-21,superseded
10002,7318,6,2024-11-21,,active
10003,7319,4,2024-01-23,2024-06-23,canceled
10004,7320,1,2024-11-22,,active
10005,7321,1,2023-08-24,2024-07-24,canceled
10006,7322,8,2024-03-22,,active
10007,7323,3,2024-02-15,2024-12-15,canceled
10008,7324,7,2024-06-26,2024-11-26,canceled
10009,7325,5,2022-11-22,2023-07-22,canceled
10010,7326,5,2023-06-02,2024-02-02,superseded
10011,7326,6,2024-02-02,,active
10012,7327,2,2023-07-18,2024-07-18,superseded
10013,7327,1,2024-07-18,2024-09-18,canceled
10014,7328,1,2024-07-08,2024-08-08,superseded
10015,7328,2,2024-08-08,2024-09-08,superseded
10016,7328,4,2024-09-08,,active
10017,7329,3,2023-06-20,2024-04-20,canceled
10018,7330,2,2024-04-15,,active
10019,7331,3,2023-07-10,2024-01-10,superseded
10020,7331,1,2024-01-10,2024-09-10,canceled
10021,7332,3,2024-09-22,,active
10022,7333,3,2024-11-24,2024-12-24,canceled
10023,7334,2,2024-03-03,,active
10024,7335,2,2023-11-07,2024-01-07,superseded
10025,7335,4,2024-01-07,2024-06-07,superseded
10026,7335,7,2024-06-07,,active
10027,7336,3,2023-08-01,,active
10028,7337,3,2022-09-08,2024-09-08,superseded
10029,7337,1,2024-09-08,2024-11-08,superseded
10030,7337,2,2024-11-08,,active
10031,7338,2,2023-09-12,2024-08-12,canceled
10032,7339,5,2024-05-17,2024-06-17,superseded
10033,7339,6,2024-06-17,,active
10034,7340,2,2024-03-22,,active
10035,7341,3,2024-11-19,,active
10036,7342,6,2023-12-05,2024-12-05,canceled
10037,7343,4,2024-06-14,,active
10038,7344,2,2024-02-22,2024-04-22,canceled
10039,7345,3,2024-02-03,2024-04-03,canceled
10040,7345,2,2024-10-03,,active
10041,7346,2,2023-09-06,2024-05-06,canceled
10042,7346,1,2024-06-06,,active
10043,7347,2,2024-01-16,,active
10044,7348,6,2024-02-05,,active
10045,7349,2,2024-06-13,,active
10046,7350,3,2024-11-09,,active
10047,7351,4,2023-10-23,2024-05-23,canceled
10048,7352,5,2022-07-09,2022-11-09,canceled
10049,7352,2,2023-04-09,2023-08-09,canceled
10050,7353,2,2024-02-26,,active
10051,7354,1,2024-03-29,2024-04-29,canceled
10052,7355,1,2023-05-15,2023-12-15,canceled
10053,7356,8,2024-08-05,2024-10-05,superseded
10054,7356,6,2024-10-05,,active
10055,7357,2,2024-12-18,,active
10056,7358,5,2024-11-24,,active
10057,7359,7,2023-07-25,,active
10058,7360,2,2024-10-09,,active
10059,7361,2,2024-06-03,2024-09-03,canceled
10060,7362,1,2024-01-11,2024-09-11,canceled
10061,7363,4,2024-03-06,2024-12-06,superseded
10062,7363,6,2024-12-06,,active
10063,7364,1,2024-09-01,,active
10064,7365,1,2024-02-13,2024-04-13,canceled
10065,7366,2,2023-11-24,2024-02-24,canceled
10066,7367,2,2024-02-16,2024-09-16,superseded
10067,7367,1,2024-09-16,2024-11-16,canceled
10068,7368,4,2024-04-15,,active
10069,7369,2,2023-06-16,2023-07-16,canceled
10070,7370,4,2024-10-21,,active
10071,7371,6,2024-06-02,,active
10072,7372,1,2024-05-18,,active
10073,7373,4,2023-02-27,2023-11-27,canceled
10074,7374,2,2024-04-22,,active
10075,7375,2,2023-03-26,2024-01-26,superseded
10076,7375,5,2024-01-26,,active
10077,7376,1,2022-12-04,2023-05-04,canceled
10078,7377,1,2024-03-23,,active
10079,7378,3,2023-12-01,2024-02-01,superseded
10080,7378,5,2024-02-01,2024-07-01,superseded
10081,7378,6,2024-07-01,,active
10082,7379,6,2024-04-19,,active
10083,7380,1,2023-01-16,2023-06-16,canceled
10084,7380,3,2024-01-16,,active
10085,7381,2,2024-01-27,2024-12-27,superseded
10086,7381,4,2024-12-27,,active
10087,7382,1,2023-06-15,2024-03-15,superseded
10088,7382,2,2024-03-15,2024-08-15,superseded
10089,7382,5,2024-08-15,,active
10090,7383,2,2024-12-28,,active
10091,7384,3,2024-03-18,2024-09-18,canceled
10092,7385,2,2024-06-15,2024-11-15,superseded
10093,7385,4,2024-11-15,,active
10094,7386,4,2023-10-08,2024-12-08,canceled
10095,7387,8,2023-01-24,2024-08-24,superseded
10096,7387,7,2024-08-24,,active
10097,7388,2,2024-12-13,,active
10098,7389,1,2023-09-19,2024-02-19,canceled
10099,7390,1,2024-01-17,2024-06-17,canceled
10100,7391,6,2024-05-05,,active
10101,7392,1,2022-04-25,2024-02-25,superseded
10102,7392,3,2024-02-25,2024-12-25,superseded
10103,7392,4,2024-12-25,,active
10104,7393,1,2024-09-27,2024-10-27,canceled
10105,7394,1,2024-03-03,2024-05-03,canceled
10106,7395,6,2023-09-26,,active
10107,7396,1,2022-10-30,2022-12-30,canceled
10108,7397,1,2023-05-23,2024-04-23,canceled
10109,7398,7,2024-10-03,,active
10110,7399,4,2024-06-05,,active
10111,7400,4,2023-08-11,2024-10-11,superseded
10112,7400,6,2024-10-11,,active
10113,7401,1,2022-10-16,2023-04-16,canceled
10114,7401,7,2023-10-16,2024-09-16,superseded
10115,7401,8,2024-09-16,,active
10116,7402,3,2024-06-26,2024-08-26,superseded
10117,7402,4,2024-08-26,,active
10118,7403,1,2024-04-30,2024-10-30,superseded
10119,7403,3,2024-10-30,2024-11-30,canceled
10120,7404,7,2023-12-07,2024-01-07,superseded
10121,7404,8,2024-01-07,,active
10122,7405,4,2023-11-02,,active
10123,7406,8,2023-07-30,2023-12-30,superseded
10124,7406,6,2023-12-30,2024-01-30,canceled
10125,7407,1,2024-06-13,2024-10-13,canceled
10126,7408,2,2024-12-21,,active
10127,7409,8,2023-06-13,,active
10128,7410,1,2024-04-25,2024-06-25,canceled
10129,7411,1,2024-01-14,2024-03-14,canceled
10130,7412,2,2024-01-10,,active
10131,7413,1,2023-09-30,2023-12-30,canceled
10132,7413,1,2024-06-29,,active
10133,7414,6,2024-09-22,,active
10134,7415,8,2024-02-16,,active
10135,7416,2,2024-03-09,,active
10136,7417,4,2023-10-24,,active
10137,7418,2,2023-06-29,2024-08-29,superseded
10138,7418,1,2024-08-29,2024-09-29,canceled
10139,7419,4,2023-01-25,,active
10140,7420,1,2024-06-28,,active
10141,7421,1,2023-07-15,2023-09-15,canceled
10142,7421,2,2024-06-15,2024-12-15,superseded
10143,7421,5,2024-12-15,,active
10144,7422,4,2024-06-03,,active
10145,7423,1,2023-12-28,2024-07-28,canceled
10146,7424,6,2024-01-25,,active
10147,7425,2,2024-02-19,2024-04-19,superseded
10148,7425,5,2024-04-19,,active
10149,7426,1,2023-11-27,2024-12-27,canceled
10150,7427,1,2023-02-19,2024-04-19,superseded
10151,7427,3,2024-04-19,2024-09-19,canceled
10152,7428,4,2023-10-10,2024-04-10,superseded
10153,7428,6,2024-04-10,2024-09-10,superseded
10154,7428,8,2024-09-10,2024-10-10,superseded
10155,7428,6,2024-10-10,,active
10156,7429,1,2024-05-05,2024-08-05,superseded
10157,7429,3,2024-08-05,,active
10158,7430,1,2024-05-13,,active
10159,7431,1,2023-09-09,2023-12-09,canceled
10160,7432,7,2024-01-19,2024-12-19,superseded
10161,7432,4,2024-12-19,,active
10162,7433,1,2023-06-13,2023-09-13,canceled
10163,7434,1,2023-07-27,2023-09-27,canceled
10164,7434,1,2023-11-27,2024-01-27,canceled
10165,7435,2,2022-04-06,2022-06-06,canceled
10166,7436,2,2024-10-14,,active
10167,7437,1,2023-07-26,2023-09-26,canceled
10168,7437,4,2023-12-26,2024-10-26,canceled
10169,7438,1,2023-08-15,2023-10-15,superseded
10170,7438,2,2023-10-15,2024-04-15,canceled
10171,7439,1,2023-09-12,2024-07-12,canceled
10172,7440,4,2023-04-19,,active
10173,7441,1,2024-05-16,2024-12-16,canceled
10174,7442,4,2022-11-25,2024-01-25,canceled
10175,7443,1,2023-04-02,2023-05-02,canceled
10176,7444,4,2024-05-04,,active
10177,7445,3,2023-11-22,,active
10178,7446,4,2024-06-21,,active
10179,7447,6,2024-03-07,,active
10180,7448,2,2023-09-05,2023-10-05,canceled
10181,7449,1,2024-05-09,,active
10182,7450,1,2023-03-29,2023-04-29,canceled
10183,7450,1,2024-03-29,2024-08-29,canceled
10184,7451,6,2024-03-19,2024-12-19,superseded
10185,7451,8,2024-12-19,,active
10186,7452,2,2024-01-30,2024-05-29,canceled
10187,7453,4,2023-09-07,2023-10-07,superseded
10188,7453,6,2023-10-07,,active
10189,7454,7,2024-04-25,,active
10190,7455,8,2024-10-11,,active
10191,7456,2,2024-12-26,,active
10192,7457,4,2024-04-29,2024-08-29,superseded
10193,7457,7,2024-08-29,,active
10194,7458,1,2023-12-25,2024-04-25,canceled
10195,7459,1,2023-08-19,2024-06-19,canceled
10196,7460,1,2023-09-01,2023-11-01,canceled
10197,7460,1,2024-02-01,,active
10198,7461,1,2024-02-29,,active
10199,7462,1,2023-11-15,2024-04-15,canceled
10200,7463,3,2024-10-12,,active
10201,7464,2,2023-11-14,2024-01-14,superseded
10202,7464,4,2024-01-14,2024-02-14,superseded
10203,7464,3,2024-02-14,2024-06-14,canceled
10204,7465,8,2023-11-13,,active
10205,7466,6,2023-12-19,2024-04-19,canceled
10206,7467,2,2024-09-03,,active
10207,7468,2,2024-05-20,,active
10208,7469,6,2024-04-14,,active
10209,7470,3,2023-10-22,2024-06-22,canceled
10210,7471,6,2024-09-25,,active
10211,7472,1,2022-07-07,2022-10-07,canceled
10212,7473,1,2024-10-06,,active
10213,7474,1,2024-02-06,2024-08-06,canceled
10214,7475,2,2023-12-19,2024-04-19,canceled
10215,7476,2,2024-02-08,2024-09-08,superseded
10216,7476,4,2024-09-08,2024-11-08,canceled
10217,7477,3,2024-06-01,,active
10218,7478,5,2022-02-02,2023-07-02,canceled
10219,7479,3,2024-10-03,,active
10220,7480,1,2024-01-24,2024-09-24,canceled
10221,7481,6,2023-11-29,2024-05-29,canceled
10222,7482,1,2023-04-03,2023-10-03,canceled
10223,7483,2,2024-01-22,2024-06-22,superseded
10224,7483,1,2024-06-22,2024-08-22,canceled
10225,7484,1,2024-02-09,2024-09-09,canceled
10226,7485,1,2023-12-21,2024-02-21,canceled
10227,7486,1,2024-06-13,,active
10228,7487,1,2024-01-06,,active
10229,7488,1,2024-11-02,2024-12-02,canceled
10230,7489,1,2024-04-24,2024-10-24,canceled
10231,7489,3,2024-11-24,,active
10232,7490,1,2024-09-01,,active
10233,7491,2,2023-02-05,2024-07-05,canceled
10234,7492,1,2023-12-18,2024-05-18,superseded
10235,7492,2,2024-05-18,,active
10236,7493,2,2023-10-03,2024-07-03,canceled
10237,7494,6,2024-04-05,2024-12-05,canceled
10238,7495,1,2024-09-24,2024-10-24,canceled
10239,7496,4,2022-12-20,2023-02-20,superseded
10240,7496,6,2023-02-20,2023-04-20,superseded
10241,7496,8,2023-04-20,2023-08-20,superseded
10242,7496,6,2023-08-20,,active
10243,7497,1,2022-11-24,2022-12-24,canceled
10244,7498,3,2024-09-28,2024-12-28,superseded
10245,7498,1,2024-12-28,,active
10246,7499,4,2023-07-05,2024-06-05,superseded
10247,7499,6,2024-06-05,,active
10248,7500,7,2024-06-28,,active
10249,7501,1,2024-03-05,,active
10250,7502,1,2024-09-15,2024-12-15,canceled
10251,7503,4,2023-03-28,2024-04-28,canceled
10252,7504,6,2023-04-06,,active
10253,7505,1,2024-03-31,2024-07-30,canceled
10254,7506,2,2024-11-04,,active
10255,7507,4,2024-01-21,,active
10256,7508,1,2023-10-01,2024-02-01,canceled
10257,7509,6,2024-04-15,,active
10258,7510,2,2024-11-10,,active
10259,7511,1,2024-09-27,2024-10-27,canceled
10260,7512,4,2024-12-12,,active
10261,7513,1,2022-04-23,2022-05-23,superseded
10262,7513,2,2022-05-23,2022-11-23,canceled
10263,7513,7,2023-08-23,,active
10264,7514,1,2023-03-31,2023-12-30,canceled
10265,7515,3,2024-04-25,,active
10266,7516,6,2024-09-16,,active
10267,7517,1,2023-09-21,2024-11-21,canceled
10268,7518,1,2023-08-10,2023-09-10,superseded
10269,7518,2,2023-09-10,2023-10-10,superseded
10270,7518,1,2023-10-10,2023-12-10,superseded
10271,7518,2,2023-12-10,,active
10272,7519,1,2024-08-20,2024-11-20,canceled
10273,7520,4,2022-09-11,2024-07-11,canceled
10274,7521,2,2023-11-08,2024-03-08,superseded
10275,7521,1,2024-03-08,2024-07-08,superseded
10276,7521,2,2024-07-08,,active
10277,7522,8,2024-02-27,,active
10278,7523,1,2024-03-26,2024-04-26,canceled
10279,7524,5,2024-07-21,,active
10280,7525,8,2023-11-14,,active
10281,7526,1,2024-04-19,2024-07-19,canceled
10282,7526,4,2024-12-19,,active
10283,7527,6,2024-04-12,,active
10284,7528,1,2024-03-29,,active
10285,7529,1,2024-05-23,2024-12-23,canceled
10286,7530,2,2023-09-05,2024-03-05,superseded
10287,7530,1,2024-03-05,2024-06-05,canceled
10288,7531,2,2023-01-08,2023-05-08,superseded
10289,7531,5,2023-05-08,2024-04-08,superseded
10290,7531,7,2024-04-08,,active
10291,7532,1,2023-03-09,2023-11-09,canceled
10292,7533,2,2023-08-04,2023-09-04,superseded
10293,7533,5,2023-09-04,2024-08-04,superseded
10294,7533,6,2024-08-04,,active
10295,7534,1,2024-02-23,,active
10296,7535,2,2024-09-13,,active
10297,7536,1,2024-06-28,2024-10-28,canceled
10298,7537,6,2024-08-29,2024-12-29,superseded
10299,7537,8,2024-12-29,,active
10300,7538,2,2023-11-30,2024-12-29,canceled
10301,7539,4,2023-12-20,,active
10302,7540,4,2023-12-10,2024-02-10,superseded
10303,7540,3,2024-02-10,,active
10304,7541,8,2023-06-27,2024-11-27,superseded
10305,7541,6,2024-11-27,,active
10306,7542,4,2022-10-20,2024-11-20,canceled
10307,7543,1,2024-04-26,2024-09-26,canceled
10308,7544,5,2024-12-08,,active
10309,7545,4,2023-05-14,2023-08-14,canceled
10310,7546,6,2022-08-24,,active
10311,7547,1,2024-08-24,,active
10312,7548,1,2023-09-02,2024-11-02,canceled
10313,7549,3,2024-09-27,,active
10314,7550,1,2024-06-10,2024-10-10,canceled
10315,7551,7,2024-11-27,,active
10316,7552,2,2023-12-31,2024-01-31,canceled
10317,7552,6,2024-06-29,,active
10318,7553,1,2024-05-08,,active
10319,7554,1,2024-01-24,2024-03-24,canceled
10320,7555,1,2024-05-31,,active
10321,7556,4,2024-01-08,2024-02-08,superseded
10322,7556,6,2024-02-08,2024-03-08,superseded
10323,7556,5,2024-03-08,2024-08-08,superseded
10324,7556,7,2024-08-08,,active
10325,7557,2,2023-06-19,2024-05-19,superseded
10326,7557,1,2024-05-19,2024-07-19,canceled
10327,7558,2,2024-02-07,2024-04-07,superseded
10328,7558,1,2024-04-07,,active
10329,7559,1,2024-03-26,2024-07-26,superseded
10330,7559,2,2024-07-26,2024-08-26,canceled
10331,7559,1,2024-12-26,,active
10332,7560,2,2024-09-18,,active
10333,7561,1,2024-07-27,,active
10334,7562,6,2024-05-08,2024-09-08,superseded
10335,7562,8,2024-09-08,2024-11-08,superseded
10336,7562,6,2024-11-08,,active
10337,7563,1,2023-03-08,2023-09-08,canceled
10338,7564,1,2024-07-06,,active
10339,7565,4,2024-02-06,2024-05-06,canceled
10340,7566,1,2024-10-01,,active
10341,7567,5,2024-11-27,,active
10342,7568,1,2022-09-02,2022-11-02,canceled
10343,7569,3,2024-09-08,,active
10344,7570,4,2022-07-16,2022-08-16,canceled
10345,7570,1,2024-10-16,2024-12-16,canceled
10346,7571,1,2023-11-18,2024-04-18,superseded
10347,7571,2,2024-04-18,,active
10348,7572,7,2024-03-31,,active
10349,7573,2,2023-05-05,2023-07-05,superseded
10350,7573,4,2023-07-05,2024-06-05,superseded
10351,7573,6,2024-06-05,2024-11-05,superseded
10352,7573,8,2024-11-05,,active
10353,7574,1,2024-07-10,2024-10-10,canceled
10354,7575,1,2022-02-19,2022-05-19,canceled
10355,7575,2,2022-09-19,2023-06-19,canceled
10356,7575,5,2024-04-19,,active
10357,7576,1,2023-05-03,2023-09-03,superseded
10358,7576,3,2023-09-03,2023-12-03,superseded
10359,7576,4,2023-12-03,2024-08-03,canceled
10360,7577,1,2024-04-02,2024-06-02,superseded
10361,7577,2,2024-06-02,2024-10-02,superseded
10362,7577,1,2024-10-02,2024-11-02,canceled
10363,7578,1,2024-06-03,2024-12-03,superseded
10364,7578,2,2024-12-03,,active
10365,7579,1,2024-10-29,,active
10366,7580,3,2024-06-08,2024-07-08,superseded
10367,7580,4,2024-07-08,2024-11-08,canceled
10368,7581,5,2024-06-30,2024-11-30,superseded
10369,7581,7,2024-11-30,,active
10370,7582,8,2023-12-16,2024-03-16,canceled
10371,7583,6,2022-01-11,2022-11-11,superseded
10372,7583,8,2022-11-11,2024-10-11,superseded
10373,7583,7,2024-10-11,,active
10374,7584,2,2023-03-13,2023-07-13,canceled
10375,7585,1,2024-03-21,2024-05-21,canceled
10376,7586,1,2024-06-01,2024-11-01,canceled
10377,7587,1,2024-01-05,2024-02-05,canceled
10378,7588,3,2024-07-18,,active
10379,7589,1,2024-03-08,2024-08-08,canceled
10380,7589,1,2024-10-08,,active
10381,7590,6,2022-11-15,2024-05-15,superseded
10382,7590,8,2024-05-15,,active
10383,7591,2,2023-06-05,2024-05-05,superseded
10384,7591,5,2024-05-05,,active
10385,7592,2,2024-09-17,,active
10386,7593,2,2024-07-15,,active
10387,7594,3,2024-10-07,,active
10388,7595,2,2023-03-17,2024-02-17,superseded
10389,7595,4,2024-02-17,2024-05-17,superseded
10390,7595,6,2024-05-17,2024-07-17,superseded
10391,7595,8,2024-07-17,,active
10392,7596,4,2024-12-02,,active
10393,7597,1,2023-07-24,2023-08-24,superseded
10394,7597,3,2023-08-24,2024-06-24,canceled
10395,7598,1,2022-02-05,2022-07-05,canceled
10396,7598,1,2022-11-05,2024-09-05,canceled
10397,7599,6,2024-12-04,,active
10398,7600,6,2023-09-29,,active
10399,7601,5,2024-06-18,,active
10400,7602,4,2023-06-23,2023-12-23,superseded
10401,7602,6,2023-12-23,,active
10402,7603,2,2024-04-22,,active
10403,7604,6,2024-10-12,,active
10404,7605,1,2023-10-13,2024-04-13,canceled
10405,7606,2,2024-06-16,,active
10406,7607,1,2023-06-05,2024-07-05,superseded
10407,7607,3,2024-07-05,,active
10408,7608,3,2024-05-21,2024-06-21,superseded
10409,7608,4,2024-06-21,2024-10-21,superseded
10410,7608,6,2024-10-21,,active
10411,7609,4,2023-10-28,2024-06-28,superseded
10412,7609,7,2024-06-28,,active
10413,7610,1,2023-07-07,2024-08-07,canceled
10414,7611,1,2023-10-08,2024-03-08,canceled
10415,7612,4,2023-06-18,2023-10-18,superseded
10416,7612,6,2023-10-18,,active
10417,7613,8,2024-10-31,,active
10418,7614,5,2023-12-19,2024-01-19,superseded
10419,7614,6,2024-01-19,,active
10420,7615,3,2023-08-10,2024-03-10,superseded
10421,7615,4,2024-03-10,2024-11-10,superseded
10422,7615,3,2024-11-10,,active
10423,7616,1,2024-01-03,2024-04-03,superseded
10424,7616,2,2024-04-03,,active
10425,7617,5,2023-10-31,2024-06-29,superseded
10426,7617,2,2024-06-29,,active
10427,7618,1,2024-07-15,,active
10428,7619,1,2024-12-16,,active
10429,7620,1,2024-01-14,2024-03-14,superseded
10430,7620,2,2024-03-14,2024-09-14,superseded
10431,7620,5,2024-09-14,,active
10432,7621,2,2024-09-27,2024-10-27,superseded
10433,7621,5,2024-10-27,,active
10434,7622,1,2024-03-25,2024-05-25,canceled
10435,7622,1,2024-07-25,,active
10436,7623,1,2023-05-15,2023-09-15,canceled
10437,7624,1,2024-06-02,2024-08-02,canceled
10438,7625,1,2024-02-14,,active
10439,7626,1,2024-05-16,2024-06-16,canceled
10440,7627,2,2024-10-22,,active
10441,7628,4,2024-01-16,,active
10442,7629,1,2024-10-04,2024-11-04,canceled
10443,7630,2,2024-07-01,2024-08-01,canceled
10444,7631,6,2024-02-05,2024-12-05,canceled
10445,7632,1,2024-04-11,2024-06-11,canceled
10446,7632,1,2024-08-11,,active
10447,7633,1,2023-10-19,2024-02-19,canceled
10448,7634,3,2024-12-02,,active
10449,7635,2,2024-06-07,,active
10450,7636,2,2022-08-08,2023-04-08,canceled
10451,7637,1,2023-10-04,2023-12-04,canceled
10452,7637,2,2024-02-04,2024-11-04,canceled
10453,7638,5,2024-05-25,2024-06-25,canceled
10454,7639,2,2022-09-02,2023-01-02,superseded
10455,7639,1,2023-01-02,2023-02-02,canceled
10456,7640,1,2022-04-11,2022-09-11,canceled
10457,7640,6,2024-05-11,,active
10458,7641,1,2024-01-01,,active
10459,7642,1,2023-10-15,2024-01-15,canceled
10460,7643,1,2024-01-11,,active
10461,7644,1,2023-09-17,2024-07-17,superseded
10462,7644,2,2024-07-17,2024-11-17,canceled
10463,7645,1,2023-05-17,2023-07-17,canceled
10464,7645,1,2023-10-17,2024-05-17,canceled
10465,7646,6,2024-06-05,2024-07-05,superseded
10466,7646,5,2024-07-05,,active
10467,7647,1,2024-02-01,2024-06-01,superseded
10468,7647,2,2024-06-01,,active
10469,7648,1,2023-07-29,2023-12-29,superseded
10470,7648,2,2023-12-29,,active
10471,7649,1,2023-10-15,2024-08-15,superseded
10472,7649,2,2024-08-15,,active
10473,7650,2,2024-04-06,2024-12-06,superseded
10474,7650,1,2024-12-06,,active
10475,7651,2,2022-11-24,2024-10-24,canceled
10476,7652,2,2023-05-28,2023-09-28,canceled
10477,7653,2,2022-11-30,2023-03-28,canceled
10478,7654,1,2024-09-02,2024-11-02,canceled
10479,7655,4,2024-07-07,,active
10480,7656,1,2024-07-25,2024-12-25,canceled
10481,7657,4,2024-07-18,,active
10482,7658,2,2024-06-05,2024-11-05,canceled
10483,7659,1,2024-02-26,2024-10-26,canceled
10484,7660,1,2024-05-05,,active
10485,7661,3,2022-07-23,2023-01-23,canceled
10486,7662,2,2024-05-13,2024-11-13,superseded
10487,7662,1,2024-11-13,,active
10488,7663,2,2024-08-08,2024-12-08,canceled
10489,7664,6,2024-02-03,2024-07-03,canceled
10490,7665,1,2023-11-02,2024-02-02,canceled
10491,7666,2,2023-09-19,2023-10-19,canceled
10492,7667,1,2024-05-20,,active
10493,7668,2,2024-06-13,,active
10494,7669,1,2024-10-26,,active
10495,7670,2,2023-11-04,,active
10496,7671,4,2024-08-20,,active
10497,7672,6,2024-03-31,,active
10498,7673,1,2024-10-24,2024-11-24,canceled
10499,7674,7,2024-03-07,2024-07-07,superseded
10500,7674,8,2024-07-07,,active
10501,7675,2,2024-03-03,2024-05-03,superseded
10502,7675,1,2024-05-03,,active
10503,7676,1,2024-04-04,2024-05-04,canceled
10504,7677,1,2024-07-21,2024-09-21,canceled
10505,7678,4,2024-11-30,,active
10506,7679,8,2022-11-21,2023-01-21,canceled
10507,7680,1,2022-09-10,2022-12-10,superseded
10508,7680,2,2022-12-10,2024-05-10,superseded
10509,7680,4,2024-05-10,,active
10510,7681,5,2024-11-01,,active
10511,7682,1,2024-03-29,,active
10512,7683,6,2024-04-17,,active
10513,7684,4,2024-02-04,,active
10514,7685,4,2023-01-13,2023-02-13,superseded
10515,7685,6,2023-02-13,2024-07-13,superseded
10516,7685,4,2024-07-13,2024-08-13,superseded
10517,7685,2,2024-08-13,,active
10518,7686,6,2024-08-05,,active
10519,7687,6,2024-07-09,,active
10520,7688,2,2023-10-08,2023-11-08,canceled
10521,7689,8,2023-10-09,,active
10522,7690,3,2024-09-17,,active
10523,7691,1,2022-11-20,2022-12-20,canceled
10524,7692,4,2024-10-20,,active
10525,7693,1,2023-09-10,2024-04-10,superseded
10526,7693,2,2024-04-10,2024-12-10,canceled
10527,7694,6,2024-04-06,2024-08-06,superseded
10528,7694,8,2024-08-06,,active
10529,7695,1,2024-11-03,2024-12-03,canceled
10530,7696,8,2024-06-30,,active
10531,7697,1,2024-01-02,2024-08-02,canceled
10532,7698,3,2024-06-21,2024-10-21,superseded
10533,7698,1,2024-10-21,2024-11-21,canceled
10534,7699,4,2023-11-11,,active
10535,7700,2,2023-09-01,2023-11-01,canceled
10536,7700,4,2024-05-01,,active
10537,7701,1,2024-12-13,,active
10538,7702,3,2024-07-25,2024-12-25,canceled
10539,7703,6,2024-05-09,,active
10540,7704,4,2023-11-29,,active
10541,7705,1,2022-09-02,2022-10-02,canceled
10542,7706,5,2022-05-25,2023-09-25,superseded
10543,7706,7,2023-09-25,2024-04-25,canceled
10544,7707,3,2024-03-28,2024-06-28,canceled
10545,7708,1,2024-08-10,,active
10546,7709,1,2024-03-30,2024-05-30,canceled
10547,7710,4,2024-09-29,,active
10548,7711,4,2022-06-14,2024-04-14,canceled
10549,7712,2,2023-11-01,2023-12-01,canceled
10550,7713,1,2023-08-03,2023-12-03,canceled
10551,7714,1,2024-01-19,,active
10552,7715,1,2022-11-22,2024-02-22,canceled
10553,7715,6,2024-09-22,,active
10554,7716,2,2024-11-14,,active
10555,7717,1,2023-08-06,2023-10-06,canceled
10556,7718,4,2024-11-22,,active
10557,7719,1,2024-01-08,2024-12-08,superseded
10558,7719,2,2024-12-08,,active
10559,7720,2,2024-12-10,,active
10560,7721,3,2024-03-13,2024-12-13,canceled
10561,7722,1,2024-11-13,,active
10562,7723,8,2022-01-21,2022-06-21,superseded
10563,7723,6,2022-06-21,2023-12-21,superseded
10564,7723,5,2023-12-21,2024-11-21,superseded
10565,7723,2,2024-11-21,,active
10566,7724,1,2024-07-07,2024-11-07,canceled
10567,7725,1,2024-10-23,2024-12-23,canceled
10568,7726,2,2023-04-24,2024-03-24,superseded
10569,7726,4,2024-03-24,,active
10570,7727,5,2023-02-26,2023-03-26,superseded
10571,7727,7,2023-03-26,2023-11-26,canceled
10572,7728,1,2024-01-28,2024-02-28,canceled
10573,7729,2,2024-11-05,,active
10574,7730,1,2024-03-15,,active
10575,7731,1,2024-03-30,2024-07-30,canceled
10576,7732,3,2023-04-04,2024-08-04,canceled
10577,7733,1,2022-01-15,2022-02-15,canceled
10578,7733,1,2022-03-15,2022-06-15,canceled
10579,7734,2,2024-09-18,,active
10580,7735,2,2023-01-11,2023-04-11,superseded
10581,7735,1,2023-04-11,2024-02-11,canceled
10582,7736,3,2024-05-04,,active
10583,7737,1,2024-10-26,,active
10584,7738,1,2023-07-12,2023-08-12,canceled
10585,7739,4,2024-05-27,,active
10586,7740,1,2022-12-04,2023-01-04,canceled
10587,7741,6,2024-04-11,,active
10588,7742,2,2023-05-20,,active
10589,7743,3,2024-07-23,,active
10590,7744,3,2023-10-13,2024-04-13,superseded
10591,7744,5,2024-04-13,2024-10-13,canceled
10592,7745,2,2024-01-12,2024-04-12,canceled
10593,7746,2,2024-04-02,,active
10594,7747,2,2023-06-02,2024-06-02,superseded
10595,7747,5,2024-06-02,,active
10596,7748,2,2024-07-26,2024-09-26,superseded
10597,7748,1,2024-09-26,2024-12-26,canceled
10598,7749,4,2023-10-03,2024-06-03,canceled
10599,7750,1,2024-05-28,2024-08-28,canceled
10600,7751,2,2023-05-09,2023-06-09,superseded
10601,7751,4,2023-06-09,,active
10602,7752,1,2024-06-03,,active
10603,7753,1,2023-04-02,2023-09-02,canceled
10604,7754,1,2024-01-25,2024-07-25,canceled
10605,7754,5,2024-09-25,,active
10606,7755,2,2023-08-13,2024-06-13,canceled
10607,7755,3,2024-10-13,,active
10608,7756,4,2024-07-22,2024-09-22,canceled
10609,7757,7,2023-09-28,,active
10610,7758,4,2024-10-07,,active
10611,7759,2,2024-10-04,2024-11-04,superseded
10612,7759,4,2024-11-04,,active
10613,7760,1,2023-07-31,2023-08-31,canceled
10614,7760,1,2023-12-30,2024-10-29,superseded
10615,7760,2,2024-10-29,,active
10616,7761,1,2024-04-29,,active
10617,7762,2,2023-01-03,,active
10618,7763,6,2023-12-17,2024-02-17,canceled
10619,7763,1,2024-11-17,2024-12-17,canceled
10620,7764,2,2024-06-07,,active
10621,7765,1,2024-05-27,,active
10622,7766,7,2024-05-21,2024-07-21,superseded
10623,7766,5,2024-07-21,2024-12-21,superseded
10624,7766,7,2024-12-21,,active
10625,7767,1,2023-09-05,,active
10626,7768,4,2023-11-21,2024-06-21,canceled
10627,7769,1,2023-02-11,2023-04-11,superseded
10628,7769,3,2023-04-11,2023-05-11,canceled
10629,7769,2,2024-03-11,2024-09-11,canceled
10630,7770,1,2024-07-28,,active
10631,7771,7,2024-02-05,,active
10632,7772,1,2024-06-19,,active
10633,7773,1,2023-08-05,2023-09-05,canceled
10634,7773,4,2024-07-05,,active
10635,7774,1,2023-10-21,,active
10636,7775,8,2023-10-06,2024-03-06,superseded
10637,7775,7,2024-03-06,,active
10638,7776,2,2022-05-09,2024-04-09,canceled
10639,7777,3,2023-11-28,2024-08-28,canceled
10640,7778,3,2024-09-20,,active
10641,7779,6,2024-10-17,,active
10642,7780,1,2024-03-24,2024-06-24,superseded
10643,7780,2,2024-06-24,,active
10644,7781,5,2024-01-14,,active
10645,7782,3,2022-05-03,2022-08-03,canceled
10646,7783,1,2024-10-14,,active
10647,7784,2,2022-02-11,2022-04-11,canceled
10648,7784,1,2022-06-11,2022-10-11,canceled
10649,7785,2,2024-11-11,,active
10650,7786,1,2024-02-23,2024-06-23,canceled
10651,7787,2,2023-11-29,2024-01-29,canceled
10652,7788,1,2024-11-20,,active
10653,7789,2,2022-04-23,2022-08-23,canceled
10654,7790,4,2024-04-13,2024-08-13,superseded
10655,7790,6,2024-08-13,,active
10656,7791,4,2024-03-06,2024-08-06,superseded
10657,7791,2,2024-08-06,,active
10658,7792,2,2023-07-01,2023-12-01,superseded
10659,7792,1,2023-12-01,2024-07-01,canceled
10660,7792,3,2024-08-01,2024-12-01,superseded
10661,7792,1,2024-12-01,,active
10662,7793,1,2024-01-03,2024-06-03,canceled
10663,7793,6,2024-08-03,2024-11-03,superseded
10664,7793,4,2024-11-03,,active
10665,7794,7,2024-05-12,,active
10666,7795,3,2024-07-15,2024-09-15,superseded
10667,7795,5,2024-09-15,,active
10668,7796,1,2022-01-26,2022-06-26,canceled
10669,7797,1,2024-11-16,,active
10670,7798,4,2023-05-19,2024-08-19,canceled
10671,7799,1,2023-08-15,2023-12-15,canceled
10672,7800,7,2023-09-22,,active
10673,7801,1,2022-07-01,2023-02-01,canceled
10674,7802,8,2023-03-12,2024-01-12,superseded
10675,7802,6,2024-01-12,2024-02-12,canceled
10676,7803,3,2024-12-04,,active
10677,7804,6,2023-10-24,,active
10678,7805,1,2023-03-01,2023-05-01,canceled
10679,7805,3,2024-12-01,,active
10680,7806,1,2023-02-02,2023-10-02,canceled
10681,7807,1,2024-07-31,2024-12-30,canceled
10682,7808,4,2024-09-05,,active
10683,7809,1,2023-09-28,2023-10-28,canceled
10684,7810,1,2022-04-22,2022-09-22,canceled
10685,7810,1,2024-04-22,2024-11-22,canceled
10686,7811,3,2023-08-21,2024-04-21,superseded
10687,7811,1,2024-04-21,2024-05-21,canceled
10688,7812,1,2022-09-25,2023-11-25,canceled
10689,7813,4,2023-02-01,2023-05-01,canceled
10690,7814,1,2024-01-28,2024-12-28,canceled
10691,7815,1,2023-08-09,2024-08-09,canceled
10692,7816,1,2024-02-06,,active
10693,7817,3,2023-09-07,,active
10694,7818,2,2024-11-24,,active
10695,7819,4,2024-10-23,,active
10696,7820,1,2024-03-02,2024-07-02,canceled
10697,7820,4,2024-12-02,,active
10698,7821,3,2023-11-25,2024-01-25,canceled
10699,7822,1,2023-11-06,2023-12-06,canceled
10700,7823,3,2024-01-01,,active
10701,7824,1,2024-07-02,2024-09-02,superseded
10702,7824,2,2024-09-02,2024-10-02,superseded
10703,7824,4,2024-10-02,,active
10704,7825,2,2024-01-23,2024-02-23,superseded
10705,7825,4,2024-02-23,2024-10-23,canceled
10706,7826,1,2024-09-29,2024-12-29,canceled
10707,7827,2,2024-11-11,,active
10708,7828,1,2023-10-25,2024-10-25,canceled
10709,7829,1,2024-03-28,,active
10710,7830,6,2023-01-08,2023-09-08,superseded
10711,7830,8,2023-09-08,,active
10712,7831,2,2023-07-20,2023-10-20,canceled
10713,7831,1,2024-05-20,,active
10714,7832,2,2024-01-10,2024-05-10,superseded
10715,7832,4,2024-05-10,2024-09-10,canceled
10716,7833,1,2023-07-12,2023-10-12,superseded
10717,7833,2,2023-10-12,2024-05-12,superseded
10718,7833,4,2024-05-12,2024-07-12,canceled
10719,7834,1,2024-10-13,,active
10720,7835,2,2023-05-01,2023-10-01,canceled
10721,7836,1,2024-01-24,2024-03-24,canceled
10722,7837,1,2024-04-21,2024-05-21,superseded
10723,7837,2,2024-05-21,2024-07-21,superseded
10724,7837,4,2024-07-21,,active
10725,7838,2,2024-06-14,2024-07-14,canceled
10726,7838,5,2024-12-14,,active
10727,7839,1,2023-12-05,2024-07-05,canceled
10728,7840,1,2024-10-27,,active
10729,7841,4,2024-04-20,2024-05-20,canceled
10730,7842,3,2024-01-24,2024-10-24,superseded
10731,7842,1,2024-10-24,,active
10732,7843,1,2022-11-23,2022-12-23,canceled
10733,7844,1,2024-01-06,,active
10734,7845,8,2024-09-02,,active
10735,7846,2,2024-04-15,,active
10736,7847,2,2024-09-30,2024-12-30,canceled
10737,7848,6,2024-02-23,2024-11-23,superseded
10738,7848,4,2024-11-23,,active
10739,7849,5,2023-03-11,2023-04-11,canceled
10740,7849,1,2023-10-11,2024-04-11,canceled
10741,7850,3,2022-03-02,2022-04-02,canceled
10742,7850,5,2024-07-02,,active
10743,7851,1,2023-10-25,2024-08-25,canceled
10744,7852,4,2024-06-14,,active
10745,7853,3,2024-08-18,,active
10746,7854,2,2023-10-15,,active
10747,7855,2,2024-02-01,2024-10-01,canceled
10748,7856,1,2024-01-18,2024-04-18,canceled
10749,7857,2,2024-01-19,2024-04-19,canceled
10750,7858,3,2023-08-26,,active
10751,7859,7,2023-04-05,2024-10-05,superseded
10752,7859,4,2024-10-05,,active
10753,7860,1,2023-07-31,2024-01-30,canceled
10754,7860,1,2024-08-29,2024-09-29,canceled
10755,7861,1,2022-09-22,2023-01-22,canceled
10756,7862,2,2023-07-11,2023-12-11,canceled
10757,7863,1,2022-02-11,2022-03-11,canceled
10758,7863,1,2023-11-11,2024-07-11,canceled
10759,7864,5,2024-05-03,2024-08-03,canceled
10760,7865,1,2023-10-19,,active
10761,7866,2,2024-12-25,,active
10762,7867,2,2023-06-28,2024-09-28,canceled
10763,7868,1,2023-11-03,2024-02-03,superseded
10764,7868,2,2024-02-03,2024-08-03,superseded
10765,7868,4,2024-08-03,,active
10766,7869,1,2023-11-29,,active
10767,7870,4,2022-02-02,2022-06-02,superseded
10768,7870,6,2022-06-02,2023-01-02,superseded
10769,7870,8,2023-01-02,,active
10770,7871,2,2024-09-30,,active
10771,7872,1,2022-06-07,2022-12-07,canceled
10772,7872,3,2023-10-07,,active
10773,7873,1,2024-11-02,,active
10774,7874,1,2024-10-14,2024-11-14,canceled
10775,7875,1,2024-03-21,,active
10776,7876,8,2024-03-08,2024-11-08,superseded
10777,7876,6,2024-11-08,,active
10778,7877,1,2024-05-13,,active
10779,7878,1,2023-12-24,2024-07-24,canceled
10780,7879,1,2024-05-19,2024-09-19,canceled
10781,7880,2,2022-08-04,2023-02-04,superseded
10782,7880,1,2023-02-04,2023-03-04,canceled
10783,7881,8,2022-09-30,2023-06-28,superseded
10784,7881,6,2023-06-28,2024-07-28,superseded
10785,7881,5,2024-07-28,2024-12-28,canceled
10786,7882,4,2024-01-07,2024-06-07,canceled
10787,7883,6,2024-03-17,2024-12-17,superseded
10788,7883,4,2024-12-17,,active
10789,7884,7,2024-10-12,,active
10790,7885,1,2023-02-20,2023-09-20,canceled
10791,7885,5,2024-01-20,2024-02-20,superseded
10792,7885,2,2024-02-20,,active
10793,7886,1,2024-09-25,,active
10794,7887,1,2023-07-15,2023-10-15,canceled
10795,7888,2,2023-12-29,2024-04-29,superseded
10796,7888,4,2024-04-29,2024-12-29,superseded
10797,7888,6,2024-12-29,,active
10798,7889,1,2023-10-16,2024-06-16,canceled
10799,7890,1,2023-12-28,2024-01-28,superseded
10800,7890,3,2024-01-28,,active
10801,7891,1,2023-05-26,2024-06-26,canceled
10802,7892,3,2024-02-22,2024-05-22,superseded
10803,7892,1,2024-05-22,2024-08-22,canceled
10804,7893,6,2024-08-28,,active
10805,7894,1,2024-01-27,2024-03-27,canceled
10806,7895,6,2024-02-25,,active
10807,7896,2,2024-09-25,,active
10808,7897,1,2024-06-23,2024-07-23,canceled
10809,7898,1,2024-02-08,2024-03-08,canceled
10810,7898,1,2024-09-08,,active
10811,7899,1,2023-09-30,2024-04-29,canceled
10812,7900,2,2024-10-23,2024-11-23,superseded
10813,7900,1,2024-11-23,,active
10814,7901,8,2024-04-20,2024-06-20,canceled
10815,7902,1,2023-08-17,2024-01-17,canceled
10816,7902,2,2024-10-17,2024-12-17,superseded
10817,7902,4,2024-12-17,,active
10818,7903,7,2023-09-30,2024-04-29,superseded
10819,7903,4,2024-04-29,2024-05-29,superseded
10820,7903,2,2024-05-29,,active
10821,7904,3,2024-09-26,,active
10822,7905,1,2022-08-27,,active
10823,7906,2,2024-12-27,,active
10824,7907,3,2023-04-21,2023-12-21,canceled
10825,7908,4,2024-08-15,,active
10826,7909,6,2023-12-21,2024-02-21,superseded
10827,7909,8,2024-02-21,,active
10828,7910,1,2024-02-21,2024-04-21,canceled
10829,7911,3,2024-10-19,,active
10830,7912,6,2024-01-17,2024-03-17,canceled
10831,7913,4,2024-03-14,2024-09-14,canceled
10832,7914,1,2022-09-18,2023-03-18,canceled
10833,7914,2,2024-11-18,,active
10834,7915,2,2022-01-08,2022-07-08,canceled
10835,7916,7,2023-08-27,2024-12-27,canceled
10836,7917,2,2024-06-15,2024-10-15,canceled
10837,7917,2,2024-12-15,,active
10838,7918,3,2023-03-26,,active
10839,7919,7,2023-03-20,2023-07-20,superseded
10840,7919,4,2023-07-20,2023-12-20,canceled
10841,7920,2,2024-01-08,,active
10842,7921,1,2024-05-26,2024-06-26,canceled
10843,7922,2,2024-06-23,,active
10844,7923,3,2023-06-02,2023-09-02,superseded
10845,7923,5,2023-09-02,,active
10846,7924,6,2022-12-04,2023-11-04,superseded
10847,7924,8,2023-11-04,,active
10848,7925,2,2024-11-10,,active
10849,7926,5,2023-09-09,,active
10850,7927,1,2024-09-06,,active
10851,7928,2,2024-10-20,2024-11-20,superseded
10852,7928,4,2024-11-20,,active
10853,7929,4,2024-08-24,,active
10854,7930,1,2023-05-01,2024-07-01,canceled
10855,7930,1,2024-11-01,,active
10856,7931,1,2024-09-06,2024-10-06,canceled
10857,7932,3,2024-08-08,,active
10858,7933,4,2024-04-10,,active
10859,7934,1,2023-10-22,2023-12-22,canceled
10860,7934,5,2024-07-22,,active
10861,7935,6,2023-09-26,,active
10862,7936,2,2023-03-14,2023-08-14,superseded
10863,7936,4,2023-08-14,,active
10864,7937,4,2024-02-16,,active
10865,7938,1,2024-04-10,,active
10866,7939,1,2023-11-16,2024-05-16,canceled
10867,7940,4,2024-02-20,,active
10868,7941,1,2023-11-01,,active
10869,7942,7,2024-05-13,,active
10870,7943,2,2024-10-27,,active
10871,7944,1,2023-05-19,2023-06-19,canceled
10872,7944,1,2023-11-19,,active
10873,7945,3,2023-11-02,,active
10874,7946,3,2023-04-01,2023-07-01,superseded
10875,7946,4,2023-07-01,,active
10876,7947,5,2024-05-14,2024-10-14,superseded
10877,7947,2,2024-10-14,,active
10878,7948,1,2024-07-24,,active
10879,7949,6,2024-11-02,,active
10880,7950,4,2023-09-10,,active
10881,7951,8,2024-11-29,,active
10882,7952,1,2022-10-03,2023-12-03,canceled
10883,7952,1,2024-08-03,,active
10884,7953,1,2024-04-22,2024-11-22,superseded
10885,7953,2,2024-11-22,,active
10886,7954,6,2022-09-27,2023-08-27,canceled
10887,7955,1,2024-10-13,,active
10888,7956,1,2024-03-28,2024-05-28,canceled
10889,7957,2,2024-06-06,,active
10890,7958,1,2024-09-18,,active
10891,7959,1,2023-05-15,2024-07-15,canceled
10892,7960,1,2022-07-02,2024-03-02,canceled
10893,7961,1,2024-10-24,,active
10894,7962,2,2023-10-29,2024-05-29,superseded
10895,7962,4,2024-05-29,2024-07-29,canceled
10896,7963,6,2023-04-05,2024-02-05,superseded
10897,7963,8,2024-02-05,,active
10898,7964,1,2024-02-24,,active
10899,7965,3,2024-04-06,2024-05-06,canceled
10900,7965,2,2024-11-06,,active
10901,7966,6,2022-05-10,2023-08-10,superseded
10902,7966,8,2023-08-10,,active
10903,7967,1,2023-09-19,2024-01-19,canceled
10904,7968,1,2022-06-14,2024-09-14,canceled
10905,7969,1,2024-01-27,2024-04-27,canceled
10906,7970,1,2024-10-09,,active
10907,7971,8,2024-12-27,,active
10908,7972,1,2024-05-15,2024-12-15,canceled
10909,7973,1,2023-05-18,2023-06-18,superseded
10910,7973,2,2023-06-18,2024-03-18,superseded
10911,7973,1,2024-03-18,2024-04-18,canceled
10912,7974,3,2024-10-26,,active
10913,7975,2,2024-02-16,2024-09-16,superseded
10914,7975,5,2024-09-16,2024-11-16,canceled
10915,7976,6,2023-05-14,,active
10916,7977,1,2024-11-20,,active
10917,7978,1,2024-08-05,2024-11-05,superseded
10918,7978,2,2024-11-05,,active
10919,7979,6,2024-07-17,2024-12-17,canceled
10920,7980,1,2024-06-24,,active
10921,7981,1,2023-07-04,2023-08-04,canceled
10922,7982,1,2023-07-16,2023-09-16,canceled
10923,7982,2,2024-05-16,,active
10924,7983,1,2024-06-11,,active
10925,7984,4,2023-08-01,2024-12-01,superseded
10926,7984,2,2024-12-01,,active
10927,7985,1,2024-01-21,2024-06-21,canceled
10928,7986,2,2024-08-28,,active
10929,7987,1,2024-08-15,2024-09-15,canceled
10930,7988,7,2024-01-06,,active
10931,7989,1,2024-08-22,,active
10932,7990,1,2024-09-09,,active
10933,7991,4,2024-05-19,2024-07-19,superseded
10934,7991,2,2024-07-19,,active
10935,7992,1,2023-08-09,2024-12-09,canceled
10936,7993,3,2023-09-23,2024-10-23,superseded
10937,7993,5,2024-10-23,,active
10938,7994,1,2023-10-24,2024-08-24,canceled
10939,7995,2,2023-03-12,2023-06-12,canceled
10940,7995,4,2023-09-12,2024-05-12,superseded
10941,7995,6,2024-05-12,,active
10942,7996,2,2023-09-24,2024-01-24,canceled
10943,7997,1,2023-07-10,2024-09-10,canceled
10944,7998,2,2024-01-12,,active
10945,7999,5,2024-10-05,,active
10946,8000,5,2023-02-02,2024-04-02,superseded
10947,8000,6,2024-04-02,,active
10948,8001,1,2024-07-27,2024-08-27,canceled
10949,8002,1,2024-06-02,2024-08-02,superseded
10950,8002,2,2024-08-02,2024-09-02,superseded
10951,8002,1,2024-09-02,,active
10952,8003,1,2023-01-01,2023-02-01,canceled
10953,8004,7,2024-11-12,,active
10954,8005,1,2024-04-25,2024-08-25,canceled
10955,8006,3,2023-11-06,2024-02-06,superseded
10956,8006,4,2024-02-06,,active
10957,8007,1,2024-07-20,,active
10958,8008,4,2023-09-26,2024-11-26,superseded
10959,8008,6,2024-11-26,,active
10960,8009,2,2024-06-23,,active
10961,8010,1,2022-07-08,,active
10962,8011,3,2024-09-24,,active
10963,8012,2,2024-01-25,2024-06-25,canceled
10964,8013,1,2024-05-22,,active
10965,8014,2,2023-08-06,2024-11-06,superseded
10966,8014,5,2024-11-06,2024-12-06,superseded
10967,8014,6,2024-12-06,,active
10968,8015,6,2024-06-12,2024-11-12,superseded
10969,8015,8,2024-11-12,,active
10970,8016,1,2024-08-31,,active
10971,8017,2,2024-02-29,,active
10972,8018,1,2024-05-25,2024-11-25,canceled
10973,8019,1,2024-01-26,2024-03-26,canceled
10974,8020,4,2024-10-25,,active
10975,8021,4,2024-02-04,2024-04-04,canceled
10976,8022,1,2024-09-01,2024-12-01,canceled
10977,8023,3,2024-08-03,2024-09-03,canceled
10978,8024,6,2024-01-02,2024-11-02,superseded
10979,8024,8,2024-11-02,,active
10980,8025,3,2023-08-13,2024-01-13,canceled
10981,8025,1,2024-06-13,,active
10982,8026,1,2023-12-20,2024-03-20,canceled
10983,8027,2,2024-09-26,,active
10984,8028,1,2023-08-02,2023-09-02,canceled
10985,8028,4,2024-04-02,2024-10-02,superseded
10986,8028,6,2024-10-02,,active
10987,8029,1,2024-03-01,2024-05-01,canceled
10988,8030,1,2024-09-06,,active
10989,8031,3,2023-11-15,,active
10990,8032,1,2024-05-03,2024-12-03,canceled
10991,8033,2,2023-08-12,,active
10992,8034,3,2023-02-09,2023-04-09,canceled
10993,8034,5,2024-06-09,2024-12-09,canceled
10994,8035,3,2024-08-18,,active
10995,8036,2,2023-02-27,2024-01-27,canceled
10996,8037,3,2023-09-14,2024-01-14,canceled
10997,8037,1,2024-10-14,,active
10998,8038,1,2024-09-22,,active
10999,8039,2,2023-11-23,2024-12-23,canceled
11000,8040,1,2024-12-02,,active
11001,8041,2,2024-12-09,,active
11002,8042,2,2023-09-22,2024-06-22,canceled
11003,8042,1,2024-10-22,2024-12-22,canceled
11004,8043,1,2022-07-10,2022-08-10,canceled
11005,8044,1,2024-06-28,2024-07-28,canceled
11006,8045,1,2024-01-28,2024-02-28,canceled
11007,8046,2,2023-02-28,2023-05-28,canceled
11008,8047,2,2024-06-09,2024-07-09,canceled
11009,8048,1,2022-05-13,2022-08-13,superseded
11010,8048,2,2022-08-13,2022-12-13,canceled
11011,8049,3,2024-10-15,,active
11012,8050,2,2023-04-09,,active
11013,8051,1,2023-04-03,2023-06-03,canceled
11014,8052,2,2023-06-11,2023-08-11,superseded
11015,8052,5,2023-08-11,,active
11016,8053,1,2024-11-05,,active
11017,8054,1,2024-06-28,2024-09-28,superseded
11018,8054,3,2024-09-28,,active
11019,8055,2,2024-08-17,,active
11020,8056,4,2023-12-17,,active
11021,8057,1,2023-10-11,2024-06-11,canceled
11022,8058,1,2023-08-31,2024-04-29,canceled
11023,8059,1,2024-02-20,2024-03-20,canceled
11024,8060,1,2024-03-23,2024-04-23,canceled
11025,8061,2,2024-05-01,2024-08-01,superseded
11026,8061,4,2024-08-01,,active
11027,8062,2,2023-09-23,2023-11-23,canceled
11028,8063,2,2024-11-23,,active
11029,8064,6,2023-06-17,2024-08-17,superseded
11030,8064,8,2024-08-17,,active
11031,8065,1,2024-11-27,,active
11032,8066,4,2022-03-20,2022-05-20,canceled
11033,8066,6,2023-09-20,2024-11-20,superseded
11034,8066,5,2024-11-20,,active
11035,8067,5,2024-02-14,2024-03-14,canceled
11036,8067,2,2024-07-14,2024-09-14,canceled
11037,8068,4,2023-10-14,,active
11038,8069,1,2024-01-23,,active
11039,8070,7,2024-04-26,,active
11040,8071,1,2024-01-09,2024-10-09,canceled
11041,8072,1,2024-01-04,2024-09-04,canceled
11042,8073,2,2024-07-21,2024-09-21,canceled
11043,8074,2,2024-06-27,2024-09-27,superseded
11044,8074,1,2024-09-27,2024-10-27,canceled
11045,8075,2,2024-09-30,,active
11046,8076,2,2023-08-18,2024-07-18,canceled
11047,8076,4,2024-09-18,,active
11048,8077,1,2024-04-15,2024-05-15,canceled
11049,8078,5,2024-04-03,,active
11050,8079,1,2023-11-07,2024-05-07,superseded
11051,8079,2,2024-05-07,,active
11052,8080,2,2024-02-06,2024-04-06,canceled
11053,8080,2,2024-08-06,2024-12-06,canceled
11054,8081,2,2023-10-02,2024-01-02,canceled
11055,8082,1,2023-04-29,2023-06-29,canceled
11056,8083,2,2023-07-17,2024-11-17,canceled
11057,8084,7,2023-02-23,2023-04-23,superseded
11058,8084,4,2023-04-23,2024-10-23,superseded
11059,8084,6,2024-10-23,,active
11060,8085,4,2024-06-06,,active
11061,8086,1,2024-05-11,2024-11-11,superseded
11062,8086,2,2024-11-11,,active
11063,8087,1,2024-11-17,,active
11064,8088,1,2024-07-30,2024-09-30,superseded
11065,8088,2,2024-09-30,,active
11066,8089,5,2022-09-13,2023-06-13,superseded
11067,8089,7,2023-06-13,2024-11-13,superseded
11068,8089,8,2024-11-13,,active
11069,8090,1,2024-10-10,,active
11070,8091,1,2024-09-23,,active
11071,8092,2,2024-01-02,2024-11-02,superseded
11072,8092,5,2024-11-02,,active
11073,8093,3,2024-04-08,,active
11074,8094,2,2024-12-18,,active
11075,8095,1,2024-03-25,,active
11076,8096,3,2024-10-01,,active
11077,8097,1,2023-01-14,2023-03-14,superseded
11078,8097,3,2023-03-14,2024-01-14,canceled
11079,8098,1,2023-06-28,2024-01-28,superseded
11080,8098,2,2024-01-28,2024-03-28,canceled
11081,8099,2,2024-01-31,2024-12-29,superseded
11082,8099,1,2024-12-29,,active
11083,8100,1,2024-04-16,2024-11-16,canceled
11084,8101,4,2024-09-01,,active
11085,8102,2,2024-12-30,,active
11086,8103,7,2023-12-15,2024-04-15,superseded
11087,8103,8,2024-04-15,,active
11088,8104,1,2022-08-06,2022-10-06,superseded
11089,8104,2,2022-10-06,2023-01-06,superseded
11090,8104,4,2023-01-06,2023-04-06,superseded
11091,8104,7,2023-04-06,2024-07-06,superseded
11092,8104,8,2024-07-06,2024-09-06,superseded
11093,8104,7,2024-09-06,,active
11094,8105,1,2024-08-21,,active
11095,8106,3,2024-04-21,2024-05-21,superseded
11096,8106,5,2024-05-21,2024-07-21,canceled
11097,8107,4,2023-07-14,2023-12-14,superseded
11098,8107,6,2023-12-14,,active
11099,8108,1,2024-02-26,2024-03-26,canceled
11100,8109,1,2024-07-25,2024-08-25,superseded
11101,8109,3,2024-08-25,2024-11-25,canceled
11102,8110,1,2024-08-17,,active
11103,8111,2,2024-02-05,,active
11104,8112,2,2023-10-27,2024-02-27,canceled
11105,8112,5,2024-12-27,,active
11106,8113,1,2024-12-26,,active
11107,8114,1,2024-05-06,2024-09-06,canceled
11108,8115,3,2023-12-05,2024-02-05,superseded
11109,8115,1,2024-02-05,2024-11-05,canceled
11110,8116,4,2023-09-17,,active
11111,8117,4,2024-07-19,2024-09-19,superseded
11112,8117,3,2024-09-19,,active
11113,8118,1,2023-08-21,2024-01-21,canceled
11114,8119,6,2023-06-18,2023-08-18,superseded
11115,8119,8,2023-08-18,2024-05-18,superseded
11116,8119,7,2024-05-18,,active
11117,8120,1,2024-03-19,2024-05-19,canceled
11118,8121,1,2023-09-28,2024-02-28,canceled
11119,8122,1,2024-05-26,2024-07-26,canceled
11120,8122,1,2024-10-26,2024-11-26,canceled
11121,8123,1,2023-03-10,2023-07-10,canceled
11122,8124,1,2024-05-29,,active
11123,8125,2,2023-09-08,2024-08-08,superseded
11124,8125,4,2024-08-08,,active
11125,8126,1,2022-01-03,2023-01-03,canceled
11126,8127,7,2023-03-11,2023-04-11,canceled
11127,8127,1,2024-09-11,,active
11128,8128,1,2024-11-01,,active
11129,8129,1,2024-10-08,,active
11130,8130,4,2023-08-27,2024-08-27,superseded
11131,8130,6,2024-08-27,,active
11132,8131,2,2024-08-14,,active
11133,8132,1,2024-04-18,,active
11134,8133,7,2024-12-31,,active
11135,8134,2,2023-11-19,,active
11136,8135,8,2024-06-17,,active
11137,8136,4,2022-10-18,2023-08-18,canceled
11138,8136,1,2023-09-18,2024-01-18,canceled
11139,8137,1,2023-12-02,2024-12-02,canceled
11140,8138,1,2024-11-03,,active
11141,8139,3,2024-03-12,2024-07-12,canceled
11142,8140,1,2023-09-26,,active
11143,8141,1,2023-03-21,2023-05-21,canceled
11144,8141,4,2024-04-21,,active
11145,8142,4,2024-06-15,,active
11146,8143,1,2024-05-20,,active
11147,8144,2,2023-11-30,2023-12-30,superseded
11148,8144,5,2023-12-30,,active
11149,8145,6,2024-11-16,,active
11150,8146,3,2022-04-12,2022-07-12,canceled
11151,8147,3,2023-10-08,,active
11152,8148,1,2024-11-21,,active
11153,8149,5,2023-10-29,,active
11154,8150,6,2023-09-18,2024-10-18,canceled
11155,8151,3,2024-03-11,2024-06-11,superseded
11156,8151,4,2024-06-11,,active
11157,8152,1,2024-09-05,,active
11158,8153,7,2023-02-22,,active
11159,8154,1,2024-11-25,,active
11160,8155,2,2024-08-28,,active
11161,8156,3,2023-06-10,2024-11-10,canceled
11162,8157,1,2024-06-10,2024-10-10,canceled
11163,8158,2,2023-12-26,,active
11164,8159,1,2023-12-25,2024-01-25,canceled
11165,8160,2,2024-08-17,2024-10-17,canceled
11166,8161,2,2024-11-02,,active
11167,8162,4,2023-03-08,2023-10-08,superseded
11168,8162,2,2023-10-08,2024-04-08,superseded
11169,8162,1,2024-04-08,,active
11170,8163,1,2024-01-24,,active
11171,8164,5,2024-02-24,,active
11172,8165,2,2023-11-14,2024-10-14,superseded
11173,8165,1,2024-10-14,,active
11174,8166,5,2023-11-01,,active
11175,8167,1,2022-09-03,2022-11-03,canceled
11176,8168,2,2024-06-27,2024-11-27,superseded
11177,8168,1,2024-11-27,,active
11178,8169,2,2024-01-19,2024-03-19,canceled
11179,8170,1,2023-07-27,,active
11180,8171,1,2024-09-26,2024-10-26,superseded
11181,8171,3,2024-10-26,,active
11182,8172,1,2024-08-10,2024-10-10,canceled
11183,8173,1,2024-02-03,2024-03-03,canceled
11184,8173,1,2024-04-03,2024-05-03,canceled
11185,8173,4,2024-08-03,,active
11186,8174,4,2023-10-10,,active
11187,8175,1,2024-05-26,2024-07-26,canceled
11188,8176,6,2023-09-07,,active
11189,8177,1,2023-08-06,,active
11190,8178,6,2024-07-06,,active
11191,8179,5,2022-07-25,2022-10-25,superseded
11192,8179,2,2022-10-25,2023-03-25,superseded
11193,8179,1,2023-03-25,2024-07-25,superseded
11194,8179,2,2024-07-25,2024-12-25,canceled
11195,8180,1,2023-01-03,2023-02-03,canceled
11196,8181,2,2022-01-08,2022-05-08,canceled
11197,8181,1,2023-02-08,,active
11198,8182,2,2023-05-18,,active
11199,8183,2,2022-11-02,2024-06-02,canceled
11200,8184,2,2024-12-19,,active
11201,8185,1,2023-09-06,,active
11202,8186,3,2023-05-19,2023-07-19,canceled
11203,8186,2,2023-12-19,2024-10-19,canceled
11204,8186,2,2024-12-19,,active
11205,8187,6,2023-08-22,,active
11206,8188,6,2024-11-24,2024-12-24,superseded
11207,8188,8,2024-12-24,,active
11208,8189,2,2024-03-05,2024-04-05,superseded
11209,8189,4,2024-04-05,,active
11210,8190,4,2023-11-13,2024-01-13,canceled
11211,8191,1,2024-10-23,,active
11212,8192,2,2023-12-03,2024-05-03,canceled
11213,8193,3,2023-10-29,2024-04-29,superseded
11214,8193,5,2024-04-29,,active
11215,8194,1,2023-07-26,,active
11216,8195,6,2023-11-28,,active
11217,8196,6,2023-10-06,,active
11218,8197,8,2024-06-26,2024-12-26,superseded
11219,8197,6,2024-12-26,,active
11220,8198,8,2023-09-16,2024-11-16,superseded
11221,8198,6,2024-11-16,,active
11222,8199,3,2024-04-13,2024-07-13,superseded
11223,8199,1,2024-07-13,,active
11224,8200,4,2022-10-12,2024-03-12,canceled
11225,8201,5,2023-06-21,2024-11-21,superseded
11226,8201,2,2024-11-21,,active
11227,8202,1,2023-12-25,2024-11-25,canceled
11228,8203,4,2024-11-07,2024-12-07,canceled
11229,8204,4,2023-11-03,2024-05-03,canceled
11230,8205,7,2024-05-25,,active
11231,8206,7,2023-09-15,2024-06-15,superseded
11232,8206,4,2024-06-15,,active
11233,8207,4,2023-03-25,2024-09-25,superseded
11234,8207,6,2024-09-25,,active
11235,8208,6,2022-10-07,2023-03-07,superseded
11236,8208,8,2023-03-07,2023-04-07,superseded
11237,8208,6,2023-04-07,,active
11238,8209,1,2023-10-01,2024-02-01,canceled
11239,8210,1,2023-05-20,2024-05-20,canceled
11240,8211,2,2023-06-20,2024-01-20,superseded
11241,8211,4,2024-01-20,,active
11242,8212,7,2024-08-08,,active
11243,8213,2,2022-03-04,2023-03-04,canceled
11244,8213,1,2023-07-04,2023-08-04,canceled
11245,8214,5,2024-03-26,,active
11246,8215,1,2023-11-09,2024-01-09,canceled
11247,8216,7,2024-02-06,,active
11248,8217,5,2024-03-25,,active
11249,8218,2,2023-10-10,2024-04-10,superseded
11250,8218,4,2024-04-10,2024-06-10,superseded
11251,8218,2,2024-06-10,,active
11252,8219,2,2023-10-18,2024-06-18,canceled
11253,8220,4,2024-07-15,2024-08-15,superseded
11254,8220,6,2024-08-15,,active
11255,8221,1,2024-10-16,,active
11256,8222,6,2023-06-30,2023-09-30,superseded
11257,8222,5,2023-09-30,2024-11-29,canceled
11258,8223,1,2023-02-18,2023-06-18,superseded
11259,8223,3,2023-06-18,2023-12-18,superseded
11260,8223,1,2023-12-18,2024-01-18,canceled
11261,8224,1,2024-10-28,,active
11262,8225,1,2023-11-19,2024-01-19,canceled
11263,8225,1,2024-06-19,2024-10-19,superseded
11264,8225,3,2024-10-19,2024-11-19,canceled
11265,8226,8,2024-03-30,,active
11266,8227,1,2023-11-08,2024-04-08,canceled
11267,8227,2,2024-12-08,,active
11268,8228,5,2023-03-18,,active
11269,8229,1,2024-04-27,2024-06-27,canceled
11270,8230,7,2024-03-01,2024-06-01,superseded
11271,8230,8,2024-06-01,,active
11272,8231,1,2023-07-15,2024-04-15,canceled
11273,8232,2,2024-01-26,2024-02-26,superseded
11274,8232,1,2024-02-26,2024-04-26,canceled
11275,8233,2,2024-08-23,,active
11276,8234,8,2024-04-03,,active
11277,8235,1,2023-02-11,2024-02-11,canceled
11278,8236,6,2024-03-13,2024-05-13,superseded
11279,8236,8,2024-05-13,2024-06-13,superseded
11280,8236,6,2024-06-13,,active
11281,8237,1,2024-06-01,2024-08-01,canceled
11282,8238,1,2024-08-09,2024-11-09,canceled
11283,8239,4,2024-05-04,2024-06-04,superseded
11284,8239,3,2024-06-04,2024-07-04,superseded
11285,8239,4,2024-07-04,,active
11286,8240,2,2023-05-29,2024-02-29,canceled
11287,8241,5,2024-06-04,,active
11288,8242,8,2024-06-29,2024-12-29,superseded
11289,8242,6,2024-12-29,,active
11290,8243,1,2022-04-13,2024-08-13,canceled
11291,8244,2,2024-01-11,,active
11292,8245,3,2023-10-30,2023-12-30,superseded
11293,8245,1,2023-12-30,2024-02-29,canceled
11294,8245,2,2024-11-29,,active
11295,8246,3,2024-06-08,,active
11296,8247,2,2023-07-31,2024-11-29,canceled
11297,8248,4,2024-04-15,,active
11298,8249,2,2024-10-10,,active
11299,8250,2,2024-08-11,,active
11300,8251,1,2024-11-22,,active
11301,8252,4,2024-12-01,,active
11302,8253,2,2022-02-21,2023-05-21,superseded
11303,8253,5,2023-05-21,2024-07-21,canceled
11304,8254,2,2024-05-31,,active
11305,8255,1,2024-01-16,2024-08-16,canceled
11306,8256,1,2024-09-21,,active
11307,8257,1,2023-09-28,2024-03-28,superseded
11308,8257,2,2024-03-28,2024-11-28,superseded
11309,8257,4,2024-11-28,,active
11310,8258,4,2024-12-18,,active
11311,8259,2,2024-04-19,2024-05-19,canceled
11312,8259,2,2024-08-19,,active
11313,8260,1,2024-08-26,2024-12-26,canceled
11314,8261,1,2023-01-20,2023-07-20,canceled
11315,8262,2,2023-06-12,2023-11-12,canceled
11316,8263,8,2024-08-26,,active
11317,8264,1,2022-04-25,2022-10-25,canceled
11318,8264,2,2022-11-25,2024-06-25,canceled
11319,8264,8,2024-07-25,,active
11320,8265,3,2024-09-21,2024-12-21,superseded
11321,8265,4,2024-12-21,,active
11322,8266,2,2022-03-31,2022-06-30,canceled
11323,8267,5,2024-05-14,,active
11324,8268,3,2023-11-23,2024-07-23,canceled
11325,8269,1,2024-04-10,2024-05-10,canceled
11326,8269,1,2024-10-10,,active
11327,8270,2,2024-06-10,2024-12-10,canceled
11328,8271,4,2023-11-10,2024-05-10,canceled
11329,8272,2,2023-02-23,2024-02-23,canceled
11330,8273,1,2022-11-28,2024-01-28,canceled
11331,8274,8,2024-04-01,,active
11332,8275,2,2024-03-24,2024-05-24,canceled
11333,8276,1,2024-07-03,,active
11334,8277,2,2024-02-15,,active
11335,8278,1,2024-01-11,2024-02-11,canceled
11336,8279,1,2023-12-27,2024-02-27,canceled
11337,8280,6,2022-05-06,2024-12-06,canceled
11338,8281,2,2023-10-16,2024-03-16,superseded
11339,8281,4,2024-03-16,2024-04-16,superseded
11340,8281,6,2024-04-16,2024-05-16,canceled
11341,8282,1,2024-12-02,,active
11342,8283,1,2024-10-31,,active
11343,8284,2,2023-10-10,,active
11344,8285,2,2024-04-03,2024-07-03,canceled
11345,8286,1,2024-09-28,,active
11346,8287,1,2024-01-18,,active
11347,8288,2,2022-03-06,2022-08-06,superseded
11348,8288,1,2022-08-06,2022-11-06,canceled
11349,8289,1,2022-11-26,2022-12-26,canceled
11350,8289,6,2024-08-26,,active
11351,8290,5,2024-02-26,,active
11352,8291,5,2024-11-21,2024-12-21,superseded
11353,8291,2,2024-12-21,,active
11354,8292,3,2024-06-16,,active
11355,8293,3,2022-11-19,2023-06-19,canceled
11356,8293,2,2024-05-19,2024-07-19,superseded
11357,8293,4,2024-07-19,,active
11358,8294,1,2023-06-30,2023-09-30,canceled
11359,8295,1,2024-08-21,,active
11360,8296,2,2024-09-03,2024-10-03,canceled
11361,8297,5,2024-05-24,2024-11-24,canceled
11362,8298,1,2024-05-31,2024-06-30,canceled
11363,8299,8,2022-05-26,2023-04-26,superseded
11364,8299,6,2023-04-26,,active
11365,8300,1,2024-09-01,2024-11-01,canceled
11366,8301,1,2024-08-14,2024-12-14,canceled
11367,8302,1,2023-09-09,,active
11368,8303,2,2024-06-19,2024-10-19,superseded
11369,8303,1,2024-10-19,,active
11370,8304,4,2023-07-15,,active
11371,8305,1,2022-07-10,2022-10-10,canceled
11372,8305,2,2023-10-10,,active
11373,8306,1,2023-07-27,2023-11-27,canceled
11374,8307,1,2023-06-21,2023-11-21,canceled
11375,8308,2,2023-10-16,2024-02-16,canceled
11376,8309,1,2024-01-18,2024-08-18,canceled
11377,8310,2,2024-02-01,2024-10-01,superseded
11378,8310,1,2024-10-01,,active
11379,8311,1,2024-02-21,2024-06-21,canceled
11380,8312,1,2023-09-04,2024-06-04,superseded
11381,8312,2,2024-06-04,2024-10-04,superseded
11382,8312,1,2024-10-04,,active
11383,8313,1,2022-05-18,2022-12-18,canceled
11384,8313,3,2023-08-18,2023-11-18,canceled
11385,8314,3,2024-04-06,,active
11386,8315,5,2023-12-20,,active
11387,8316,7,2023-10-05,2024-01-05,superseded
11388,8316,8,2024-01-05,2024-04-05,superseded
11389,8316,6,2024-04-05,2024-12-05,superseded
11390,8316,8,2024-12-05,,active
11391,8317,7,2024-10-07,,active
11392,8318,1,2024-07-12,,active
11393,8319,1,2024-09-27,,active
11394,8320,1,2024-02-23,2024-06-23,superseded
11395,8320,2,2024-06-23,,active
11396,8321,1,2023-04-24,2023-12-24,canceled
11397,8322,1,2024-06-27,2024-09-27,superseded
11398,8322,3,2024-09-27,,active
11399,8323,3,2023-07-16,2024-04-16,superseded
11400,8323,5,2024-04-16,2024-12-16,superseded
11401,8323,7,2024-12-16,,active
11402,8324,1,2024-01-25,,active
11403,8325,1,2022-10-14,2023-02-14,canceled
11404,8326,1,2024-09-02,,active
11405,8327,5,2023-03-02,2023-12-02,canceled
11406,8328,4,2024-10-09,2024-11-09,canceled
11407,8329,3,2024-10-23,,active
11408,8330,3,2024-01-28,,active
11409,8331,2,2024-07-12,,active
11410,8332,2,2024-05-28,,active
11411,8333,3,2024-09-05,,active
11412,8334,4,2024-01-03,,active
11413,8335,6,2024-08-15,,active
11414,8336,3,2024-01-12,,active
11415,8337,3,2024-11-10,,active
11416,8338,1,2024-02-06,2024-05-06,canceled
11417,8338,8,2024-11-06,,active
11418,8339,1,2024-01-08,2024-02-08,canceled
11419,8340,2,2024-08-22,2024-09-22,superseded
11420,8340,1,2024-09-22,,active
11421,8341,4,2024-09-30,,active
11422,8342,5,2024-03-20,,active
11423,8343,4,2023-06-15,2023-07-15,canceled
11424,8344,2,2024-02-02,2024-08-02,canceled
11425,8345,1,2024-11-17,,active
11426,8346,3,2024-07-13,,active
11427,8347,3,2024-09-23,,active
11428,8348,3,2022-06-19,2022-12-19,superseded
11429,8348,4,2022-12-19,2023-02-19,canceled
11430,8348,4,2023-06-19,2024-02-19,superseded
11431,8348,6,2024-02-19,2024-03-19,superseded
11432,8348,4,2024-03-19,2024-08-19,superseded
11433,8348,3,2024-08-19,2024-12-19,superseded
11434,8348,4,2024-12-19,,active
11435,8349,1,2024-02-27,2024-04-27,canceled
11436,8349,8,2024-06-27,,active
11437,8350,1,2024-05-25,2024-08-25,canceled
11438,8350,1,2024-09-25,2024-10-25,superseded
11439,8350,3,2024-10-25,,active
11440,8351,1,2024-09-16,,active
11441,8352,1,2022-09-05,2023-01-05,superseded
11442,8352,2,2023-01-05,2023-06-05,canceled
11443,8353,3,2024-09-25,,active
11444,8354,3,2024-03-29,2024-06-29,superseded
11445,8354,4,2024-06-29,,active
11446,8355,1,2023-07-22,,active
11447,8356,1,2023-10-04,2023-11-04,canceled
11448,8356,6,2023-12-04,2024-09-04,superseded
11449,8356,8,2024-09-04,,active
11450,8357,1,2023-09-27,2024-06-27,canceled
11451,8358,3,2024-03-01,2024-07-01,superseded
11452,8358,4,2024-07-01,,active
11453,8359,7,2022-09-07,,active
11454,8360,2,2023-05-15,2023-11-15,superseded
11455,8360,4,2023-11-15,,active
11456,8361,3,2024-09-25,,active
11457,8362,1,2023-04-29,2023-09-29,canceled
11458,8363,1,2023-08-13,2023-12-13,superseded
11459,8363,2,2023-12-13,2024-09-13,superseded
11460,8363,4,2024-09-13,,active
11461,8364,2,2024-01-21,2024-06-21,superseded
11462,8364,5,2024-06-21,2024-10-21,canceled
11463,8365,1,2024-02-09,2024-08-09,canceled
11464,8366,1,2024-08-26,,active
11465,8367,3,2024-01-22,2024-02-22,canceled
11466,8368,2,2024-08-22,,active
11467,8369,2,2024-05-21,2024-10-21,canceled
11468,8370,1,2023-03-10,2024-06-10,canceled
11469,8371,1,2023-05-12,2023-07-12,canceled
11470,8372,8,2024-01-15,,active
11471,8373,1,2023-12-11,2024-02-11,canceled
11472,8374,1,2024-07-07,,active
11473,8375,1,2024-04-17,2024-06-17,superseded
11474,8375,2,2024-06-17,2024-12-17,canceled
11475,8376,2,2023-12-31,2024-08-29,canceled
11476,8377,1,2023-06-26,2024-07-26,canceled
11477,8378,1,2023-08-30,2023-09-30,canceled
11478,8378,2,2024-01-30,2024-02-29,canceled
11479,8378,3,2024-12-29,,active
11480,8379,7,2024-04-17,,active
11481,8380,1,2024-01-12,2024-06-12,canceled
11482,8381,2,2024-02-12,2024-04-12,canceled
11483,8382,1,2023-06-12,2024-06-12,canceled
11484,8383,1,2024-05-24,,active
11485,8384,2,2024-09-14,,active
11486,8385,3,2023-09-21,2024-02-21,canceled
11487,8386,3,2024-02-08,2024-06-08,superseded
11488,8386,5,2024-06-08,,active
11489,8387,4,2024-12-28,,active
11490,8388,4,2023-10-14,,active
11491,8389,2,2024-04-20,,active
11492,8390,1,2023-01-11,2023-06-11,canceled
11493,8391,4,2024-04-06,2024-05-06,superseded
11494,8391,6,2024-05-06,,active
11495,8392,1,2023-01-13,2024-04-13,superseded
11496,8392,2,2024-04-13,2024-05-13,superseded
11497,8392,1,2024-05-13,2024-08-13,canceled
11498,8393,1,2024-11-19,,active
11499,8394,1,2024-07-09,,active
11500,8395,2,2024-08-07,2024-10-07,superseded
11501,8395,5,2024-10-07,,active
11502,8396,1,2024-06-10,2024-08-10,canceled
11503,8396,1,2024-12-10,,active
11504,8397,1,2024-04-12,2024-10-12,canceled
11505,8398,5,2024-01-07,2024-04-07,superseded
11506,8398,6,2024-04-07,,active
11507,8399,1,2024-09-01,,active
11508,8400,1,2024-11-07,,active
11509,8401,3,2024-02-06,2024-08-06,superseded
11510,8401,5,2024-08-06,,active
11511,8402,1,2024-11-07,,active
11512,8403,1,2024-04-24,2024-09-24,canceled
11513,8404,6,2024-03-19,2024-07-19,canceled
11514,8405,1,2024-01-13,2024-03-13,canceled
11515,8406,3,2023-07-20,,active
11516,8407,1,2022-01-24,2022-07-24,canceled
11517,8407,1,2023-05-24,2023-12-24,superseded
11518,8407,2,2023-12-24,2024-02-24,superseded
11519,8407,1,2024-02-24,2024-09-24,canceled
11520,8408,1,2023-08-28,2024-07-28,superseded
11521,8408,2,2024-07-28,2024-11-28,superseded
11522,8408,4,2024-11-28,,active
11523,8409,3,2024-02-25,,active
11524,8410,1,2023-11-21,2024-01-21,canceled
11525,8410,5,2024-05-21,,active
11526,8411,6,2024-01-20,,active
11527,8412,2,2024-12-14,,active
11528,8413,1,2023-11-01,,active
11529,8414,2,2024-01-10,2024-02-10,canceled
11530,8414,1,2024-08-10,,active
11531,8415,6,2023-04-12,2023-10-12,canceled
11532,8415,4,2024-12-12,,active
11533,8416,1,2022-08-12,2023-04-12,canceled
11534,8417,4,2024-08-14,,active
11535,8418,1,2024-04-30,2024-05-30,canceled
11536,8419,1,2024-08-08,,active
11537,8420,1,2023-05-24,2023-12-24,canceled
11538,8421,1,2024-04-05,2024-05-05,canceled
11539,8422,1,2023-09-13,2024-01-13,canceled
11540,8423,2,2023-08-07,2023-10-07,canceled
11541,8424,8,2022-02-15,,active
11542,8425,3,2023-04-18,2023-08-18,canceled
11543,8425,5,2024-08-18,2024-10-18,superseded
11544,8425,2,2024-10-18,,active
11545,8426,1,2023-10-27,2024-10-27,canceled
11546,8427,3,2023-03-17,2023-04-17,canceled
11547,8427,1,2023-07-17,2023-10-17,canceled
11548,8428,3,2024-12-06,,active
11549,8429,1,2023-10-17,,active
11550,8430,5,2023-04-13,,active
11551,8431,2,2023-07-06,2024-10-06,canceled
11552,8432,1,2024-04-08,,active
11553,8433,2,2022-10-06,2022-11-06,superseded
11554,8433,1,2022-11-06,2023-05-06,canceled
11555,8434,6,2024-09-12,,active
11556,8435,7,2024-11-03,,active
11557,8436,8,2023-08-28,2023-10-28,superseded
11558,8436,7,2023-10-28,2023-12-28,superseded
11559,8436,8,2023-12-28,2024-02-28,superseded
11560,8436,6,2024-02-28,2024-07-28,canceled
11561,8437,1,2024-01-01,2024-03-01,canceled
11562,8438,6,2022-04-16,2023-12-16,superseded
11563,8438,8,2023-12-16,,active
11564,8439,3,2024-05-24,,active
11565,8440,4,2024-01-03,2024-06-03,superseded
11566,8440,6,2024-06-03,,active
11567,8441,1,2023-09-11,2023-11-11,canceled
11568,8442,2,2023-07-27,,active
11569,8443,4,2024-05-18,,active
11570,8444,1,2024-01-23,2024-02-23,canceled
11571,8445,3,2023-06-02,2024-10-02,canceled
11572,8446,1,2024-06-20,,active
11573,8447,2,2024-03-18,2024-08-18,superseded
11574,8447,1,2024-08-18,,active
11575,8448,2,2024-09-04,2024-10-04,canceled
11576,8449,2,2023-03-01,2023-08-01,superseded
11577,8449,5,2023-08-01,2024-02-01,superseded
11578,8449,7,2024-02-01,2024-03-01,superseded
11579,8449,8,2024-03-01,2024-04-01,superseded
11580,8449,6,2024-04-01,,active
11581,8450,1,2024-08-26,2024-09-26,canceled
11582,8451,1,2024-06-04,2024-09-04,canceled
11583,8452,1,2023-03-28,2023-05-28,canceled
11584,8453,3,2024-06-18,,active
11585,8454,1,2024-01-24,2024-03-24,canceled
11586,8455,3,2024-11-20,,active
11587,8456,3,2023-04-13,2023-09-13,superseded
11588,8456,1,2023-09-13,2024-02-13,canceled
11589,8457,1,2024-05-12,,active
11590,8458,1,2023-11-24,2024-10-24,canceled
11591,8459,6,2024-11-14,,active
11592,8460,2,2023-10-22,2023-12-22,canceled
11593,8461,3,2024-11-21,,active
11594,8462,6,2024-10-07,,active
11595,8463,1,2023-09-28,2024-03-28,superseded
11596,8463,2,2024-03-28,2024-04-28,superseded
11597,8463,4,2024-04-28,2024-06-28,superseded
11598,8463,6,2024-06-28,2024-08-28,superseded
11599,8463,8,2024-08-28,,active
11600,8464,1,2024-09-30,,active
11601,8465,1,2024-12-23,,active
11602,8466,4,2023-09-19,2024-12-19,superseded
11603,8466,6,2024-12-19,,active
11604,8467,7,2024-01-07,,active
11605,8468,2,2024-03-02,,active
11606,8469,6,2023-09-09,2024-06-09,superseded
11607,8469,8,2024-06-09,,active
11608,8470,1,2022-03-07,2022-07-07,canceled
11609,8470,1,2024-02-07,2024-11-07,superseded
11610,8470,2,2024-11-07,,active
11611,8471,3,2023-08-16,,active
11612,8472,1,2023-09-05,2023-10-05,canceled
11613,8472,2,2024-09-05,2024-10-05,superseded
11614,8472,1,2024-10-05,,active
11615,8473,1,2024-01-13,,active
11616,8474,4,2023-06-06,2023-12-06,canceled
11617,8474,1,2024-06-06,2024-09-06,canceled
11618,8475,2,2024-10-24,2024-12-24,superseded
11619,8475,1,2024-12-24,,active
11620,8476,2,2024-06-13,2024-09-13,canceled
11621,8477,4,2023-01-14,2023-07-14,canceled
11622,8478,3,2024-05-04,2024-06-04,canceled
11623,8479,3,2024-05-18,,active
11624,8480,1,2024-11-28,,active
11625,8481,3,2022-01-22,2022-02-22,canceled
11626,8481,1,2022-04-22,2022-12-22,canceled
11627,8481,4,2023-07-22,2024-03-22,canceled
11628,8482,1,2023-08-02,2024-08-02,canceled
11629,8483,2,2024-11-17,,active
11630,8484,4,2024-11-02,2024-12-02,canceled
11631,8485,3,2024-07-10,,active
11632,8486,2,2024-08-22,,active
11633,8487,2,2023-01-27,2023-12-27,superseded
11634,8487,4,2023-12-27,2024-05-27,superseded
11635,8487,6,2024-05-27,,active
11636,8488,3,2024-02-13,2024-05-13,superseded
11637,8488,1,2024-05-13,2024-10-13,canceled
11638,8489,2,2023-08-18,,active
11639,8490,2,2023-06-06,2023-10-06,superseded
11640,8490,4,2023-10-06,2024-03-06,canceled
11641,8491,1,2024-09-07,2024-10-07,canceled
11642,8492,2,2023-04-26,2023-05-26,canceled
11643,8493,4,2024-02-18,2024-10-18,superseded
11644,8493,6,2024-10-18,,active
11645,8494,4,2024-11-26,,active
11646,8495,1,2023-06-03,2024-04-03,canceled
11647,8496,8,2024-12-02,,active
11648,8497,1,2024-12-14,,active
11649,8498,1,2024-03-12,2024-11-12,canceled
11650,8499,8,2023-06-26,2024-02-26,superseded
11651,8499,7,2024-02-26,2024-08-26,superseded
11652,8499,4,2024-08-26,2024-10-26,superseded
11653,8499,3,2024-10-26,,active
11654,8500,1,2023-10-17,2024-03-17,superseded
11655,8500,3,2024-03-17,,active
11656,8501,1,2024-01-15,2024-06-15,canceled
11657,8502,1,2023-10-08,2024-01-08,canceled
11658,8502,1,2024-09-08,2024-12-08,canceled
11659,8503,3,2023-09-12,2024-02-12,superseded
11660,8503,1,2024-02-12,2024-04-12,canceled
11661,8503,5,2024-11-12,,active
11662,8504,5,2024-12-20,,active
11663,8505,2,2023-05-20,,active
11664,8506,2,2024-07-30,,active
11665,8507,1,2022-01-06,2024-03-06,canceled
11666,8508,3,2024-04-18,2024-06-18,superseded
11667,8508,4,2024-06-18,,active
11668,8509,1,2024-10-03,2024-11-03,superseded
11669,8509,2,2024-11-03,,active
11670,8510,2,2023-09-04,2023-11-04,canceled
11671,8511,1,2023-06-05,2023-08-05,superseded
11672,8511,2,2023-08-05,2024-08-05,canceled
11673,8511,1,2024-12-05,,active
11674,8512,2,2024-05-10,,active
11675,8513,1,2024-06-19,,active
11676,8514,2,2024-06-22,,active
11677,8515,1,2023-10-13,2023-11-13,superseded
11678,8515,3,2023-11-13,2024-03-13,canceled
11679,8516,8,2023-09-25,,active
11680,8517,1,2024-11-07,,active
11681,8518,2,2024-11-13,,active
11682,8519,4,2024-01-26,,active
11683,8520,5,2024-09-13,,active
11684,8521,2,2024-01-16,,active
11685,8522,1,2024-01-29,,active
11686,8523,1,2023-05-07,2023-08-07,canceled
11687,8524,2,2024-01-09,,active
11688,8525,3,2024-03-27,,active
11689,8526,1,2022-04-11,2023-04-11,canceled
11690,8527,8,2024-01-20,,active
11691,8528,4,2024-08-12,,active
11692,8529,2,2024-06-01,,active
11693,8530,1,2024-05-11,2024-07-11,canceled
11694,8531,1,2024-10-17,2024-11-17,canceled
11695,8532,2,2022-03-20,2022-04-20,superseded
11696,8532,4,2022-04-20,,active
11697,8533,2,2024-03-05,,active
11698,8534,4,2024-08-04,2024-10-04,canceled
11699,8535,2,2024-03-29,,active
11700,8536,1,2023-10-08,2024-12-08,canceled
11701,8537,8,2023-04-23,2024-02-23,superseded
11702,8537,6,2024-02-23,2024-05-23,superseded
11703,8537,8,2024-05-23,,active
11704,8538,1,2024-10-26,2024-12-26,superseded
11705,8538,2,2024-12-26,,active
11706,8539,1,2024-02-08,2024-05-08,canceled
11707,8540,2,2024-10-22,,active
11708,8541,3,2024-04-19,2024-11-19,canceled
11709,8542,1,2024-06-02,2024-12-02,canceled
11710,8543,1,2024-09-30,2024-12-30,canceled
11711,8544,3,2024-05-20,,active
11712,8545,2,2023-12-17,2024-04-17,superseded
11713,8545,4,2024-04-17,,active
11714,8546,3,2024-02-02,,active
11715,8547,6,2024-09-10,,active
11716,8548,1,2023-11-17,2024-08-17,canceled
11717,8549,4,2023-12-07,2024-07-07,canceled
11718,8550,1,2023-01-10,2023-08-10,canceled
11719,8550,5,2024-02-10,,active
11720,8551,4,2024-10-14,,active
11721,8552,2,2023-01-31,2023-05-28,superseded
11722,8552,4,2023-05-28,,active
11723,8553,8,2024-05-16,,active
11724,8554,2,2024-01-24,,active
11725,8555,4,2023-12-04,2024-10-04,canceled
11726,8556,1,2024-06-18,,active
11727,8557,3,2022-11-08,2022-12-08,superseded
11728,8557,5,2022-12-08,2024-10-08,canceled
11729,8558,4,2024-04-17,2024-05-17,canceled
11730,8559,2,2024-08-09,2024-09-09,canceled
11731,8560,2,2024-09-13,2024-12-13,canceled
11732,8561,1,2023-06-16,2023-07-16,canceled
11733,8561,2,2024-11-16,,active
11734,8562,2,2024-10-15,2024-11-15,canceled
11735,8563,4,2024-05-16,,active
11736,8564,1,2024-10-07,,active
11737,8565,2,2024-02-07,2024-08-07,canceled
11738,8566,2,2024-03-13,2024-05-13,superseded
11739,8566,1,2024-05-13,2024-11-13,canceled
11740,8567,4,2024-11-27,,active
11741,8568,1,2024-10-26,2024-12-26,canceled
11742,8569,1,2024-01-04,2024-03-04,canceled
11743,8570,2,2023-09-10,2024-02-10,canceled
11744,8571,1,2023-12-13,2024-12-13,canceled
11745,8572,1,2023-12-09,2024-04-09,canceled
11746,8573,3,2023-09-20,2024-09-20,canceled
11747,8573,1,2024-10-20,2024-11-20,superseded
11748,8573,2,2024-11-20,,active
11749,8574,4,2023-09-28,,active
11750,8575,4,2024-09-09,,active
11751,8576,1,2022-11-14,2023-11-14,canceled
11752,8576,1,2023-12-14,2024-01-14,canceled
11753,8577,5,2024-06-25,,active
11754,8578,2,2023-06-08,2023-11-08,canceled
11755,8579,1,2023-11-24,2023-12-24,canceled
11756,8579,5,2024-11-24,,active
11757,8580,4,2022-10-23,2023-04-23,canceled
11758,8580,1,2023-10-23,2024-04-23,canceled
11759,8581,4,2023-09-17,2023-10-17,canceled
11760,8582,2,2024-08-02,,active
11761,8583,1,2024-10-05,,active
11762,8584,6,2023-08-20,2024-08-20,canceled
11763,8584,3,2024-09-20,,active
11764,8585,4,2024-01-08,,active
11765,8586,6,2024-02-28,,active
11766,8587,5,2024-10-06,,active
11767,8588,1,2024-08-09,2024-10-09,superseded
11768,8588,3,2024-10-09,,active
11769,8589,1,2024-02-10,2024-03-10,canceled
11770,8590,5,2024-06-24,,active
11771,8591,1,2024-09-07,2024-10-07,canceled
11772,8592,1,2022-02-16,2024-03-16,canceled
11773,8593,8,2023-12-01,,active
11774,8594,4,2024-10-25,,active
11775,8595,3,2024-07-15,2024-09-15,superseded
11776,8595,5,2024-09-15,,active
11777,8596,4,2024-03-18,2024-11-18,superseded
11778,8596,2,2024-11-18,2024-12-18,canceled
11779,8597,1,2024-03-26,2024-07-26,canceled
11780,8598,6,2023-11-27,,active
11781,8599,4,2024-03-28,,active
11782,8600,1,2024-05-09,2024-10-09,canceled
11783,8601,1,2024-01-26,2024-02-26,canceled
11784,8602,2,2024-06-30,2024-07-30,superseded
11785,8602,4,2024-07-30,,active
11786,8603,1,2024-09-27,,active
11787,8604,8,2023-05-29,,active
11788,8605,2,2024-01-29,,active
11789,8606,4,2023-12-06,2024-09-06,superseded
11790,8606,6,2024-09-06,,active
11791,8607,1,2024-06-11,2024-07-11,canceled
11792,8608,6,2023-08-18,2024-10-18,canceled
11793,8609,3,2024-05-28,2024-10-28,canceled
11794,8610,2,2024-10-09,,active
11795,8611,2,2024-01-08,2024-09-08,canceled
11796,8612,4,2024-10-23,,active
11797,8613,4,2024-12-08,,active
11798,8614,3,2023-02-04,2023-09-04,canceled
11799,8615,1,2023-08-12,2024-01-12,canceled
11800,8615,1,2024-06-12,,active
11801,8616,6,2024-11-26,,active
11802,8617,3,2024-11-06,,active
11803,8618,3,2023-02-07,2023-03-07,superseded
11804,8618,1,2023-03-07,2023-05-07,canceled
11805,8619,1,2022-03-07,2022-05-07,canceled
11806,8619,4,2022-10-07,2022-11-07,canceled
11807,8620,1,2023-05-06,2023-07-06,canceled
11808,8621,1,2024-12-16,,active
11809,8622,1,2023-06-18,2024-06-18,canceled
11810,8623,1,2024-02-03,2024-06-03,canceled
11811,8624,8,2024-09-12,,active
11812,8625,2,2022-04-18,2024-01-18,canceled
11813,8626,2,2024-04-26,2024-05-26,canceled
11814,8627,2,2023-09-20,,active
11815,8628,3,2024-09-04,2024-10-04,canceled
11816,8629,1,2023-09-03,2024-05-03,canceled
11817,8630,1,2024-06-01,2024-08-01,canceled
11818,8631,3,2024-06-09,,active
11819,8632,3,2023-08-19,2024-04-19,canceled
11820,8633,2,2022-06-17,2022-09-17,superseded
11821,8633,4,2022-09-17,2023-03-17,canceled
11822,8634,1,2024-01-25,,active
11823,8635,1,2023-09-23,2023-10-23,canceled
11824,8636,1,2024-09-26,,active
11825,8637,2,2024-08-29,2024-12-29,canceled
11826,8638,2,2024-01-13,,active
11827,8639,2,2024-04-22,,active
11828,8640,6,2024-04-19,2024-10-19,superseded
11829,8640,8,2024-10-19,,active
11830,8641,1,2024-09-25,,active
11831,8642,1,2024-01-22,2024-09-22,canceled
11832,8643,1,2023-09-19,2024-10-19,canceled
11833,8644,1,2023-09-30,2024-12-29,canceled
11834,8645,4,2024-03-28,2024-09-28,superseded
11835,8645,6,2024-09-28,2024-10-28,canceled
11836,8646,1,2024-01-15,,active
11837,8647,3,2024-01-15,,active
11838,8648,4,2023-01-22,2024-05-22,superseded
11839,8648,2,2024-05-22,2024-10-22,canceled
11840,8649,3,2024-07-16,,active
11841,8650,1,2023-07-28,2024-12-28,canceled
11842,8651,1,2023-07-17,2024-04-17,canceled
11843,8652,1,2024-01-28,2024-05-28,canceled
11844,8653,6,2023-08-02,,active
11845,8654,2,2024-04-16,,active
11846,8655,1,2023-11-16,2024-04-16,canceled
11847,8656,3,2024-01-10,2024-09-10,superseded
11848,8656,1,2024-09-10,2024-11-10,canceled
11849,8657,1,2024-03-28,2024-11-28,canceled
11850,8658,2,2023-07-06,2024-04-06,canceled
11851,8659,4,2023-05-16,2023-12-16,superseded
11852,8659,6,2023-12-16,,active
11853,8660,1,2024-10-12,,active
11854,8661,2,2024-01-24,2024-03-24,superseded
11855,8661,1,2024-03-24,2024-05-24,canceled
11856,8662,1,2024-01-13,2024-03-13,superseded
11857,8662,2,2024-03-13,2024-05-13,superseded
11858,8662,4,2024-05-13,2024-08-13,superseded
11859,8662,2,2024-08-13,2024-09-13,canceled
11860,8663,8,2022-06-15,2023-08-15,canceled
11861,8663,1,2024-05-15,2024-06-15,canceled
11862,8664,2,2024-02-26,2024-04-26,superseded
11863,8664,1,2024-04-26,2024-10-26,superseded
11864,8664,2,2024-10-26,,active
11865,8665,4,2024-03-09,2024-08-09,canceled
11866,8666,1,2024-03-05,2024-11-05,superseded
11867,8666,2,2024-11-05,,active
11868,8667,1,2024-06-16,2024-11-16,canceled
11869,8668,6,2023-06-09,2024-10-09,superseded
11870,8668,4,2024-10-09,,active
11871,8669,4,2023-09-11,2024-02-11,superseded
11872,8669,6,2024-02-11,2024-12-11,superseded
11873,8669,8,2024-12-11,,active
11874,8670,8,2024-09-29,2024-10-29,superseded
11875,8670,7,2024-10-29,,active
11876,8671,1,2024-11-09,,active
11877,8672,2,2023-04-16,2024-05-16,canceled
11878,8673,5,2024-02-07,,active
11879,8674,2,2023-07-07,2023-08-07,canceled
11880,8675,1,2022-10-20,2022-12-20,canceled
11881,8676,8,2023-10-23,2023-11-23,superseded
11882,8676,6,2023-11-23,,active
11883,8677,7,2023-04-08,2023-06-08,superseded
11884,8677,8,2023-06-08,2023-07-08,superseded
11885,8677,7,2023-07-08,2023-10-08,superseded
11886,8677,8,2023-10-08,,active
11887,8678,1,2024-06-09,2024-09-09,canceled
11888,8679,1,2024-03-07,2024-07-07,canceled
11889,8680,1,2023-04-01,2023-06-01,superseded
11890,8680,3,2023-06-01,2023-12-01,superseded
11891,8680,1,2023-12-01,2024-09-01,canceled
11892,8681,2,2022-02-05,2023-03-05,superseded
11893,8681,1,2023-03-05,2023-11-05,canceled
11894,8682,4,2024-09-15,,active
11895,8683,4,2023-06-10,,active
11896,8684,1,2024-04-09,2024-09-09,canceled
11897,8684,3,2024-10-09,,active
11898,8685,1,2023-10-13,2024-02-13,superseded
11899,8685,2,2024-02-13,2024-03-13,canceled
11900,8686,2,2024-04-28,,active
11901,8687,1,2023-10-27,2023-11-27,canceled
11902,8688,1,2023-01-11,2023-11-11,superseded
11903,8688,2,2023-11-11,2024-08-11,superseded
11904,8688,4,2024-08-11,2024-10-11,canceled
11905,8689,1,2023-08-25,2024-10-25,superseded
11906,8689,2,2024-10-25,,active
11907,8690,2,2023-06-29,,active
11908,8691,1,2024-01-02,2024-07-02,canceled
11909,8691,1,2024-11-02,,active
11910,8692,2,2024-05-20,2024-07-20,superseded
11911,8692,1,2024-07-20,2024-11-20,canceled
11912,8693,1,2023-09-09,2024-08-09,canceled
11913,8693,5,2024-11-09,,active
11914,8694,1,2022-02-16,2022-07-16,canceled
11915,8694,1,2024-09-16,2024-11-16,canceled
11916,8695,2,2024-03-27,2024-05-27,canceled
11917,8696,6,2024-04-29,,active
11918,8697,1,2024-11-23,,active
11919,8698,3,2024-04-11,,active
11920,8699,6,2024-02-25,,active
11921,8700,4,2024-04-06,2024-09-06,superseded
11922,8700,7,2024-09-06,,active
11923,8701,1,2024-11-17,,active
11924,8702,7,2024-09-16,,active
11925,8703,1,2023-10-22,2024-07-22,canceled
11926,8703,2,2024-08-22,,active
11927,8704,4,2023-08-08,2024-02-08,superseded
11928,8704,2,2024-02-08,2024-03-08,superseded
11929,8704,4,2024-03-08,2024-07-08,canceled
11930,8705,8,2023-09-07,,active
11931,8706,2,2024-02-09,2024-03-09,canceled
11932,8706,1,2024-04-09,2024-08-09,canceled
11933,8707,1,2024-07-10,2024-10-10,canceled
11934,8708,1,2024-02-07,2024-03-07,canceled
11935,8709,3,2022-11-17,2023-09-17,superseded
11936,8709,1,2023-09-17,2024-02-17,canceled
11937,8709,2,2024-09-17,,active
11938,8710,2,2024-07-25,,active
11939,8711,6,2024-09-02,,active
11940,8712,1,2023-09-12,2023-12-12,canceled
11941,8713,1,2024-05-02,,active
11942,8714,5,2024-01-25,,active
11943,8715,2,2024-10-24,,active
11944,8716,3,2024-09-08,,active
11945,8717,2,2024-03-07,2024-07-07,superseded
11946,8717,4,2024-07-07,,active
11947,8718,2,2024-06-23,,active
11948,8719,2,2024-10-20,,active
11949,8720,1,2024-02-01,2024-11-01,superseded
11950,8720,2,2024-11-01,,active
11951,8721,4,2023-10-27,,active
11952,8722,5,2024-07-26,,active
11953,8723,2,2023-08-14,,active
11954,8724,3,2023-12-17,,active
11955,8725,3,2024-10-29,,active
11956,8726,4,2024-07-11,,active
11957,8727,3,2023-12-06,2024-08-06,canceled
11958,8728,3,2023-07-12,2023-11-12,canceled
11959,8728,4,2024-09-12,,active
11960,8729,2,2023-11-05,2023-12-05,canceled
11961,8730,2,2023-09-24,2024-06-24,canceled
11962,8731,7,2023-06-02,,active
11963,8732,1,2024-07-20,,active
11964,8733,4,2023-09-20,,active
11965,8734,1,2024-01-28,2024-04-28,canceled
11966,8735,1,2023-12-08,2024-01-08,canceled
11967,8736,8,2024-12-26,,active
11968,8737,1,2023-12-26,2024-06-26,canceled
11969,8738,1,2022-12-01,2023-05-01,canceled
11970,8739,1,2023-01-12,2023-11-12,superseded
11971,8739,2,2023-11-12,2024-08-12,canceled
11972,8740,3,2024-04-01,,active
11973,8741,6,2024-04-18,2024-06-18,superseded
11974,8741,8,2024-06-18,2024-10-18,superseded
11975,8741,6,2024-10-18,,active
11976,8742,5,2024-01-28,2024-02-28,canceled
11977,8743,1,2024-01-02,2024-07-02,canceled
11978,8744,1,2022-09-02,2023-02-02,canceled
11979,8744,6,2024-01-02,,active
11980,8745,5,2024-02-12,,active
11981,8746,1,2024-02-17,2024-08-17,canceled
11982,8746,1,2024-12-17,,active
11983,8747,4,2023-05-15,2024-05-15,superseded
11984,8747,6,2024-05-15,,active
11985,8748,1,2023-02-24,2023-10-24,canceled
11986,8748,2,2024-01-24,2024-07-24,superseded
11987,8748,4,2024-07-24,,active
11988,8749,2,2023-03-22,2023-05-22,canceled
11989,8750,1,2023-02-28,2024-04-28,canceled
11990,8751,2,2024-04-22,2024-07-22,canceled
11991,8752,4,2023-07-30,,active
11992,8753,1,2023-09-04,2024-01-04,canceled
11993,8754,1,2023-06-21,2024-02-21,canceled
11994,8755,1,2024-11-17,,active
11995,8756,1,2024-09-19,2024-12-19,canceled
11996,8757,1,2023-08-19,2024-07-19,superseded
11997,8757,2,2024-07-19,,active
11998,8758,1,2023-10-11,2024-01-11,canceled
11999,8759,1,2023-07-13,2023-09-13,canceled
12000,8760,1,2024-02-23,2024-05-23,canceled
12001,8760,1,2024-11-23,,active
12002,8761,5,2022-04-24,2022-05-24,superseded
12003,8761,7,2022-05-24,2024-09-24,superseded
12004,8761,8,2024-09-24,,active
12005,8762,3,2024-06-01,2024-09-01,superseded
12006,8762,1,2024-09-01,,active
12007,8763,2,2024-03-14,2024-07-14,superseded
12008,8763,4,2024-07-14,2024-09-14,superseded
12009,8763,6,2024-09-14,2024-11-14,superseded
12010,8763,4,2024-11-14,,active
12011,8764,6,2024-10-01,,active
12012,8765,4,2023-05-12,,active
12013,8766,2,2024-09-25,,active
12014,8767,8,2024-08-17,,active
12015,8768,5,2023-03-05,2024-11-05,canceled
12016,8769,1,2023-12-10,2024-04-10,canceled
12017,8770,2,2023-06-30,2024-08-29,superseded
12018,8770,4,2024-08-29,2024-09-29,canceled
12019,8771,1,2023-09-12,2023-11-12,canceled
12020,8772,1,2023-09-17,,active
12021,8773,1,2024-03-26,2024-08-26,canceled
12022,8774,4,2024-01-02,2024-05-02,superseded
12023,8774,3,2024-05-02,,active
12024,8775,5,2024-11-11,,active
12025,8776,1,2023-03-27,2023-04-27,canceled
12026,8777,1,2024-12-29,,active
12027,8778,1,2023-08-14,2023-12-14,canceled
12028,8778,3,2024-04-14,2024-05-14,canceled
12029,8779,5,2024-08-26,,active
12030,8780,1,2023-10-11,2024-09-11,canceled
12031,8781,1,2023-04-30,2023-05-30,canceled
12032,8781,2,2023-06-30,2023-07-30,canceled
12033,8782,1,2024-09-20,2024-10-20,canceled
12034,8783,6,2023-10-26,2024-05-26,canceled
12035,8784,2,2024-05-05,,active
12036,8785,3,2024-03-03,2024-05-03,canceled
12037,8786,1,2024-02-23,2024-03-23,canceled
12038,8786,1,2024-07-23,,active
12039,8787,4,2024-02-21,2024-06-21,superseded
12040,8787,3,2024-06-21,2024-09-21,canceled
12041,8788,3,2024-07-12,,active
12042,8789,1,2023-01-12,2023-09-12,canceled
12043,8790,1,2024-06-30,,active
12044,8791,1,2024-10-18,,active
12045,8792,4,2022-09-26,2023-11-26,canceled
12046,8793,2,2023-04-28,2023-12-28,canceled
12047,8794,6,2024-07-27,,active
12048,8795,1,2024-01-26,2024-03-26,canceled
12049,8796,2,2023-12-25,2024-04-25,canceled
12050,8797,3,2023-04-03,2023-08-03,canceled
12051,8798,1,2024-02-11,2024-04-11,canceled
12052,8799,2,2023-03-15,2023-11-15,superseded
12053,8799,5,2023-11-15,2024-08-15,canceled
12054,8800,1,2024-02-29,2024-11-29,canceled
12055,8801,1,2024-08-08,2024-11-08,canceled
12056,8802,1,2023-09-17,2024-02-17,canceled
12057,8803,1,2024-02-17,,active
12058,8804,5,2024-12-03,,active
12059,8805,3,2024-06-07,,active
12060,8806,1,2024-09-07,,active
12061,8807,1,2024-01-02,,active
12062,8808,1,2024-08-08,2024-11-08,canceled
12063,8809,2,2022-07-16,2022-08-16,canceled
12064,8809,4,2023-01-16,2023-04-16,superseded
12065,8809,7,2023-04-16,,active
12066,8810,1,2023-03-22,2023-04-22,canceled
12067,8810,4,2024-01-22,,active
12068,8811,1,2023-07-17,2024-04-17,canceled
12069,8812,1,2023-12-18,,active
12070,8813,2,2024-09-15,,active
12071,8814,4,2023-11-15,2024-07-15,superseded
12072,8814,7,2024-07-15,,active
12073,8815,2,2024-05-29,,active
12074,8816,2,2024-06-08,2024-10-08,canceled
12075,8817,1,2024-04-06,,active
12076,8818,4,2023-11-09,2024-09-09,superseded
12077,8818,6,2024-09-09,,active
12078,8819,2,2024-04-28,2024-08-28,superseded
12079,8819,4,2024-08-28,,active
12080,8820,1,2023-11-25,,active
12081,8821,1,2023-01-27,2023-02-27,canceled
12082,8822,2,2024-12-21,,active
12083,8823,1,2023-03-16,2023-04-16,superseded
12084,8823,2,2023-04-16,2024-02-16,superseded
12085,8823,4,2024-02-16,,active
12086,8824,1,2022-11-19,2024-02-19,canceled
12087,8825,1,2024-10-03,2024-11-03,canceled
12088,8826,1,2023-10-20,2024-09-20,canceled
12089,8826,1,2024-12-20,,active
12090,8827,1,2024-05-11,,active
12091,8828,1,2023-10-14,2023-12-14,canceled
12092,8829,1,2023-12-09,2024-02-09,canceled
12093,8830,1,2023-09-26,2023-11-26,canceled
12094,8831,1,2023-11-19,2024-05-19,canceled
12095,8832,1,2024-01-13,,active
12096,8833,1,2024-07-03,2024-10-03,canceled
12097,8834,1,2024-02-06,2024-03-06,canceled
12098,8835,3,2024-11-08,,active
12099,8836,1,2022-07-21,2022-09-21,canceled
12100,8836,1,2023-11-21,,active
12101,8837,5,2024-02-06,2024-06-06,canceled
12102,8838,1,2024-04-16,,active
12103,8839,2,2024-11-13,,active
12104,8840,1,2022-09-16,2022-12-16,superseded
12105,8840,2,2022-12-16,2023-05-16,canceled
12106,8840,1,2024-11-16,,active
12107,8841,1,2024-04-11,2024-10-11,canceled
12108,8842,1,2024-09-26,,active
12109,8843,2,2023-08-30,2024-09-29,superseded
12110,8843,4,2024-09-29,,active
12111,8844,2,2024-10-13,,active
12112,8845,1,2022-03-12,2022-04-12,canceled
12113,8845,4,2022-07-12,2023-05-12,superseded
12114,8845,6,2023-05-12,2023-07-12,superseded
12115,8845,8,2023-07-12,2024-05-12,superseded
12116,8845,7,2024-05-12,2024-11-12,canceled
12117,8846,1,2024-07-22,,active
12118,8847,5,2024-11-28,,active
12119,8848,2,2024-05-16,2024-06-16,canceled
12120,8849,6,2024-01-20,2024-09-20,canceled
12121,8850,2,2022-08-06,,active
12122,8851,1,2024-11-14,,active
12123,8852,3,2024-02-06,2024-10-06,superseded
12124,8852,4,2024-10-06,,active
12125,8853,1,2022-05-22,2022-07-22,canceled
12126,8853,3,2023-03-22,2024-11-22,superseded
12127,8853,1,2024-11-22,,active
12128,8854,1,2024-06-04,2024-09-04,canceled
12129,8855,4,2024-02-03,2024-11-03,canceled
12130,8856,2,2023-03-12,2023-04-12,canceled
12131,8857,5,2023-07-14,2024-07-14,superseded
12132,8857,7,2024-07-14,,active
12133,8858,1,2022-10-29,2023-01-29,canceled
12134,8859,1,2024-04-21,,active
12135,8860,3,2024-05-06,2024-09-06,superseded
12136,8860,4,2024-09-06,,active
12137,8861,1,2024-02-29,2024-04-29,canceled
12138,8862,2,2024-09-28,,active
12139,8863,1,2024-09-25,2024-11-25,canceled
12140,8864,1,2024-04-01,2024-06-01,canceled
12141,8865,7,2022-02-17,2023-03-17,canceled
12142,8865,1,2024-03-17,2024-08-17,canceled
12143,8866,1,2024-06-02,2024-07-02,canceled
12144,8867,1,2024-01-17,2024-02-17,canceled
12145,8867,4,2024-04-17,,active
12146,8868,1,2024-03-25,2024-08-25,canceled
12147,8869,2,2024-05-14,2024-10-14,canceled
12148,8870,1,2023-11-05,2023-12-05,superseded
12149,8870,2,2023-12-05,,active
12150,8871,1,2024-10-20,,active
12151,8872,1,2023-04-07,2024-03-07,canceled
12152,8873,2,2024-06-02,,active
12153,8874,6,2022-01-16,2023-01-16,canceled
12154,8874,6,2024-01-16,2024-10-16,canceled
12155,8875,6,2024-11-08,,active
12156,8876,1,2023-03-05,2023-08-05,canceled
12157,8876,2,2024-09-05,,active
12158,8877,6,2023-01-18,,active
12159,8878,1,2023-10-07,2023-11-07,canceled
12160,8879,2,2023-11-08,2024-04-08,superseded
12161,8879,4,2024-04-08,,active
12162,8880,2,2023-07-03,2024-12-03,canceled
12163,8881,2,2024-04-03,2024-11-03,canceled
12164,8882,1,2024-01-28,2024-03-28,canceled
12165,8882,8,2024-04-28,,active
12166,8883,6,2022-06-29,2023-02-28,superseded
12167,8883,4,2023-02-28,,active
12168,8884,3,2023-10-14,2024-04-14,canceled
12169,8885,1,2024-09-11,,active
12170,8886,8,2024-06-02,,active
12171,8887,5,2024-07-24,2024-08-24,superseded
12172,8887,7,2024-08-24,2024-12-24,superseded
12173,8887,8,2024-12-24,,active
12174,8888,1,2024-06-01,,active
12175,8889,2,2023-10-28,,active
12176,8890,5,2023-02-16,2023-12-16,superseded
12177,8890,6,2023-12-16,,active
12178,8891,1,2023-09-03,2023-12-03,canceled
12179,8892,6,2024-09-17,,active
12180,8893,6,2024-12-20,,active
12181,8894,4,2024-02-26,2024-07-26,canceled
12182,8895,6,2022-02-23,2022-08-23,superseded
12183,8895,8,2022-08-23,2023-08-23,canceled
12184,8896,2,2023-04-09,,active
12185,8897,6,2023-10-31,2024-08-29,canceled
12186,8898,3,2024-04-27,,active
12187,8899,5,2022-11-05,2023-10-05,superseded
12188,8899,6,2023-10-05,2024-03-05,superseded
12189,8899,8,2024-03-05,2024-08-05,superseded
12190,8899,7,2024-08-05,,active
12191,8900,1,2024-11-05,,active
12192,8901,1,2023-11-24,2024-04-24,canceled
12193,8902,1,2024-10-11,,active
12194,8903,2,2024-08-02,,active
12195,8904,6,2024-07-03,,active
12196,8905,6,2024-04-25,2024-10-25,superseded
12197,8905,8,2024-10-25,,active
12198,8906,8,2024-05-10,,active
12199,8907,4,2024-05-14,,active
12200,8908,2,2024-05-23,,active
12201,8909,1,2024-03-23,2024-06-23,canceled
12202,8910,4,2024-12-29,,active
12203,8911,1,2024-07-08,,active
12204,8912,1,2024-08-05,2024-10-05,canceled
12205,8913,6,2024-10-24,,active
12206,8914,1,2023-07-11,2024-03-11,canceled
12207,8915,2,2023-01-29,2023-02-28,canceled
12208,8916,8,2024-02-21,,active
12209,8917,2,2024-02-21,,active
12210,8918,2,2024-09-04,,active
12211,8919,1,2024-01-12,2024-06-12,canceled
12212,8920,3,2024-04-23,,active
12213,8921,8,2024-03-03,,active
12214,8922,5,2022-07-29,2022-09-29,canceled
12215,8922,1,2022-10-29,2023-05-28,superseded
12216,8922,3,2023-05-28,,active
12217,8923,6,2024-04-25,,active
12218,8924,3,2024-09-16,,active
12219,8925,1,2023-05-21,2023-07-21,superseded
12220,8925,3,2023-07-21,,active
12221,8926,4,2024-04-09,2024-07-09,superseded
12222,8926,7,2024-07-09,,active
12223,8927,5,2024-04-23,,active
12224,8928,7,2023-05-12,,active
12225,8929,2,2023-03-07,2024-03-07,superseded
12226,8929,5,2024-03-07,2024-07-07,superseded
12227,8929,3,2024-07-07,2024-12-07,superseded
12228,8929,4,2024-12-07,,active
12229,8930,7,2024-12-16,,active
12230,8931,1,2023-12-01,,active
12231,8932,6,2023-08-16,2024-01-16,superseded
12232,8932,4,2024-01-16,,active
12233,8933,1,2023-06-21,2024-01-21,canceled
12234,8933,2,2024-06-21,,active
12235,8934,2,2024-06-22,2024-09-22,superseded
12236,8934,1,2024-09-22,2024-10-22,canceled
12237,8935,3,2024-04-30,2024-05-30,superseded
12238,8935,4,2024-05-30,2024-09-30,superseded
12239,8935,6,2024-09-30,2024-10-30,superseded
12240,8935,4,2024-10-30,,active
12241,8936,8,2024-05-27,,active
12242,8937,7,2023-01-28,2023-08-28,superseded
12243,8937,5,2023-08-28,2024-04-28,superseded
12244,8937,2,2024-04-28,,active
12245,8938,1,2024-10-20,2024-11-20,canceled
12246,8939,3,2023-12-01,2024-02-01,canceled
12247,8940,1,2023-10-19,2023-11-19,superseded
12248,8940,2,2023-11-19,2024-09-19,superseded
12249,8940,4,2024-09-19,,active
12250,8941,1,2024-01-02,2024-06-02,canceled
12251,8941,1,2024-11-02,,active
12252,8942,1,2023-12-23,2024-07-23,canceled
12253,8943,1,2024-10-30,2024-12-30,superseded
12254,8943,3,2024-12-30,,active
12255,8944,6,2024-11-15,,active
12256,8945,1,2023-10-02,2024-07-02,canceled
12257,8946,3,2024-10-23,,active
12258,8947,1,2024-08-04,,active
12259,8948,5,2024-11-24,,active
12260,8949,4,2023-08-31,2024-05-29,canceled
12261,8949,1,2024-12-29,,active
12262,8950,7,2024-04-20,2024-12-20,canceled
12263,8951,2,2023-09-04,2024-04-04,canceled
12264,8952,5,2024-09-12,2024-11-12,superseded
12265,8952,3,2024-11-12,,active
12266,8953,1,2022-01-07,2023-02-07,superseded
12267,8953,2,2023-02-07,2023-10-07,superseded
12268,8953,1,2023-10-07,2024-02-07,canceled
12269,8954,1,2024-03-27,,active
12270,8955,2,2023-10-10,2024-06-10,canceled
12271,8956,1,2023-10-12,2024-05-12,superseded
12272,8956,2,2024-05-12,,active
12273,8957,1,2024-05-15,2024-11-15,canceled
12274,8958,1,2024-09-14,,active
12275,8959,2,2024-04-18,2024-09-18,canceled
12276,8960,4,2024-09-09,,active
12277,8961,1,2023-09-15,2024-11-15,canceled
12278,8962,1,2024-03-30,2024-09-30,canceled
12279,8963,5,2024-01-18,2024-06-18,superseded
12280,8963,7,2024-06-18,2024-11-18,canceled
12281,8964,4,2022-02-20,2022-07-20,superseded
12282,8964,2,2022-07-20,2022-11-20,superseded
12283,8964,5,2022-11-20,,active
12284,8965,4,2024-03-12,2024-07-12,canceled
12285,8966,2,2024-05-07,2024-09-07,canceled
12286,8967,2,2024-04-21,2024-06-21,canceled
12287,8968,2,2024-07-04,2024-12-04,canceled
12288,8969,1,2024-04-19,,active
12289,8970,2,2022-11-07,2023-03-07,superseded
12290,8970,1,2023-03-07,2023-10-07,canceled
12291,8971,1,2023-03-18,2023-08-18,canceled
12292,8972,1,2024-04-05,2024-08-05,canceled
12293,8973,2,2023-09-12,,active
12294,8974,1,2022-12-14,2024-05-14,canceled
12295,8975,3,2024-01-09,2024-06-09,superseded
12296,8975,1,2024-06-09,2024-08-09,canceled
12297,8976,1,2024-03-17,2024-05-17,canceled
12298,8977,1,2023-10-19,2024-04-19,canceled
12299,8978,1,2024-07-12,,active
12300,8979,1,2024-05-26,2024-06-26,canceled
12301,8980,2,2023-10-21,2024-12-21,canceled
12302,8981,7,2024-07-01,2024-11-01,superseded
12303,8981,8,2024-11-01,,active
12304,8982,2,2024-05-24,,active
12305,8983,1,2024-05-21,2024-07-21,canceled
12306,8984,6,2024-03-23,2024-10-23,superseded
12307,8984,8,2024-10-23,,active
12308,8985,4,2022-02-19,2022-08-19,canceled
12309,8985,5,2024-06-19,2024-12-19,canceled
12310,8986,6,2024-06-05,,active
12311,8987,8,2023-11-07,,active
12312,8988,3,2024-11-03,,active
12313,8989,1,2024-09-19,2024-11-19,canceled
12314,8990,2,2024-04-20,2024-12-20,superseded
12315,8990,4,2024-12-20,,active
12316,8991,2,2023-09-13,2024-05-13,superseded
12317,8991,1,2024-05-13,2024-06-13,superseded
12318,8991,2,2024-06-13,2024-07-13,canceled
12319,8992,1,2023-07-12,2024-01-12,superseded
12320,8992,3,2024-01-12,2024-03-12,canceled
12321,8992,1,2024-10-12,2024-11-12,canceled
12322,8993,1,2023-11-07,2024-05-07,canceled
12323,8994,2,2024-02-29,2024-09-29,canceled
12324,8995,4,2023-10-17,,active
12325,8996,1,2024-02-25,2024-04-25,canceled
12326,8996,3,2024-07-25,,active
12327,8997,3,2023-05-30,2024-05-29,superseded
12328,8997,4,2024-05-29,2024-09-29,superseded
12329,8997,6,2024-09-29,2024-11-29,superseded
12330,8997,8,2024-11-29,,active
12331,8998,7,2024-12-23,,active
12332,8999,4,2023-02-25,2023-08-25,superseded
12333,8999,6,2023-08-25,2023-09-25,canceled
12334,9000,1,2024-11-12,,active
